local_time,epoch,depth,hp,hp_max,what,detail,pilot_response,outcome
2026-09-25 20:55:05,1790384105.809,,0,1,started,in the game at None (depth),walk 1[enter store 3]; custom s store item=22 value=1[sell 22x1]; custom s store item=21 value=1[sell 21x1]; custom s store item=20 value=1[sell 20x1]; custom s store item=19 value=1[sell 19x1],goal_done:shop 3 sell t:1 sell u:1 sell v:1 sell w:1: sold w x1; sold  | goal_done:shop 6 sell j:1 sell k:1 sell l:1 sell m:1 sell n:1 sell o:1
2026-09-25 20:55:40,1790384140.58,0,145,145,goal_done,shop 3 sell t:1 sell u:1 sell v:1 sell w:1: sold w x1; sold v x1; sold u x1; sold t x1,walk 1[enter store 3]; custom s store item=22 value=1[sell 22x1]; custom s store item=21 value=1[sell 21x1]; custom s store item=20 value=1[sell 20x1]; custom s store item=19 value=1[sell 19x1],goal_done:shop 6 sell j:1 sell k:1 sell l:1 sell m:1 sell n:1 sell o:1 | goal_done:shop 6 sell Heal Monster:1 sell Stupidity:1: sold j x1; sold
2026-09-25 20:56:11,1790384171.055,0,145,145,goal_done,shop 6 sell j:1 sell k:1 sell l:1 sell m:1 sell n:1 sell o:1 sell p:1 sell q:1 sell r:1: sold r x1; sold q x1; sold p x1; sold o x1; sold n x1; sold m x1; sold l x1; sold k x1; sold j x1,walk 1[enter store 3]; custom s store item=22 value=1[sell 22x1]; custom s store item=21 value=1[sell 21x1]; custom s store item=20 value=1[sell 20x1]; custom s store item=19 value=1[sell 19x1],goal_done:shop 6 sell Heal Monster:1 sell Stupidity:1: sold j x1; sold | goal_done:shop 2 sell Soft Leather:1: sold l x1 | goal_done:shop 1 buy Flask:5 buy Ration:2: bought 5 x 99 Flasks of oil
2026-09-25 20:56:41,1790384201.675,,0,1,started,in the game at None (depth),walk 9[enter store 6]; custom s store item=17 value=1[sell 17x1]; custom s store item=16 value=1[sell 16x1]; custom s store item=15 value=1[sell 15x1]; custom s store item=14 value=1[sell 14x1],goal_done:shop 6 sell Heal Monster:1 sell Stupidity:1: sold j x1; sold | goal_done:shop 2 sell Soft Leather:1: sold l x1 | goal_done:shop 1 buy Flask:5 buy Ration:2: bought 5 x 99 Flasks of oil
2026-09-25 20:56:55,1790384215.539,0,145,145,goal_done,shop 6 sell Heal Monster:1 sell Stupidity:1: sold j x1; sold k x1,leave[leave store]; walk 9[enter store 6]; custom s store item=9 value=1[sell 9x1]; custom s store item=10 value=1[sell 10x1]; leave[leave store],goal_done:shop 2 sell Soft Leather:1: sold l x1 | goal_done:shop 1 buy Flask:5 buy Ration:2: bought 5 x 99 Flasks of oil | goal_done:shop 4 buy Cure Light:6: bought 6 x 59 Potions of Cure Light
2026-09-25 20:57:15,1790384235.651,0,145,145,goal_done,shop 2 sell Soft Leather:1: sold l x1,walk 9[enter store 6]; custom s store item=9 value=1[sell 9x1]; custom s store item=10 value=1[sell 10x1]; leave[leave store]; walk 1[enter store 2],goal_done:shop 1 buy Flask:5 buy Ration:2: bought 5 x 99 Flasks of oil | goal_done:shop 4 buy Cure Light:6: bought 6 x 59 Potions of Cure Light | goal_done:shop 5 buy Phase:6 buy Cure Light:4: bought 6 x 56 Scrolls o
2026-09-25 20:57:36,1790384256.993,0,145,145,goal_done,shop 1 buy Flask:5 buy Ration:2: bought 5 x 99 Flasks of oil @ 4; bought 2 x 99 Rations of Food @ 4,leave[leave store]; walk 1[enter store 2]; custom s store item=11 value=1[sell 11x1]; leave[leave store]; walk 3[enter store 1],goal_done:shop 4 buy Cure Light:6: bought 6 x 59 Potions of Cure Light | goal_done:shop 5 buy Phase:6 buy Cure Light:4: bought 6 x 56 Scrolls o
2026-09-25 20:57:41,1790384261.408,0,145,145,goal_done,shop 4 buy Cure Light:6: bought 6 x 59 Potions of Cure Light Wounds @ 23,walk 1[enter store 2]; custom s store item=11 value=1[sell 11x1]; leave[leave store]; walk 3[enter store 1]; custom p store item=5 value=5 entry=20[buy 99 Flasks of oil x5],goal_done:shop 5 buy Phase:6 buy Cure Light:4: bought 6 x 56 Scrolls o
2026-09-25 20:57:47,1790384267.352,0,145,145,goal_done,shop 5 buy Phase:6 buy Cure Light:4: bought 6 x 56 Scrolls of Phase Door @ 23; no Cure Light in stock,walk 1[enter store 2]; custom s store item=11 value=1[sell 11x1]; leave[leave store]; walk 3[enter store 1]; custom p store item=5 value=5 entry=20[buy 99 Flasks of oil x5],
2026-09-25 20:59:10,1790384350.073,,0,1,started,in the game at None (depth),"custom r item=10[agent: read ['k']]; custom r item=9[agent: read ['j']]; custom r item=8[agent: read ['i']]; custom r item=7[agent: read ['h']]; custom { item=2 entry=@q1[agent: inscribe ['c', '@q1']]",
2026-09-25 21:01:57,1790384517.048,1,145,145,danger_avoided,arrived next to 5 monsters,custom <[stairs <]; custom >[stairs >]; custom <[stairs <]; custom >[stairs >]; custom <[stairs <],danger_avoided:arrived next to 5 monsters
2026-09-25 21:01:57,1790384517.353,1,145,145,danger_avoided,arrived next to 5 monsters,custom <[stairs <]; custom >[stairs >]; custom <[stairs <]; custom >[stairs >]; custom <[stairs <],
2026-09-25 21:02:13,1790384533.592,,0,1,started,in the game at None (depth),custom >[stairs >]; custom <[stairs <]; custom >[stairs >]; custom <[stairs <]; custom >[stairs >],
2026-09-25 21:06:16,1790384776.397,8,145,145,danger_avoided,arrived next to 7 monsters (Novice priest),custom >[stairs >]; custom <[stairs <]; custom >[stairs >]; custom <[stairs <]; custom >[stairs >],danger_avoided:arrived next to 7 monsters (Novice priest) | danger_avoided:arrived next to 4 monsters (Hill orc) | danger_avoided:arrived next to 4 monsters (Hill orc)
2026-09-25 21:06:16,1790384776.702,8,145,145,danger_avoided,arrived next to 7 monsters (Novice priest),custom <[stairs <]; custom >[stairs >]; custom <[stairs <]; custom >[stairs >]; custom <[stairs <],danger_avoided:arrived next to 4 monsters (Hill orc) | danger_avoided:arrived next to 4 monsters (Hill orc) | danger_avoided:arrived next to 9 monsters (Wood spider)
2026-09-25 21:06:25,1790384785.46,8,144,145,danger_avoided,arrived next to 4 monsters (Hill orc),custom <[stairs <]; custom >[stairs >]; custom <[stairs <]; custom >[stairs >]; custom <[stairs <],danger_avoided:arrived next to 4 monsters (Hill orc) | danger_avoided:arrived next to 9 monsters (Wood spider) | danger_avoided:arrived next to 9 monsters (Wood spider)
2026-09-25 21:06:25,1790384785.764,8,144,145,danger_avoided,arrived next to 4 monsters (Hill orc),custom <[stairs <]; custom >[stairs >]; custom <[stairs <]; custom >[stairs >]; custom <[stairs <],danger_avoided:arrived next to 9 monsters (Wood spider) | danger_avoided:arrived next to 9 monsters (Wood spider)
2026-09-25 21:07:12,1790384832.883,8,145,145,danger_avoided,arrived next to 9 monsters (Wood spider),custom >[stairs >]; custom <[stairs <]; custom >[stairs >]; custom <[stairs <]; custom >[stairs >],danger_avoided:arrived next to 9 monsters (Wood spider)
2026-09-25 21:07:13,1790384833.188,8,145,145,danger_avoided,arrived next to 9 monsters (Wood spider),custom >[stairs >]; custom <[stairs <]; custom >[stairs >]; custom <[stairs <]; custom >[stairs >],
2026-09-25 21:08:06,1790384886.714,8,145,145,interesting,"dive 600ft: unique: Wormtongue, Agent of Saruman",custom <[stairs <]; custom >[stairs >]; custom <[stairs <]; custom >[stairs >]; custom <[stairs <],goal_failed:hunt Wormtongue: lost sight of it | goal_done:goto item
2026-09-25 21:08:31,1790384911.119,,0,1,started,in the game at None (depth),custom <[stairs <]; custom >[stairs >]; custom <[stairs <]; custom >[stairs >]; custom <[stairs <],goal_failed:hunt Wormtongue: lost sight of it | goal_done:goto item
2026-09-25 21:08:53,1790384933.362,8,145,145,goal_failed,hunt Wormtongue: lost sight of it,"custom g[pick up: a Robe [2].]; custom ,[agent: raw]",goal_done:goto item
2026-09-25 21:09:03,1790384943.575,8,145,145,goal_done,goto item,"custom g[pick up: a Robe [2].]; custom ,[agent: raw]; custom >[stairs >]; custom >[stairs >]; custom <[stairs <]",
2026-09-25 21:09:33,1790384973.043,,0,1,started,in the game at None (depth),"custom g[pick up: a Robe [2].]; custom ,[agent: raw]; custom >[stairs >]; custom >[stairs >]; custom <[stairs <]",danger_avoided:arrived next to 13 monsters (Novice priest) | danger_avoided:arrived next to 13 monsters (Novice priest)
2026-09-25 21:10:57,1790385057.654,8,145,145,danger_avoided,arrived next to 13 monsters (Novice priest),custom >[stairs >]; custom <[stairs <]; custom >[stairs >]; custom <[stairs <]; custom >[stairs >],danger_avoided:arrived next to 13 monsters (Novice priest)
2026-09-25 21:10:57,1790385057.958,8,145,145,danger_avoided,arrived next to 13 monsters (Novice priest),custom >[stairs >]; custom <[stairs <]; custom >[stairs >]; custom <[stairs <]; custom >[stairs >],
2026-09-25 21:12:48,1790385168.072,8,152,152,danger_avoided,arrived next to 7 monsters (Cave orc),custom >[stairs >]; custom <[stairs <]; custom >[stairs >]; custom <[stairs <]; custom >[stairs >],danger_avoided:arrived next to 7 monsters (Cave orc) | goal:recall
2026-09-25 21:12:48,1790385168.376,8,152,152,danger_avoided,arrived next to 7 monsters (Cave orc),custom >[stairs >]; custom <[stairs <]; custom >[stairs >]; custom <[stairs <]; custom >[stairs >],goal:recall
2026-09-25 21:13:01,1790385181.773,8,86,152,fight_going_badly,"HP 86/152 fighting Cave orc, Lagduf, the Snaga",custom >[stairs >]; custom <[stairs <]; custom >[stairs >]; custom <[stairs <]; custom >[stairs >],goal:recall | goal_done:recall: arrived at 0 ft
2026-09-25 21:13:03,1790385183.288,8,66,152,emergency,low HP: read Phase Door,custom <[stairs <]; custom >[stairs >]; custom <[stairs <]; custom >[stairs >]; custom <[stairs <],goal:recall | goal_done:recall: arrived at 0 ft
2026-09-25 21:13:04,1790385184.301,8,65,152,emergency,low HP: read Phase Door,custom >[stairs >]; custom <[stairs <]; custom >[stairs >]; custom <[stairs <]; custom >[stairs >],goal:recall | goal_done:recall: arrived at 0 ft
2026-09-25 21:13:05,1790385185.311,8,53,152,emergency,low HP: read Phase Door,custom >[stairs >]; custom <[stairs <]; custom >[stairs >]; custom <[stairs <]; custom >[stairs >],goal:recall | goal_done:recall: arrived at 0 ft
2026-09-25 21:13:06,1790385186.325,8,40,152,emergency,low HP: read Phase Door,custom <[stairs <]; custom >[stairs >]; custom <[stairs <]; custom >[stairs >]; custom <[stairs <],goal:recall | goal_done:recall: arrived at 0 ft
2026-09-25 21:13:07,1790385187.338,8,40,152,emergency,low HP: read Phase Door,custom <[stairs <]; custom >[stairs >]; custom <[stairs <]; custom >[stairs >]; custom <[stairs <],goal:recall | goal_done:recall: arrived at 0 ft
2026-09-25 21:13:08,1790385188.35,8,38,152,emergency,low HP: read Phase Door,custom >[stairs >]; custom <[stairs <]; custom >[stairs >]; custom <[stairs <]; custom >[stairs >],goal:recall | goal_done:recall: arrived at 0 ft
2026-09-25 21:13:09,1790385189.361,8,31,152,emergency,low HP: read Phase Door,custom >[stairs >]; custom <[stairs <]; custom >[stairs >]; custom <[stairs <]; custom >[stairs >],goal:recall | goal_done:recall: arrived at 0 ft
2026-09-25 21:13:10,1790385190.374,8,32,152,emergency,low HP: read Phase Door,custom <[stairs <]; custom >[stairs >]; custom <[stairs <]; custom >[stairs >]; custom <[stairs <],goal:recall | goal_done:recall: arrived at 0 ft
2026-09-25 21:13:11,1790385191.385,8,32,152,emergency,low HP: read Phase Door,custom <[stairs <]; custom >[stairs >]; custom <[stairs <]; custom >[stairs >]; custom <[stairs <],goal:recall | goal_done:recall: arrived at 0 ft
2026-09-25 21:13:12,1790385192.395,8,33,152,emergency,low HP: read Phase Door,custom <[stairs <]; custom >[stairs >]; custom <[stairs <]; custom >[stairs >]; custom <[stairs <],goal:recall | goal_done:recall: arrived at 0 ft
2026-09-25 21:13:13,1790385193.407,8,34,152,emergency,low HP: quaffed Cure Light Wounds,custom >[stairs >]; custom <[stairs <]; custom >[stairs >]; custom <[stairs <]; custom >[stairs >],goal:recall | goal_done:recall: arrived at 0 ft
2026-09-25 21:13:54,1790385234.859,,0,1,started,in the game at None (depth),custom r item=5[low HP: phase door]; custom r item=5[low HP: phase door]; custom r item=5[low HP: phase door]; custom q item=2[low HP: quaff Cure Light Wounds]; rest[rest],goal:recall | goal_done:recall: arrived at 0 ft | goal_done:shop 2 sell Robe:1: I don't want that!
2026-09-25 21:14:21,1790385261.106,0,152,152,goal_done,recall: arrived at 0 ft,custom r item=5[read 2 Scrolls of Word of Recall]; walk 3[enter store 2]; custom s store item=6 value=1[sell 6x1]; leave[leave store]; walk 1[enter store 5],goal_done:shop 2 sell Robe:1: I don't want that! | goal_done:shop 5 buy Phase:15 buy Recall:1: You bought 15 Scrolls of P | goal_done:shop 4 buy Cure Light:4: You bought 4 Potions of Cure Light 
2026-09-25 21:14:46,1790385286.038,0,152,152,goal_done,shop 2 sell Robe:1: I don't want that!,walk 3[enter store 2]; custom s store item=6 value=1[sell 6x1]; leave[leave store]; walk 1[enter store 5]; custom p store item=10 value=15 entry=345[buy 99 Scrolls of Phase Door x15],goal_done:shop 5 buy Phase:15 buy Recall:1: You bought 15 Scrolls of P | goal_done:shop 4 buy Cure Light:4: You bought 4 Potions of Cure Light  | goal:recall
2026-09-25 21:15:04,1790385304.327,0,152,152,goal_done,shop 5 buy Phase:15 buy Recall:1: You bought 15 Scrolls of Phase Door for 345 gold.; You bought 15 Scrolls of Phase Door for 345 gold.,walk 3[enter store 2]; custom s store item=6 value=1[sell 6x1]; leave[leave store]; walk 1[enter store 5]; custom p store item=10 value=15 entry=345[buy 99 Scrolls of Phase Door x15],goal_done:shop 4 buy Cure Light:4: You bought 4 Potions of Cure Light  | goal:recall | goal_done:recall: arrived at 500 ft
2026-09-25 21:15:10,1790385310.261,0,152,152,goal_done,shop 4 buy Cure Light:4: You bought 4 Potions of Cure Light Wounds for 92 gold.,walk 3[enter store 2]; custom s store item=6 value=1[sell 6x1]; leave[leave store]; walk 1[enter store 5]; custom p store item=10 value=15 entry=345[buy 99 Scrolls of Phase Door x15],goal:recall | goal_done:recall: arrived at 500 ft
2026-09-25 21:15:39,1790385339.473,10,152,152,goal_done,recall: arrived at 500 ft,walk 1[enter store 5]; custom p store item=10 value=15 entry=345[buy 99 Scrolls of Phase Door x15]; custom p store item=11 value=1 entry=225[buy 84 Scrolls of Word of Recall x1]; leave[leave store]; walk 7[enter store 4],
2026-09-25 21:16:25,1790385385.553,10,152,152,interesting,dive 600ft: pillared room (often holds stairs),custom >[stairs >]; custom <[stairs <]; custom <[stairs <]; custom >[stairs >]; custom <[stairs <],goal_done:explore until stairs radius 15: nothing left to explore | danger_avoided:arrived next to 6 monsters (Hill orc)
2026-09-25 21:17:20,1790385440.589,10,152,152,goal_done,explore until stairs radius 15: nothing left to explore,custom >[stairs >]; custom <[stairs <]; custom >[stairs >]; custom <[stairs <]; custom <[stairs <],danger_avoided:arrived next to 6 monsters (Hill orc) | goal_done:dive 600ft: reached 600 ft
2026-09-25 21:17:31,1790385451.753,,0,1,started,in the game at None (depth),custom >[stairs >]; custom <[stairs <]; custom >[stairs >]; custom <[stairs <]; custom <[stairs <],danger_avoided:arrived next to 6 monsters (Hill orc) | goal_done:dive 600ft: reached 600 ft
2026-09-25 21:17:44,1790385464.602,10,152,152,danger_avoided,arrived next to 6 monsters (Hill orc),custom >[stairs >]; custom <[stairs <]; custom >[stairs >]; custom <[stairs <]; custom <[stairs <],goal_done:dive 600ft: reached 600 ft
2026-09-25 21:18:24,1790385504.472,12,152,152,goal_done,dive 600ft: reached 600 ft,custom <[stairs <]; custom >[stairs >]; custom <[stairs <]; custom <[stairs <]; custom >[stairs >],
2026-09-25 21:19:46,1790385586.627,,0,1,started,in the game at None (depth),,
2026-09-25 21:21:59,1790385719.853,,0,1,started,in the game at None (depth),,
2026-09-25 21:23:44,1790385824.087,,0,1,started,in the game at None (depth),,
2026-09-25 21:24:58,1790385898.542,12,92,152,fight_going_badly,"HP 92/152 fighting Brodda, the Easterling","rest[rest]; rest[stop resting]; custom ,[pick up: a Katana (3d4) {Brodda, the Easterling}.]; custom w item=7[agent: wear ['h']]",goal_done:goto item | goal_done:goto item | goal_done:goto item
2026-09-25 21:25:30,1790385930.869,12,166,166,goal_done,goto item,"rest[rest]; rest[stop resting]; custom ,[pick up: a Katana (3d4) {Brodda, the Easterling}.]; custom w item=7[agent: wear ['h']]; custom w item=7[agent: wear ['h']]",goal_done:goto item | goal_done:goto item | danger_avoided:arrived next to 5 monsters (Lemure)
2026-09-25 21:25:31,1790385931.022,12,166,166,goal_done,goto item,"rest[rest]; rest[stop resting]; custom ,[pick up: a Katana (3d4) {Brodda, the Easterling}.]; custom w item=7[agent: wear ['h']]; custom w item=7[agent: wear ['h']]",goal_done:goto item | danger_avoided:arrived next to 5 monsters (Lemure)
2026-09-25 21:25:31,1790385931.175,12,166,166,goal_done,goto item,"rest[rest]; rest[stop resting]; custom ,[pick up: a Katana (3d4) {Brodda, the Easterling}.]; custom w item=7[agent: wear ['h']]; custom w item=7[agent: wear ['h']]",danger_avoided:arrived next to 5 monsters (Lemure)
2026-09-25 21:26:07,1790385967.809,13,166,166,danger_avoided,arrived next to 5 monsters (Lemure),"custom ,[pick up: a Katana (3d4) {Brodda, the Easterling}.]; custom w item=7[agent: wear ['h']]; custom w item=7[agent: wear ['h']]; custom >[stairs >]; custom <[stairs <]",goal_failed:goto <: no known path | goal:recall | goal_failed:shop 3 sell Katana:1: not in town
2026-09-25 21:26:17,1790385977.864,13,103,166,fight_going_badly,HP 103/166 fighting Lemure,custom w item=7[agent: wear ['h']]; custom w item=7[agent: wear ['h']]; custom >[stairs >]; custom <[stairs <]; custom r item=5[low HP: phase door],goal_failed:goto <: no known path | goal:recall | goal_failed:shop 3 sell Katana:1: not in town
2026-09-25 21:26:20,1790385980.292,13,73,166,emergency,low HP: read Phase Door (Lemure adjacent),custom w item=7[agent: wear ['h']]; custom w item=7[agent: wear ['h']]; custom >[stairs >]; custom <[stairs <]; custom r item=5[low HP: phase door],goal_failed:goto <: no known path | goal:recall | goal_failed:shop 3 sell Katana:1: not in town
2026-09-25 21:26:20,1790385980.902,13,72,166,emergency,low HP: quaffed Cure Light Wounds,custom w item=7[agent: wear ['h']]; custom w item=7[agent: wear ['h']]; custom >[stairs >]; custom <[stairs <]; custom r item=5[low HP: phase door],goal_failed:goto <: no known path | goal:recall | goal_failed:shop 3 sell Katana:1: not in town
2026-09-25 21:26:27,1790385987.423,13,77,166,emergency,low HP: read Phase Door (Lemure adjacent),custom w item=7[agent: wear ['h']]; custom >[stairs >]; custom <[stairs <]; custom r item=5[low HP: phase door]; custom q item=2[low HP: quaff Cure Light Wounds],goal_failed:goto <: no known path | goal:recall | goal_failed:shop 3 sell Katana:1: not in town
2026-09-25 21:26:28,1790385988.032,13,73,166,emergency,low HP: quaffed Cure Light Wounds,custom w item=7[agent: wear ['h']]; custom >[stairs >]; custom <[stairs <]; custom r item=5[low HP: phase door]; custom q item=2[low HP: quaff Cure Light Wounds],goal_failed:goto <: no known path | goal:recall | goal_failed:shop 3 sell Katana:1: not in town
2026-09-25 21:26:28,1790385988.637,13,65,166,emergency,"low HP: nothing left to escape with, fighting on",custom w item=7[agent: wear ['h']]; custom >[stairs >]; custom <[stairs <]; custom r item=5[low HP: phase door]; custom q item=2[low HP: quaff Cure Light Wounds],goal_failed:goto <: no known path | goal:recall | goal_failed:shop 3 sell Katana:1: not in town
2026-09-25 21:26:31,1790385991.667,13,67,166,emergency,low HP: read Phase Door (Lemure adjacent),custom w item=7[agent: wear ['h']]; custom >[stairs >]; custom <[stairs <]; custom r item=5[low HP: phase door]; custom q item=2[low HP: quaff Cure Light Wounds],goal_failed:goto <: no known path | goal:recall | goal_failed:shop 3 sell Katana:1: not in town
2026-09-25 21:26:32,1790385992.277,13,58,166,emergency,low HP: quaffed Cure Light Wounds,custom w item=7[agent: wear ['h']]; custom >[stairs >]; custom <[stairs <]; custom r item=5[low HP: phase door]; custom q item=2[low HP: quaff Cure Light Wounds],goal_failed:goto <: no known path | goal:recall | goal_failed:shop 3 sell Katana:1: not in town
2026-09-25 21:26:35,1790385995.916,13,67,166,emergency,low HP: read Phase Door (Snaga adjacent),custom >[stairs >]; custom <[stairs <]; custom r item=5[low HP: phase door]; custom q item=2[low HP: quaff Cure Light Wounds]; rest[rest],goal_failed:goto <: no known path | goal:recall | goal_failed:shop 3 sell Katana:1: not in town
2026-09-25 21:26:36,1790385996.521,13,55,166,emergency,low HP: quaffed Cure Light Wounds,custom >[stairs >]; custom <[stairs <]; custom r item=5[low HP: phase door]; custom q item=2[low HP: quaff Cure Light Wounds]; rest[rest],goal_failed:goto <: no known path | goal:recall | goal_failed:shop 3 sell Katana:1: not in town
2026-09-25 21:26:40,1790386000.162,13,73,166,emergency,low HP: quaffed Cure Light Wounds,custom >[stairs >]; custom <[stairs <]; custom r item=5[low HP: phase door]; custom q item=2[low HP: quaff Cure Light Wounds]; rest[rest],goal_failed:goto <: no known path | goal:recall | goal_failed:shop 3 sell Katana:1: not in town
2026-09-25 21:26:41,1790386001.781,13,90,166,fight_going_badly,HP 90/166 fighting Lemure,custom >[stairs >]; custom <[stairs <]; custom r item=5[low HP: phase door]; custom q item=2[low HP: quaff Cure Light Wounds]; rest[rest],goal_failed:goto <: no known path | goal:recall | goal_failed:shop 3 sell Katana:1: not in town
2026-09-25 21:26:42,1790386002.741,13,79,166,emergency,low HP: read Phase Door (Lemure adjacent),custom >[stairs >]; custom <[stairs <]; custom r item=5[low HP: phase door]; custom q item=2[low HP: quaff Cure Light Wounds]; rest[rest],goal_failed:goto <: no known path | goal:recall | goal_failed:shop 3 sell Katana:1: not in town
2026-09-25 21:26:43,1790386003.35,13,80,166,emergency,low HP: quaffed Cure Light Wounds,custom >[stairs >]; custom <[stairs <]; custom r item=5[low HP: phase door]; custom q item=2[low HP: quaff Cure Light Wounds]; rest[rest],goal_failed:goto <: no known path | goal:recall | goal_failed:shop 3 sell Katana:1: not in town
2026-09-25 21:26:50,1790386010.323,13,82,166,emergency,low HP: read Phase Door (Lemure adjacent),custom >[stairs >]; custom <[stairs <]; custom r item=5[low HP: phase door]; custom q item=2[low HP: quaff Cure Light Wounds]; rest[rest],goal_failed:goto <: no known path | goal:recall | goal_failed:shop 3 sell Katana:1: not in town
2026-09-25 21:26:54,1790386014.329,,0,1,started,in the game at None (depth),custom r item=5[low HP: phase door]; custom q item=2[low HP: quaff Cure Light Wounds]; rest[rest]; rest[stop resting]; custom r item=5[low HP: phase door],goal_failed:goto <: no known path | goal:recall | goal_failed:shop 3 sell Katana:1: not in town
2026-09-25 21:26:54,1790386014.333,13,63,166,emergency,low HP: read Phase Door (Lemure adjacent),custom r item=5[low HP: phase door]; custom q item=2[low HP: quaff Cure Light Wounds]; rest[rest]; rest[stop resting]; custom r item=5[low HP: phase door],goal_failed:goto <: no known path | goal:recall | goal_failed:shop 3 sell Katana:1: not in town
2026-09-25 21:26:54,1790386014.941,13,63,166,emergency,low HP: quaffed Cure Light Wounds,custom r item=5[low HP: phase door]; custom q item=2[low HP: quaff Cure Light Wounds]; rest[rest]; rest[stop resting]; custom r item=5[low HP: phase door],goal_failed:goto <: no known path | goal:recall | goal_failed:shop 3 sell Katana:1: not in town
2026-09-25 21:26:55,1790386015.549,13,64,166,emergency,low HP: heading for the stairs 5 away,custom r item=5[low HP: phase door]; custom q item=2[low HP: quaff Cure Light Wounds]; rest[rest]; rest[stop resting]; custom r item=5[low HP: phase door],goal_failed:goto <: no known path | goal:recall | goal_failed:shop 3 sell Katana:1: not in town
2026-09-25 21:26:56,1790386016.005,13,79,166,emergency,"low HP: nothing left to escape with, fighting on",custom r item=5[low HP: phase door]; custom q item=2[low HP: quaff Cure Light Wounds]; rest[rest]; rest[stop resting]; custom r item=5[low HP: phase door],goal_failed:goto <: no known path | goal:recall | goal_failed:shop 3 sell Katana:1: not in town
2026-09-25 21:26:56,1790386016.461,13,74,166,emergency,low HP: quaffed Cure Light Wounds,custom r item=5[low HP: phase door]; custom q item=2[low HP: quaff Cure Light Wounds]; rest[rest]; rest[stop resting]; custom r item=5[low HP: phase door],goal_failed:goto <: no known path | goal:recall | goal_failed:shop 3 sell Katana:1: not in town
2026-09-25 21:26:57,1790386017.069,13,75,166,emergency,low HP: read Phase Door (Lemure adjacent),custom r item=5[low HP: phase door]; custom q item=2[low HP: quaff Cure Light Wounds]; rest[rest]; rest[stop resting]; custom r item=5[low HP: phase door],goal_failed:goto <: no known path | goal:recall | goal_failed:shop 3 sell Katana:1: not in town
2026-09-25 21:26:57,1790386017.676,13,86,166,fight_going_badly,HP 86/166 fighting Lemure,custom r item=5[low HP: phase door]; custom q item=2[low HP: quaff Cure Light Wounds]; rest[rest]; rest[stop resting]; custom r item=5[low HP: phase door],goal_failed:goto <: no known path | goal:recall | goal_failed:shop 3 sell Katana:1: not in town
2026-09-25 21:27:01,1790386021.213,13,81,166,emergency,low HP: read Phase Door (Lemure adjacent),custom r item=5[low HP: phase door]; custom q item=2[low HP: quaff Cure Light Wounds]; rest[rest]; rest[stop resting]; custom r item=5[low HP: phase door],goal_failed:goto <: no known path | goal:recall | goal_failed:shop 3 sell Katana:1: not in town
2026-09-25 21:27:01,1790386021.819,13,81,166,emergency,low HP: quaffed Cure Light Wounds,custom r item=5[low HP: phase door]; custom q item=2[low HP: quaff Cure Light Wounds]; rest[rest]; rest[stop resting]; custom r item=5[low HP: phase door],goal_failed:goto <: no known path | goal:recall | goal_failed:shop 3 sell Katana:1: not in town
2026-09-25 21:27:11,1790386031.028,13,126,169,goal_failed,goto <: no known path,custom r item=5[low HP: phase door]; custom q item=2[low HP: quaff Cure Light Wounds]; custom >[stairs >]; custom r item=5[low HP: phase door]; custom q item=2[low HP: quaff Cure Light Wounds],"goal:recall | goal_failed:shop 3 sell Katana:1: not in town | goal_done:shop 3 sell Katana:1: You sold a Katana (3d4) (+5,+3) {good "
2026-09-25 21:27:22,1790386042.492,13,169,169,goal_failed,shop 3 sell Katana:1: not in town,custom q item=2[low HP: quaff Cure Light Wounds]; rest[rest]; rest[stop resting]; custom r item=5[low HP: phase door]; custom q item=2[low HP: quaff Cure Light Wounds],"goal_done:shop 3 sell Katana:1: You sold a Katana (3d4) (+5,+3) {good  | goal_done:shop 5 buy Recall:1 buy Phase:8: You bought a Scroll of Word | goal_done:shop 4 buy Cure Light:8: You bought 6 Potions of Cure Light "
2026-09-25 21:28:05,1790386085.315,,0,1,started,in the game at None (depth),custom r item=6[read a Scroll of Word of Recall]; walk 3[enter store 3]; custom s store item=6 value=1[sell 6x1]; leave[leave store]; walk 1[enter store 5],"goal_done:shop 3 sell Katana:1: You sold a Katana (3d4) (+5,+3) {good  | goal_done:shop 5 buy Recall:1 buy Phase:8: You bought a Scroll of Word | goal_done:shop 4 buy Cure Light:8: You bought 6 Potions of Cure Light "
2026-09-25 21:28:35,1790386115.293,0,169,169,goal_done,"shop 3 sell Katana:1: You sold a Katana (3d4) (+5,+3) {good - Brodda, the Easterling} for 172 gold.",walk 3[enter store 3]; custom s store item=6 value=1[sell 6x1]; leave[leave store]; walk 1[enter store 5]; custom p store item=10 value=1 entry=227[buy 4 Scrolls of Word of Recall x1],goal_done:shop 5 buy Recall:1 buy Phase:8: You bought a Scroll of Word | goal_done:shop 4 buy Cure Light:8: You bought 6 Potions of Cure Light 
2026-09-25 21:28:40,1790386120.658,0,169,169,goal_done,shop 5 buy Recall:1 buy Phase:8: You bought a Scroll of Word of Recall for 227 gold.; You do not have enough gold.,walk 3[enter store 3]; custom s store item=6 value=1[sell 6x1]; leave[leave store]; walk 1[enter store 5]; custom p store item=10 value=1 entry=227[buy 4 Scrolls of Word of Recall x1],goal_done:shop 4 buy Cure Light:8: You bought 6 Potions of Cure Light 
2026-09-25 21:28:45,1790386125.432,0,169,169,goal_done,shop 4 buy Cure Light:8: You bought 6 Potions of Cure Light Wounds for 138 gold.,walk 3[enter store 3]; custom s store item=6 value=1[sell 6x1]; leave[leave store]; walk 1[enter store 5]; custom p store item=10 value=1 entry=227[buy 4 Scrolls of Word of Recall x1],
2026-09-25 22:10:20,1790388620.505,,0,1,started,in the game at None (depth),walk 1[enter store 5]; custom p store item=14 value=8 entry=184[buy 99 Scrolls of Phase Door x8]; custom p store item=17 value=1 entry=234[buy 99 Scrolls of Word of Recall x1]; leave[leave store]; walk 7[enter store 4],goal_done:shop 5 buy Phase:8 buy Recall:1: You bought 8 Scrolls of Pha | goal_done:shop 4 buy Cure Light:6: You bought 6 Potions of Cure Light  | goal:recall
2026-09-25 22:10:41,1790388641.547,0,182,182,goal_done,shop 5 buy Phase:8 buy Recall:1: You bought 8 Scrolls of Phase Door for 184 gold.; You bought a Scroll of Word of Recall for 234 gold.,walk 1[enter store 5]; custom p store item=14 value=8 entry=184[buy 99 Scrolls of Phase Door x8]; custom p store item=17 value=1 entry=234[buy 99 Scrolls of Word of Recall x1]; leave[leave store]; walk 7[enter store 4],goal_done:shop 4 buy Cure Light:6: You bought 6 Potions of Cure Light  | goal:recall | goal_done:recall: arrived at 750 ft
2026-09-25 22:10:47,1790388647.223,0,182,182,goal_done,shop 4 buy Cure Light:6: You bought 6 Potions of Cure Light Wounds for 132 gold.,walk 1[enter store 5]; custom p store item=14 value=8 entry=184[buy 99 Scrolls of Phase Door x8]; custom p store item=17 value=1 entry=234[buy 99 Scrolls of Word of Recall x1]; leave[leave store]; walk 7[enter store 4],goal:recall | goal_done:recall: arrived at 750 ft
2026-09-25 22:11:10,1790388670.359,15,182,182,goal_done,recall: arrived at 750 ft,walk 1[enter store 5]; custom p store item=14 value=8 entry=184[buy 99 Scrolls of Phase Door x8]; custom p store item=17 value=1 entry=234[buy 99 Scrolls of Word of Recall x1]; leave[leave store]; walk 7[enter store 4],
2026-09-25 22:13:30,1790388810.617,15,182,182,goal_failed,dive 800ft: no stairs found: frontier unreachable,"custom ,[pick up: a Cutlass (1d7).]; options[agent: raw]","goal_failed:dive 800ft: explored the level, no stairs seen"
2026-09-25 22:13:55,1790388835.681,,0,1,started,in the game at None (depth),options[agent: raw],"goal_failed:dive 800ft: explored the level, no stairs seen"
2026-09-25 22:14:02,1790388842.578,15,182,182,goal_failed,"dive 800ft: explored the level, no stairs seen",options[agent: raw],
2026-09-25 22:15:06,1790388906.246,,0,1,started,in the game at None (depth),custom s[search for secret doors]; custom s[search for secret doors]; custom s[search for secret doors]; custom s[search for secret doors]; custom s[search for secret doors],
2026-09-25 22:24:56,1790389496.272,15,174,182,goal_failed,dive 800ft: no stairs found: frontier unreachable,custom r item=4[read a Scroll of Word of Recall {50% off}],"goal:recall | goal_done:recall: arrived at 0 ft | goal_done:shop 3 sell Cutlass:1: You sold a Cutlass (1d7) (+5,+5) for "
2026-09-25 22:25:28,1790389528.132,0,182,182,goal_done,recall: arrived at 0 ft,custom r item=4[read a Scroll of Word of Recall {50% off}],"goal_done:shop 3 sell Cutlass:1: You sold a Cutlass (1d7) (+5,+5) for  | goal_done:shop 5 buy Recall:2: You bought 2 Scrolls of Word of Recall  | goal:recall"
2026-09-25 22:25:56,1790389556.432,,0,1,started,in the game at None (depth),walk 3[enter store 3]; custom s store item=5 value=1[sell 5x1]; leave[leave store]; walk 1[enter store 5]; custom p store item=11 value=2 entry=468[buy 55 Scrolls of Word of Recall x2],"goal_done:shop 3 sell Cutlass:1: You sold a Cutlass (1d7) (+5,+5) for  | goal_done:shop 5 buy Recall:2: You bought 2 Scrolls of Word of Recall  | goal:recall"
2026-09-25 22:26:15,1790389575.817,0,182,182,goal_done,"shop 3 sell Cutlass:1: You sold a Cutlass (1d7) (+5,+5) for 37 gold.",walk 3[enter store 3]; custom s store item=5 value=1[sell 5x1]; leave[leave store]; walk 1[enter store 5]; custom p store item=11 value=2 entry=468[buy 55 Scrolls of Word of Recall x2],goal_done:shop 5 buy Recall:2: You bought 2 Scrolls of Word of Recall  | goal:recall | goal_done:recall: arrived at 750 ft
2026-09-25 22:26:21,1790389581.085,0,182,182,goal_done,shop 5 buy Recall:2: You bought 2 Scrolls of Word of Recall for 468 gold.,walk 3[enter store 3]; custom s store item=5 value=1[sell 5x1]; leave[leave store]; walk 1[enter store 5]; custom p store item=11 value=2 entry=468[buy 55 Scrolls of Word of Recall x2],goal:recall | goal_done:recall: arrived at 750 ft | goal_done:dive 800ft: reached 800 ft
2026-09-25 22:26:37,1790389597.789,15,182,182,goal_done,recall: arrived at 750 ft,walk 3[enter store 3]; custom s store item=5 value=1[sell 5x1]; leave[leave store]; walk 1[enter store 5]; custom p store item=11 value=2 entry=468[buy 55 Scrolls of Word of Recall x2],goal_done:dive 800ft: reached 800 ft
2026-09-25 22:27:08,1790389628.771,16,181,182,goal_done,dive 800ft: reached 800 ft,custom >[stairs >]; custom >[stairs >]; custom >[stairs >]; custom <[stairs <]; custom <[stairs <],goal_done:dive 900ft: reached 900 ft
2026-09-25 22:27:30,1790389650.605,,0,1,started,in the game at None (depth),custom >[stairs >]; custom >[stairs >]; custom <[stairs <]; custom <[stairs <]; custom >[stairs >],goal_done:dive 900ft: reached 900 ft
2026-09-25 22:28:28,1790389708.844,18,182,182,goal_done,dive 900ft: reached 900 ft,"custom >[stairs >]; custom <[stairs <]; custom >[stairs >]; custom <[stairs <]; custom ,[pick up: a Mace (2d4).]",
2026-09-25 22:31:28,1790389888.932,18,182,182,idle_recall,no word from the agent: recalling to town,custom r item=4[read a Scroll of Word of Recall],goal:recall | goal_done:recall: arrived at 0 ft
2026-09-25 22:31:43,1790389903.032,0,182,182,goal_done,recall: arrived at 0 ft,custom r item=4[read a Scroll of Word of Recall],
2026-09-25 22:39:38,1790390378.752,-31,202,202,goal_failed,explore: frontier unreachable,,
2026-09-25 23:12:42,1790392362.28,,0,1,started,in the game at None (depth),custom r item=4[read 2 Scrolls of Word of Recall {50% off}],goal:recall | goal_done:recall: arrived at 900 ft
2026-09-25 23:13:16,1790392396.437,18,202,202,goal_done,recall: arrived at 900 ft,custom r item=4[read 2 Scrolls of Word of Recall {50% off}]; custom r item=3[low HP: phase door]; custom q item=2[low HP: quaff Cure Light Wounds]; custom r item=3[low HP: phase door]; custom q item=2[low HP: quaff Cure Light Wounds],
2026-09-25 23:13:38,1790392418.46,18,116,202,fight_going_badly,HP 116/202 fighting Half-orc,custom r item=4[read 2 Scrolls of Word of Recall {50% off}]; custom r item=3[low HP: phase door]; custom q item=2[low HP: quaff Cure Light Wounds]; custom r item=3[low HP: phase door]; custom q item=2[low HP: quaff Cure Light Wounds],
2026-09-25 23:13:40,1790392420.587,18,96,202,emergency,low HP: read Phase Door (Half-orc adjacent),custom r item=4[read 2 Scrolls of Word of Recall {50% off}]; custom r item=3[low HP: phase door]; custom q item=2[low HP: quaff Cure Light Wounds]; custom r item=3[low HP: phase door]; custom q item=2[low HP: quaff Cure Light Wounds],
2026-09-25 23:13:41,1790392421.198,18,79,202,emergency,low HP: heading for the stairs 10 away,custom r item=4[read 2 Scrolls of Word of Recall {50% off}]; custom r item=3[low HP: phase door]; custom q item=2[low HP: quaff Cure Light Wounds]; custom r item=3[low HP: phase door]; custom q item=2[low HP: quaff Cure Light Wounds],
2026-09-25 23:13:42,1790392422.616,18,80,202,emergency,low HP: quaffed Cure Light Wounds,custom r item=4[read 2 Scrolls of Word of Recall {50% off}]; custom r item=3[low HP: phase door]; custom q item=2[low HP: quaff Cure Light Wounds]; custom r item=3[low HP: phase door]; custom q item=2[low HP: quaff Cure Light Wounds],
2026-09-25 23:13:43,1790392423.223,18,81,202,emergency,low HP: read Phase Door (Half-orc adjacent),custom r item=4[read 2 Scrolls of Word of Recall {50% off}]; custom r item=3[low HP: phase door]; custom q item=2[low HP: quaff Cure Light Wounds]; custom r item=3[low HP: phase door]; custom q item=2[low HP: quaff Cure Light Wounds],
2026-09-25 23:13:44,1790392424.287,18,76,202,emergency,low HP: quaffed Cure Light Wounds,custom r item=4[read 2 Scrolls of Word of Recall {50% off}]; custom r item=3[low HP: phase door]; custom q item=2[low HP: quaff Cure Light Wounds]; custom r item=3[low HP: phase door]; custom q item=2[low HP: quaff Cure Light Wounds],
2026-09-25 23:13:49,1790392429.925,18,83,202,emergency,low HP: read Phase Door (Half-orc adjacent),custom r item=3[low HP: phase door]; custom q item=2[low HP: quaff Cure Light Wounds]; custom r item=3[low HP: phase door]; custom q item=2[low HP: quaff Cure Light Wounds]; custom r item=3[low HP: phase door],
2026-09-25 23:13:50,1790392430.533,18,84,202,emergency,low HP: quaffed Cure Light Wounds,custom r item=3[low HP: phase door]; custom q item=2[low HP: quaff Cure Light Wounds]; custom r item=3[low HP: phase door]; custom q item=2[low HP: quaff Cure Light Wounds]; custom r item=3[low HP: phase door],
2026-09-25 23:13:51,1790392431.138,18,78,202,emergency,"low HP: nothing left to escape with, fighting on",custom r item=3[low HP: phase door]; custom q item=2[low HP: quaff Cure Light Wounds]; custom r item=3[low HP: phase door]; custom q item=2[low HP: quaff Cure Light Wounds]; custom r item=3[low HP: phase door],
2026-09-25 23:13:52,1790392432.05,18,94,202,emergency,low HP: quaffed Cure Light Wounds,custom r item=3[low HP: phase door]; custom q item=2[low HP: quaff Cure Light Wounds]; custom r item=3[low HP: phase door]; custom q item=2[low HP: quaff Cure Light Wounds]; custom r item=3[low HP: phase door],
2026-09-25 23:13:52,1790392432.658,18,83,202,emergency,"low HP: read Phase Door (Fruit bat, Half-orc adjacent)",custom r item=3[low HP: phase door]; custom q item=2[low HP: quaff Cure Light Wounds]; custom r item=3[low HP: phase door]; custom q item=2[low HP: quaff Cure Light Wounds]; custom r item=3[low HP: phase door],
2026-09-25 23:13:58,1790392438.876,18,95,202,emergency,low HP: read Phase Door (Half-orc adjacent),custom r item=3[low HP: phase door]; custom q item=2[low HP: quaff Cure Light Wounds]; custom r item=3[low HP: phase door]; custom q item=2[low HP: quaff Cure Light Wounds]; custom r item=3[low HP: phase door],
2026-09-25 23:13:59,1790392439.485,18,96,202,emergency,low HP: heading for the stairs 1 away,custom r item=3[low HP: phase door]; custom q item=2[low HP: quaff Cure Light Wounds]; custom r item=3[low HP: phase door]; custom q item=2[low HP: quaff Cure Light Wounds]; custom r item=3[low HP: phase door],
2026-09-25 23:13:59,1790392439.991,18,96,202,emergency,low HP: quaffed Cure Light Wounds,custom r item=3[low HP: phase door]; custom q item=2[low HP: quaff Cure Light Wounds]; custom r item=3[low HP: phase door]; custom q item=2[low HP: quaff Cure Light Wounds]; custom r item=3[low HP: phase door],
2026-09-25 23:14:00,1790392440.597,18,96,202,emergency,low HP: took the stairs underfoot (>),custom r item=3[low HP: phase door]; custom q item=2[low HP: quaff Cure Light Wounds]; custom r item=3[low HP: phase door]; custom q item=2[low HP: quaff Cure Light Wounds]; custom r item=3[low HP: phase door],
2026-09-25 23:14:01,1790392441.003,18,106,202,fight_going_badly,HP 106/202 fighting Half-orc,custom r item=3[low HP: phase door]; custom q item=2[low HP: quaff Cure Light Wounds]; custom r item=3[low HP: phase door]; custom q item=2[low HP: quaff Cure Light Wounds]; custom r item=3[low HP: phase door],
2026-09-25 23:14:02,1790392442.572,19,95,202,emergency,low HP: took the stairs underfoot (<),custom r item=3[low HP: phase door]; custom q item=2[low HP: quaff Cure Light Wounds]; custom r item=3[low HP: phase door]; custom q item=2[low HP: quaff Cure Light Wounds]; custom r item=3[low HP: phase door],
2026-09-25 23:14:03,1790392443.281,18,97,202,emergency,low HP: took the stairs underfoot (>),custom r item=3[low HP: phase door]; custom q item=2[low HP: quaff Cure Light Wounds]; custom r item=3[low HP: phase door]; custom q item=2[low HP: quaff Cure Light Wounds]; custom r item=3[low HP: phase door],
2026-09-25 23:14:03,1790392443.99,19,98,202,emergency,low HP: took the stairs underfoot (<),custom r item=3[low HP: phase door]; custom q item=2[low HP: quaff Cure Light Wounds]; custom r item=3[low HP: phase door]; custom q item=2[low HP: quaff Cure Light Wounds]; custom r item=3[low HP: phase door],
2026-09-25 23:14:04,1790392444.699,18,98,202,emergency,low HP: took the stairs underfoot (>),custom r item=3[low HP: phase door]; custom q item=2[low HP: quaff Cure Light Wounds]; custom r item=3[low HP: phase door]; custom q item=2[low HP: quaff Cure Light Wounds]; custom r item=3[low HP: phase door],
2026-09-25 23:14:05,1790392445.358,19,99,202,emergency,low HP: took the stairs underfoot (<),custom r item=3[low HP: phase door]; custom q item=2[low HP: quaff Cure Light Wounds]; custom r item=3[low HP: phase door]; custom q item=2[low HP: quaff Cure Light Wounds]; custom r item=3[low HP: phase door],
2026-09-25 23:14:06,1790392446.065,18,99,202,emergency,low HP: took the stairs underfoot (>),custom r item=3[low HP: phase door]; custom q item=2[low HP: quaff Cure Light Wounds]; custom r item=3[low HP: phase door]; custom q item=2[low HP: quaff Cure Light Wounds]; custom r item=3[low HP: phase door],
2026-09-25 23:14:09,1790392449.403,19,92,202,emergency,low HP: took the stairs underfoot (<),custom r item=3[low HP: phase door]; custom q item=2[low HP: quaff Cure Light Wounds]; custom r item=3[low HP: phase door]; custom q item=2[low HP: quaff Cure Light Wounds]; custom r item=3[low HP: phase door],
2026-09-25 23:14:10,1790392450.011,18,93,202,emergency,low HP: took the stairs underfoot (>),custom r item=3[low HP: phase door]; custom q item=2[low HP: quaff Cure Light Wounds]; custom r item=3[low HP: phase door]; custom q item=2[low HP: quaff Cure Light Wounds]; custom r item=3[low HP: phase door],
2026-09-25 23:14:10,1790392450.72,19,93,202,emergency,low HP: took the stairs underfoot (<),custom r item=3[low HP: phase door]; custom q item=2[low HP: quaff Cure Light Wounds]; custom r item=3[low HP: phase door]; custom q item=2[low HP: quaff Cure Light Wounds]; custom r item=3[low HP: phase door],
2026-09-25 23:14:11,1790392451.428,18,94,202,emergency,low HP: took the stairs underfoot (>),custom r item=3[low HP: phase door]; custom q item=2[low HP: quaff Cure Light Wounds]; custom r item=3[low HP: phase door]; custom q item=2[low HP: quaff Cure Light Wounds]; custom r item=3[low HP: phase door],
2026-09-25 23:14:12,1790392452.088,19,94,202,emergency,low HP: took the stairs underfoot (<),custom r item=3[low HP: phase door]; custom q item=2[low HP: quaff Cure Light Wounds]; custom r item=3[low HP: phase door]; custom q item=2[low HP: quaff Cure Light Wounds]; custom r item=3[low HP: phase door],
2026-09-25 23:14:12,1790392452.795,18,95,202,emergency,low HP: took the stairs underfoot (>),custom r item=3[low HP: phase door]; custom q item=2[low HP: quaff Cure Light Wounds]; custom r item=3[low HP: phase door]; custom q item=2[low HP: quaff Cure Light Wounds]; custom r item=3[low HP: phase door],
2026-09-25 23:14:13,1790392453.504,19,96,202,emergency,low HP: took the stairs underfoot (<),custom r item=3[low HP: phase door]; custom q item=2[low HP: quaff Cure Light Wounds]; custom r item=3[low HP: phase door]; custom q item=2[low HP: quaff Cure Light Wounds]; custom r item=3[low HP: phase door],
2026-09-25 23:14:14,1790392454.163,18,96,202,emergency,low HP: took the stairs underfoot (>),custom r item=3[low HP: phase door]; custom q item=2[low HP: quaff Cure Light Wounds]; custom r item=3[low HP: phase door]; custom q item=2[low HP: quaff Cure Light Wounds]; custom r item=3[low HP: phase door],
2026-09-25 23:15:19,1790392519.486,20,167,220,tactic,4 monsters coming (Fire hound): backing into a corridor,"-[holding the corridor at (1, 54)]; custom r item=3[low HP: phase door]; custom q item=2[low HP: quaff Cure Light Wounds]",dead:the character died
2026-09-25 23:15:51,1790392551.151,20,133,230,fight_going_badly,HP 133/230 fighting Stone troll,"-[holding the corridor at (1, 54)]; custom r item=3[low HP: phase door]; custom q item=2[low HP: quaff Cure Light Wounds]",dead:the character died
2026-09-25 23:15:52,1790392552.671,20,101,230,emergency,"low HP: read Phase Door (Gnome mage, Stone troll adjacent)","-[holding the corridor at (1, 54)]; custom r item=3[low HP: phase door]; custom q item=2[low HP: quaff Cure Light Wounds]",dead:the character died
2026-09-25 23:15:53,1790392553.279,20,101,230,emergency,low HP: quaffed Cure Light Wounds,"-[holding the corridor at (1, 54)]; custom r item=3[low HP: phase door]; custom q item=2[low HP: quaff Cure Light Wounds]",dead:the character died
2026-09-25 23:15:53,1790392553.885,20,101,230,emergency,"low HP: nothing left to escape with, fighting on","-[holding the corridor at (1, 54)]; custom r item=3[low HP: phase door]; custom q item=2[low HP: quaff Cure Light Wounds]",dead:the character died
2026-09-25 23:15:59,1790392559.353,20,20,20,blows_changed,blows per round 4 -> 1,"-[holding the corridor at (1, 54)]; custom r item=3[low HP: phase door]; custom q item=2[low HP: quaff Cure Light Wounds]",
2026-09-25 23:15:59,1790392559.353,20,20,20,dead,the character died,"-[holding the corridor at (1, 54)]; custom r item=3[low HP: phase door]; custom q item=2[low HP: quaff Cure Light Wounds]",
2026-09-26 03:06:54,1790406414.209,,0,1,started,in the game at None (depth),,"goal_done:goto 28,114 | goal_done:shop 3 buy Main Gauche:1: You bought a Main Gauche (1d5) (+0 | goal_done:shop 2 buy Hard Leather Armour:1 buy Leather Shield:1 buy Ca"
2026-09-26 03:07:01,1790406421.157,0,160,182,goal_done,"goto 28,114",,goal_done:shop 3 buy Main Gauche:1: You bought a Main Gauche (1d5) (+0 | goal_done:shop 2 buy Hard Leather Armour:1 buy Leather Shield:1 buy Ca | goal_done:shop 1 buy Lantern:1 buy Flask:5 buy Ration:3 buy Cloak:1: Y
2026-09-26 03:07:36,1790406456.954,,0,1,started,in the game at None (depth),"walk 1[enter store 3]; custom p store item=2 value=1 entry=35[buy 3 Main Gauches (1d5) (+0,+0) x1]; leave[leave store]; walk 1[enter store 2]; custom p store item=11 value=1 entry=680[buy Hard Leather Armour (-1) [6,+4] x1]",goal_done:shop 3 buy Main Gauche:1: You bought a Main Gauche (1d5) (+0 | goal_done:shop 2 buy Hard Leather Armour:1 buy Leather Shield:1 buy Ca | goal_done:shop 1 buy Lantern:1 buy Flask:5 buy Ration:3 buy Cloak:1: Y
2026-09-26 03:07:49,1790406469.692,0,182,182,goal_done,"shop 3 buy Main Gauche:1: You bought a Main Gauche (1d5) (+0,+0) for 35 gold.","walk 1[enter store 3]; custom p store item=2 value=1 entry=35[buy 3 Main Gauches (1d5) (+0,+0) x1]; leave[leave store]; walk 1[enter store 2]; custom p store item=11 value=1 entry=680[buy Hard Leather Armour (-1) [6,+4] x1]",goal_done:shop 2 buy Hard Leather Armour:1 buy Leather Shield:1 buy Ca | goal_done:shop 1 buy Lantern:1 buy Flask:5 buy Ration:3 buy Cloak:1: Y | goal_done:shop 5 buy Phase:10 buy Recall:1 buy Cure Light:5: no Phase 
2026-09-26 03:07:54,1790406474.318,0,182,182,goal_done,"shop 2 buy Hard Leather Armour:1 buy Leather Shield:1 buy Cap:1 buy Gloves:1 buy Boots:1: You bought Hard Leather Armour (-1) [6,+4] for 680 gold.; You bought a Small Leather Shield [2,+0] for 45 gold","walk 1[enter store 3]; custom p store item=2 value=1 entry=35[buy 3 Main Gauches (1d5) (+0,+0) x1]; leave[leave store]; walk 1[enter store 2]; custom p store item=11 value=1 entry=680[buy Hard Leather Armour (-1) [6,+4] x1]",goal_done:shop 1 buy Lantern:1 buy Flask:5 buy Ration:3 buy Cloak:1: Y | goal_done:shop 5 buy Phase:10 buy Recall:1 buy Cure Light:5: no Phase  | goal_done:shop 4 buy Cure Light:8: You bought 8 Potions of Cure Light 
2026-09-26 03:08:03,1790406483.158,0,182,182,goal_done,shop 1 buy Lantern:1 buy Flask:5 buy Ration:3 buy Cloak:1: You bought a Brass Lantern (with 7500 turns of light) for 51 gold.; You bought 5 Flasks of oil for 20 gold.; You bought 3 Rations of Food for,"walk 1[enter store 3]; custom p store item=2 value=1 entry=35[buy 3 Main Gauches (1d5) (+0,+0) x1]; leave[leave store]; walk 1[enter store 2]; custom p store item=11 value=1 entry=680[buy Hard Leather Armour (-1) [6,+4] x1]",goal_done:shop 5 buy Phase:10 buy Recall:1 buy Cure Light:5: no Phase  | goal_done:shop 4 buy Cure Light:8: You bought 8 Potions of Cure Light 
2026-09-26 03:08:09,1790406489.179,0,182,182,goal_done,shop 5 buy Phase:10 buy Recall:1 buy Cure Light:5: no Phase in stock; You bought a Scroll of Word of Recall for 227 gold.; no Cure Light in stock,"walk 1[enter store 3]; custom p store item=2 value=1 entry=35[buy 3 Main Gauches (1d5) (+0,+0) x1]; leave[leave store]; walk 1[enter store 2]; custom p store item=11 value=1 entry=680[buy Hard Leather Armour (-1) [6,+4] x1]",goal_done:shop 4 buy Cure Light:8: You bought 8 Potions of Cure Light 
2026-09-26 03:08:15,1790406495.246,0,182,182,blows_changed,blows per round 1 -> 4,"walk 1[enter store 3]; custom p store item=2 value=1 entry=35[buy 3 Main Gauches (1d5) (+0,+0) x1]; leave[leave store]; walk 1[enter store 2]; custom p store item=11 value=1 entry=680[buy Hard Leather Armour (-1) [6,+4] x1]",goal_done:shop 4 buy Cure Light:8: You bought 8 Potions of Cure Light 
2026-09-26 03:08:40,1790406520.142,,0,1,started,in the game at None (depth),"walk 3[enter store 1]; custom p store item=7 value=1 entry=51[buy 49 Brass Lanterns (with 7500 turns of light) x1]; custom p store item=5 value=5 entry=20[buy 99 Flasks of oil x5]; custom p store item=2 value=3 entry=12[buy 99 Rations of Food x3]; custom p store item=8 value=1 entry=592[buy 2 Cloaks [1,+4] x1]",goal_done:shop 4 buy Cure Light:8: You bought 8 Potions of Cure Light 
2026-09-26 03:08:51,1790406531.97,0,182,182,goal_done,shop 4 buy Cure Light:8: You bought 8 Potions of Cure Light Wounds for 176 gold.,"walk 1[enter store 5]; custom p store item=3 value=1 entry=227[buy 49 Scrolls of Word of Recall x1]; leave[leave store]; custom w item=3[wear a Brass Lantern (with 7500 turns of light)]; custom w item=3[wear Hard Leather Armour (-1) [6,+4]]",
2026-09-26 04:26:42,1790411202.428,,0,1,started,in the game at None (depth),"custom ,[pick up: a Potion of Cure Light Wounds.]","goal_done:shop 5 buy Phase:8: You bought 8 Scrolls of Phase Door for 1 | goal_failed:dive 900ft: no stairs found: explore is for dungeon levels, "
2026-09-26 04:27:44,1790411264.246,0,182,182,goal_done,shop 5 buy Phase:8: You bought 8 Scrolls of Phase Door for 184 gold.,"walk 7[enter store 5]; custom p store item=6 value=8 entry=184[buy 20 Scrolls of Phase Door x8]; leave[leave store]; custom { item=3 entry=@r1[agent: inscribe ['d', '@r1']]; custom { item=2 entry=@q1[agent: inscribe ['c', '@q1']]","goal_failed:dive 900ft: no stairs found: explore is for dungeon levels,  | goal_failed:dive 900ft: no stairs found: explore is for dungeon levels, "
2026-09-26 04:28:03,1790411283.448,0,182,182,goal_failed,"dive 900ft: no stairs found: explore is for dungeon levels, not the town or wilderness","walk 7[enter store 5]; custom p store item=6 value=8 entry=184[buy 20 Scrolls of Phase Door x8]; leave[leave store]; custom { item=3 entry=@r1[agent: inscribe ['d', '@r1']]; custom { item=2 entry=@q1[agent: inscribe ['c', '@q1']]","goal_failed:dive 900ft: no stairs found: explore is for dungeon levels, "
2026-09-26 04:28:23,1790411303.686,,0,1,started,in the game at None (depth),"walk 7[enter store 5]; custom p store item=6 value=8 entry=184[buy 20 Scrolls of Phase Door x8]; leave[leave store]; custom { item=3 entry=@r1[agent: inscribe ['d', '@r1']]; custom { item=2 entry=@q1[agent: inscribe ['c', '@q1']]","goal_failed:dive 900ft: no stairs found: explore is for dungeon levels, "
2026-09-26 04:28:38,1790411318.03,0,182,182,goal_failed,"dive 900ft: no stairs found: explore is for dungeon levels, not the town or wilderness","custom { item=3 entry=@r1[agent: inscribe ['d', '@r1']]; custom { item=2 entry=@q1[agent: inscribe ['c', '@q1']]; custom >[stairs >]; custom >[stairs >]; custom >[stairs >]",
2026-09-26 04:29:03,1790411343.91,,0,1,started,in the game at None (depth),custom >[stairs >]; custom >[stairs >]; custom >[stairs >]; custom >[stairs >]; custom >[stairs >],goal_failed:dive 900ft: no stairs found: frontier unreachable
2026-09-26 04:30:04,1790411404.828,1,182,182,breeders,"3 breeding monsters in view (Giant white mouse): leave this level (stairs, or recall)",custom >[stairs >]; custom >[stairs >]; custom >[stairs >]; custom <[stairs <]; custom >[stairs >],goal_failed:dive 900ft: no stairs found: frontier unreachable | goal_failed:dive 900ft: no stairs found: frontier unreachable
2026-09-26 04:30:11,1790411411.029,1,182,182,goal_failed,dive 900ft: no stairs found: frontier unreachable,custom >[stairs >]; custom >[stairs >]; custom >[stairs >]; custom <[stairs <]; custom >[stairs >],goal_failed:dive 900ft: no stairs found: frontier unreachable
2026-09-26 04:30:51,1790411451.724,,0,1,started,in the game at None (depth),"custom ,[pick up: a Flask of oil.]",goal_failed:dive 900ft: no stairs found: frontier unreachable
2026-09-26 04:31:13,1790411473.127,1,182,182,goal_failed,dive 900ft: no stairs found: frontier unreachable,"custom ,[pick up: a Flask of oil.]; options[agent: raw]",
2026-09-26 04:32:07,1790411527.287,,0,1,started,in the game at None (depth),options[agent: raw]; walk 8[agent: raw]; custom F item=1[agent: fuel ['b']]; custom F item=1[agent: fuel ['b']],
2026-09-26 04:33:09,1790411589.822,,0,1,started,in the game at None (depth),walk 8[agent: raw]; custom F item=1[agent: fuel ['b']]; custom F item=1[agent: fuel ['b']]; custom >[stairs >]; custom >[stairs >],
2026-09-26 04:43:55,1790412235.049,,0,1,started,in the game at None (depth),custom >[stairs >],
2026-09-26 04:52:43,1790412763.264,,0,1,started,in the game at None (depth),custom >[stairs >],
2026-09-26 04:53:44,1790412824.675,,0,1,started,in the game at None (depth),custom >[stairs >]; custom <[stairs <]; custom >[stairs >]; custom <[stairs <]; custom >[stairs >],
2026-09-26 04:59:16,1790413156.164,9,117,182,fight_going_badly,HP 117/182 fighting Cave orc,custom >[stairs >]; custom <[stairs <]; custom >[stairs >]; custom <[stairs <]; custom >[stairs >],goal_done:recover (fled by >): healed at 450 ft
2026-09-26 04:59:59,1790413199.403,9,114,182,fight_going_badly,"HP 114/182 fighting Kobold archer, Large kobold",rest[rest]; custom >[stairs >]; custom <[stairs <]; custom >[stairs >]; custom <[stairs <],goal_done:recover (fled by >): healed at 450 ft | goal:recall | goal_done:recall: arrived at 0 ft
2026-09-26 05:00:06,1790413206.079,9,79,182,emergency,low HP: took the stairs underfoot (>),rest[rest]; custom >[stairs >]; custom <[stairs <]; custom >[stairs >]; custom <[stairs <],goal_done:recover (fled by >): healed at 450 ft | goal:recall | goal_done:recall: arrived at 0 ft
2026-09-26 05:00:07,1790413207.294,9,63,182,emergency,"low HP: read Phase Door (Kobold archer, Mughash the Kobold Lord adjacent)",rest[rest]; custom >[stairs >]; custom <[stairs <]; custom >[stairs >]; custom <[stairs <],goal_done:recover (fled by >): healed at 450 ft | goal:recall | goal_done:recall: arrived at 0 ft
2026-09-26 05:00:07,1790413207.903,9,56,182,emergency,low HP: quaffed Cure Light Wounds,rest[rest]; custom >[stairs >]; custom <[stairs <]; custom >[stairs >]; custom <[stairs <],goal_done:recover (fled by >): healed at 450 ft | goal:recall | goal_done:recall: arrived at 0 ft
2026-09-26 05:00:08,1790413208.509,9,66,182,emergency,"low HP: nothing left to escape with, fighting on",rest[rest]; custom >[stairs >]; custom <[stairs <]; custom >[stairs >]; custom <[stairs <],goal_done:recover (fled by >): healed at 450 ft | goal:recall | goal_done:recall: arrived at 0 ft
2026-09-26 05:00:08,1790413208.811,9,59,182,emergency,low HP: read Phase Door (Kobold archer adjacent),rest[rest]; custom >[stairs >]; custom <[stairs <]; custom >[stairs >]; custom <[stairs <],goal_done:recover (fled by >): healed at 450 ft | goal:recall | goal_done:recall: arrived at 0 ft
2026-09-26 05:00:09,1790413209.42,9,60,182,emergency,low HP: quaffed Cure Light Wounds,custom >[stairs >]; custom <[stairs <]; custom >[stairs >]; custom <[stairs <]; custom >[stairs >],goal_done:recover (fled by >): healed at 450 ft | goal:recall | goal_done:recall: arrived at 0 ft
2026-09-26 05:00:10,1790413210.937,9,77,182,emergency,low HP: quaffed Cure Light Wounds,custom >[stairs >]; custom <[stairs <]; custom >[stairs >]; custom <[stairs <]; custom >[stairs >],goal_done:recover (fled by >): healed at 450 ft | goal:recall | goal_done:recall: arrived at 0 ft
2026-09-26 05:00:11,1790413211.544,9,92,182,fight_going_badly,HP 92/182 fighting Baby red dragon,custom >[stairs >]; custom <[stairs <]; custom >[stairs >]; custom <[stairs <]; custom >[stairs >],goal_done:recover (fled by >): healed at 450 ft | goal:recall | goal_done:recall: arrived at 0 ft
2026-09-26 05:00:11,1790413211.849,9,85,182,emergency,low HP: read Phase Door (Baby red dragon adjacent),custom >[stairs >]; custom <[stairs <]; custom >[stairs >]; custom <[stairs <]; custom >[stairs >],goal_done:recover (fled by >): healed at 450 ft | goal:recall | goal_done:recall: arrived at 0 ft
2026-09-26 05:00:12,1790413212.458,9,86,182,emergency,low HP: quaffed Cure Light Wounds,custom >[stairs >]; custom <[stairs <]; custom >[stairs >]; custom <[stairs <]; custom >[stairs >],goal_done:recover (fled by >): healed at 450 ft | goal:recall | goal_done:recall: arrived at 0 ft
2026-09-26 05:00:20,1790413220.902,9,83,182,emergency,"low HP: read Phase Door (Kobold archer, Mughash the Kobold Lord adjacent)",custom <[stairs <]; custom >[stairs >]; custom <[stairs <]; custom >[stairs >]; custom <[stairs <],goal_done:recover (fled by >): healed at 450 ft | goal:recall | goal_done:recall: arrived at 0 ft
2026-09-26 05:00:21,1790413221.512,9,84,182,emergency,low HP: quaffed Cure Light Wounds,custom >[stairs >]; custom <[stairs <]; custom >[stairs >]; custom <[stairs <]; custom >[stairs >],goal_done:recover (fled by >): healed at 450 ft | goal:recall | goal_done:recall: arrived at 0 ft
2026-09-26 05:00:24,1790413224.141,9,80,182,emergency,low HP: quaffed Cure Light Wounds,custom >[stairs >]; custom <[stairs <]; custom >[stairs >]; custom <[stairs <]; custom >[stairs >],goal_done:recover (fled by >): healed at 450 ft | goal:recall | goal_done:recall: arrived at 0 ft
2026-09-26 05:00:39,1790413239.667,9,202,202,goal_done,recover (fled by >): healed at 450 ft,custom >[stairs >]; custom r item=11[low HP: phase door]; custom q item=4[low HP: quaff Cure Light Wounds]; custom r item=11[low HP: phase door]; custom q item=4[low HP: quaff Cure Light Wounds],goal:recall | goal_done:recall: arrived at 0 ft
2026-09-26 05:00:49,1790413249.526,9,202,202,blows_changed,blows per round 4 -> 3,custom >[stairs >]; custom r item=11[low HP: phase door]; custom q item=4[low HP: quaff Cure Light Wounds]; custom r item=11[low HP: phase door]; custom q item=4[low HP: quaff Cure Light Wounds],goal:recall | goal_done:recall: arrived at 0 ft
2026-09-26 05:01:17,1790413277.482,0,202,202,goal_done,recall: arrived at 0 ft,rest[rest]; rest[stop resting]; rest[rest]; rest[stop resting]; custom w item=16[agent: wear ['q']],
2026-09-26 15:14:34,1790450074.928,,0,1,started,in the game at None (depth),,"goal_done:goto item | goal_done:goto 17,46 | goal_done:shop 5 sell Light Blue:1 sell Clotted Red:1 sell Yellow Spec"
2026-09-26 15:15:25,1790450125.808,0,202,202,goal_done,goto item,"custom ,[pick up: a Clear Potion.]; walk 1[enter store 5]; custom s store item=5 value=1[sell 5x1]; custom s store item=5 value=1[sell 5x1]; custom s store item=5 value=1[sell 5x1]","goal_done:goto 17,46 | goal_done:shop 5 sell Light Blue:1 sell Clotted Red:1 sell Yellow Spec | goal_done:shop 2 sell Hard Studded:1 sell Cloak:1 sell Boots:1: You so"
2026-09-26 15:15:32,1790450132.237,0,202,202,goal_done,"goto 17,46","custom ,[pick up: a Clear Potion.]; walk 1[enter store 5]; custom s store item=5 value=1[sell 5x1]; custom s store item=5 value=1[sell 5x1]; custom s store item=5 value=1[sell 5x1]",goal_done:shop 5 sell Light Blue:1 sell Clotted Red:1 sell Yellow Spec | goal_done:shop 2 sell Hard Studded:1 sell Cloak:1 sell Boots:1: You so | goal_done:shop 3 sell Main Gauche:1 sell Tulwar:1: You sold a Main Gau
2026-09-26 15:16:02,1790450162.666,0,202,202,goal_done,shop 5 sell Light Blue:1 sell Clotted Red:1 sell Yellow Speckled:1 sell Blue Speckled:1 sell Green Potion:1 sell Clear Potion:1 sell Summon Monster:1: You sold a Potion of Heroism for 9 gold.; You sol,"custom ,[pick up: a Clear Potion.]; walk 1[enter store 5]; custom s store item=5 value=1[sell 5x1]; custom s store item=5 value=1[sell 5x1]; custom s store item=5 value=1[sell 5x1]",goal_done:shop 2 sell Hard Studded:1 sell Cloak:1 sell Boots:1: You so | goal_done:shop 3 sell Main Gauche:1 sell Tulwar:1: You sold a Main Gau | goal_done:shop 5 buy Word of Recall:2: You bought 2 Scrolls of Word of
2026-09-26 15:16:23,1790450183.992,0,202,202,goal_done,"shop 2 sell Hard Studded:1 sell Cloak:1 sell Boots:1: You sold Hard Studded Leather (-1) [7,+0] for 98 gold.; You sold a Cloak [1,+0] for 1 gold.; You sold a Pair of Hard Leather Boots [3,+4] for 6 go",walk 1[enter store 5]; custom s store item=5 value=1[sell 5x1]; custom s store item=5 value=1[sell 5x1]; custom s store item=5 value=1[sell 5x1]; custom s store item=5 value=1[sell 5x1],goal_done:shop 3 sell Main Gauche:1 sell Tulwar:1: You sold a Main Gau | goal_done:shop 5 buy Word of Recall:2: You bought 2 Scrolls of Word of | goal_done:shop 5 buy Phase Door:5 buy Cure Light:7: You bought 5 Scrol
2026-09-26 15:16:41,1790450201.024,0,202,202,goal_done,"shop 3 sell Main Gauche:1 sell Tulwar:1: You sold a Main Gauche (1d5) (+0,+0) for 11 gold.; You sold a Tulwar (2d4) (+0,+0) for 86 gold.",walk 1[enter store 5]; custom s store item=5 value=1[sell 5x1]; custom s store item=5 value=1[sell 5x1]; custom s store item=5 value=1[sell 5x1]; custom s store item=5 value=1[sell 5x1],goal_done:shop 5 buy Word of Recall:2: You bought 2 Scrolls of Word of | goal_done:shop 5 buy Phase Door:5 buy Cure Light:7: You bought 5 Scrol | goal_done:shop 1 buy Flask:4: You bought 4 Flasks of oil for 16 gold.
2026-09-26 15:16:51,1790450211.546,0,202,202,goal_done,shop 5 buy Word of Recall:2: You bought 2 Scrolls of Word of Recall for 468 gold.,custom k item=5 value=1[agent: destroy ['f']]; walk 1[enter store 2]; custom s store item=6 value=1[sell 6x1]; custom s store item=6 value=1[sell 6x1]; custom s store item=6 value=1[sell 6x1],goal_done:shop 5 buy Phase Door:5 buy Cure Light:7: You bought 5 Scrol | goal_done:shop 1 buy Flask:4: You bought 4 Flasks of oil for 16 gold. | goal_done:shop 4 buy Cure Light:7: You bought 6 Potions of Cure Light 
2026-09-26 15:16:57,1790450217.973,0,202,202,goal_done,shop 5 buy Phase Door:5 buy Cure Light:7: You bought 5 Scrolls of Phase Door for 115 gold.; no Cure Light in stock,walk 1[enter store 2]; custom s store item=6 value=1[sell 6x1]; custom s store item=6 value=1[sell 6x1]; custom s store item=6 value=1[sell 6x1]; leave[leave store],goal_done:shop 1 buy Flask:4: You bought 4 Flasks of oil for 16 gold. | goal_done:shop 4 buy Cure Light:7: You bought 6 Potions of Cure Light  | goal:recall
2026-09-26 15:17:06,1790450226.199,0,202,202,goal_done,shop 1 buy Flask:4: You bought 4 Flasks of oil for 16 gold.,walk 1[enter store 2]; custom s store item=6 value=1[sell 6x1]; custom s store item=6 value=1[sell 6x1]; custom s store item=6 value=1[sell 6x1]; leave[leave store],goal_done:shop 4 buy Cure Light:7: You bought 6 Potions of Cure Light  | goal:recall | goal_done:recall: arrived at 1000 ft
2026-09-26 15:17:12,1790450232.946,0,202,202,goal_done,shop 4 buy Cure Light:7: You bought 6 Potions of Cure Light Wounds for 138 gold.,custom I item=6[agent: inspect ['g']]; walk 3[enter store 3]; custom s store item=6 value=1[sell 6x1]; custom s store item=6 value=1[sell 6x1]; leave[leave store],goal:recall | goal_done:recall: arrived at 1000 ft | goal_failed:hunt Black_ogre: lost sight of it
2026-09-26 15:17:36,1790450256.421,20,185,202,goal_done,recall: arrived at 1000 ft,leave[leave store]; walk 1[enter store 5]; custom p store item=7 value=5 entry=115[buy 21 Scrolls of Phase Door x5]; leave[leave store]; walk 3[enter store 1],goal_failed:hunt Black_ogre: lost sight of it
2026-09-26 15:18:38,1790450318.68,20,202,202,goal_failed,hunt Black_ogre: lost sight of it,custom r item=5[low HP: phase door]; custom q item=4[low HP: quaff Cure Light Wounds]; custom q item=4[low HP: quaff Cure Light Wounds]; rest[rest]; rest[stop resting],goal:recall | goal_done:recall: arrived at 0 ft | goal_done:shop 4 buy Cure Light:4: You bought 4 Potions of Cure Light 
2026-09-26 15:18:49,1790450329.761,20,125,202,fight_going_badly,HP 125/202 fighting Black ogre,custom r item=5[low HP: phase door]; custom q item=4[low HP: quaff Cure Light Wounds]; custom q item=4[low HP: quaff Cure Light Wounds]; rest[rest]; rest[stop resting],goal:recall | goal_done:recall: arrived at 0 ft | goal_done:shop 4 buy Cure Light:4: You bought 4 Potions of Cure Light 
2026-09-26 15:18:52,1790450332.188,20,94,202,emergency,low HP: read Phase Door (Black ogre adjacent),custom r item=5[low HP: phase door]; custom q item=4[low HP: quaff Cure Light Wounds]; custom q item=4[low HP: quaff Cure Light Wounds]; rest[rest]; rest[stop resting],goal:recall | goal_done:recall: arrived at 0 ft | goal_done:shop 4 buy Cure Light:4: You bought 4 Potions of Cure Light 
2026-09-26 15:18:52,1790450332.795,20,84,202,emergency,low HP: quaffed Cure Light Wounds,custom r item=5[low HP: phase door]; custom q item=4[low HP: quaff Cure Light Wounds]; custom q item=4[low HP: quaff Cure Light Wounds]; rest[rest]; rest[stop resting],goal:recall | goal_done:recall: arrived at 0 ft | goal_done:shop 4 buy Cure Light:4: You bought 4 Potions of Cure Light 
2026-09-26 15:18:53,1790450333.402,20,100,202,emergency,"low HP: nothing left to escape with, fighting on",custom r item=5[low HP: phase door]; custom q item=4[low HP: quaff Cure Light Wounds]; custom q item=4[low HP: quaff Cure Light Wounds]; rest[rest]; rest[stop resting],goal:recall | goal_done:recall: arrived at 0 ft | goal_done:shop 4 buy Cure Light:4: You bought 4 Potions of Cure Light 
2026-09-26 15:18:54,1790450334.313,20,100,202,emergency,low HP: quaffed Cure Light Wounds,custom r item=5[low HP: phase door]; custom q item=4[low HP: quaff Cure Light Wounds]; custom q item=4[low HP: quaff Cure Light Wounds]; rest[rest]; rest[stop resting],goal:recall | goal_done:recall: arrived at 0 ft | goal_done:shop 4 buy Cure Light:4: You bought 4 Potions of Cure Light 
2026-09-26 15:18:58,1790450338.107,20,92,202,emergency,low HP: read Phase Door (Black ogre adjacent),custom r item=5[low HP: phase door]; custom q item=4[low HP: quaff Cure Light Wounds]; custom q item=4[low HP: quaff Cure Light Wounds]; rest[rest]; rest[stop resting],goal:recall | goal_done:recall: arrived at 0 ft | goal_done:shop 4 buy Cure Light:4: You bought 4 Potions of Cure Light 
2026-09-26 15:18:58,1790450338.715,20,92,202,emergency,low HP: quaffed Cure Light Wounds,custom r item=5[low HP: phase door]; custom q item=4[low HP: quaff Cure Light Wounds]; custom q item=4[low HP: quaff Cure Light Wounds]; rest[rest]; rest[stop resting],goal:recall | goal_done:recall: arrived at 0 ft | goal_done:shop 4 buy Cure Light:4: You bought 4 Potions of Cure Light 
2026-09-26 15:19:00,1790450340.232,20,91,202,emergency,low HP: quaffed Cure Light Wounds,custom r item=5[low HP: phase door]; custom q item=4[low HP: quaff Cure Light Wounds]; custom q item=4[low HP: quaff Cure Light Wounds]; rest[rest]; rest[stop resting],goal:recall | goal_done:recall: arrived at 0 ft | goal_done:shop 4 buy Cure Light:4: You bought 4 Potions of Cure Light 
2026-09-26 15:19:00,1790450340.84,20,92,202,emergency,low HP: read Phase Door (Illusionist adjacent),custom r item=5[low HP: phase door]; custom q item=4[low HP: quaff Cure Light Wounds]; custom q item=4[low HP: quaff Cure Light Wounds]; rest[rest]; rest[stop resting],goal:recall | goal_done:recall: arrived at 0 ft | goal_done:shop 4 buy Cure Light:4: You bought 4 Potions of Cure Light 
2026-09-26 15:19:01,1790450341.748,20,93,202,emergency,low HP: quaffed Cure Light Wounds,custom r item=5[low HP: phase door]; custom q item=4[low HP: quaff Cure Light Wounds]; custom q item=4[low HP: quaff Cure Light Wounds]; rest[rest]; rest[stop resting],goal:recall | goal_done:recall: arrived at 0 ft | goal_done:shop 4 buy Cure Light:4: You bought 4 Potions of Cure Light 
2026-09-26 15:19:18,1790450358.844,0,179,202,goal_done,recall: arrived at 0 ft,custom r item=5[low HP: phase door]; custom q item=4[low HP: quaff Cure Light Wounds]; custom q item=4[low HP: quaff Cure Light Wounds]; rest[rest]; rest[stop resting],goal_done:shop 4 buy Cure Light:4: You bought 4 Potions of Cure Light 
2026-09-26 15:19:47,1790450387.579,0,202,202,goal_done,shop 4 buy Cure Light:4: You bought 4 Potions of Cure Light Wounds for 92 gold.,rest[rest]; rest[rest]; rest[rest]; custom r item=6[read a Scroll of Word of Recall]; walk 1[enter store 4],
2026-09-26 15:21:08,1790450468.159,,0,1,started,in the game at None (depth),"custom >[stairs >]; custom <[stairs <]; custom ,[pick up: a Potion of Blindness.]; custom >[stairs >]; custom <[stairs <]",
2026-09-26 15:37:28,1790451448.153,9,202,202,goal_done,dive 450ft: reached 450 ft,custom >[stairs >],
2026-09-26 15:37:49,1790451469.581,,0,1,started,in the game at None (depth),custom >[stairs >],
2026-09-26 15:42:45,1790451765.54,,0,1,started,in the game at None (depth),custom <[stairs <]; custom <[stairs <]; custom >[stairs >]; custom <[stairs <]; custom >[stairs >],goal:dive 0ft
2026-09-26 15:46:22,1790451982.306,6,220,220,pack_full,You have no room for Soft Studded Leather [5].,"custom <[stairs <]; custom >[stairs >]; custom ,[pick up: a Black Potion.]; custom <[stairs <]; custom >[stairs >]",
2026-09-26 15:47:16,1790452036.803,7,220,220,pack_full,You have no room for a Staff of Cure Light Wounds.,custom <[stairs <]; custom >[stairs >]; custom <[stairs <]; custom >[stairs >]; custom k item=19 value=1[agent: destroy ['Bolts']],
2026-09-26 15:49:37,1790452177.186,5,220,220,pack_full,You have no room for a Bubbling Potion.,custom <[stairs <]; custom >[stairs >]; custom <[stairs <]; custom >[stairs >]; custom <[stairs <],goal:dive 0ft
2026-09-26 15:49:56,1790452196.294,5,220,220,interesting,"dive 0ft: unique: Wormtongue, Agent of Saruman","custom >[stairs >]; custom <[stairs <]; custom >[stairs >]; custom <[stairs <]; custom ,[pick up: a Bubbling Potion.]",goal:dive 0ft
2026-09-26 15:50:56,1790452256.939,6,220,220,pack_full,You have no room for a Scroll of Blessing.,custom >[stairs >]; custom <[stairs <]; custom >[stairs >]; custom <[stairs <]; custom >[stairs >],
2026-09-26 16:03:16,1790452996.399,0,220,220,goal_done,dive 0ft: reached 0 ft,custom <[stairs <]; custom >[stairs >]; custom <[stairs <]; custom >[stairs >]; custom <[stairs <],goal_done:shop 5 sell Vermilion:1 sell Black Potion:1 sell kliwex:2: Y | goal_done:shop 6 sell Birch Staff:1 sell Runed Staff:1: You sold a Sta | goal_done:shop 3 sell Dagger:1 sell Rapier:1 sell Tulwar:1 sell Long S
2026-09-26 16:03:45,1790453025.999,0,220,220,goal_done,shop 5 sell Vermilion:1 sell Black Potion:1 sell kliwex:2: You sold a Potion of Detect Invisible for 9 gold.; You sold a Potion of Resist Heat for 9 gold.; You sold 2 Scrolls of Door/Stair Location fo,custom >[stairs >]; custom <[stairs <]; custom >[stairs >]; custom <[stairs <]; custom >[stairs >],goal_done:shop 6 sell Birch Staff:1 sell Runed Staff:1: You sold a Sta | goal_done:shop 3 sell Dagger:1 sell Rapier:1 sell Tulwar:1 sell Long S | goal_done:shop 2 sell Hard Leather Armour:2: You sold Hard Leather Arm
2026-09-26 16:03:51,1790453031.507,0,220,220,goal_done,shop 6 sell Birch Staff:1 sell Runed Staff:1: You sold a Staff of Darkness (15 charges) for 32 gold.; You sold a Staff of Light (11 charges) for 32 gold.,custom >[stairs >]; custom <[stairs <]; custom >[stairs >]; custom <[stairs <]; custom >[stairs >],goal_done:shop 3 sell Dagger:1 sell Rapier:1 sell Tulwar:1 sell Long S | goal_done:shop 2 sell Hard Leather Armour:2: You sold Hard Leather Arm | goal_done:shop 5 buy Word of Recall:2: You bought 2 Scrolls of Word of
2026-09-26 16:04:05,1790453045.826,0,220,220,goal_done,"shop 3 sell Dagger:1 sell Rapier:1 sell Tulwar:1 sell Long Sword:1: You sold a Dagger (1d4) (+3,+1) for 4 gold.; You sold a Rapier (1d6) (+0,+0) for 18 gold.; You sold a Tulwar (2d4) (+4,+5) for 86 go",walk 1[enter store 5]; custom s store item=5 value=1[sell 5x1]; custom s store item=5 value=1[sell 5x1]; custom s store item=9 value=2[sell 9x2]; leave[leave store],goal_done:shop 2 sell Hard Leather Armour:2: You sold Hard Leather Arm | goal_done:shop 5 buy Word of Recall:2: You bought 2 Scrolls of Word of | goal_done:shop 4 buy Cure Light:4: You bought 4 Potions of Cure Light 
2026-09-26 16:04:09,1790453049.421,0,220,220,goal_done,"shop 2 sell Hard Leather Armour:2: You sold Hard Leather Armour (-1) [6,+0] for 74 gold.",walk 1[enter store 5]; custom s store item=5 value=1[sell 5x1]; custom s store item=5 value=1[sell 5x1]; custom s store item=9 value=2[sell 9x2]; leave[leave store],goal_done:shop 5 buy Word of Recall:2: You bought 2 Scrolls of Word of | goal_done:shop 4 buy Cure Light:4: You bought 4 Potions of Cure Light 
2026-09-26 16:04:26,1790453066.323,0,220,220,goal_done,shop 5 buy Word of Recall:2: You bought 2 Scrolls of Word of Recall for 468 gold.,walk 1[enter store 5]; custom s store item=5 value=1[sell 5x1]; custom s store item=5 value=1[sell 5x1]; custom s store item=9 value=2[sell 9x2]; leave[leave store],goal_done:shop 4 buy Cure Light:4: You bought 4 Potions of Cure Light 
2026-09-26 16:04:31,1790453071.981,0,220,220,goal_done,shop 4 buy Cure Light:4: You bought 4 Potions of Cure Light Wounds for 92 gold.,walk 9[enter store 6]; custom s store item=9 value=1[sell 9x1]; custom s store item=9 value=1[sell 9x1]; leave[leave store]; walk 1[enter store 3],
2026-09-26 16:04:49,1790453089.804,0,220,220,parked,logging out for a Pilot update; back in a minute -- re-issue your goal when you see 'started',custom s store item=11 value=1[sell 11x1]; custom s store item=11 value=1[sell 11x1]; custom s store item=11 value=1[sell 11x1]; leave[leave store]; walk 1[enter store 2],
2026-09-26 16:04:53,1790453093.502,,0,1,started,in the game at None (depth),custom s store item=9 value=2[sell 9x2]; leave[leave store]; walk 1[enter store 5]; custom p store item=9 value=2 entry=468[buy 99 Scrolls of Word of Recall x2]; leave[leave store],
2026-09-26 16:05:30,1790453130.8,0,220,220,parked,logging out for a Pilot update; back in a minute -- re-issue your goal when you see 'started',,
2026-09-26 16:05:34,1790453134.483,,0,1,started,in the game at None (depth),,
2026-09-26 16:14:44,1790453684.506,0,220,220,goal_done,"shop 2 sell Hard Leather Armour:1: You sold Hard Leather Armour (-1) [6,+0] for 74 gold.",custom r item=7[agent: read ['Identify']]; walk 1[enter store 2]; custom s store item=9 value=1[sell 9x1]; leave[leave store]; walk 1[enter store 5],goal_done:shop 5 buy Phase Door:5 buy Word of Recall:1: You bought 5 S | goal:recall
2026-09-26 16:14:57,1790453697.906,0,220,220,goal_done,shop 5 buy Phase Door:5 buy Word of Recall:1: You bought 5 Scrolls of Phase Door {on sale} for 60 gold.; You bought a Scroll of Word of Recall for 234 gold.,custom r item=7[agent: read ['Identify']]; walk 1[enter store 2]; custom s store item=9 value=1[sell 9x1]; leave[leave store]; walk 1[enter store 5],goal:recall
2026-09-26 16:15:28,1790453728.724,0,220,220,parked,logging out for a Pilot update; back in a minute -- re-issue your goal when you see 'started',custom s store item=9 value=1[sell 9x1]; leave[leave store]; walk 1[enter store 5]; custom p store item=8 value=5 entry=60[buy 41 Scrolls of Phase Door {on sale} x5]; custom p store item=9 value=1 entry=234[buy 86 Scrolls of Word of Recall x1],goal_done:goto item | goal_done:goto item
2026-09-26 16:15:32,1790453732.428,,0,1,started,in the game at None (depth),"walk 1[enter store 5]; custom p store item=8 value=5 entry=60[buy 41 Scrolls of Phase Door {on sale} x5]; custom p store item=9 value=1 entry=234[buy 86 Scrolls of Word of Recall x1]; leave[leave store]; custom { item=6 entry=@r1[agent: inscribe ['g', '@r1']]","goal_done:goto item | goal_done:goto item | goal_done:goto 18,117"
2026-09-26 16:16:48,1790453808.996,20,220,220,goal_done,goto item,"custom ,[agent: pickup]","goal_done:goto item | goal_done:goto 18,117"
2026-09-26 16:16:53,1790453813.04,20,220,220,goal_done,goto item,"custom ,[agent: pickup]","goal_done:goto 18,117"
2026-09-26 16:17:00,1790453820.329,20,217,220,goal_done,"goto 18,117","custom ,[agent: pickup]",
2026-09-26 16:19:55,1790453995.374,20,140,220,fight_going_badly,HP 140/220 fighting Manes,"custom ,[pick up: a Dagger (1d4).]; custom r item=5[low HP: phase door]; custom >[stairs >]; custom <[stairs <]; custom >[stairs >]",goal_done:recover (fled by >): healed at 1000 ft | danger_avoided:arrived next to 7 monsters (Black orc) | goal:recall
2026-09-26 16:19:57,1790453997.198,20,107,220,emergency,"low HP: read Phase Door (Dark elven warrior, Manes adjacent)","custom ,[pick up: a Dagger (1d4).]; custom r item=5[low HP: phase door]; custom >[stairs >]; custom <[stairs <]; custom >[stairs >]",goal_done:recover (fled by >): healed at 1000 ft | danger_avoided:arrived next to 7 monsters (Black orc) | goal:recall
2026-09-26 16:19:57,1790453997.808,20,106,220,emergency,low HP: heading for the stairs 2 away,"custom ,[pick up: a Dagger (1d4).]; custom r item=5[low HP: phase door]; custom >[stairs >]; custom <[stairs <]; custom >[stairs >]",goal_done:recover (fled by >): healed at 1000 ft | danger_avoided:arrived next to 7 monsters (Black orc) | goal:recall
2026-09-26 16:19:59,1790453999.228,20,107,220,emergency,low HP: took the stairs underfoot (>),"custom ,[pick up: a Dagger (1d4).]; custom r item=5[low HP: phase door]; custom >[stairs >]; custom <[stairs <]; custom >[stairs >]",goal_done:recover (fled by >): healed at 1000 ft | danger_avoided:arrived next to 7 monsters (Black orc) | goal:recall
2026-09-26 16:19:59,1790453999.938,21,108,220,emergency,low HP: took the stairs underfoot (<),"custom ,[pick up: a Dagger (1d4).]; custom r item=5[low HP: phase door]; custom >[stairs >]; custom <[stairs <]; custom >[stairs >]",goal_done:recover (fled by >): healed at 1000 ft | danger_avoided:arrived next to 7 monsters (Black orc) | goal:recall
2026-09-26 16:20:00,1790454000.646,20,108,220,emergency,low HP: took the stairs underfoot (>),"custom ,[pick up: a Dagger (1d4).]; custom r item=5[low HP: phase door]; custom >[stairs >]; custom <[stairs <]; custom >[stairs >]",goal_done:recover (fled by >): healed at 1000 ft | danger_avoided:arrived next to 7 monsters (Black orc) | goal:recall
2026-09-26 16:20:01,1790454001.355,21,109,220,emergency,low HP: took the stairs underfoot (<),"custom ,[pick up: a Dagger (1d4).]; custom r item=5[low HP: phase door]; custom >[stairs >]; custom <[stairs <]; custom >[stairs >]",goal_done:recover (fled by >): healed at 1000 ft | danger_avoided:arrived next to 7 monsters (Black orc) | goal:recall
2026-09-26 16:20:16,1790454016.381,20,214,220,goal_done,recover (fled by >): healed at 1000 ft,"custom ,[pick up: a Dagger (1d4).]; custom r item=5[low HP: phase door]; custom >[stairs >]; custom <[stairs <]; custom >[stairs >]",danger_avoided:arrived next to 7 monsters (Black orc) | goal:recall | goal_done:recall: arrived at 0 ft
2026-09-26 16:20:52,1790454052.376,20,220,220,danger_avoided,arrived next to 7 monsters (Black orc),rest[rest]; rest[stop resting]; custom k item=10 value=1[agent: destroy ['Dagger']]; custom >[stairs >]; custom <[stairs <],goal:recall | goal_done:recall: arrived at 0 ft | goal_done:shop 3 sell Light Crossbow:1: You sold a Light Crossbow (x3)
2026-09-26 16:20:57,1790454057.382,20,142,220,fight_going_badly,HP 142/220 fighting Black orc,rest[stop resting]; custom k item=10 value=1[agent: destroy ['Dagger']]; custom >[stairs >]; custom <[stairs <]; custom >[stairs >],goal:recall | goal_done:recall: arrived at 0 ft | goal_done:shop 3 sell Light Crossbow:1: You sold a Light Crossbow (x3)
2026-09-26 16:20:59,1790454059.203,20,91,220,emergency,low HP: read Phase Door (Black orc adjacent),rest[stop resting]; custom k item=10 value=1[agent: destroy ['Dagger']]; custom >[stairs >]; custom <[stairs <]; custom >[stairs >],goal:recall | goal_done:recall: arrived at 0 ft | goal_done:shop 3 sell Light Crossbow:1: You sold a Light Crossbow (x3)
2026-09-26 16:20:59,1790454059.811,20,91,220,emergency,low HP: quaffed Cure Light Wounds,rest[stop resting]; custom k item=10 value=1[agent: destroy ['Dagger']]; custom >[stairs >]; custom <[stairs <]; custom >[stairs >],goal:recall | goal_done:recall: arrived at 0 ft | goal_done:shop 3 sell Light Crossbow:1: You sold a Light Crossbow (x3)
2026-09-26 16:21:00,1790454060.421,20,92,220,emergency,"low HP: waiting to use Phase Door, cure potions again, fighting on",rest[stop resting]; custom k item=10 value=1[agent: destroy ['Dagger']]; custom >[stairs >]; custom <[stairs <]; custom >[stairs >],goal:recall | goal_done:recall: arrived at 0 ft | goal_done:shop 3 sell Light Crossbow:1: You sold a Light Crossbow (x3)
2026-09-26 16:21:01,1790454061.636,20,108,220,emergency,low HP: quaffed Cure Light Wounds,custom k item=10 value=1[agent: destroy ['Dagger']]; custom >[stairs >]; custom <[stairs <]; custom >[stairs >]; custom <[stairs <],goal:recall | goal_done:recall: arrived at 0 ft | goal_done:shop 3 sell Light Crossbow:1: You sold a Light Crossbow (x3)
2026-09-26 16:21:07,1790454067.414,20,126,230,fight_going_badly,HP 126/230 fighting Blue yeek,custom k item=10 value=1[agent: destroy ['Dagger']]; custom >[stairs >]; custom <[stairs <]; custom >[stairs >]; custom <[stairs <],goal:recall | goal_done:recall: arrived at 0 ft | goal_done:shop 3 sell Light Crossbow:1: You sold a Light Crossbow (x3)
2026-09-26 16:21:09,1790454069.234,20,110,230,emergency,low HP: quaffed Cure Light Wounds,custom <[stairs <]; custom >[stairs >]; custom <[stairs <]; custom >[stairs >]; custom <[stairs <],goal:recall | goal_done:recall: arrived at 0 ft | goal_done:shop 3 sell Light Crossbow:1: You sold a Light Crossbow (x3)
2026-09-26 16:21:11,1790454071.106,20,90,230,emergency,"low HP: read Phase Door (Blue yeek, Pseudo-dragon, Stegocentipede adjacent)","custom >[stairs >]; custom <[stairs <]; custom ,[pick up: a Light Crossbow (x3).]; custom >[stairs >]; custom <[stairs <]",goal:recall | goal_done:recall: arrived at 0 ft | goal_done:shop 3 sell Light Crossbow:1: You sold a Light Crossbow (x3)
2026-09-26 16:21:11,1790454071.713,20,85,230,emergency,low HP: quaffed Cure Light Wounds,"custom <[stairs <]; custom ,[pick up: a Light Crossbow (x3).]; custom >[stairs >]; custom <[stairs <]; custom >[stairs >]",goal:recall | goal_done:recall: arrived at 0 ft | goal_done:shop 3 sell Light Crossbow:1: You sold a Light Crossbow (x3)
2026-09-26 16:21:12,1790454072.324,20,72,230,emergency,"low HP: waiting to use Phase Door, cure potions again, fighting on","custom <[stairs <]; custom ,[pick up: a Light Crossbow (x3).]; custom >[stairs >]; custom <[stairs <]; custom >[stairs >]",goal:recall | goal_done:recall: arrived at 0 ft | goal_done:shop 3 sell Light Crossbow:1: You sold a Light Crossbow (x3)
2026-09-26 16:21:13,1790454073.537,20,88,230,emergency,low HP: quaffed Cure Light Wounds,"custom ,[pick up: a Light Crossbow (x3).]; custom >[stairs >]; custom <[stairs <]; custom >[stairs >]; custom <[stairs <]",goal:recall | goal_done:recall: arrived at 0 ft | goal_done:shop 3 sell Light Crossbow:1: You sold a Light Crossbow (x3)
2026-09-26 16:21:15,1790454075.053,20,105,230,emergency,low HP: quaffed Cure Light Wounds,"custom ,[pick up: a Light Crossbow (x3).]; custom >[stairs >]; custom <[stairs <]; custom >[stairs >]; custom <[stairs <]",goal:recall | goal_done:recall: arrived at 0 ft | goal_done:shop 3 sell Light Crossbow:1: You sold a Light Crossbow (x3)
2026-09-26 16:21:16,1790454076.522,20,103,230,emergency,"low HP: read Phase Door (Pseudo-dragon, Stegocentipede adjacent)",custom >[stairs >]; custom <[stairs <]; custom >[stairs >]; custom <[stairs <]; custom >[stairs >],goal:recall | goal_done:recall: arrived at 0 ft | goal_done:shop 3 sell Light Crossbow:1: You sold a Light Crossbow (x3)
2026-09-26 16:21:17,1790454077.128,20,104,230,emergency,low HP: quaffed Cure Light Wounds,custom >[stairs >]; custom <[stairs <]; custom >[stairs >]; custom <[stairs <]; custom >[stairs >],goal:recall | goal_done:recall: arrived at 0 ft | goal_done:shop 3 sell Light Crossbow:1: You sold a Light Crossbow (x3)
2026-09-26 16:21:20,1790454080.217,20,123,230,fight_going_badly,HP 123/230 fighting Pseudo-dragon,custom >[stairs >]; custom <[stairs <]; custom >[stairs >]; custom <[stairs <]; custom >[stairs >],goal_done:recall: arrived at 0 ft | goal_done:shop 3 sell Light Crossbow:1: You sold a Light Crossbow (x3) | goal_done:shop 6 sell Ruby Ring:1: You sold a Ring of Searching (-2) {
2026-09-26 16:21:22,1790454082.139,20,114,230,emergency,"low HP: read Phase Door (Blue yeek, Novice mage, Pseudo-dragon adjacent)",custom >[stairs >]; custom <[stairs <]; custom >[stairs >]; custom <[stairs <]; custom >[stairs >],goal_done:recall: arrived at 0 ft | goal_done:shop 3 sell Light Crossbow:1: You sold a Light Crossbow (x3) | goal_done:shop 6 sell Ruby Ring:1: You sold a Ring of Searching (-2) {
2026-09-26 16:21:22,1790454082.747,20,109,230,emergency,low HP: quaffed Cure Light Wounds,custom <[stairs <]; custom >[stairs >]; custom <[stairs <]; custom >[stairs >]; custom <[stairs <],goal_done:recall: arrived at 0 ft | goal_done:shop 3 sell Light Crossbow:1: You sold a Light Crossbow (x3) | goal_done:shop 6 sell Ruby Ring:1: You sold a Ring of Searching (-2) {
2026-09-26 16:21:23,1790454083.357,20,97,230,emergency,"low HP: waiting to use Phase Door, cure potions again, fighting on",custom >[stairs >]; custom <[stairs <]; custom >[stairs >]; custom <[stairs <]; custom >[stairs >],goal_done:recall: arrived at 0 ft | goal_done:shop 3 sell Light Crossbow:1: You sold a Light Crossbow (x3) | goal_done:shop 6 sell Ruby Ring:1: You sold a Ring of Searching (-2) {
2026-09-26 16:21:24,1790454084.268,20,107,230,emergency,low HP: quaffed Cure Light Wounds,custom <[stairs <]; custom >[stairs >]; custom <[stairs <]; custom >[stairs >]; custom <[stairs <],goal_done:recall: arrived at 0 ft | goal_done:shop 3 sell Light Crossbow:1: You sold a Light Crossbow (x3) | goal_done:shop 6 sell Ruby Ring:1: You sold a Ring of Searching (-2) {
2026-09-26 16:21:24,1790454084.876,20,94,230,emergency,"low HP: read Phase Door (Blue yeek, Half-orc adjacent)",custom >[stairs >]; custom <[stairs <]; custom >[stairs >]; custom <[stairs <]; custom >[stairs >],goal_done:recall: arrived at 0 ft | goal_done:shop 3 sell Light Crossbow:1: You sold a Light Crossbow (x3) | goal_done:shop 6 sell Ruby Ring:1: You sold a Ring of Searching (-2) {
2026-09-26 16:21:25,1790454085.789,20,102,230,emergency,low HP: quaffed Cure Light Wounds,custom <[stairs <]; custom >[stairs >]; custom <[stairs <]; custom >[stairs >]; custom <[stairs <],goal_done:recall: arrived at 0 ft | goal_done:shop 3 sell Light Crossbow:1: You sold a Light Crossbow (x3) | goal_done:shop 6 sell Ruby Ring:1: You sold a Ring of Searching (-2) {
2026-09-26 16:21:27,1790454087.308,20,108,230,emergency,low HP: quaffed Cure Light Wounds,custom >[stairs >]; custom <[stairs <]; custom >[stairs >]; custom <[stairs <]; custom >[stairs >],goal_done:recall: arrived at 0 ft | goal_done:shop 3 sell Light Crossbow:1: You sold a Light Crossbow (x3) | goal_done:shop 6 sell Ruby Ring:1: You sold a Ring of Searching (-2) {
2026-09-26 16:21:27,1790454087.914,20,94,230,emergency,"low HP: read Phase Door (Blue yeek, Half-orc adjacent)",custom <[stairs <]; custom >[stairs >]; custom <[stairs <]; custom >[stairs >]; custom <[stairs <],goal_done:recall: arrived at 0 ft | goal_done:shop 3 sell Light Crossbow:1: You sold a Light Crossbow (x3) | goal_done:shop 6 sell Ruby Ring:1: You sold a Ring of Searching (-2) {
2026-09-26 16:21:28,1790454088.826,20,105,230,emergency,low HP: quaffed Cure Light Wounds,custom >[stairs >]; custom <[stairs <]; custom >[stairs >]; custom <[stairs <]; custom >[stairs >],goal_done:recall: arrived at 0 ft | goal_done:shop 3 sell Light Crossbow:1: You sold a Light Crossbow (x3) | goal_done:shop 6 sell Ruby Ring:1: You sold a Ring of Searching (-2) {
2026-09-26 16:21:32,1790454092.724,20,113,230,emergency,low HP: read Phase Door (Half-orc adjacent),custom <[stairs <]; custom >[stairs >]; custom <[stairs <]; custom >[stairs >]; custom <[stairs <],goal_done:recall: arrived at 0 ft | goal_done:shop 3 sell Light Crossbow:1: You sold a Light Crossbow (x3) | goal_done:shop 6 sell Ruby Ring:1: You sold a Ring of Searching (-2) {
2026-09-26 16:21:33,1790454093.38,20,93,230,emergency,"low HP: waiting to use Phase Door again, fighting on",custom >[stairs >]; custom <[stairs <]; custom >[stairs >]; custom <[stairs <]; custom >[stairs >],goal_done:recall: arrived at 0 ft | goal_done:shop 3 sell Light Crossbow:1: You sold a Light Crossbow (x3) | goal_done:shop 6 sell Ruby Ring:1: You sold a Ring of Searching (-2) {
2026-09-26 16:21:33,1790454093.988,20,78,230,emergency,"low HP: read Phase Door (Blue yeek, Half-orc, Novice mage adjacent)",custom <[stairs <]; custom >[stairs >]; custom <[stairs <]; custom >[stairs >]; custom <[stairs <],goal_done:recall: arrived at 0 ft | goal_done:shop 3 sell Light Crossbow:1: You sold a Light Crossbow (x3) | goal_done:shop 6 sell Ruby Ring:1: You sold a Ring of Searching (-2) {
2026-09-26 16:21:36,1790454096.427,0,78,230,goal_done,recall: arrived at 0 ft,custom <[stairs <]; custom >[stairs >]; custom r item=5[low HP: phase door]; custom q item=4[low HP: quaff Cure Light Wounds]; custom <[stairs <],goal_done:shop 3 sell Light Crossbow:1: You sold a Light Crossbow (x3) | goal_done:shop 6 sell Ruby Ring:1: You sold a Ring of Searching (-2) { | goal_done:shop 5 buy Word of Recall:1 buy Phase Door:7 buy Cure Light:
2026-09-26 16:21:56,1790454116.985,0,230,230,parked,logging out for a Pilot update; back in a minute -- re-issue your goal when you see 'started',custom <[stairs <]; custom q item=4[low HP: quaff Cure Light Wounds]; custom q item=4[low HP: quaff Cure Light Wounds]; custom r item=5[low HP: phase door]; custom q item=4[low HP: quaff Cure Light Wounds],goal_done:shop 3 sell Light Crossbow:1: You sold a Light Crossbow (x3) | goal_done:shop 6 sell Ruby Ring:1: You sold a Ring of Searching (-2) { | goal_done:shop 5 buy Word of Recall:1 buy Phase Door:7 buy Cure Light:
2026-09-26 16:22:00,1790454120.729,,0,1,started,in the game at None (depth),custom r item=5[low HP: phase door]; custom q item=4[low HP: quaff Cure Light Wounds]; custom <[stairs <]; rest[rest]; rest[stop resting],goal_done:shop 3 sell Light Crossbow:1: You sold a Light Crossbow (x3) | goal_done:shop 6 sell Ruby Ring:1: You sold a Ring of Searching (-2) { | goal_done:shop 5 buy Word of Recall:1 buy Phase Door:7 buy Cure Light:
2026-09-26 16:22:13,1790454133.283,0,230,230,goal_done,"shop 3 sell Light Crossbow:1: You sold a Light Crossbow (x3) (+2,+3) for 60 gold.",custom q item=4[low HP: quaff Cure Light Wounds]; custom r item=4[low HP: phase door]; custom r item=4[low HP: phase door]; rest[rest]; rest[stop resting],goal_done:shop 6 sell Ruby Ring:1: You sold a Ring of Searching (-2) { | goal_done:shop 5 buy Word of Recall:1 buy Phase Door:7 buy Cure Light: | goal_done:shop 4 buy Cure Light:10: You bought 10 Potions of Cure Ligh
2026-09-26 16:22:21,1790454141.362,0,230,230,goal_done,shop 6 sell Ruby Ring:1: You sold a Ring of Searching (-2) {cursed} for 20 gold.,rest[rest]; rest[stop resting]; walk 3[enter store 3]; custom s store item=9 value=1[sell 9x1]; leave[leave store],goal_done:shop 5 buy Word of Recall:1 buy Phase Door:7 buy Cure Light: | goal_done:shop 4 buy Cure Light:10: You bought 10 Potions of Cure Ligh | goal_done:shop 5 buy Phase Door:2: You bought 2 Scrolls of Phase Door 
2026-09-26 16:22:31,1790454151.761,0,230,230,goal_done,shop 5 buy Word of Recall:1 buy Phase Door:7 buy Cure Light:10: You bought a Scroll of Word of Recall {25% off} for 176 gold.; You bought 5 Scrolls of Phase Door {25% off} for 95 gold.; no Cure Light ,walk 3[enter store 3]; custom s store item=9 value=1[sell 9x1]; leave[leave store]; walk 9[enter store 6]; custom s store item=8 value=1[sell 8x1],goal_done:shop 4 buy Cure Light:10: You bought 10 Potions of Cure Ligh | goal_done:shop 5 buy Phase Door:2: You bought 2 Scrolls of Phase Door  | goal:recall
2026-09-26 16:22:42,1790454162.473,0,230,230,goal_done,shop 4 buy Cure Light:10: You bought 10 Potions of Cure Light Wounds for 230 gold.,walk 3[enter store 3]; custom s store item=9 value=1[sell 9x1]; leave[leave store]; walk 9[enter store 6]; custom s store item=8 value=1[sell 8x1],goal_done:shop 5 buy Phase Door:2: You bought 2 Scrolls of Phase Door  | goal:recall | goal_done:recall: arrived at 650 ft
2026-09-26 16:22:53,1790454173.139,0,230,230,goal_done,shop 5 buy Phase Door:2: You bought 2 Scrolls of Phase Door {25% off} for 38 gold.,walk 3[enter store 3]; custom s store item=9 value=1[sell 9x1]; leave[leave store]; walk 9[enter store 6]; custom s store item=8 value=1[sell 8x1],goal:recall | goal_done:recall: arrived at 650 ft
2026-09-26 16:23:12,1790454192.299,13,230,230,goal_done,recall: arrived at 650 ft,walk 1[enter store 5]; custom p store item=12 value=1 entry=176[buy 3 Scrolls of Word of Recall {25% off} x1]; custom p store item=10 value=5 entry=95[buy 5 Scrolls of Phase Door {25% off} x5]; leave[leave store]; walk 7[enter store 4],
2026-09-26 16:23:38,1790454218.546,13,144,230,fight_going_badly,"HP 144/230 fighting Grishnakh, the Hill Orc, Hill orc",custom { item=6 entry=@R650[recall depth 650 ft]; custom r item=6[read 2 Scrolls of Word of Recall {@R650}]; custom r item=5[low HP: phase door]; custom q item=4[low HP: quaff Cure Light Wounds]; custom q item=4[low HP: quaff Cure Light Wounds],
2026-09-26 16:23:41,1790454221.583,13,109,230,emergency,low HP: read Phase Door (Hill orc adjacent),custom { item=6 entry=@R650[recall depth 650 ft]; custom r item=6[read 2 Scrolls of Word of Recall {@R650}]; custom r item=5[low HP: phase door]; custom q item=4[low HP: quaff Cure Light Wounds]; custom q item=4[low HP: quaff Cure Light Wounds],
2026-09-26 16:23:42,1790454222.193,13,94,230,emergency,low HP: quaffed Cure Light Wounds,custom { item=6 entry=@R650[recall depth 650 ft]; custom r item=6[read 2 Scrolls of Word of Recall {@R650}]; custom r item=5[low HP: phase door]; custom q item=4[low HP: quaff Cure Light Wounds]; custom q item=4[low HP: quaff Cure Light Wounds],
2026-09-26 16:23:42,1790454222.801,13,91,230,emergency,"low HP: waiting to use Phase Door, cure potions again, fighting on",custom { item=6 entry=@R650[recall depth 650 ft]; custom r item=6[read 2 Scrolls of Word of Recall {@R650}]; custom r item=5[low HP: phase door]; custom q item=4[low HP: quaff Cure Light Wounds]; custom q item=4[low HP: quaff Cure Light Wounds],
2026-09-26 16:23:43,1790454223.713,13,106,230,emergency,low HP: quaffed Cure Light Wounds,custom { item=6 entry=@R650[recall depth 650 ft]; custom r item=6[read 2 Scrolls of Word of Recall {@R650}]; custom r item=5[low HP: phase door]; custom q item=4[low HP: quaff Cure Light Wounds]; custom q item=4[low HP: quaff Cure Light Wounds],
2026-09-26 16:23:44,1790454224.728,13,99,230,emergency,low HP: read Phase Door (White wolf adjacent),custom r item=6[read 2 Scrolls of Word of Recall {@R650}]; custom r item=5[low HP: phase door]; custom q item=4[low HP: quaff Cure Light Wounds]; custom q item=4[low HP: quaff Cure Light Wounds]; custom r item=5[low HP: phase door],
2026-09-26 16:23:45,1790454225.336,13,112,230,emergency,low HP: quaffed Cure Light Wounds,custom r item=5[low HP: phase door]; custom q item=4[low HP: quaff Cure Light Wounds]; custom q item=4[low HP: quaff Cure Light Wounds]; custom r item=5[low HP: phase door]; custom q item=4[low HP: quaff Cure Light Wounds],
2026-09-26 16:23:46,1790454226.855,13,111,230,emergency,low HP: quaffed Cure Light Wounds,custom r item=5[low HP: phase door]; custom q item=4[low HP: quaff Cure Light Wounds]; custom q item=4[low HP: quaff Cure Light Wounds]; custom r item=5[low HP: phase door]; custom q item=4[low HP: quaff Cure Light Wounds],
2026-09-26 16:23:48,1790454228.729,13,143,230,fight_going_badly,HP 143/230 fighting White wolf,custom r item=5[low HP: phase door]; custom q item=4[low HP: quaff Cure Light Wounds]; custom q item=4[low HP: quaff Cure Light Wounds]; custom r item=5[low HP: phase door]; custom q item=4[low HP: quaff Cure Light Wounds],
2026-09-26 16:24:05,1790454245.311,13,119,230,fight_going_badly,HP 119/230 fighting Hill orc,custom r item=5[low HP: phase door]; custom q item=4[low HP: quaff Cure Light Wounds]; custom q item=4[low HP: quaff Cure Light Wounds]; custom r item=5[low HP: phase door]; custom q item=4[low HP: quaff Cure Light Wounds],goal_failed:rest: monsters in view
2026-09-26 16:24:15,1790454255.342,13,113,230,fight_going_badly,HP 113/230 fighting Hill orc,custom r item=5[low HP: phase door]; custom q item=4[low HP: quaff Cure Light Wounds]; custom q item=4[low HP: quaff Cure Light Wounds]; custom r item=5[low HP: phase door]; custom q item=4[low HP: quaff Cure Light Wounds],goal_failed:rest: monsters in view | goal_done:rest
2026-09-26 16:24:38,1790454278.799,13,118,230,fight_going_badly,HP 118/230 fighting Swordsman,rest[rest]; custom r item=5[low HP: phase door]; custom q item=4[low HP: quaff Cure Light Wounds],goal_failed:rest: monsters in view | goal_done:rest | goal_done:goto item
2026-09-26 16:25:13,1790454313.805,13,120,230,fight_going_badly,"HP 120/230 fighting Grishnakh, the Hill Orc, Novice priest, Wild cat",rest[rest]; custom r item=5[low HP: phase door]; custom q item=4[low HP: quaff Cure Light Wounds]; custom r item=5[low HP: phase door]; custom q item=4[low HP: quaff Cure Light Wounds],goal_failed:rest: monsters in view | goal_done:rest | goal_done:goto item
2026-09-26 16:25:16,1790454316.541,13,86,230,emergency,"low HP: read Phase Door (Grishnakh, the Hill Orc, Hill orc adjacent)",rest[rest]; custom r item=5[low HP: phase door]; custom q item=4[low HP: quaff Cure Light Wounds]; custom r item=5[low HP: phase door]; custom q item=4[low HP: quaff Cure Light Wounds],goal_failed:rest: monsters in view | goal_done:rest | goal_done:goto item
2026-09-26 16:25:17,1790454317.148,13,86,230,emergency,low HP: quaffed Cure Light Wounds,rest[rest]; custom r item=5[low HP: phase door]; custom q item=4[low HP: quaff Cure Light Wounds]; custom r item=5[low HP: phase door]; custom q item=4[low HP: quaff Cure Light Wounds],goal_failed:rest: monsters in view | goal_done:rest | goal_done:goto item
2026-09-26 16:25:17,1790454317.757,13,86,230,emergency,"low HP: waiting to use Phase Door, cure potions again, fighting on",rest[rest]; custom r item=5[low HP: phase door]; custom q item=4[low HP: quaff Cure Light Wounds]; custom r item=5[low HP: phase door]; custom q item=4[low HP: quaff Cure Light Wounds],goal_failed:rest: monsters in view | goal_done:rest | goal_done:goto item
2026-09-26 16:25:23,1790454323.594,13,108,230,goal_failed,rest: monsters in view,rest[rest]; custom r item=5[low HP: phase door]; custom q item=4[low HP: quaff Cure Light Wounds]; custom r item=5[low HP: phase door]; custom q item=4[low HP: quaff Cure Light Wounds],goal_done:rest | goal_done:goto item | goal_done:goto item
2026-09-26 16:25:24,1790454324.356,13,109,230,fight_going_badly,HP 109/230 fighting Novice priest,rest[rest]; custom r item=5[low HP: phase door]; custom q item=4[low HP: quaff Cure Light Wounds]; custom r item=5[low HP: phase door]; custom q item=4[low HP: quaff Cure Light Wounds],goal_done:rest | goal_done:goto item | goal_done:goto item
2026-09-26 16:25:25,1790454325.974,13,87,230,emergency,"low HP: read Phase Door (Grishnakh, the Hill Orc adjacent)",custom r item=5[low HP: phase door]; custom q item=4[low HP: quaff Cure Light Wounds]; custom r item=5[low HP: phase door]; custom q item=4[low HP: quaff Cure Light Wounds]; rest[rest],goal_done:rest | goal_done:goto item | goal_done:goto item
2026-09-26 16:25:26,1790454326.583,13,87,230,emergency,low HP: quaffed Cure Light Wounds,custom r item=5[low HP: phase door]; custom q item=4[low HP: quaff Cure Light Wounds]; custom r item=5[low HP: phase door]; custom q item=4[low HP: quaff Cure Light Wounds]; rest[rest],goal_done:rest | goal_done:goto item | goal_done:goto item
2026-09-26 16:25:29,1790454329.774,13,82,230,emergency,"low HP: read Phase Door (Grishnakh, the Hill Orc, Hill orc adjacent)",custom r item=5[low HP: phase door]; custom q item=4[low HP: quaff Cure Light Wounds]; custom r item=5[low HP: phase door]; custom q item=4[low HP: quaff Cure Light Wounds]; rest[rest],goal_done:rest | goal_done:goto item | goal_done:goto item
2026-09-26 16:25:30,1790454330.383,13,83,230,emergency,low HP: quaffed Cure Light Wounds,custom r item=5[low HP: phase door]; custom q item=4[low HP: quaff Cure Light Wounds]; custom r item=5[low HP: phase door]; custom q item=4[low HP: quaff Cure Light Wounds]; rest[rest],goal_done:rest | goal_done:goto item | goal_done:goto item
2026-09-26 16:25:45,1790454345.271,13,225,230,goal_done,rest,custom r item=5[low HP: phase door]; custom q item=4[low HP: quaff Cure Light Wounds]; custom r item=5[low HP: phase door]; custom q item=4[low HP: quaff Cure Light Wounds]; rest[rest],goal_done:goto item | goal_done:goto item | goal_done:goto item
2026-09-26 16:25:50,1790454350.487,13,230,230,goal_done,goto item,custom r item=5[low HP: phase door]; custom q item=4[low HP: quaff Cure Light Wounds]; custom r item=5[low HP: phase door]; custom q item=4[low HP: quaff Cure Light Wounds]; rest[rest],goal_done:goto item | goal_done:goto item | goal_done:goto item
2026-09-26 16:25:50,1790454350.592,13,230,230,goal_done,goto item,custom r item=5[low HP: phase door]; custom q item=4[low HP: quaff Cure Light Wounds]; custom r item=5[low HP: phase door]; custom q item=4[low HP: quaff Cure Light Wounds]; rest[rest],goal_done:goto item | goal_done:goto item | goal_done:goto item
2026-09-26 16:25:50,1790454350.693,13,230,230,goal_done,goto item,custom r item=5[low HP: phase door]; custom q item=4[low HP: quaff Cure Light Wounds]; custom r item=5[low HP: phase door]; custom q item=4[low HP: quaff Cure Light Wounds]; rest[rest],goal_done:goto item | goal_done:goto item | goal_done:goto item
2026-09-26 16:25:50,1790454350.794,13,230,230,goal_done,goto item,custom r item=5[low HP: phase door]; custom q item=4[low HP: quaff Cure Light Wounds]; custom r item=5[low HP: phase door]; custom q item=4[low HP: quaff Cure Light Wounds]; rest[rest],"goal_done:goto item | goal_done:goto item | goal_done:goto 27,68"
2026-09-26 16:25:50,1790454350.896,13,230,230,goal_done,goto item,custom r item=5[low HP: phase door]; custom q item=4[low HP: quaff Cure Light Wounds]; custom r item=5[low HP: phase door]; custom q item=4[low HP: quaff Cure Light Wounds]; rest[rest],"goal_done:goto item | goal_done:goto 27,68 | goal_done:goto item"
2026-09-26 16:25:50,1790454350.997,13,230,230,goal_done,goto item,custom r item=5[low HP: phase door]; custom q item=4[low HP: quaff Cure Light Wounds]; custom r item=5[low HP: phase door]; custom q item=4[low HP: quaff Cure Light Wounds]; rest[rest],"goal_done:goto 27,68 | goal_done:goto item | goal_done:goto item"
2026-09-26 16:26:13,1790454373.4,13,230,230,goal_done,"goto 27,68","custom r item=5[low HP: phase door]; custom q item=4[low HP: quaff Cure Light Wounds]; rest[rest]; rest[stop resting]; custom ,[pick up: an Icky Green Potion.]",goal_done:goto item | goal_done:goto item | goal_done:goto item
2026-09-26 16:26:13,1790454373.551,13,230,230,goal_done,goto item,"custom r item=5[low HP: phase door]; custom q item=4[low HP: quaff Cure Light Wounds]; rest[rest]; rest[stop resting]; custom ,[pick up: an Icky Green Potion.]","goal_done:goto item | goal_done:goto item | goal_done:goto 26,68"
2026-09-26 16:26:13,1790454373.652,13,230,230,goal_done,goto item,"custom r item=5[low HP: phase door]; custom q item=4[low HP: quaff Cure Light Wounds]; rest[rest]; rest[stop resting]; custom ,[pick up: an Icky Green Potion.]","goal_done:goto item | goal_done:goto 26,68 | goal_done:goto 26,69"
2026-09-26 16:26:13,1790454373.753,13,230,230,goal_done,goto item,"custom r item=5[low HP: phase door]; custom q item=4[low HP: quaff Cure Light Wounds]; rest[rest]; rest[stop resting]; custom ,[pick up: an Icky Green Potion.]","goal_done:goto 26,68 | goal_done:goto 26,69 | goal_done:goto 26,70"
2026-09-26 16:26:26,1790454386.114,13,230,230,goal_done,"goto 26,68","custom ,[pick up: an Icky Green Potion.]; custom ,[agent: pickup]; custom ,[pick up: a Potion of Heroism.]","goal_done:goto 26,69 | goal_done:goto 26,70 | goal_done:goto 27,71"
2026-09-26 16:26:26,1790454386.775,13,230,230,goal_done,"goto 26,69","custom ,[pick up: an Icky Green Potion.]; custom ,[agent: pickup]; custom ,[pick up: a Potion of Heroism.]","goal_done:goto 26,70 | goal_done:goto 27,71 | goal_done:goto 28,70"
2026-09-26 16:26:27,1790454387.436,13,230,230,goal_done,"goto 26,70","custom ,[pick up: an Icky Green Potion.]; custom ,[agent: pickup]; custom ,[pick up: a Potion of Heroism.]","goal_done:goto 27,71 | goal_done:goto 28,70 | goal_done:goto 28,68"
2026-09-26 16:26:28,1790454388.097,13,230,230,goal_done,"goto 27,71","custom ,[pick up: an Icky Green Potion.]; custom ,[agent: pickup]; custom ,[pick up: a Potion of Heroism.]","goal_done:goto 28,70 | goal_done:goto 28,68 | goal_done:goto 25,49"
2026-09-26 16:26:28,1790454388.759,13,230,230,goal_done,"goto 28,70","custom ,[pick up: an Icky Green Potion.]; custom ,[agent: pickup]; custom ,[pick up: a Potion of Heroism.]","goal_done:goto 28,68 | goal_done:goto 25,49"
2026-09-26 16:26:30,1790454390.08,13,230,230,goal_done,"goto 28,68","custom ,[pick up: an Icky Green Potion.]; custom ,[agent: pickup]; custom ,[pick up: a Potion of Heroism.]","goal_done:goto 25,49"
2026-09-26 16:26:41,1790454401.599,13,209,230,goal_done,"goto 25,49","custom ,[agent: pickup]; custom ,[pick up: a Potion of Heroism.]",
2026-09-26 16:30:26,1790454626.14,13,126,230,fight_going_badly,"HP 126/230 fighting Hill orc, Novice priest","custom ,[pick up: a Battle Axe (2d8).]; custom q item=4[agent: quaff ['Heroism']]; rest[rest]; rest[stop resting]; rest[rest]",
2026-09-26 16:37:51,1790455071.859,13,244,244,goal_done,goto item,"custom ,[agent: pickup]; custom ,[agent: pickup]; custom ,[pick up: Soft Studded Leather [5] {Wormtongue, Agent of Saruman}.]; custom ,[agent: pickup]; custom ,[agent: pickup]","goal_done:goto item | goal_done:goto item | goal_done:goto 41,144"
2026-09-26 16:37:51,1790455071.96,13,244,244,goal_done,goto item,"custom ,[agent: pickup]; custom ,[agent: pickup]; custom ,[pick up: Soft Studded Leather [5] {Wormtongue, Agent of Saruman}.]; custom ,[agent: pickup]; custom ,[agent: pickup]","goal_done:goto item | goal_done:goto 41,144 | goal_done:goto 41,119"
2026-09-26 16:37:52,1790455072.061,13,244,244,goal_done,goto item,"custom ,[agent: pickup]; custom ,[agent: pickup]; custom ,[pick up: Soft Studded Leather [5] {Wormtongue, Agent of Saruman}.]; custom ,[agent: pickup]; custom ,[agent: pickup]","goal_done:goto 41,144 | goal_done:goto 41,119 | goal_done:goto 45,126"
2026-09-26 16:38:11,1790455091.841,13,244,244,goal_done,"goto 41,144","custom ,[agent: pickup]; custom ,[agent: pickup]; custom ,[pick up: Soft Studded Leather [5] {Wormtongue, Agent of Saruman}.]; custom ,[agent: pickup]; custom ,[agent: pickup]","goal_done:goto 41,119 | goal_done:goto 45,126 | goal:recall"
2026-09-26 16:38:20,1790455100.223,13,244,244,goal_done,"goto 41,119","custom ,[agent: pickup]; custom ,[agent: pickup]; custom ,[pick up: Soft Studded Leather [5] {Wormtongue, Agent of Saruman}.]; custom ,[agent: pickup]; custom ,[agent: pickup]","goal_done:goto 45,126 | goal:recall | goal_done:recall: arrived at 0 ft"
2026-09-26 16:38:24,1790455104.808,13,244,244,goal_done,"goto 45,126","custom ,[agent: pickup]; custom ,[agent: pickup]; custom ,[pick up: Soft Studded Leather [5] {Wormtongue, Agent of Saruman}.]; custom ,[agent: pickup]; custom ,[agent: pickup]",goal:recall | goal_done:recall: arrived at 0 ft | goal_done:shop 2 sell Soft Studded:1: You sold Soft Studded Leather of
2026-09-26 16:38:46,1790455126.622,0,244,244,goal_done,recall: arrived at 0 ft,"custom ,[agent: pickup]; custom ,[pick up: Soft Studded Leather [5] {Wormtongue, Agent of Saruman}.]; custom ,[agent: pickup]; custom ,[agent: pickup]; custom k item=6 value=1[agent: destroy ['Summon_Monster']]",goal_done:shop 2 sell Soft Studded:1: You sold Soft Studded Leather of | goal_done:shop 6 sell Mulberry:1: You sold a Staff of Slow Monsters (8 | goal_done:shop 5 buy Phase Door:8 buy Word of Recall:1 sell Icky:1: Yo
2026-09-26 16:39:15,1790455155.226,0,244,244,parked,logging out for a Pilot update; back in a minute -- re-issue your goal when you see 'started',custom k item=6 value=1[agent: destroy ['Summon_Monster']]; custom r item=7[read 2 Scrolls of Word of Recall {@R650}]; walk 3[enter store 2]; custom s store item=11 value=1[sell 11x1]; leave[leave store],goal_done:shop 2 sell Soft Studded:1: You sold Soft Studded Leather of | goal_done:shop 6 sell Mulberry:1: You sold a Staff of Slow Monsters (8 | goal_done:shop 5 buy Phase Door:8 buy Word of Recall:1 sell Icky:1: Yo
2026-09-26 16:39:18,1790455158.513,,0,1,started,in the game at None (depth),custom k item=6 value=1[agent: destroy ['Summon_Monster']]; custom r item=7[read 2 Scrolls of Word of Recall {@R650}]; walk 3[enter store 2]; custom s store item=11 value=1[sell 11x1]; leave[leave store],goal_done:shop 2 sell Soft Studded:1: You sold Soft Studded Leather of | goal_done:shop 6 sell Mulberry:1: You sold a Staff of Slow Monsters (8 | goal_done:shop 5 buy Phase Door:8 buy Word of Recall:1 sell Icky:1: Yo
2026-09-26 16:39:27,1790455167.138,0,244,244,goal_done,"shop 2 sell Soft Studded:1: You sold Soft Studded Leather of Resistance [5,+6] {Wormtongue, Agent of Saruman} for 17 gold.",walk 3[enter store 2]; custom s store item=11 value=1[sell 11x1]; leave[leave store]; walk 9[enter store 6]; custom s store item=10 value=1[sell 10x1],goal_done:shop 6 sell Mulberry:1: You sold a Staff of Slow Monsters (8 | goal_done:shop 5 buy Phase Door:8 buy Word of Recall:1 sell Icky:1: Yo | goal_done:shop 1 buy Ration:3: You bought 3 Rations of Food for 12 gol
2026-09-26 16:39:36,1790455176.97,0,244,244,goal_done,shop 6 sell Mulberry:1: You sold a Staff of Slow Monsters (8 charges) for 32 gold.,walk 3[enter store 2]; custom s store item=11 value=1[sell 11x1]; leave[leave store]; walk 9[enter store 6]; custom s store item=10 value=1[sell 10x1],goal_done:shop 5 buy Phase Door:8 buy Word of Recall:1 sell Icky:1: Yo | goal_done:shop 1 buy Ration:3: You bought 3 Rations of Food for 12 gol | goal_done:shop 2 buy of Resistance:1: can't afford Soft Studded Leathe
2026-09-26 16:39:42,1790455182.075,0,244,244,goal_done,shop 5 buy Phase Door:8 buy Word of Recall:1 sell Icky:1: You sold a Potion of Slime Mold Juice for 9 gold.; You bought 8 Scrolls of Phase Door {25% off} for 152 gold.; You bought a Scroll of Word of ,walk 3[enter store 2]; custom s store item=11 value=1[sell 11x1]; leave[leave store]; walk 9[enter store 6]; custom s store item=10 value=1[sell 10x1],goal_done:shop 1 buy Ration:3: You bought 3 Rations of Food for 12 gol | goal_done:shop 2 buy of Resistance:1: can't afford Soft Studded Leathe | goal_done:shop 4 buy Cure Serious:5 buy Cure Light:12: You bought 5 Po
2026-09-26 16:39:45,1790455185.855,0,244,244,goal_done,shop 1 buy Ration:3: You bought 3 Rations of Food for 12 gold.,walk 3[enter store 2]; custom s store item=11 value=1[sell 11x1]; leave[leave store]; walk 9[enter store 6]; custom s store item=10 value=1[sell 10x1],goal_done:shop 2 buy of Resistance:1: can't afford Soft Studded Leathe | goal_done:shop 4 buy Cure Serious:5 buy Cure Light:12: You bought 5 Po | goal_done:shop 5 buy Boldness:3: no Boldness in stock
2026-09-26 16:39:59,1790455199.852,0,244,244,goal_done,"shop 2 buy of Resistance:1: can't afford Soft Studded Leather of Resistance [5,+6] (19834)",walk 3[enter store 2]; custom s store item=11 value=1[sell 11x1]; leave[leave store]; walk 9[enter store 6]; custom s store item=10 value=1[sell 10x1],goal_done:shop 4 buy Cure Serious:5 buy Cure Light:12: You bought 5 Po | goal_done:shop 5 buy Boldness:3: no Boldness in stock | goal_done:shop 5 buy Heroism:2: no Heroism in stock
2026-09-26 16:40:20,1790455220.778,0,244,244,goal_done,shop 4 buy Cure Serious:5 buy Cure Light:12: You bought 5 Potions of Cure Serious Wounds for 310 gold.; You bought 12 Potions of Cure Light Wounds for 276 gold.,walk 9[enter store 6]; custom s store item=10 value=1[sell 10x1]; leave[leave store]; walk 1[enter store 5]; custom s store item=5 value=1[sell 5x1],goal_done:shop 5 buy Boldness:3: no Boldness in stock | goal_done:shop 5 buy Heroism:2: no Heroism in stock | goal:recall
2026-09-26 16:40:27,1790455227.301,0,244,244,goal_done,shop 5 buy Boldness:3: no Boldness in stock,walk 3[enter store 1]; custom p store item=2 value=3 entry=12[buy 99 Rations of Food x3]; leave[leave store]; walk 1[enter store 2]; leave[leave store],goal_done:shop 5 buy Heroism:2: no Heroism in stock | goal:recall | goal_done:recall: arrived at 650 ft
2026-09-26 16:40:32,1790455232.806,0,244,244,goal_done,shop 5 buy Heroism:2: no Heroism in stock,walk 1[enter store 2]; leave[leave store]; walk 1[enter store 4]; custom p store item=9 value=5 entry=310[buy 99 Potions of Cure Serious Wounds x5]; custom p store item=8 value=12 entry=276[buy 99 Potions of Cure Light Wounds x12],goal:recall | goal_done:recall: arrived at 650 ft
2026-09-26 16:40:36,1790455236.677,0,244,244,parked,logging out for a Pilot update; back in a minute -- re-issue your goal when you see 'started',walk 1[enter store 2]; leave[leave store]; walk 1[enter store 4]; custom p store item=9 value=5 entry=310[buy 99 Potions of Cure Serious Wounds x5]; custom p store item=8 value=12 entry=276[buy 99 Potions of Cure Light Wounds x12],goal:recall | goal_done:recall: arrived at 650 ft
2026-09-26 16:40:40,1790455240.368,,0,1,started,in the game at None (depth),walk 1[enter store 2]; leave[leave store]; walk 1[enter store 4]; custom p store item=9 value=5 entry=310[buy 99 Potions of Cure Serious Wounds x5]; custom p store item=8 value=12 entry=276[buy 99 Potions of Cure Light Wounds x12],goal:recall | goal_done:recall: arrived at 650 ft
2026-09-26 16:41:00,1790455260.804,13,244,244,goal_done,recall: arrived at 650 ft,walk 1[enter store 4]; custom p store item=9 value=5 entry=310[buy 99 Potions of Cure Serious Wounds x5]; custom p store item=8 value=12 entry=276[buy 99 Potions of Cure Light Wounds x12]; leave[leave store]; walk 1[enter store 5],
2026-09-26 16:45:19,1790455519.825,13,244,244,parked,logging out for a Pilot update; back in a minute -- re-issue your goal when you see 'started',"custom k item=12 value=21[agent: destroy ['Rounded_Pebbles', 'all']]; custom k item=11 value=1[agent: destroy ['Cutlass']]",
2026-09-26 16:45:23,1790455523.528,,0,1,started,in the game at None (depth),"custom k item=12 value=21[agent: destroy ['Rounded_Pebbles', 'all']]; custom k item=11 value=1[agent: destroy ['Cutlass']]; custom ,[pick up: a Broad Sword (2d5).]",
2026-09-26 16:47:07,1790455627.604,13,244,244,fearer,Yellow mushroom patch (lvl 2) keeps frightening: moving away from it; consider leaving the level,,
2026-09-26 16:49:25,1790455765.478,13,168,244,fearer,Priest (lvl 12) keeps frightening: moving away from it; consider leaving the level,custom r item=6[low HP: phase door]; custom r item=7[low HP: word of recall (last resort)]; custom q item=5[low HP: quaff Cure Serious Wounds]; custom q item=5[low HP: quaff Cure Serious Wounds]; rest[rest],"goal_done:dive 650ft (max_depth): reached 650 ft | goal_done:shop 6 sell Copper-Plated:1: You sold a Rod of Illumination  | goal_done:shop 3 sell Broad Sword:1: You sold a Broad Sword (2d5) (+3,"
2026-09-26 16:49:26,1790455766.804,13,137,244,tactic,afraid: kiting over cleared ground until it wears off,custom r item=6[low HP: phase door]; custom r item=7[low HP: word of recall (last resort)]; custom q item=5[low HP: quaff Cure Serious Wounds]; custom q item=5[low HP: quaff Cure Serious Wounds]; rest[rest],"goal_done:dive 650ft (max_depth): reached 650 ft | goal_done:shop 6 sell Copper-Plated:1: You sold a Rod of Illumination  | goal_done:shop 3 sell Broad Sword:1: You sold a Broad Sword (2d5) (+3,"
2026-09-26 16:49:28,1790455768.02,13,87,244,emergency,"low HP: read Phase Door (Clear hound, Dark elven warrior, Priest, Skeleton human, Tiger adjacent)",custom r item=6[low HP: phase door]; custom r item=7[low HP: word of recall (last resort)]; custom q item=5[low HP: quaff Cure Serious Wounds]; custom q item=5[low HP: quaff Cure Serious Wounds]; rest[rest],"goal_done:dive 650ft (max_depth): reached 650 ft | goal_done:shop 6 sell Copper-Plated:1: You sold a Rod of Illumination  | goal_done:shop 3 sell Broad Sword:1: You sold a Broad Sword (2d5) (+3,"
2026-09-26 16:49:28,1790455768.627,13,61,244,emergency,low HP: read Word of Recall as a last resort,custom r item=6[low HP: phase door]; custom r item=7[low HP: word of recall (last resort)]; custom q item=5[low HP: quaff Cure Serious Wounds]; custom q item=5[low HP: quaff Cure Serious Wounds]; rest[rest],"goal_done:dive 650ft (max_depth): reached 650 ft | goal_done:shop 6 sell Copper-Plated:1: You sold a Rod of Illumination  | goal_done:shop 3 sell Broad Sword:1: You sold a Broad Sword (2d5) (+3,"
2026-09-26 16:49:29,1790455769.134,13,52,244,emergency,low HP: quaffed Cure Serious Wounds,custom r item=6[low HP: phase door]; custom r item=7[low HP: word of recall (last resort)]; custom q item=5[low HP: quaff Cure Serious Wounds]; custom q item=5[low HP: quaff Cure Serious Wounds]; rest[rest],"goal_done:dive 650ft (max_depth): reached 650 ft | goal_done:shop 6 sell Copper-Plated:1: You sold a Rod of Illumination  | goal_done:shop 3 sell Broad Sword:1: You sold a Broad Sword (2d5) (+3,"
2026-09-26 16:49:29,1790455769.741,13,51,244,emergency,"low HP: waiting to use Phase Door, cure potions again, fighting on",custom r item=6[low HP: phase door]; custom r item=7[low HP: word of recall (last resort)]; custom q item=5[low HP: quaff Cure Serious Wounds]; custom q item=5[low HP: quaff Cure Serious Wounds]; rest[rest],"goal_done:dive 650ft (max_depth): reached 650 ft | goal_done:shop 6 sell Copper-Plated:1: You sold a Rod of Illumination  | goal_done:shop 3 sell Broad Sword:1: You sold a Broad Sword (2d5) (+3,"
2026-09-26 16:49:30,1790455770.663,13,73,244,emergency,low HP: quaffed Cure Serious Wounds,custom r item=6[low HP: phase door]; custom r item=7[low HP: word of recall (last resort)]; custom q item=5[low HP: quaff Cure Serious Wounds]; custom q item=5[low HP: quaff Cure Serious Wounds]; rest[rest],"goal_done:dive 650ft (max_depth): reached 650 ft | goal_done:shop 6 sell Copper-Plated:1: You sold a Rod of Illumination  | goal_done:shop 3 sell Broad Sword:1: You sold a Broad Sword (2d5) (+3,"
2026-09-26 16:49:33,1790455773.41,13,98,244,fight_going_badly,HP 98/244 fighting Tiger,custom r item=6[low HP: phase door]; custom r item=7[low HP: word of recall (last resort)]; custom q item=5[low HP: quaff Cure Serious Wounds]; custom q item=5[low HP: quaff Cure Serious Wounds]; rest[rest],"goal_done:dive 650ft (max_depth): reached 650 ft | goal_done:shop 6 sell Copper-Plated:1: You sold a Rod of Illumination  | goal_done:shop 3 sell Broad Sword:1: You sold a Broad Sword (2d5) (+3,"
2026-09-26 16:49:34,1790455774.171,13,92,244,emergency,low HP: read Phase Door (Tiger adjacent),custom r item=6[low HP: phase door]; custom r item=7[low HP: word of recall (last resort)]; custom q item=5[low HP: quaff Cure Serious Wounds]; custom q item=5[low HP: quaff Cure Serious Wounds]; rest[rest],"goal_done:dive 650ft (max_depth): reached 650 ft | goal_done:shop 6 sell Copper-Plated:1: You sold a Rod of Illumination  | goal_done:shop 3 sell Broad Sword:1: You sold a Broad Sword (2d5) (+3,"
2026-09-26 16:49:34,1790455774.783,13,93,244,emergency,low HP: heading for the stairs 19 away,custom r item=6[low HP: phase door]; custom r item=7[low HP: word of recall (last resort)]; custom q item=5[low HP: quaff Cure Serious Wounds]; custom q item=5[low HP: quaff Cure Serious Wounds]; rest[rest],"goal_done:dive 650ft (max_depth): reached 650 ft | goal_done:shop 6 sell Copper-Plated:1: You sold a Rod of Illumination  | goal_done:shop 3 sell Broad Sword:1: You sold a Broad Sword (2d5) (+3,"
2026-09-26 16:49:34,1790455774.887,13,93,244,emergency,low HP: quaffed Cure Serious Wounds,custom r item=6[low HP: phase door]; custom r item=7[low HP: word of recall (last resort)]; custom q item=5[low HP: quaff Cure Serious Wounds]; custom q item=5[low HP: quaff Cure Serious Wounds]; rest[rest],"goal_done:dive 650ft (max_depth): reached 650 ft | goal_done:shop 6 sell Copper-Plated:1: You sold a Rod of Illumination  | goal_done:shop 3 sell Broad Sword:1: You sold a Broad Sword (2d5) (+3,"
2026-09-26 16:49:35,1790455775.548,13,93,244,goal_done,dive 650ft (max_depth): reached 650 ft,custom r item=6[low HP: phase door]; custom r item=7[low HP: word of recall (last resort)]; custom q item=5[low HP: quaff Cure Serious Wounds]; custom q item=5[low HP: quaff Cure Serious Wounds]; rest[rest],"goal_done:shop 6 sell Copper-Plated:1: You sold a Rod of Illumination  | goal_done:shop 3 sell Broad Sword:1: You sold a Broad Sword (2d5) (+3, | goal_done:shop 5 buy Word of Recall:2: You bought 2 Scrolls of Word of"
2026-09-26 16:49:35,1790455775.705,13,93,244,emergency,low HP: heading for the stairs 17 away,custom r item=6[low HP: phase door]; custom r item=7[low HP: word of recall (last resort)]; custom q item=5[low HP: quaff Cure Serious Wounds]; custom q item=5[low HP: quaff Cure Serious Wounds]; rest[rest],"goal_done:shop 6 sell Copper-Plated:1: You sold a Rod of Illumination  | goal_done:shop 3 sell Broad Sword:1: You sold a Broad Sword (2d5) (+3, | goal_done:shop 5 buy Word of Recall:2: You bought 2 Scrolls of Word of"
2026-09-26 16:49:36,1790455776.414,13,94,244,emergency,low HP: quaffed Cure Serious Wounds,custom r item=6[low HP: phase door]; custom r item=7[low HP: word of recall (last resort)]; custom q item=5[low HP: quaff Cure Serious Wounds]; custom q item=5[low HP: quaff Cure Serious Wounds]; rest[rest],"goal_done:shop 6 sell Copper-Plated:1: You sold a Rod of Illumination  | goal_done:shop 3 sell Broad Sword:1: You sold a Broad Sword (2d5) (+3, | goal_done:shop 5 buy Word of Recall:2: You bought 2 Scrolls of Word of"
2026-09-26 16:49:38,1790455778.29,13,86,244,emergency,low HP: read Phase Door (Tiger adjacent),custom r item=6[low HP: phase door]; custom r item=7[low HP: word of recall (last resort)]; custom q item=5[low HP: quaff Cure Serious Wounds]; custom q item=5[low HP: quaff Cure Serious Wounds]; rest[rest],"goal_done:shop 6 sell Copper-Plated:1: You sold a Rod of Illumination  | goal_done:shop 3 sell Broad Sword:1: You sold a Broad Sword (2d5) (+3, | goal_done:shop 5 buy Word of Recall:2: You bought 2 Scrolls of Word of"
2026-09-26 16:49:38,1790455778.898,13,92,244,emergency,low HP: quaffed Cure Serious Wounds,custom r item=6[low HP: phase door]; custom r item=7[low HP: word of recall (last resort)]; custom q item=5[low HP: quaff Cure Serious Wounds]; custom q item=5[low HP: quaff Cure Serious Wounds]; rest[rest],"goal_done:shop 6 sell Copper-Plated:1: You sold a Rod of Illumination  | goal_done:shop 3 sell Broad Sword:1: You sold a Broad Sword (2d5) (+3, | goal_done:shop 5 buy Word of Recall:2: You bought 2 Scrolls of Word of"
2026-09-26 16:49:43,1790455783.611,13,119,244,fight_going_badly,HP 119/244 fighting Skeleton human,custom r item=6[low HP: phase door]; custom r item=7[low HP: word of recall (last resort)]; custom q item=5[low HP: quaff Cure Serious Wounds]; custom q item=5[low HP: quaff Cure Serious Wounds]; rest[rest],"goal_done:shop 6 sell Copper-Plated:1: You sold a Rod of Illumination  | goal_done:shop 3 sell Broad Sword:1: You sold a Broad Sword (2d5) (+3, | goal_done:shop 5 buy Word of Recall:2: You bought 2 Scrolls of Word of"
2026-09-26 16:49:46,1790455786.097,13,121,244,afraid,afraid (can't melee) and cornered: phased away,custom r item=6[low HP: phase door]; custom r item=7[low HP: word of recall (last resort)]; custom q item=5[low HP: quaff Cure Serious Wounds]; custom q item=5[low HP: quaff Cure Serious Wounds]; rest[rest],"goal_done:shop 6 sell Copper-Plated:1: You sold a Rod of Illumination  | goal_done:shop 3 sell Broad Sword:1: You sold a Broad Sword (2d5) (+3, | goal_done:shop 5 buy Word of Recall:2: You bought 2 Scrolls of Word of"
2026-09-26 16:50:18,1790455818.61,0,244,244,parked,logging out for a Pilot update; back in a minute -- re-issue your goal when you see 'started',rest[stop resting]; custom r item=6[low HP: phase door]; custom q item=5[low HP: quaff Cure Serious Wounds]; custom q item=5[low HP: quaff Cure Serious Wounds]; custom r item=6[low HP: phase door],"goal_done:shop 6 sell Copper-Plated:1: You sold a Rod of Illumination  | goal_done:shop 3 sell Broad Sword:1: You sold a Broad Sword (2d5) (+3, | goal_done:shop 5 buy Word of Recall:2: You bought 2 Scrolls of Word of"
2026-09-26 16:50:22,1790455822.389,,0,1,started,in the game at None (depth),custom r item=6[low HP: phase door]; custom q item=5[low HP: quaff Cure Serious Wounds]; rest[rest]; rest[rest]; rest[stop resting],"goal_done:shop 6 sell Copper-Plated:1: You sold a Rod of Illumination  | goal_done:shop 3 sell Broad Sword:1: You sold a Broad Sword (2d5) (+3, | goal_done:shop 5 buy Word of Recall:2: You bought 2 Scrolls of Word of"
2026-09-26 16:50:34,1790455834.168,0,244,244,goal_done,shop 6 sell Copper-Plated:1: You sold a Rod of Illumination for 42 gold.,"rest[stop resting]; walk 3[enter store 6]; custom s store item=8 value=1[sell 8x1]; leave[leave store]; custom ,[pick up: a Ration of Food.]","goal_done:shop 3 sell Broad Sword:1: You sold a Broad Sword (2d5) (+3, | goal_done:shop 5 buy Word of Recall:2: You bought 2 Scrolls of Word of | goal_done:shop 4 buy Cure Serious:3: You bought 3 Potions of Cure Seri"
2026-09-26 16:50:44,1790455844.177,0,244,244,goal_done,"shop 3 sell Broad Sword:1: You sold a Broad Sword (2d5) (+3,+2) for 110 gold.","walk 3[enter store 6]; custom s store item=8 value=1[sell 8x1]; leave[leave store]; custom ,[pick up: a Ration of Food.]; walk 1[enter store 3]",goal_done:shop 5 buy Word of Recall:2: You bought 2 Scrolls of Word of | goal_done:shop 4 buy Cure Serious:3: You bought 3 Potions of Cure Seri | goal:recall
2026-09-26 16:50:54,1790455854.532,0,244,244,goal_done,shop 5 buy Word of Recall:2: You bought 2 Scrolls of Word of Recall {50% off} for 234 gold.,"walk 3[enter store 6]; custom s store item=8 value=1[sell 8x1]; leave[leave store]; custom ,[pick up: a Ration of Food.]; walk 1[enter store 3]",goal_done:shop 4 buy Cure Serious:3: You bought 3 Potions of Cure Seri | goal:recall | goal_done:recall: arrived at 700 ft
2026-09-26 16:51:00,1790455860.203,0,244,244,goal_done,shop 4 buy Cure Serious:3: You bought 3 Potions of Cure Serious Wounds for 186 gold.,"walk 3[enter store 6]; custom s store item=8 value=1[sell 8x1]; leave[leave store]; custom ,[pick up: a Ration of Food.]; walk 1[enter store 3]","goal:recall | goal_done:recall: arrived at 700 ft | goal_failed:explore: explore is for dungeon levels, not the town or wild"
2026-09-26 16:51:18,1790455878.943,14,244,244,goal_done,recall: arrived at 700 ft,"leave[leave store]; custom ,[pick up: a Ration of Food.]; walk 1[enter store 3]; custom s store item=8 value=1[sell 8x1]; leave[leave store]","goal_failed:explore: explore is for dungeon levels, not the town or wild | goal_done:shop 5 buy Word of Recall:2: You bought a Scroll of Word of  | goal_done:rest"
2026-09-26 16:51:30,1790455890.094,14,234,244,tactic,afraid: kiting over cleared ground until it wears off,walk 1[enter store 5]; custom p store item=15 value=2 entry=234[buy 2 Scrolls of Word of Recall {50% off} x2]; leave[leave store]; walk 7[enter store 4]; custom p store item=7 value=3 entry=186[buy 99 Potions of Cure Serious Wounds x3],"goal_failed:explore: explore is for dungeon levels, not the town or wild | goal_done:shop 5 buy Word of Recall:2: You bought a Scroll of Word of  | goal_done:rest"
2026-09-26 16:51:43,1790455903.97,14,132,244,afraid,afraid (can't melee) and cornered: phased away,walk 7[enter store 4]; custom p store item=7 value=3 entry=186[buy 99 Potions of Cure Serious Wounds x3]; leave[leave store]; custom { item=7 entry=@R700[recall depth 700 ft]; custom r item=7[read 2 Scrolls of Word of Recall {@R700}],"goal_failed:explore: explore is for dungeon levels, not the town or wild | goal_done:shop 5 buy Word of Recall:2: You bought a Scroll of Word of  | goal_done:rest"
2026-09-26 16:51:44,1790455904.576,14,96,244,emergency,low HP: read Phase Door (Novice paladin adjacent),custom p store item=7 value=3 entry=186[buy 99 Potions of Cure Serious Wounds x3]; leave[leave store]; custom { item=7 entry=@R700[recall depth 700 ft]; custom r item=7[read 2 Scrolls of Word of Recall {@R700}]; custom r item=6[afraid: phase door away],"goal_failed:explore: explore is for dungeon levels, not the town or wild | goal_done:shop 5 buy Word of Recall:2: You bought a Scroll of Word of  | goal_done:rest"
2026-09-26 16:51:45,1790455905.182,14,82,244,emergency,low HP: quaffed Cure Serious Wounds,leave[leave store]; custom { item=7 entry=@R700[recall depth 700 ft]; custom r item=7[read 2 Scrolls of Word of Recall {@R700}]; custom r item=6[afraid: phase door away]; custom r item=6[low HP: phase door],"goal_failed:explore: explore is for dungeon levels, not the town or wild | goal_done:shop 5 buy Word of Recall:2: You bought a Scroll of Word of  | goal_done:rest"
2026-09-26 16:51:45,1790455905.791,14,94,244,emergency,"low HP: waiting to use Phase Door, cure potions again, fighting on",custom { item=7 entry=@R700[recall depth 700 ft]; custom r item=7[read 2 Scrolls of Word of Recall {@R700}]; custom r item=6[afraid: phase door away]; custom r item=6[low HP: phase door]; custom q item=5[low HP: quaff Cure Serious Wounds],"goal_failed:explore: explore is for dungeon levels, not the town or wild | goal_done:shop 5 buy Word of Recall:2: You bought a Scroll of Word of  | goal_done:rest"
2026-09-26 16:51:46,1790455906.094,14,85,244,emergency,"low HP: read Phase Door (Kobold shaman, Novice paladin adjacent)",custom { item=7 entry=@R700[recall depth 700 ft]; custom r item=7[read 2 Scrolls of Word of Recall {@R700}]; custom r item=6[afraid: phase door away]; custom r item=6[low HP: phase door]; custom q item=5[low HP: quaff Cure Serious Wounds],"goal_failed:explore: explore is for dungeon levels, not the town or wild | goal_done:shop 5 buy Word of Recall:2: You bought a Scroll of Word of  | goal_done:rest"
2026-09-26 16:51:46,1790455906.7,14,78,244,emergency,low HP: quaffed Cure Serious Wounds,custom { item=7 entry=@R700[recall depth 700 ft]; custom r item=7[read 2 Scrolls of Word of Recall {@R700}]; custom r item=6[afraid: phase door away]; custom r item=6[low HP: phase door]; custom q item=5[low HP: quaff Cure Serious Wounds],"goal_failed:explore: explore is for dungeon levels, not the town or wild | goal_done:shop 5 buy Word of Recall:2: You bought a Scroll of Word of  | goal_done:rest"
2026-09-26 16:51:47,1790455907.308,14,57,244,emergency,low HP: read Word of Recall as a last resort,custom { item=7 entry=@R700[recall depth 700 ft]; custom r item=7[read 2 Scrolls of Word of Recall {@R700}]; custom r item=6[afraid: phase door away]; custom r item=6[low HP: phase door]; custom q item=5[low HP: quaff Cure Serious Wounds],"goal_failed:explore: explore is for dungeon levels, not the town or wild | goal_done:shop 5 buy Word of Recall:2: You bought a Scroll of Word of  | goal_done:rest"
2026-09-26 16:51:48,1790455908.222,14,79,244,emergency,low HP: quaffed Cure Serious Wounds,custom { item=7 entry=@R700[recall depth 700 ft]; custom r item=7[read 2 Scrolls of Word of Recall {@R700}]; custom r item=6[afraid: phase door away]; custom r item=6[low HP: phase door]; custom q item=5[low HP: quaff Cure Serious Wounds],"goal_failed:explore: explore is for dungeon levels, not the town or wild | goal_done:shop 5 buy Word of Recall:2: You bought a Scroll of Word of  | goal_done:rest"
2026-09-26 16:51:49,1790455909.741,14,81,244,emergency,low HP: quaffed Cure Serious Wounds,custom { item=7 entry=@R700[recall depth 700 ft]; custom r item=7[read 2 Scrolls of Word of Recall {@R700}]; custom r item=6[afraid: phase door away]; custom r item=6[low HP: phase door]; custom q item=5[low HP: quaff Cure Serious Wounds],"goal_failed:explore: explore is for dungeon levels, not the town or wild | goal_done:shop 5 buy Word of Recall:2: You bought a Scroll of Word of  | goal_done:rest"
2026-09-26 16:52:09,1790455929.898,0,126,244,goal_failed,"explore: explore is for dungeon levels, not the town or wilderness",custom r item=6[afraid: phase door away]; custom r item=6[low HP: phase door]; custom q item=5[low HP: quaff Cure Serious Wounds]; custom r item=6[low HP: phase door]; custom q item=5[low HP: quaff Cure Serious Wounds],goal_done:shop 5 buy Word of Recall:2: You bought a Scroll of Word of  | goal_done:rest
2026-09-26 16:52:33,1790455953.641,0,244,244,goal_done,shop 5 buy Word of Recall:2: You bought a Scroll of Word of Recall for 234 gold.,custom q item=5[low HP: quaff Cure Serious Wounds]; rest[rest]; rest[stop resting]; walk 1[enter store 5]; custom p store item=12 value=1 entry=234[buy 99 Scrolls of Word of Recall x1],goal_done:rest
2026-09-26 16:52:33,1790455953.943,0,244,244,goal_done,rest,custom q item=5[low HP: quaff Cure Serious Wounds]; rest[rest]; rest[stop resting]; walk 1[enter store 5]; custom p store item=12 value=1 entry=234[buy 99 Scrolls of Word of Recall x1],
2026-09-26 16:54:29,1790456069.427,0,244,244,parked,logging out for a Pilot update; back in a minute -- re-issue your goal when you see 'started',,
2026-09-26 16:54:33,1790456073.156,,0,1,started,in the game at None (depth),,
2026-09-26 21:02:24,1790470944.196,0,244,244,low_supply,lantern at 2900 turns and no flasks of oil,,
2026-09-26 21:04:24,1790471064.441,0,244,244,low_supply,lantern at 2700 turns and no flasks of oil,,
2026-09-26 21:06:24,1790471184.681,0,244,244,low_supply,lantern at 2400 turns and no flasks of oil,,
2026-09-26 21:08:24,1790471304.912,0,244,244,low_supply,lantern at 2200 turns and no flasks of oil,,
2026-09-26 21:10:25,1790471425.161,0,244,244,low_supply,lantern at 2000 turns and no flasks of oil,,
2026-09-26 21:12:25,1790471545.401,0,244,244,low_supply,lantern at 1700 turns and no flasks of oil,,
2026-09-26 21:14:25,1790471665.641,0,244,244,low_supply,lantern at 1500 turns and no flasks of oil,,
2026-09-26 21:16:25,1790471785.877,0,244,244,low_supply,lantern at 1200 turns and no flasks of oil,,
2026-09-26 21:18:26,1790471906.121,0,244,244,low_supply,lantern at 1000 turns and no flasks of oil,,
2026-09-26 21:20:26,1790472026.366,0,244,244,low_supply,lantern at 700 turns and no flasks of oil,,
2026-09-26 21:22:26,1790472146.604,0,244,244,low_supply,lantern at 500 turns and no flasks of oil,,
2026-09-26 21:24:26,1790472266.838,0,244,244,low_supply,lantern at 300 turns and no flasks of oil,,
2026-09-26 21:26:27,1790472387.078,0,244,244,low_supply,lantern at 0 turns and no flasks of oil,,
2026-09-26 21:28:27,1790472507.44,0,244,244,low_supply,lantern at 0 turns and no flasks of oil,,
2026-09-26 21:30:28,1790472628.397,0,244,244,low_supply,lantern at 0 turns and no flasks of oil,,
2026-09-26 21:32:29,1790472749.367,0,244,244,low_supply,lantern at 0 turns and no flasks of oil,,
2026-09-26 21:34:30,1790472870.318,0,244,244,low_supply,lantern at 0 turns and no flasks of oil,,
2026-09-26 21:36:31,1790472991.273,0,244,244,low_supply,lantern at 0 turns and no flasks of oil,,
2026-09-26 21:38:32,1790473112.222,0,244,244,low_supply,lantern at 0 turns and no flasks of oil,,
2026-09-26 21:40:33,1790473233.191,0,244,244,low_supply,lantern at 0 turns and no flasks of oil,,
2026-09-26 21:42:34,1790473354.137,0,244,244,low_supply,lantern at 0 turns and no flasks of oil,,
2026-09-26 21:44:35,1790473475.094,0,244,244,low_supply,lantern at 0 turns and no flasks of oil,,
2026-09-26 21:46:36,1790473596.055,0,244,244,low_supply,lantern at 0 turns and no flasks of oil,,
2026-09-26 21:48:37,1790473717.005,0,244,244,low_supply,lantern at 0 turns and no flasks of oil,,
2026-09-26 21:50:37,1790473837.964,0,244,244,low_supply,lantern at 0 turns and no flasks of oil,,
2026-09-26 21:52:38,1790473958.933,0,244,244,low_supply,lantern at 0 turns and no flasks of oil,,
2026-09-26 21:54:39,1790474079.895,0,244,244,low_supply,lantern at 0 turns and no flasks of oil,,
2026-09-26 21:56:40,1790474200.868,0,244,244,low_supply,lantern at 0 turns and no flasks of oil,,
2026-09-26 21:58:41,1790474321.818,0,244,244,low_supply,lantern at 0 turns and no flasks of oil,,
2026-09-26 22:00:42,1790474442.786,0,244,244,low_supply,lantern at 0 turns and no flasks of oil,,
2026-09-26 22:02:43,1790474563.735,0,244,244,low_supply,lantern at 0 turns and no flasks of oil,,
2026-09-26 22:04:44,1790474684.694,0,244,244,low_supply,lantern at 0 turns and no flasks of oil,,
2026-09-26 22:06:45,1790474805.664,0,244,244,low_supply,lantern at 0 turns and no flasks of oil,,
2026-09-26 22:08:46,1790474926.623,0,244,244,low_supply,lantern at 0 turns and no flasks of oil,,
2026-09-26 22:10:47,1790475047.589,0,244,244,low_supply,lantern at 0 turns and no flasks of oil,,
2026-09-26 22:12:48,1790475168.542,0,244,244,low_supply,lantern at 0 turns and no flasks of oil,,
2026-09-26 22:14:49,1790475289.489,0,244,244,low_supply,lantern at 0 turns and no flasks of oil,,
2026-09-26 22:16:50,1790475410.457,0,244,244,low_supply,lantern at 0 turns and no flasks of oil,,
2026-09-26 22:18:51,1790475531.41,0,244,244,low_supply,lantern at 0 turns and no flasks of oil,,
2026-09-26 22:20:52,1790475652.381,0,244,244,low_supply,lantern at 0 turns and no flasks of oil,,
2026-09-26 22:22:53,1790475773.342,0,244,244,low_supply,lantern at 0 turns and no flasks of oil,,
2026-09-26 22:24:53,1790475893.875,0,244,244,low_supply,lantern at 0 turns and no flasks of oil,,
2026-09-26 22:26:54,1790476014.131,0,244,244,low_supply,lantern at 0 turns and no flasks of oil,,
2026-09-26 22:28:54,1790476134.381,0,244,244,low_supply,lantern at 0 turns and no flasks of oil,,
2026-09-26 22:30:54,1790476254.618,0,244,244,low_supply,lantern at 0 turns and no flasks of oil,,
2026-09-26 22:32:54,1790476374.871,0,244,244,low_supply,lantern at 0 turns and no flasks of oil,,
2026-09-26 22:34:55,1790476495.128,0,244,244,low_supply,lantern at 0 turns and no flasks of oil,,
2026-09-26 22:36:55,1790476615.388,0,244,244,low_supply,lantern at 0 turns and no flasks of oil,,
2026-09-26 22:38:55,1790476735.629,0,244,244,low_supply,lantern at 0 turns and no flasks of oil,,
2026-09-26 22:40:55,1790476855.871,0,244,244,low_supply,lantern at 0 turns and no flasks of oil,,
2026-09-26 22:42:56,1790476976.112,0,244,244,low_supply,lantern at 0 turns and no flasks of oil,,
2026-09-26 22:44:56,1790477096.365,0,244,244,low_supply,lantern at 0 turns and no flasks of oil,,
2026-09-26 22:46:56,1790477216.622,0,244,244,low_supply,lantern at 0 turns and no flasks of oil,,
2026-09-26 22:48:56,1790477336.89,0,244,244,low_supply,lantern at 0 turns and no flasks of oil,,
2026-09-26 22:50:57,1790477457.139,0,244,244,low_supply,lantern at 0 turns and no flasks of oil,,
2026-09-26 22:52:57,1790477577.377,0,244,244,low_supply,lantern at 0 turns and no flasks of oil,,
2026-09-26 22:54:57,1790477697.618,0,244,244,low_supply,lantern at 0 turns and no flasks of oil,,
2026-09-26 22:56:57,1790477817.869,0,244,244,low_supply,lantern at 0 turns and no flasks of oil,,
2026-09-26 22:58:58,1790477938.105,0,244,244,low_supply,lantern at 0 turns and no flasks of oil,,
2026-09-26 23:00:58,1790478058.321,0,244,244,low_supply,lantern at 0 turns and no flasks of oil,,
2026-09-26 23:02:58,1790478178.56,0,244,244,low_supply,lantern at 0 turns and no flasks of oil,,
2026-09-26 23:04:58,1790478298.801,0,244,244,low_supply,lantern at 0 turns and no flasks of oil,,
2026-09-27 11:07:04,1790521624.832,,0,1,started,in the game at None (depth),,goal_done:shop 1 buy Flask:5 sell Satisfy Hunger:2: I don't want that! | goal_done:shop 5 buy Identify:1 sell Slow Poison:2 sell Satisfy Hunger | goal_done:shop 5 buy Word of Recall:1: can't afford 4 Scrolls of Word 
2026-09-27 11:07:04,1790521624.837,0,244,244,low_supply,lantern at 0 turns and no flasks of oil,,goal_done:shop 1 buy Flask:5 sell Satisfy Hunger:2: I don't want that! | goal_done:shop 5 buy Identify:1 sell Slow Poison:2 sell Satisfy Hunger | goal_done:shop 5 buy Word of Recall:1: can't afford 4 Scrolls of Word 
2026-09-27 11:07:54,1790521674.777,0,244,244,goal_done,shop 1 buy Flask:5 sell Satisfy Hunger:2: I don't want that!; You bought 5 Flasks of oil for 25 gold.,walk 3[enter store 1]; custom s store item=7 value=2[sell 7x2]; custom p store item=4 value=5 entry=25[buy 99 Flasks of oil x5]; leave[leave store]; custom F item=2[refill lantern (0 turns left)],goal_done:shop 5 buy Identify:1 sell Slow Poison:2 sell Satisfy Hunger | goal_done:shop 5 buy Word of Recall:1: can't afford 4 Scrolls of Word  | goal_done:shop 5 sell Cure Light:1: You sold a Potion of Cure Light Wo
2026-09-27 11:08:08,1790521688.929,0,244,244,goal_done,shop 5 buy Identify:1 sell Slow Poison:2 sell Satisfy Hunger:2 sell Scroll of Light:1: You sold 2 Potions of Slow Poison for 22 gold.; You sold 2 Scrolls of Satisfy Hunger for 8 gold.; You sold a Scro,walk 3[enter store 1]; custom s store item=7 value=2[sell 7x2]; custom p store item=4 value=5 entry=25[buy 99 Flasks of oil x5]; leave[leave store]; custom F item=2[refill lantern (0 turns left)],goal_done:shop 5 buy Word of Recall:1: can't afford 4 Scrolls of Word  | goal_done:shop 5 sell Cure Light:1: You sold a Potion of Cure Light Wo
2026-09-27 11:08:22,1790521702.582,0,244,244,goal_done,shop 5 buy Word of Recall:1: can't afford 4 Scrolls of Word of Recall {25% off} (176),walk 3[enter store 1]; custom s store item=7 value=2[sell 7x2]; custom p store item=4 value=5 entry=25[buy 99 Flasks of oil x5]; leave[leave store]; custom F item=2[refill lantern (0 turns left)],goal_done:shop 5 sell Cure Light:1: You sold a Potion of Cure Light Wo
2026-09-27 11:08:32,1790521712.857,0,244,244,goal_done,shop 5 sell Cure Light:1: You sold a Potion of Cure Light Wounds for 7 gold.,walk 3[enter store 1]; custom s store item=7 value=2[sell 7x2]; custom p store item=4 value=5 entry=25[buy 99 Flasks of oil x5]; leave[leave store]; custom F item=2[refill lantern (0 turns left)],
2026-09-27 11:25:17,1790522717.076,4,244,244,goal_done,goto >,custom >[stairs >]; custom <[stairs <]; custom >[stairs >]; custom <[stairs <]; custom >[stairs >],goal_done:dive 450ft: reached 450 ft
2026-09-27 11:26:02,1790522762.405,9,244,244,goal_done,dive 450ft: reached 450 ft,custom >[stairs >]; custom <[stairs <]; custom >[stairs >]; custom <[stairs <]; custom >[stairs >],
2026-09-27 11:36:30,1790523390.818,9,244,244,breeders,"3 breeding monsters in view (Blue worm mass): leave this level (stairs, or recall)",,"goal_done:goto 41,79"
2026-09-27 11:38:00,1790523480.654,9,244,244,goal_done,"goto 41,79","custom ,[pick up: a Rosewood Staff.]; custom ,[agent: pickup]; custom ,[pick up: a Potion of Berserk Strength.]; custom ,[agent: pickup]","goal_done:goto 40,77 | goal_done:goto 27,50"
2026-09-27 11:38:08,1790523488.421,9,244,244,goal_done,"goto 40,77","custom ,[pick up: a Rosewood Staff.]; custom ,[agent: pickup]; custom ,[pick up: a Potion of Berserk Strength.]; custom ,[agent: pickup]","goal_done:goto 27,50"
2026-09-27 11:38:28,1790523508.729,9,244,244,goal_done,"goto 27,50","custom ,[pick up: a Rosewood Staff.]; custom ,[agent: pickup]; custom ,[pick up: a Potion of Berserk Strength.]; custom ,[agent: pickup]",
2026-09-27 11:40:07,1790523607.427,9,244,244,goal_done,"goto 40,17","custom ,[pick up: a Bubbling Potion.]; custom ,[agent: pickup]; custom ,[pick up: a Copper Wand.]; eat 0[hungry (2)]",
2026-09-27 11:45:03,1790523903.974,9,244,244,goal_done,explore: nothing left to explore,"custom k item=13 value=25[agent: destroy ['Iron_Spikes', 'all']]",goal_done:dive 500ft: reached 500 ft
2026-09-27 11:46:08,1790523968.684,10,244,244,goal_done,dive 500ft: reached 500 ft,custom >[stairs >],
2026-09-27 11:52:14,1790524334.522,10,244,244,breeders,"3 breeding monsters in view (Blue worm mass): leave this level (stairs, or recall)",,
2026-09-27 11:55:58,1790524558.887,0,256,256,goal_done,recall: arrived at 0 ft,"custom ,[pick up: a Potion of Cure Light Wounds.]; custom ,[pick up: a Molybdenum Rod.]; custom r item=8[read a Scroll of Word of Recall]; walk 3[enter store 3]; custom k item=14 value=1[autodestroy a Lance (2d8) {cursed}]","goal_done:shop 3 sell Lance:1: no Lance to sell | goal_done:shop 2 sell Robe:1: You sold a Robe [2,+1] for 2 gold. | goal_done:shop 6 sell Molybdenum Rod:1 sell Copper Wand:1 sell Rosewoo"
2026-09-27 11:56:15,1790524575.851,0,256,256,goal_done,shop 3 sell Lance:1: no Lance to sell,"custom ,[pick up: a Molybdenum Rod.]; custom r item=8[read a Scroll of Word of Recall]; walk 3[enter store 3]; custom k item=14 value=1[autodestroy a Lance (2d8) {cursed}]; leave[leave store]","goal_done:shop 2 sell Robe:1: You sold a Robe [2,+1] for 2 gold. | goal_done:shop 6 sell Molybdenum Rod:1 sell Copper Wand:1 sell Rosewoo | goal_done:shop 5 buy Word of Recall:2 buy Boldness:2 sell Magenta:1 se"
2026-09-27 11:56:19,1790524579.327,0,256,256,goal_done,"shop 2 sell Robe:1: You sold a Robe [2,+1] for 2 gold.","custom ,[pick up: a Molybdenum Rod.]; custom r item=8[read a Scroll of Word of Recall]; walk 3[enter store 3]; custom k item=14 value=1[autodestroy a Lance (2d8) {cursed}]; leave[leave store]",goal_done:shop 6 sell Molybdenum Rod:1 sell Copper Wand:1 sell Rosewoo | goal_done:shop 5 buy Word of Recall:2 buy Boldness:2 sell Magenta:1 se
2026-09-27 11:56:39,1790524599.794,0,256,256,goal_done,shop 6 sell Molybdenum Rod:1 sell Copper Wand:1 sell Rosewood Staff:1: You sold a Rod of Light for 42 gold.; You sold a Wand of Haste Monster (9 charges) for 24 gold.; You sold a Staff of Object Locat,walk 3[enter store 3]; custom k item=14 value=1[autodestroy a Lance (2d8) {cursed}]; leave[leave store]; walk 1[enter store 2]; custom s store item=13 value=1[sell 13x1],goal_done:shop 5 buy Word of Recall:2 buy Boldness:2 sell Magenta:1 se
2026-09-27 11:56:51,1790524611.175,0,256,256,goal_done,shop 5 buy Word of Recall:2 buy Boldness:2 sell Magenta:1 sell Bubbling:1 sell munger:1 sell Object Detection:1: You sold a Potion of Confusion for 9 gold.; You sold a Potion of Neutralize Poison for ,walk 3[enter store 3]; custom k item=14 value=1[autodestroy a Lance (2d8) {cursed}]; leave[leave store]; walk 1[enter store 2]; custom s store item=13 value=1[sell 13x1],
2026-09-27 12:05:08,1790525108.874,0,256,256,parked,logging out for a Pilot update; back in a minute -- re-issue your goal when you see 'started',,"goal_done:goto 27,115 | goal_done:goto 26,115 | goal_done:goto 22,116"
2026-09-27 12:05:12,1790525112.726,,0,1,started,in the game at None (depth),,"goal_done:goto 27,115 | goal_done:goto 26,115 | goal_done:goto 22,116"
2026-09-27 12:06:03,1790525163.181,0,256,256,goal_done,"goto 27,115","custom ,[agent: pickup]; custom { item=6 entry=@R600[recall depth 600 ft]; custom r item=6[read 2 Scrolls of Word of Recall {@R600}]","goal_done:goto 26,115 | goal_done:goto 22,116 | goal:recall"
2026-09-27 12:06:08,1790525168.277,0,256,256,goal_done,"goto 26,115","custom ,[agent: pickup]; custom { item=6 entry=@R600[recall depth 600 ft]; custom r item=6[read 2 Scrolls of Word of Recall {@R600}]","goal_done:goto 22,116 | goal:recall | goal_done:recall: arrived at 600 ft"
2026-09-27 12:06:10,1790525170.267,0,256,256,goal_done,"goto 22,116","custom ,[agent: pickup]; custom { item=6 entry=@R600[recall depth 600 ft]; custom r item=6[read 2 Scrolls of Word of Recall {@R600}]",goal:recall | goal_done:recall: arrived at 600 ft | emergency_loop:third emergency in 90 s and no stairs known nearby: consider
2026-09-27 12:06:36,1790525196.715,12,256,256,goal_done,recall: arrived at 600 ft,"custom ,[agent: pickup]; custom { item=6 entry=@R600[recall depth 600 ft]; custom r item=6[read 2 Scrolls of Word of Recall {@R600}]; custom r item=5[low HP: phase door]; custom q item=4[low HP: quaff 14 Potions of Cure Light Wounds]",emergency_loop:third emergency in 90 s and no stairs known nearby: consider
2026-09-27 12:06:40,1790525200.005,12,256,256,unseen_attacker,'It fires an arrow!': something unseen is attacking and no stairs are known: consider Word of Recall or Phase Door,"custom ,[agent: pickup]; custom { item=6 entry=@R600[recall depth 600 ft]; custom r item=6[read 2 Scrolls of Word of Recall {@R600}]; custom r item=5[low HP: phase door]; custom q item=4[low HP: quaff 14 Potions of Cure Light Wounds]",emergency_loop:third emergency in 90 s and no stairs known nearby: consider
2026-09-27 12:07:00,1790525220.007,12,193,256,unseen_attacker,'It fires an arrow!': something unseen is attacking and no stairs are known: consider Word of Recall or Phase Door,"custom ,[agent: pickup]; custom { item=6 entry=@R600[recall depth 600 ft]; custom r item=6[read 2 Scrolls of Word of Recall {@R600}]; custom r item=5[low HP: phase door]; custom q item=4[low HP: quaff 14 Potions of Cure Light Wounds]",emergency_loop:third emergency in 90 s and no stairs known nearby: consider
2026-09-27 12:07:04,1790525224.23,12,138,256,fight_going_badly,HP 138/256 fighting Black orc,custom { item=6 entry=@R600[recall depth 600 ft]; custom r item=6[read 2 Scrolls of Word of Recall {@R600}]; custom r item=5[low HP: phase door]; custom q item=4[low HP: quaff 14 Potions of Cure Light Wounds]; rest[rest],emergency_loop:third emergency in 90 s and no stairs known nearby: consider
2026-09-27 12:07:07,1790525227.591,12,102,256,emergency,"low HP: read Phase Door (Orc captain, Snaga adjacent)",custom { item=6 entry=@R600[recall depth 600 ft]; custom r item=6[read 2 Scrolls of Word of Recall {@R600}]; custom r item=5[low HP: phase door]; custom q item=4[low HP: quaff 14 Potions of Cure Light Wounds]; rest[rest],emergency_loop:third emergency in 90 s and no stairs known nearby: consider
2026-09-27 12:07:08,1790525228.202,12,99,256,emergency,low HP: quaffed 14 Potions of Cure Light Wounds (losing ~6 HP/s),custom { item=6 entry=@R600[recall depth 600 ft]; custom r item=6[read 2 Scrolls of Word of Recall {@R600}]; custom r item=5[low HP: phase door]; custom q item=4[low HP: quaff 14 Potions of Cure Light Wounds]; rest[rest],emergency_loop:third emergency in 90 s and no stairs known nearby: consider
2026-09-27 12:07:14,1790525234.353,12,134,256,fight_going_badly,HP 134/256 fighting Hill orc,custom r item=5[low HP: phase door]; custom q item=4[low HP: quaff 14 Potions of Cure Light Wounds]; rest[rest]; rest[stop resting]; rest[rest],emergency_loop:third emergency in 90 s and no stairs known nearby: consider
2026-09-27 12:07:24,1790525244.393,12,107,256,fight_going_badly,HP 107/256 fighting Snaga,custom r item=5[low HP: phase door]; custom q item=4[low HP: quaff 14 Potions of Cure Light Wounds]; rest[rest]; rest[stop resting]; rest[rest],emergency_loop:third emergency in 90 s and no stairs known nearby: consider
2026-09-27 12:07:26,1790525246.367,12,104,256,unseen_attacker,'losing HP (1/s) with nothing in view': something unseen is attacking and no stairs are known: consider Word of Recall or Phase Door,custom r item=5[low HP: phase door]; custom q item=4[low HP: quaff 14 Potions of Cure Light Wounds]; rest[rest]; rest[stop resting]; rest[rest],emergency_loop:third emergency in 90 s and no stairs known nearby: consider
2026-09-27 12:07:34,1790525254.425,12,114,256,fight_going_badly,HP 114/256 fighting Snaga,custom r item=5[low HP: phase door]; custom q item=4[low HP: quaff 14 Potions of Cure Light Wounds]; rest[rest]; rest[stop resting]; rest[rest],emergency_loop:third emergency in 90 s and no stairs known nearby: consider | goal_failed:explore: frontier unreachable
2026-09-27 12:07:35,1790525255.242,12,100,256,emergency,"low HP: read Phase Door (Black orc, Snaga adjacent)",custom r item=5[low HP: phase door]; custom q item=4[low HP: quaff 14 Potions of Cure Light Wounds]; rest[rest]; rest[stop resting]; rest[rest],emergency_loop:third emergency in 90 s and no stairs known nearby: consider | goal_failed:explore: frontier unreachable
2026-09-27 12:07:35,1790525255.852,12,101,256,emergency_loop,third emergency in 90 s and no stairs known nearby: consider Word of Recall or leaving this area,custom r item=5[low HP: phase door]; custom q item=4[low HP: quaff 14 Potions of Cure Light Wounds]; rest[rest]; rest[stop resting]; rest[rest],goal_failed:explore: frontier unreachable
2026-09-27 12:07:35,1790525255.852,12,101,256,emergency,low HP: quaffed 13 Potions of Cure Light Wounds (losing ~5 HP/s),custom r item=5[low HP: phase door]; custom q item=4[low HP: quaff 14 Potions of Cure Light Wounds]; rest[rest]; rest[stop resting]; rest[rest],goal_failed:explore: frontier unreachable
2026-09-27 12:08:41,1790525321.914,12,243,256,unseen_attacker,'losing HP (5/s) with nothing in view': something unseen is attacking and no stairs are known: consider Word of Recall or Phase Door,"custom ,[pick up: a Set of Gauntlets [2].]; custom k item=8 value=1[autodestroy a Set of Gauntlets [2] {average}]","goal_failed:explore: frontier unreachable | goal_failed:goto 17,64: no known path | goal_failed:goto 16,64: no known path"
2026-09-27 12:08:57,1790525337.803,12,256,256,goal_failed,explore: frontier unreachable,"custom ,[pick up: a Set of Gauntlets [2].]; custom k item=8 value=1[autodestroy a Set of Gauntlets [2] {average}]; custom s[search for secret doors]; custom s[search for secret doors]; custom s[search for secret doors]","goal_failed:goto 17,64: no known path | goal_failed:goto 16,64: no known path | goal_failed:goto 15,65: no known path"
2026-09-27 12:09:07,1790525347.987,12,256,256,goal_failed,"goto 17,64: no known path","custom ,[pick up: a Set of Gauntlets [2].]; custom k item=8 value=1[autodestroy a Set of Gauntlets [2] {average}]; custom s[search for secret doors]; custom s[search for secret doors]; custom s[search for secret doors]","goal_failed:goto 16,64: no known path | goal_failed:goto 15,65: no known path | goal_failed:goto 15,66: no known path"
2026-09-27 12:09:08,1790525348.089,12,256,256,goal_failed,"goto 16,64: no known path","custom ,[pick up: a Set of Gauntlets [2].]; custom k item=8 value=1[autodestroy a Set of Gauntlets [2] {average}]; custom s[search for secret doors]; custom s[search for secret doors]; custom s[search for secret doors]","goal_failed:goto 15,65: no known path | goal_failed:goto 15,66: no known path | goal_failed:dive 550ft: no stairs found: frontier unreachable"
2026-09-27 12:09:08,1790525348.192,12,256,256,goal_failed,"goto 15,65: no known path","custom ,[pick up: a Set of Gauntlets [2].]; custom k item=8 value=1[autodestroy a Set of Gauntlets [2] {average}]; custom s[search for secret doors]; custom s[search for secret doors]; custom s[search for secret doors]","goal_failed:goto 15,66: no known path | goal_failed:dive 550ft: no stairs found: frontier unreachable"
2026-09-27 12:09:08,1790525348.294,12,256,256,goal_failed,"goto 15,66: no known path","custom ,[pick up: a Set of Gauntlets [2].]; custom k item=8 value=1[autodestroy a Set of Gauntlets [2] {average}]; custom s[search for secret doors]; custom s[search for secret doors]; custom s[search for secret doors]",goal_failed:dive 550ft: no stairs found: frontier unreachable
2026-09-27 12:09:26,1790525366.539,12,256,256,goal_failed,dive 550ft: no stairs found: frontier unreachable,"custom ,[pick up: a Set of Gauntlets [2].]; custom k item=8 value=1[autodestroy a Set of Gauntlets [2] {average}]; custom s[search for secret doors]; custom s[search for secret doors]; custom s[search for secret doors]",goal_done:search dead ends: found a way on
2026-09-27 12:10:55,1790525455.732,12,256,256,goal_done,search dead ends: found a way on,custom s[search for secret doors]; custom s[search for secret doors]; custom s[search for secret doors]; custom s[search for secret doors]; custom s[search for secret doors],"goal_failed:explore: frontier unreachable | goal_failed:goto 7,90: stuck | goal:recall"
2026-09-27 12:11:10,1790525470.023,12,256,256,goal_failed,explore: frontier unreachable,custom s[search for secret doors]; custom s[search for secret doors]; custom s[search for secret doors]; custom s[search for secret doors]; custom s[search for secret doors],"goal_failed:goto 7,90: stuck | goal:recall | goal_done:recall: arrived at 0 ft"
2026-09-27 12:11:29,1790525489.993,12,256,256,goal_failed,"goto 7,90: stuck",custom s[search for secret doors]; custom s[search for secret doors]; custom s[search for secret doors]; custom s[search for secret doors]; custom s[search for secret doors],goal:recall | goal_done:recall: arrived at 0 ft | goal_done:shop 6 sell Corundum:1: You sold a Ring of Feather Falling f
2026-09-27 12:12:03,1790525523.79,0,256,256,goal_done,recall: arrived at 0 ft,eat 0[hungry (2)]; custom r item=6[read a Scroll of Word of Recall {@R600}]; walk 3[enter store 6]; custom s store item=6 value=1[sell 6x1]; leave[leave store],goal_done:shop 6 sell Corundum:1: You sold a Ring of Feather Falling f | goal_done:shop 5 buy Word of Recall:1: You bought a Scroll of Word of  | goal_done:shop 5 buy Word of Recall:2: You bought a Scroll of Word of 
2026-09-27 12:12:21,1790525541.35,0,256,256,goal_done,shop 6 sell Corundum:1: You sold a Ring of Feather Falling for 21 gold.,custom r item=6[read a Scroll of Word of Recall {@R600}]; walk 3[enter store 6]; custom s store item=6 value=1[sell 6x1]; leave[leave store]; walk 1[enter store 5],goal_done:shop 5 buy Word of Recall:1: You bought a Scroll of Word of  | goal_done:shop 5 buy Word of Recall:2: You bought a Scroll of Word of  | goal_done:shop 5 buy Word of Recall:1: can't afford 99 Scrolls of Word
2026-09-27 12:12:30,1790525550.496,0,256,256,goal_done,shop 5 buy Word of Recall:1: You bought a Scroll of Word of Recall {75% off} for 59 gold.,custom r item=6[read a Scroll of Word of Recall {@R600}]; walk 3[enter store 6]; custom s store item=6 value=1[sell 6x1]; leave[leave store]; walk 1[enter store 5],goal_done:shop 5 buy Word of Recall:2: You bought a Scroll of Word of  | goal_done:shop 5 buy Word of Recall:1: can't afford 99 Scrolls of Word | goal_done:shop 5 buy Phase Door:4: You bought 4 Scrolls of Phase Door 
2026-09-27 12:12:35,1790525555.696,0,256,256,goal_done,shop 5 buy Word of Recall:2: You bought a Scroll of Word of Recall {75% off} for 59 gold.,walk 3[enter store 6]; custom s store item=6 value=1[sell 6x1]; leave[leave store]; walk 1[enter store 5]; custom p store item=15 value=1 entry=59[buy 2 Scrolls of Word of Recall {75% off} x1],goal_done:shop 5 buy Word of Recall:1: can't afford 99 Scrolls of Word | goal_done:shop 5 buy Phase Door:4: You bought 4 Scrolls of Phase Door  | goal:recall
2026-09-27 12:12:40,1790525560.846,0,256,256,goal_done,"shop 5 buy Word of Recall:1: can't afford 99 Scrolls of Word of Recall (234 each, the cheapest in stock)",walk 3[enter store 6]; custom s store item=6 value=1[sell 6x1]; leave[leave store]; walk 1[enter store 5]; custom p store item=15 value=1 entry=59[buy 2 Scrolls of Word of Recall {75% off} x1],goal_done:shop 5 buy Phase Door:4: You bought 4 Scrolls of Phase Door  | goal:recall | goal_done:recall: arrived at 600 ft
2026-09-27 12:12:47,1790525567.217,0,256,256,goal_done,shop 5 buy Phase Door:4: You bought 4 Scrolls of Phase Door {25% off} for 76 gold.,walk 3[enter store 6]; custom s store item=6 value=1[sell 6x1]; leave[leave store]; walk 1[enter store 5]; custom p store item=15 value=1 entry=59[buy 2 Scrolls of Word of Recall {75% off} x1],goal:recall | goal_done:recall: arrived at 600 ft
2026-09-27 12:13:11,1790525591.887,12,256,256,goal_done,recall: arrived at 600 ft,walk 1[enter store 5]; custom p store item=15 value=1 entry=59[buy 2 Scrolls of Word of Recall {75% off} x1]; leave[leave store]; walk 1[enter store 5]; custom p store item=15 value=1 entry=59[buy a Scroll of Word of Recall {75% off} x1],
2026-09-27 12:13:26,1790525606.715,12,256,256,unseen_attacker,'losing HP (0/s) with nothing in view': something unseen is attacking and no stairs are known: consider Word of Recall or Phase Door,walk 1[enter store 5]; custom p store item=13 value=4 entry=76[buy 50 Scrolls of Phase Door {25% off} x4]; leave[leave store]; custom { item=6 entry=@R600[recall depth 600 ft]; custom r item=6[read 2 Scrolls of Word of Recall {@R600}],
2026-09-27 12:13:51,1790525631.376,12,256,256,unseen_attacker,'It fires an arrow.': something unseen is attacking and no stairs are known: consider Word of Recall or Phase Door,"custom ,[pick up: a Pair of Soft Leather Boots [2].]",
2026-09-27 12:14:14,1790525654.328,12,238,256,unseen_attacker,'losing HP (6/s) with nothing in view': something unseen is attacking and no stairs are known: consider Word of Recall or Phase Door,"custom ,[pick up: a Pair of Soft Leather Boots [2].]",
2026-09-27 12:15:42,1790525742.637,12,256,256,unseen_attacker,'It touches you.': something unseen is attacking while explore; heading for the stairs,"custom ,[pick up: a Redwood Staff.]; custom k item=8 value=1[autodestroy a Pair of Soft Leather Boots [2] {worthless}]; custom >[stairs >]; custom <[stairs <]",goal_done:flee (unseen attacker): left by the stairs | goal_failed:explore: 650 ft is below max_depth 600: go up first
2026-09-27 12:15:42,1790525742.842,12,253,256,stat_drained,DEX drained (blows 3); restore at the Alchemist/Temple,"custom ,[pick up: a Redwood Staff.]; custom k item=8 value=1[autodestroy a Pair of Soft Leather Boots [2] {worthless}]; custom >[stairs >]; custom <[stairs <]",goal_done:flee (unseen attacker): left by the stairs | goal_failed:explore: 650 ft is below max_depth 600: go up first
2026-09-27 12:16:08,1790525768.076,12,256,256,goal_done,flee (unseen attacker): left by the stairs,custom k item=8 value=1[autodestroy a Pair of Soft Leather Boots [2] {worthless}]; custom >[stairs >]; custom <[stairs <],goal_failed:explore: 650 ft is below max_depth 600: go up first
2026-09-27 12:16:19,1790525779.525,13,256,256,goal_failed,explore: 650 ft is below max_depth 600: go up first,"custom >[stairs >]; custom <[stairs <]; custom ,[pick up: a Scroll of Magic Mapping.]",
2026-09-27 12:16:27,1790525787.02,12,256,256,unseen_attacker,heard a door burst open: something is coming; be ready to leave,"custom >[stairs >]; custom <[stairs <]; custom ,[pick up: a Scroll of Magic Mapping.]",
2026-09-27 12:17:08,1790525828.331,12,252,256,unseen_attacker,'losing HP (2/s) with nothing in view': something unseen is attacking while explore; heading for the stairs,"custom <[stairs <]; custom ,[pick up: a Scroll of Magic Mapping.]",
2026-09-27 12:18:15,1790525895.87,12,255,256,unseen_attacker,'losing HP (1/s) with nothing in view': something unseen is attacking while explore; heading for the stairs,"custom ,[pick up: a Ring of Teleportation {cursed}.]; custom k item=9 value=1[autodestroy a Ring of Teleportation {cursed}]","goal_done:goto 38,47"
2026-09-27 12:18:55,1790525935.399,12,254,256,unseen_attacker,'losing HP (1/s) with nothing in view': something unseen is attacking while explore; heading for the stairs,"custom ,[pick up: a Ring of Teleportation {cursed}.]; custom k item=9 value=1[autodestroy a Ring of Teleportation {cursed}]; custom ,[pick up: a Nickel-Plated Wand.]; custom ,[pick up: a Set of Leather Gloves [1].]","goal_done:goto 38,47"
2026-09-27 12:19:14,1790525954.414,12,256,256,goal_done,"goto 38,47","custom ,[pick up: a Nickel-Plated Wand.]; custom ,[pick up: a Set of Leather Gloves [1].]; custom k item=10 value=1[autodestroy a Set of Leather Gloves [1] {cursed}]",
2026-09-27 12:20:26,1790526026.891,12,256,256,unseen_attacker,'It hits you.': something unseen is attacking while explore; heading for the stairs,custom k item=10 value=1[autodestroy a Set of Leather Gloves [1] {cursed}]; custom r item=6[agent: read ['Word_of_Recall']]; walk 3[enter store 6]; custom s store item=7 value=1[sell 7x1]; custom s store item=7 value=1[sell 7x1],goal_failed:flee (unseen attacker): no stairs known | goal_done:shop 6 sell Nickel:1 sell Redwood:1: You sold a Wand of Trap | goal_done:shop 5 buy Word of Recall:1 buy Restore Dex:1: You bought a 
2026-09-27 12:20:47,1790526047.132,0,256,256,goal_failed,flee (unseen attacker): no stairs known,custom r item=6[agent: read ['Word_of_Recall']]; walk 3[enter store 6]; custom s store item=7 value=1[sell 7x1]; custom s store item=7 value=1[sell 7x1]; leave[leave store],goal_done:shop 6 sell Nickel:1 sell Redwood:1: You sold a Wand of Trap | goal_done:shop 5 buy Word of Recall:1 buy Restore Dex:1: You bought a  | goal_done:shop 5 buy Word of Recall:1: You bought a Scroll of Word of 
2026-09-27 12:21:06,1790526066.165,0,256,256,goal_done,shop 6 sell Nickel:1 sell Redwood:1: You sold a Wand of Trap/Door Destruction (8 charges) for 24 gold.; You sold a Staff of Door/Stair Location (13 charges) for 33 gold.,custom r item=6[agent: read ['Word_of_Recall']]; walk 3[enter store 6]; custom s store item=7 value=1[sell 7x1]; custom s store item=7 value=1[sell 7x1]; leave[leave store],goal_done:shop 5 buy Word of Recall:1 buy Restore Dex:1: You bought a  | goal_done:shop 5 buy Word of Recall:1: You bought a Scroll of Word of  | goal:recall
2026-09-27 12:21:17,1790526077.309,0,256,256,goal_done,"shop 5 buy Word of Recall:1 buy Restore Dex:1: You bought a Scroll of Word of Recall {50% off} for 117 gold.; can't afford a Potion of Restore Dexterity {25% off} (351 each, the cheapest in stock)",custom r item=6[agent: read ['Word_of_Recall']]; walk 3[enter store 6]; custom s store item=7 value=1[sell 7x1]; custom s store item=7 value=1[sell 7x1]; leave[leave store],goal_done:shop 5 buy Word of Recall:1: You bought a Scroll of Word of  | goal:recall | goal_done:recall: arrived at 600 ft
2026-09-27 12:21:23,1790526083.268,0,256,256,goal_done,shop 5 buy Word of Recall:1: You bought a Scroll of Word of Recall {50% off} for 117 gold.,walk 3[enter store 6]; custom s store item=7 value=1[sell 7x1]; custom s store item=7 value=1[sell 7x1]; leave[leave store]; walk 1[enter store 5],goal:recall | goal_done:recall: arrived at 600 ft
2026-09-27 12:21:55,1790526115.271,12,256,256,goal_done,recall: arrived at 600 ft,walk 1[enter store 5]; custom p store item=16 value=1 entry=117[buy 7 Scrolls of Word of Recall {50% off} x1]; leave[leave store]; walk 1[enter store 5]; custom p store item=15 value=1 entry=117[buy 7 Scrolls of Word of Recall {50% off} x1],
2026-09-27 12:22:42,1790526162.589,12,249,256,unseen_attacker,'losing HP (3/s) with nothing in view': something unseen is attacking and no stairs are known: consider Word of Recall or Phase Door,,
2026-09-27 12:23:53,1790526233.973,12,250,256,unseen_attacker,'losing HP (3/s) with nothing in view': something unseen is attacking and no stairs are known: consider Word of Recall or Phase Door,,
2026-09-27 12:24:22,1790526262.76,12,254,256,unseen_attacker,'losing HP (1/s) with nothing in view': something unseen is attacking and no stairs are known: consider Word of Recall or Phase Door,,
2026-09-27 12:24:31,1790526271.154,12,256,256,unseen_attacker,heard a door burst open: something is coming; be ready to leave,,
2026-09-27 12:26:21,1790526381.302,12,255,256,unseen_attacker,heard a door burst open: something is coming; be ready to leave,"custom ,[pick up: an Ivory Amulet.]",
2026-09-27 12:26:23,1790526383.897,12,256,256,unseen_attacker,'losing HP (1/s) with nothing in view': something unseen is attacking while explore; heading for the stairs,"custom ,[pick up: an Ivory Amulet.]",
2026-09-27 12:26:45,1790526405.243,12,244,256,unseen_attacker,'losing HP (3/s) with nothing in view': something unseen is attacking while explore; heading for the stairs,"custom ,[pick up: an Ivory Amulet.]",goal_done:flee (unseen attacker): left by the stairs
2026-09-27 12:27:49,1790526469.238,12,254,256,unseen_attacker,'losing HP (1/s) with nothing in view': something unseen is attacking while explore; heading for the stairs,custom >[stairs >]; custom <[stairs <],goal_done:flee (unseen attacker): left by the stairs | goal_done:hunt Giant salamander: slain
2026-09-27 12:28:10,1790526490.575,12,256,256,goal_done,flee (unseen attacker): left by the stairs,custom >[stairs >]; custom <[stairs <],goal_done:hunt Giant salamander: slain
2026-09-27 12:28:19,1790526499.842,13,256,256,unseen_attacker,heard a door burst open: something is coming; be ready to leave,custom >[stairs >]; custom <[stairs <],goal_done:hunt Giant salamander: slain
2026-09-27 12:28:20,1790526500.45,13,256,256,unseen_attacker,heard a door burst open: something is coming; be ready to leave,custom >[stairs >]; custom <[stairs <],goal_done:hunt Giant salamander: slain
2026-09-27 12:28:55,1790526535.469,12,255,256,unseen_attacker,'losing HP (1/s) with nothing in view': something unseen is attacking while explore; heading for the stairs,custom >[stairs >]; custom <[stairs <],goal_done:hunt Giant salamander: slain | goal_done:rest
2026-09-27 12:29:08,1790526548.948,12,239,256,goal_done,hunt Giant salamander: slain,,goal_done:rest
2026-09-27 12:29:59,1790526599.316,12,249,256,unseen_attacker,'losing HP (2/s) with nothing in view': something unseen is attacking while explore; heading for the stairs,custom >[stairs >],goal_done:rest | goal_done:flee (unseen attacker): left by the stairs
2026-09-27 12:30:08,1790526608.082,12,256,256,goal_done,rest,custom >[stairs >]; custom <[stairs <],goal_done:flee (unseen attacker): left by the stairs
2026-09-27 12:30:34,1790526634.667,12,251,256,unseen_attacker,'losing HP (2/s) with nothing in view': something unseen is attacking while explore; heading for the stairs,custom >[stairs >]; custom <[stairs <],goal_done:flee (unseen attacker): left by the stairs
2026-09-27 12:30:44,1790526644.194,12,256,256,goal_done,flee (unseen attacker): left by the stairs,custom >[stairs >]; custom <[stairs <],
2026-09-27 12:32:06,1790526726.415,12,245,256,unseen_attacker,'losing HP (1/s) with nothing in view': something unseen is attacking while explore; heading for the stairs,"custom >[stairs >]; custom <[stairs <]; custom ,[pick up: a Ration of Food.]",goal_done:flee (unseen attacker): left by the stairs | goal_done:flee (unseen attacker): left by the stairs
2026-09-27 12:32:15,1790526735.744,12,256,256,goal_done,flee (unseen attacker): left by the stairs,"custom >[stairs >]; custom <[stairs <]; custom ,[pick up: a Ration of Food.]",goal_done:flee (unseen attacker): left by the stairs | goal_done:flee (unseen attacker): left by the stairs
2026-09-27 12:33:01,1790526781.048,12,254,256,unseen_attacker,'losing HP (1/s) with nothing in view': something unseen is attacking while explore; heading for the stairs,"custom <[stairs <]; custom ,[pick up: a Ration of Food.]; custom >[stairs >]; custom <[stairs <]; custom >[stairs >]",goal_done:flee (unseen attacker): left by the stairs | goal_done:flee (unseen attacker): left by the stairs
2026-09-27 12:33:15,1790526795.796,12,256,256,goal_done,flee (unseen attacker): left by the stairs,"custom ,[pick up: a Ration of Food.]; custom >[stairs >]; custom <[stairs <]; custom >[stairs >]; custom <[stairs <]",goal_done:flee (unseen attacker): left by the stairs
2026-09-27 12:33:34,1790526814.831,12,251,256,unseen_attacker,'losing HP (2/s) with nothing in view': something unseen is attacking while explore; heading for the stairs,custom >[stairs >]; custom <[stairs <]; custom >[stairs >]; custom <[stairs <],goal_done:flee (unseen attacker): left by the stairs | goal_done:flee (unseen attacker): left by the stairs
2026-09-27 12:33:40,1790526820.495,12,256,256,goal_done,flee (unseen attacker): left by the stairs,custom >[stairs >]; custom <[stairs <]; custom >[stairs >]; custom <[stairs <],goal_done:flee (unseen attacker): left by the stairs
2026-09-27 12:34:45,1790526885.616,12,252,256,unseen_attacker,'losing HP (1/s) with nothing in view': something unseen is attacking while explore; heading for the stairs,custom >[stairs >]; custom <[stairs <],goal_done:flee (unseen attacker): left by the stairs | goal_done:flee (unseen attacker): left by the stairs
2026-09-27 12:34:50,1790526890.272,12,256,256,goal_done,flee (unseen attacker): left by the stairs,custom >[stairs >]; custom <[stairs <]; rest[rest],goal_done:flee (unseen attacker): left by the stairs
2026-09-27 12:35:34,1790526934.625,12,170,256,unseen_attacker,'losing HP (3/s) with nothing in view': something unseen is attacking while explore; heading for the stairs,"custom >[stairs >]; custom <[stairs <]; rest[rest]; custom ,[pick up: a Scroll titled ""skinej glenur"".]; custom <[stairs <]",goal_done:flee (unseen attacker): left by the stairs | goal_done:flee (unseen attacker): left by the stairs | goal_failed:hunt Novice ranger: lost sight of it
2026-09-27 12:35:51,1790526951.248,12,173,256,goal_done,flee (unseen attacker): left by the stairs,"rest[rest]; custom ,[pick up: a Scroll titled ""skinej glenur"".]; custom <[stairs <]; rest[rest]; rest[rest]",goal_done:flee (unseen attacker): left by the stairs | goal_failed:hunt Novice ranger: lost sight of it
2026-09-27 12:35:54,1790526954.741,11,174,256,unseen_attacker,'It fires an arrow.': something unseen is attacking and no stairs are known: consider Word of Recall or Phase Door,"rest[rest]; custom ,[pick up: a Scroll titled ""skinej glenur"".]; custom <[stairs <]; rest[rest]; rest[rest]",goal_done:flee (unseen attacker): left by the stairs | goal_failed:hunt Novice ranger: lost sight of it
2026-09-27 12:36:23,1790526983.265,11,136,261,unseen_attacker,'It casts a magic missile.': something unseen is attacking while explore; heading for the stairs,custom <[stairs <]; rest[rest]; rest[rest]; rest[rest]; custom <[stairs <],goal_done:flee (unseen attacker): left by the stairs | goal_failed:hunt Novice ranger: lost sight of it
2026-09-27 12:36:35,1790526995.408,11,144,261,goal_done,flee (unseen attacker): left by the stairs,custom <[stairs <]; rest[rest]; rest[rest]; rest[rest]; custom <[stairs <],goal_failed:hunt Novice ranger: lost sight of it
2026-09-27 12:36:50,1790527010.468,12,261,261,goal_failed,hunt Novice ranger: lost sight of it,custom >[stairs >]; rest[rest]; rest[rest]; rest[rest]; rest[stop resting],
2026-09-27 12:38:40,1790527120.442,12,246,261,unseen_attacker,'losing HP (6/s) with nothing in view': something unseen is attacking while explore; heading for the stairs,custom k item=10 value=1[autodestroy a Shovel (1d2) {cursed}]; custom >[stairs >]; custom r item=6[read a Scroll of Word of Recall {@R600}],goal_done:flee (unseen attacker): left by the stairs | goal:recall | goal_done:recall: arrived at 0 ft
2026-09-27 12:38:59,1790527139.084,12,261,261,goal_done,flee (unseen attacker): left by the stairs,custom >[stairs >]; custom r item=6[read a Scroll of Word of Recall {@R600}]; custom I item=8[agent: inspect ['Ivory_Amulet']]; walk 3[enter store 6]; custom s store item=8 value=1[sell 8x1],goal:recall | goal_done:recall: arrived at 0 ft | goal_done:shop 6 sell Ivory:1: You sold an Amulet of Resist Lightning 
2026-09-27 12:39:22,1790527162.431,0,261,261,goal_done,recall: arrived at 0 ft,custom >[stairs >]; custom r item=6[read a Scroll of Word of Recall {@R600}]; custom I item=8[agent: inspect ['Ivory_Amulet']]; walk 3[enter store 6]; custom s store item=8 value=1[sell 8x1],goal_done:shop 6 sell Ivory:1: You sold an Amulet of Resist Lightning  | goal_done:shop 5 buy Word of Recall:1 sell skinej:1 sell Magic Mapping | goal_done:shop 5 buy Boldness:2 buy Cure Serious:4: no Boldness in sto
2026-09-27 12:39:43,1790527183.598,0,261,261,goal_done,shop 6 sell Ivory:1: You sold an Amulet of Resist Lightning for 21 gold.,custom >[stairs >]; custom r item=6[read a Scroll of Word of Recall {@R600}]; custom I item=8[agent: inspect ['Ivory_Amulet']]; walk 3[enter store 6]; custom s store item=8 value=1[sell 8x1],goal_done:shop 5 buy Word of Recall:1 sell skinej:1 sell Magic Mapping | goal_done:shop 5 buy Boldness:2 buy Cure Serious:4: no Boldness in sto | goal_done:shop 4 buy Boldness:2 buy Cure Serious:4: You bought 2 Potio
2026-09-27 12:39:50,1790527190.579,0,261,261,goal_done,shop 5 buy Word of Recall:1 sell skinej:1 sell Magic Mapping:1: You sold a Scroll of Remove Curse for 9 gold.; You sold a Scroll of Magic Mapping for 18 gold.; You bought a Scroll of Word of Recall fo,custom I item=8[agent: inspect ['Ivory_Amulet']]; walk 3[enter store 6]; custom s store item=8 value=1[sell 8x1]; leave[leave store]; walk 1[enter store 5],goal_done:shop 5 buy Boldness:2 buy Cure Serious:4: no Boldness in sto | goal_done:shop 4 buy Boldness:2 buy Cure Serious:4: You bought 2 Potio
2026-09-27 12:39:57,1790527197.516,0,261,261,goal_done,shop 5 buy Boldness:2 buy Cure Serious:4: no Boldness in stock; no Cure Serious in stock,custom I item=8[agent: inspect ['Ivory_Amulet']]; walk 3[enter store 6]; custom s store item=8 value=1[sell 8x1]; leave[leave store]; walk 1[enter store 5],goal_done:shop 4 buy Boldness:2 buy Cure Serious:4: You bought 2 Potio
2026-09-27 12:40:07,1790527207.82,0,261,261,goal_done,shop 4 buy Boldness:2 buy Cure Serious:4: You bought 2 Potions of Boldness for 30 gold.; You bought 4 Potions of Cure Serious Wounds for 240 gold.,custom I item=8[agent: inspect ['Ivory_Amulet']]; walk 3[enter store 6]; custom s store item=8 value=1[sell 8x1]; leave[leave store]; walk 1[enter store 5],
2026-09-27 12:43:48,1790527428.552,0,261,261,parked,logging out for a Pilot update; back in a minute -- re-issue your goal when you see 'started',custom >[stairs >],
2026-09-27 12:43:52,1790527432.257,,0,1,started,in the game at None (depth),custom >[stairs >],
2026-09-27 12:52:27,1790527947.201,11,261,261,goal_done,dive 550ft: reached 550 ft,custom <[stairs <]; custom >[stairs >]; custom <[stairs <]; custom >[stairs >]; custom <[stairs <],goal_failed:flee (unseen attacker): stuck on the way to the stairs
2026-09-27 12:53:55,1790528035.807,11,245,261,unseen_attacker,'losing HP (5/s) with nothing in view': something unseen is attacking while explore; heading for the stairs,"custom ,[pick up: a Runed Rod.]; custom ,[agent: pickup]","goal_failed:flee (unseen attacker): stuck on the way to the stairs | goal_done:goto 60,148"
2026-09-27 12:53:56,1790528036.983,11,246,261,goal_failed,flee (unseen attacker): stuck on the way to the stairs,"custom ,[pick up: a Runed Rod.]; custom ,[agent: pickup]","goal_done:goto 60,148"
2026-09-27 12:54:27,1790528067.598,11,261,261,goal_done,"goto 60,148","custom ,[pick up: a Runed Rod.]; custom ,[agent: pickup]; custom k item=16 value=1[agent: destroy ['Empty_Bottle']]",
2026-09-27 13:02:50,1790528570.353,11,251,251,goal_done,explore: nothing left to explore,"custom ,[pick up: a Scroll of Identify.]; custom r item=11 dir=16[agent: read ['Identify', 'Runed_Rod']]","goal_done:goto 16,148 | goal:recall"
2026-09-27 13:03:57,1790528637.733,11,251,251,goal_done,"goto 16,148","custom ,[pick up: a Small Metal Shield [3].]; custom ,[agent: pickup]; custom k item=19 value=1[autodestroy a Small Metal Shield [3] {average}]; custom r item=10[read a Scroll of Word of Recall]",goal:recall | goal_done:recall: arrived at 0 ft | goal_done:shop 6 sell Trap Location:1 sell Elm Staff:1: You sold a Rod
2026-09-27 13:04:32,1790528672.376,0,251,251,goal_done,recall: arrived at 0 ft,"custom ,[pick up: a Small Metal Shield [3].]; custom ,[agent: pickup]; custom k item=19 value=1[autodestroy a Small Metal Shield [3] {average}]; custom r item=10[read a Scroll of Word of Recall]; walk 3[enter store 6]",goal_done:shop 6 sell Trap Location:1 sell Elm Staff:1: You sold a Rod | goal_done:shop 2 sell Hard Leather Armour:1: You sold Hard Leather Arm | goal_done:shop 5 buy Word of Recall:1 sell nelggar:1 sell monwhon:1 se
2026-09-27 13:04:53,1790528693.751,0,251,251,goal_done,shop 6 sell Trap Location:1 sell Elm Staff:1: You sold a Rod of Trap Location for 47 gold.; You sold a Staff of Trap Location (9 charges) for 33 gold.,custom r item=10[read a Scroll of Word of Recall]; walk 3[enter store 6]; custom s store item=15 value=1[sell 15x1]; custom s store item=15 value=1[sell 15x1]; leave[leave store],goal_done:shop 2 sell Hard Leather Armour:1: You sold Hard Leather Arm | goal_done:shop 5 buy Word of Recall:1 sell nelggar:1 sell monwhon:1 se | goal_done:shop 5 buy Word of Recall:2: You bought a Scroll of Word of 
2026-09-27 13:05:07,1790528707.63,0,251,251,goal_done,"shop 2 sell Hard Leather Armour:1: You sold Hard Leather Armour (-1) [6,+6] for 72 gold.",walk 3[enter store 6]; custom s store item=15 value=1[sell 15x1]; custom s store item=15 value=1[sell 15x1]; leave[leave store]; walk 1[enter store 2],goal_done:shop 5 buy Word of Recall:1 sell nelggar:1 sell monwhon:1 se | goal_done:shop 5 buy Word of Recall:2: You bought a Scroll of Word of 
2026-09-27 13:05:18,1790528718.872,0,251,251,goal_done,shop 5 buy Word of Recall:1 sell nelggar:1 sell monwhon:1 sell Water:1: You sold a Scroll of Trap Detection for 9 gold.; You sold a Scroll of Detect Invisible for 9 gold.; You sold a Potion of Water f,walk 3[enter store 6]; custom s store item=15 value=1[sell 15x1]; custom s store item=15 value=1[sell 15x1]; leave[leave store]; walk 1[enter store 2],goal_done:shop 5 buy Word of Recall:2: You bought a Scroll of Word of 
2026-09-27 13:05:24,1790528724.902,0,251,251,goal_done,shop 5 buy Word of Recall:2: You bought a Scroll of Word of Recall {25% off} for 176 gold.,walk 3[enter store 6]; custom s store item=15 value=1[sell 15x1]; custom s store item=15 value=1[sell 15x1]; leave[leave store]; walk 1[enter store 2],
2026-09-27 13:08:09,1790528889.101,0,251,251,parked,logging out for a Pilot update; back in a minute -- re-issue your goal when you see 'started',,
2026-09-27 13:08:12,1790528892.794,,0,1,started,in the game at None (depth),,
2026-09-27 13:35:10,1790530510.28,14,251,251,goal_done,recall: arrived at 700 ft,custom { item=9 entry=@R700[recall depth 700 ft]; custom r item=9[read 2 Scrolls of Word of Recall {@R700}],
2026-09-27 13:35:17,1790530517.977,14,251,251,stuck,"'explore' has gone nowhere for 2 minutes (around (37, 76)): cleared the command queue and restarted the move. If it happens again, give another goal",custom { item=9 entry=@R700[recall depth 700 ft]; custom r item=9[read 2 Scrolls of Word of Recall {@R700}],
2026-09-27 13:39:14,1790530754.177,14,243,251,unseen_attacker,'It commands you to return.': something unseen is attacking and no stairs are known: consider Word of Recall or Phase Door,"custom ,[pick up: a Scroll of Trap Detection.]",
2026-09-27 13:41:10,1790530870.755,14,251,251,unseen_attacker,heard a door burst open: something is coming; be ready to leave,"custom ,[pick up: a Gnome Skeleton.]",
2026-09-27 13:41:11,1790530871.627,14,251,251,unseen_attacker,heard a door burst open: something is coming; be ready to leave,"custom ,[pick up: a Gnome Skeleton.]",
2026-09-27 13:41:12,1790530872.145,14,251,251,unseen_attacker,heard a door burst open: something is coming; be ready to leave,"custom ,[pick up: a Gnome Skeleton.]",
2026-09-27 13:41:14,1790530874.347,14,251,251,unseen_attacker,heard a door burst open: something is coming; be ready to leave,"custom ,[pick up: a Gnome Skeleton.]",
2026-09-27 13:44:43,1790531083.167,14,251,251,unseen_attacker,'It fires an arrow!': something unseen is attacking and no stairs are known: consider Word of Recall or Phase Door,,"goal_failed:flee (unseen attacker): error: TypeError(""'in <string>' requ"
2026-09-27 13:45:44,1790531144.434,14,204,251,unseen_attacker,'It commands you to return.': something unseen is attacking while explore; heading for the stairs,rest[rest]; rest[stop resting],"goal_failed:flee (unseen attacker): error: TypeError(""'in <string>' requ"
2026-09-27 13:45:44,1790531144.485,14,204,251,goal_failed,"flee (unseen attacker): error: TypeError(""'in <string>' requires string as left operand, not NoneType"")",rest[rest]; rest[stop resting],
2026-09-27 13:47:25,1790531245.53,15,251,251,goal_done,dive 750ft: reached 750 ft,"custom ,[pick up: Hard Leather Armour [6].]; custom >[stairs >]; custom ,[pick up: a Set of Leather Gloves [1].]; custom <[stairs <]; custom >[stairs >]",goal_done:flee (unseen attacker): left by the stairs; now at 700 ft
2026-09-27 13:47:47,1790531267.271,15,211,251,unseen_attacker,'It casts a magic missile.': something unseen is attacking while explore; heading for the stairs,"custom ,[pick up: Hard Leather Armour [6].]; custom >[stairs >]; custom ,[pick up: a Set of Leather Gloves [1].]; custom <[stairs <]; custom >[stairs >]",goal_done:flee (unseen attacker): left by the stairs; now at 700 ft
2026-09-27 13:47:55,1790531275.994,14,221,251,goal_done,flee (unseen attacker): left by the stairs; now at 700 ft,"custom >[stairs >]; custom ,[pick up: a Set of Leather Gloves [1].]; custom <[stairs <]; custom >[stairs >]; custom <[stairs <]",
2026-09-27 13:49:54,1790531394.589,14,251,251,stuck,"'dive 800ft' has gone nowhere for 2 minutes (around (24, 108)): cleared the command queue and restarted the move. If it happens again, give another goal",walk 7[step away from Disenchanter eye]; walk 7[step away from Disenchanter eye]; walk 7[step away from Disenchanter eye]; walk 7[step away from Disenchanter eye]; walk 7[step away from Disenchanter eye],goal_done:hunt Disenchanter eye: slain | goal_done:flee (unseen attacker): left by the stairs; now at 700 ft
2026-09-27 13:50:37,1790531437.993,14,251,251,goal_done,hunt Disenchanter eye: slain,walk 7[step away from Disenchanter eye]; walk 7[step away from Disenchanter eye]; walk 7[step away from Disenchanter eye]; walk 7[step away from Disenchanter eye]; walk 7[step away from Disenchanter eye],goal_done:flee (unseen attacker): left by the stairs; now at 700 ft
2026-09-27 13:51:13,1790531473.345,15,226,251,unseen_attacker,'It wails at you.': something unseen is attacking while dive 800ft; heading for the stairs,custom k item=16 value=1[autodestroy Hard Leather Armour [6] {average}]; custom k item=16 value=1[autodestroy a Set of Leather Gloves [1] {average}]; custom w item=15[agent: wear ['Silver_Amulet']]; custom >[stairs >]; custom <[stairs <],goal_done:flee (unseen attacker): left by the stairs; now at 700 ft
2026-09-27 13:51:15,1790531475.633,14,227,251,goal_done,flee (unseen attacker): left by the stairs; now at 700 ft,custom k item=16 value=1[autodestroy Hard Leather Armour [6] {average}]; custom k item=16 value=1[autodestroy a Set of Leather Gloves [1] {average}]; custom w item=15[agent: wear ['Silver_Amulet']]; custom >[stairs >]; custom <[stairs <],
2026-09-27 13:51:18,1790531478.871,14,231,251,unseen_attacker,heard a door burst open: something is coming; be ready to leave,custom k item=16 value=1[autodestroy Hard Leather Armour [6] {average}]; custom k item=16 value=1[autodestroy a Set of Leather Gloves [1] {average}]; custom w item=15[agent: wear ['Silver_Amulet']]; custom >[stairs >]; custom <[stairs <],
2026-09-27 13:51:29,1790531489.061,14,243,251,tactic,afraid and in danger: quaffed 2 Potions of Boldness,custom w item=15[agent: wear ['Silver_Amulet']]; custom >[stairs >]; custom <[stairs <]; custom >[stairs >]; custom <[stairs <],
2026-09-27 13:54:07,1790531647.368,16,251,251,goal_done,dive 800ft: reached 800 ft,custom <[stairs <]; custom >[stairs >]; custom <[stairs <]; custom >[stairs >]; custom <[stairs <],
2026-09-27 13:57:36,1790531856.289,0,251,251,goal_done,recall: arrived at 0 ft,custom k item=15 value=1[autodestroy a Whip (1d3) {average}]; custom r item=9[read a Scroll of Word of Recall {@R700}]; walk 1[enter store 5]; custom p store item=12 value=2 entry=468[buy 67 Scrolls of Word of Recall x2]; leave[leave store],goal_done:shop 5 buy Word of Recall:2: You bought 2 Scrolls of Word of
2026-09-27 13:57:55,1790531875.417,0,251,251,goal_done,shop 5 buy Word of Recall:2: You bought 2 Scrolls of Word of Recall for 468 gold.,custom r item=9[read a Scroll of Word of Recall {@R700}]; walk 1[enter store 5]; custom p store item=12 value=2 entry=468[buy 67 Scrolls of Word of Recall x2]; leave[leave store],
2026-09-27 13:58:45,1790531925.276,0,251,251,parked,logging out for a Pilot update; back in a minute -- re-issue your goal when you see 'started',,
2026-09-27 13:58:48,1790531928.977,,0,1,started,in the game at None (depth),,
2026-09-27 22:10:08,1790561408.092,,0,1,started,in the game at None (depth),,
2026-09-27 22:15:12,1790561712.531,0,251,251,parked,logging out for a Pilot update; back in a minute -- re-issue your goal when you see 'started',,goal_done:shop 6 sell Object Location:1: You sold a Staff of Object Lo | goal_done:shop 5 buy Cure Critical:3: no Cure Critical in stock | goal_done:shop 4 buy Cure Critical:3: You bought 2 Potions of Cure Cri
2026-09-27 22:15:16,1790561716.246,,0,1,started,in the game at None (depth),,goal_done:shop 6 sell Object Location:1: You sold a Staff of Object Lo | goal_done:shop 5 buy Cure Critical:3: no Cure Critical in stock | goal_done:shop 4 buy Cure Critical:3: You bought 2 Potions of Cure Cri
2026-09-27 22:16:09,1790561769.183,0,251,251,goal_done,shop 6 sell Object Location:1: You sold a Staff of Object Location (16 charges) for 94 gold.,walk 9[enter store 6]; custom s store item=14 value=1[sell 14x1]; leave[leave store]; walk 1[enter store 5]; leave[leave store],goal_done:shop 5 buy Cure Critical:3: no Cure Critical in stock | goal_done:shop 4 buy Cure Critical:3: You bought 2 Potions of Cure Cri | goal:recall
2026-09-27 22:16:18,1790561778.721,0,251,251,goal_done,shop 5 buy Cure Critical:3: no Cure Critical in stock,walk 9[enter store 6]; custom s store item=14 value=1[sell 14x1]; leave[leave store]; walk 1[enter store 5]; leave[leave store],goal_done:shop 4 buy Cure Critical:3: You bought 2 Potions of Cure Cri | goal:recall | goal_done:recall: arrived at 750 ft
2026-09-27 22:16:28,1790561788.304,0,251,251,goal_done,shop 4 buy Cure Critical:3: You bought 2 Potions of Cure Critical Wounds for 304 gold.,walk 9[enter store 6]; custom s store item=14 value=1[sell 14x1]; leave[leave store]; walk 1[enter store 5]; leave[leave store],goal:recall | goal_done:recall: arrived at 750 ft
2026-09-27 22:16:48,1790561808.926,15,251,251,goal_done,recall: arrived at 750 ft,walk 9[enter store 6]; custom s store item=14 value=1[sell 14x1]; leave[leave store]; walk 1[enter store 5]; leave[leave store],
2026-09-27 22:17:06,1790561826.754,15,242,251,unseen_attacker,'It breathes darkness.': something unseen is attacking and no stairs are known: consider Word of Recall or Phase Door,walk 7[enter store 4]; custom p store item=6 value=2 entry=304[buy 30 Potions of Cure Critical Wounds x2]; leave[leave store]; custom { item=10 entry=@R750[recall depth 750 ft]; custom r item=10[read 2 Scrolls of Word of Recall {@R750}],
2026-09-27 22:17:11,1790561831.476,15,232,251,unseen_attacker,heard a door burst open: something is coming; be ready to leave,walk 7[enter store 4]; custom p store item=6 value=2 entry=304[buy 30 Potions of Cure Critical Wounds x2]; leave[leave store]; custom { item=10 entry=@R750[recall depth 750 ft]; custom r item=10[read 2 Scrolls of Word of Recall {@R750}],
2026-09-27 22:17:32,1790561852.638,15,244,251,unseen_attacker,'It breathes darkness.': something unseen is attacking and no stairs are known: consider Word of Recall or Phase Door,"custom ,[pick up: a Scroll of Remove Curse.]; custom ,[pick up: an Amber Amulet.]",
2026-09-27 22:19:22,1790561962.022,15,249,253,tactic,confused in combat: quaffed a Potion of Cure Serious Wounds,custom q item=7[confused in combat: quaff 4 Potions of Cure Serious Wounds],
2026-09-27 22:28:25,1790562505.432,15,207,253,stat_drained,STR drained (blows 2); restore at the Alchemist/Temple,custom k item=17 value=1[autodestroy a Light Crossbow (x3) {average}]; custom r item=9[low HP: phase door]; custom q item=6[low HP: quaff 12 Potions of Cure Light Wounds]; custom q item=8[low HP: quaff 2 Potions of Cure Critical Wounds]; custom r item=9[low HP: phase door],emergency_loop:third emergency in 90 s and no stairs known nearby: consider | dead:the character died
2026-09-27 22:28:25,1790562505.432,15,207,253,blows_changed,blows per round 3 -> 2,custom k item=17 value=1[autodestroy a Light Crossbow (x3) {average}]; custom r item=9[low HP: phase door]; custom q item=6[low HP: quaff 12 Potions of Cure Light Wounds]; custom q item=8[low HP: quaff 2 Potions of Cure Critical Wounds]; custom r item=9[low HP: phase door],emergency_loop:third emergency in 90 s and no stairs known nearby: consider | dead:the character died
2026-09-27 22:28:26,1790562506.657,15,175,253,stat_drained,STR drained (blows 2); restore at the Alchemist/Temple,custom k item=17 value=1[autodestroy a Light Crossbow (x3) {average}]; custom r item=9[low HP: phase door]; custom q item=6[low HP: quaff 12 Potions of Cure Light Wounds]; custom q item=8[low HP: quaff 2 Potions of Cure Critical Wounds]; custom r item=9[low HP: phase door],emergency_loop:third emergency in 90 s and no stairs known nearby: consider | dead:the character died
2026-09-27 22:28:31,1790562511.567,15,116,253,stat_drained,STR drained (blows 2); restore at the Alchemist/Temple,custom r item=9[low HP: phase door]; custom q item=6[low HP: quaff 12 Potions of Cure Light Wounds]; custom q item=8[low HP: quaff 2 Potions of Cure Critical Wounds]; custom r item=9[low HP: phase door]; custom r item=9[low HP: phase door],emergency_loop:third emergency in 90 s and no stairs known nearby: consider | dead:the character died
2026-09-27 22:28:31,1790562511.567,15,116,253,emergency,"low HP: read Phase Door (Giant red scorpion, Shrieker mushroom patch, Uruk adjacent)",custom r item=9[low HP: phase door]; custom q item=6[low HP: quaff 12 Potions of Cure Light Wounds]; custom q item=8[low HP: quaff 2 Potions of Cure Critical Wounds]; custom r item=9[low HP: phase door]; custom r item=9[low HP: phase door],emergency_loop:third emergency in 90 s and no stairs known nearby: consider | dead:the character died
2026-09-27 22:28:32,1790562512.174,15,116,253,emergency,low HP: quaffed a Potion of Cure Light Wounds (losing ~5 HP/s),custom r item=9[low HP: phase door]; custom q item=6[low HP: quaff 12 Potions of Cure Light Wounds]; custom q item=8[low HP: quaff 2 Potions of Cure Critical Wounds]; custom r item=9[low HP: phase door]; custom r item=9[low HP: phase door],emergency_loop:third emergency in 90 s and no stairs known nearby: consider | dead:the character died
2026-09-27 22:28:32,1790562512.782,15,117,253,emergency,"low HP: waiting to use Phase Door, cure potions again, fighting on",custom r item=9[low HP: phase door]; custom q item=6[low HP: quaff 12 Potions of Cure Light Wounds]; custom q item=8[low HP: quaff 2 Potions of Cure Critical Wounds]; custom r item=9[low HP: phase door]; custom r item=9[low HP: phase door],emergency_loop:third emergency in 90 s and no stairs known nearby: consider | dead:the character died
2026-09-27 22:28:32,1790562512.833,15,117,253,emergency_loop,third emergency in 90 s and no stairs known nearby: consider Word of Recall or leaving this area,custom r item=9[low HP: phase door]; custom q item=6[low HP: quaff 12 Potions of Cure Light Wounds]; custom q item=8[low HP: quaff 2 Potions of Cure Critical Wounds]; custom r item=9[low HP: phase door]; custom r item=9[low HP: phase door],dead:the character died
2026-09-27 22:28:33,1790562513.696,15,99,253,emergency,low HP: quaffed a Potion of Cure Critical Wounds (losing ~11 HP/s),custom r item=9[low HP: phase door]; custom q item=6[low HP: quaff 12 Potions of Cure Light Wounds]; custom q item=8[low HP: quaff 2 Potions of Cure Critical Wounds]; custom r item=9[low HP: phase door]; custom r item=9[low HP: phase door],dead:the character died
2026-09-27 22:28:34,1790562514.304,15,77,253,emergency,"low HP: read Phase Door (Giant red scorpion, Shrieker mushroom patch, Uruk adjacent)",custom r item=9[low HP: phase door]; custom q item=6[low HP: quaff 12 Potions of Cure Light Wounds]; custom q item=8[low HP: quaff 2 Potions of Cure Critical Wounds]; custom r item=9[low HP: phase door]; custom r item=9[low HP: phase door],dead:the character died
2026-09-27 22:28:35,1790562515.025,15,77,253,emergency,"low HP: read Phase Door (Giant red scorpion, Shrieker mushroom patch, Uruk adjacent)",custom r item=9[low HP: phase door]; custom q item=6[low HP: quaff 12 Potions of Cure Light Wounds]; custom q item=8[low HP: quaff 2 Potions of Cure Critical Wounds]; custom r item=9[low HP: phase door]; custom r item=9[low HP: phase door],dead:the character died
2026-09-27 22:28:35,1790562515.533,15,65,253,stat_drained,STR drained (blows 1); restore at the Alchemist/Temple,custom r item=9[low HP: phase door]; custom q item=6[low HP: quaff 12 Potions of Cure Light Wounds]; custom q item=8[low HP: quaff 2 Potions of Cure Critical Wounds]; custom r item=9[low HP: phase door]; custom r item=9[low HP: phase door],dead:the character died
2026-09-27 22:28:35,1790562515.533,15,65,253,blows_changed,blows per round 2 -> 1,custom r item=9[low HP: phase door]; custom q item=6[low HP: quaff 12 Potions of Cure Light Wounds]; custom q item=8[low HP: quaff 2 Potions of Cure Critical Wounds]; custom r item=9[low HP: phase door]; custom r item=9[low HP: phase door],dead:the character died
2026-09-27 22:28:35,1790562515.637,15,65,253,emergency,low HP: read Word of Recall as a last resort,custom r item=9[low HP: phase door]; custom q item=6[low HP: quaff 12 Potions of Cure Light Wounds]; custom q item=8[low HP: quaff 2 Potions of Cure Critical Wounds]; custom r item=9[low HP: phase door]; custom r item=9[low HP: phase door],dead:the character died
2026-09-27 22:28:36,1790562516.144,15,49,253,emergency,"low HP: read Phase Door (Giant red scorpion, Shrieker mushroom patch, Uruk adjacent)",custom r item=9[low HP: phase door]; custom q item=6[low HP: quaff 12 Potions of Cure Light Wounds]; custom q item=8[low HP: quaff 2 Potions of Cure Critical Wounds]; custom r item=9[low HP: phase door]; custom r item=9[low HP: phase door],dead:the character died
2026-09-27 22:28:36,1790562516.852,15,41,253,emergency,"low HP: read Phase Door (Giant red scorpion, Shrieker mushroom patch, Uruk adjacent)",custom r item=9[low HP: phase door]; custom q item=6[low HP: quaff 12 Potions of Cure Light Wounds]; custom q item=8[low HP: quaff 2 Potions of Cure Critical Wounds]; custom r item=9[low HP: phase door]; custom r item=9[low HP: phase door],dead:the character died
2026-09-27 22:28:37,1790562517.56,15,41,253,emergency,"low HP: read Phase Door (Giant red scorpion, Shrieker mushroom patch, Uruk adjacent)",custom r item=9[low HP: phase door]; custom q item=6[low HP: quaff 12 Potions of Cure Light Wounds]; custom q item=8[low HP: quaff 2 Potions of Cure Critical Wounds]; custom r item=9[low HP: phase door]; custom r item=9[low HP: phase door],dead:the character died
2026-09-27 22:28:38,1790562518.272,15,22,253,emergency,"low HP: read Phase Door (Giant red scorpion, Shrieker mushroom patch, Uruk adjacent)",custom r item=9[low HP: phase door]; custom q item=6[low HP: quaff 12 Potions of Cure Light Wounds]; custom q item=8[low HP: quaff 2 Potions of Cure Critical Wounds]; custom r item=9[low HP: phase door]; custom r item=9[low HP: phase door],dead:the character died
2026-09-27 22:28:38,1790562518.984,15,23,253,emergency,"low HP: read Phase Door (Giant red scorpion, Shrieker mushroom patch, Uruk adjacent)",custom r item=9[low HP: phase door]; custom q item=6[low HP: quaff 12 Potions of Cure Light Wounds]; custom q item=8[low HP: quaff 2 Potions of Cure Critical Wounds]; custom r item=9[low HP: phase door]; custom r item=9[low HP: phase door],dead:the character died
2026-09-27 22:28:39,1790562519.801,15,24,24,dead,the character died,custom r item=9[low HP: phase door]; custom q item=6[low HP: quaff 12 Potions of Cure Light Wounds]; custom q item=8[low HP: quaff 2 Potions of Cure Critical Wounds]; custom r item=9[low HP: phase door]; custom r item=9[low HP: phase door],
