idx,name,level,depth_ft,symbol,color,danger,response,threats,neutraliser,safe_when,notes,clerk_danger,clerk_response,advisor_note,band,speed,speed_x,hp_dice,hp_avg,melee_avg,melee_max,drain_blows,breath,breath_avg_max,spell_freq,spells,tags,src_line
1,Filthy street urchin,0,0,t,D,0,FIGHT,none (0 dmg blows: BEG + EAT_GOLD),none,always,"harmless, steals gold only",0,FIGHT,,B1,110,1.0,1d4,2.5,0.0,0,0,,0,,,PACK,110
2,Scrawny cat,0,0,f,U,0,FIGHT,CLAW 1d1,none,always,,0,FIGHT,,B1,110,1.0,1d2,1.5,1.0,1,0,,0,,,,121
3,Scruffy little dog,0,0,C,U,0,FIGHT,BITE 1d1,none,always,,0,FIGHT,,B1,110,1.0,1d3,2.0,1.0,1,0,,0,,,,130
4,Farmer Maggot,0,0,h,w,0,FIGHT,"none - both blows are MOAN (0 dmg, message only)",none,always,UNIQUE HP350 but cannot damage the player [SEEN monster.txt:145-146]; paper-tiger unique,0,FIGHT,,B1,110,1.0,35d10,350,0.0,0,0,,0,,,UNIQUE,139
5,Blubbering idiot,0,0,t,W,0,FIGHT,DROOL (0 dmg),none,always,,0,FIGHT,,B1,110,1.0,1d2,1.5,0.0,0,0,,0,,,,153
6,Boil-covered wretch,0,0,t,g,0,FIGHT,DROOL (0 dmg),none,always,,0,FIGHT,,B1,110,1.0,1d2,1.5,0.0,0,0,,0,,,,163
7,Village idiot,0,0,t,G,0,FIGHT,DROOL (0 dmg),none,always,,0,FIGHT,,B1,120,2.0,4d4,10.0,0.0,0,0,,0,,,,173
8,Pitiful-looking beggar,0,0,t,U,0,FIGHT,BEG (0 dmg),none,always,,0,FIGHT,,B1,110,1.0,1d4,2.5,0.0,0,0,,0,,,,183
9,Mangy-looking leper,0,0,t,u,0,FIGHT,BEG (0 dmg),none,always,,0,FIGHT,,B1,110,1.0,1d1,1.0,0.0,0,0,,0,,,,193
10,Squint-eyed rogue,0,0,t,b,2,FIGHT,HIT 1d6=6; EAT_ITEM steals gear,kill fast (limits exposure to theft),always,classic early thief,2,FIGHT,,B1,110,1.0,2d8,9.0,3.5,6,0,,0,,,,203
11,"Singing, happy drunk",0,0,t,y,0,FIGHT,BEG (0 dmg),none,always,,0,FIGHT,,B1,110,1.0,2d3,4.0,0.0,0,0,,0,,,,216
12,Aimless-looking merchant,0,0,t,o,0,FIGHT,HIT 1d3=3; alertness 255 (ignores player),none,always,essentially never attacks first,0,FIGHT,,B1,110,1.0,3d3,6.0,2.0,3,0,,0,,,,227
13,Mean-looking mercenary,0,0,t,r,3,CAREFUL,"HIT 1d10=avg5.5,max10 vs clvl1 HP~10",more HP before engaging,clvl3+/HP30+,already-known 'matters only to brand-new characters' confirmed: 1 hit can nearly kill a fresh clvl1 [1d10 max ~= clvl1 HP],3,CAREFUL,,B1,110,1.0,5d8,22.5,5.5,10,0,,0,,,,239
14,Battle-scarred veteran,0,0,t,B,3,CAREFUL,"HIT 2d6=avg7,max12 vs clvl1 HP~10",more HP before engaging,clvl3+/HP30+,"stronger sibling of mercenary, same early spike risk",3,CAREFUL,,B1,110,1.0,7d8,31.5,7.0,12,0,,0,,,,250
15,Grey mold,1,50,m,s,1,FIGHT,2xSPORE 1d4=avg5,none,always,stationary,1,FIGHT,,B1,110,1.0,1d2,1.5,5.0,8,0,,0,,,EMPTY_MIND|NEVER_MOVE,263
16,Grey mushroom patch,1,50,",",s,2,FIGHT,SPORE:CONFUSE 1d4 + confuse status (no resist early),stationary - can be avoided,always,confusion can interrupt bot loop but low dmg,2,FIGHT,,B1,110,1.0,1d2,1.5,2.5,4,0,,0,,,CONF_BLOW|EMPTY_MIND|NEVER_MOVE,275
17,Giant yellow centipede,1,50,c,y,1,FIGHT,BITE+STING=6,none,always,,1,FIGHT,,B1,110,1.0,2d6,7.0,4.0,6,0,,0,,,,286
18,Giant white centipede,1,50,c,w,1,FIGHT,BITE+STING=4,none,always,,1,FIGHT,,B1,110,1.0,3d5,9.0,3.0,4,0,,0,,,,296
19,White icky thing,1,50,i,w,1,FIGHT,TOUCH 1d2,none,always,,1,FIGHT,,B1,110,1.0,2d5,6.0,1.5,2,0,,0,,,EMPTY_MIND,307
20,Clear icky thing,1,50,i,w,2,FIGHT,TOUCH 1d2; INVISIBLE,See Invisible,always,trivial dmg but unseen,2,FIGHT,,B1,110,1.0,2d5,6.0,1.5,2,0,,0,,,INVIS|EMPTY_MIND,316
21,Giant white mouse,1,50,r,w,2,CAREFUL,BITE 1d2; MULTIPLY breeder,kill immediately before it breeds,always,,2,CAREFUL,,B1,110,1.0,1d3,2.0,1.5,2,0,,0,,,BREEDER,326
22,Large brown snake,1,50,J,u,1,FIGHT,BITE+CRUSH=7,none,always,,1,FIGHT,,B1,100,0.5,4d6,14.0,4.5,7,0,,0,,,,336
23,Large white snake,1,50,J,w,0,FIGHT,BITE+CRUSH=2,none,always,,0,FIGHT,,B1,100,0.5,3d6,10.5,2.0,2,0,,0,,,,347
24,Small kobold,1,50,k,y,1,FIGHT,HIT 1d5,none,always,,1,FIGHT,,B1,110,1.0,2d7,8.0,3.0,5,0,,0,,,,358
26,White worm mass,1,50,w,w,2,CAREFUL,CRAWL:POISON 1d2; MULTIPLY,kill immediately,always,"poison bypasses AC, tiny dice",2,CAREFUL,,B1,100,0.5,4d4,10.0,1.5,2,0,,0,,,BREEDER,378
27,Floating eye,1,50,e,o,2,CAREFUL,"GAZE:PARALYZE, 0 dmg; only ~5% hit chance (flat floor - formula i=2+lvl*3=5 never exceeds ac*3/4)",Free Action; or never melee it (NEVER_MOVE -> walk around = zero risk),always unless FA,"[SEEN melee1.c:106-127 + monster.txt:392 'B:GAZE:PARALYZE' no dice] deals ZERO direct damage, cannot kill alone - tempers the 'melee=death' folklore",2,CAREFUL,,B1,110,1.0,3d6,10.5,0.0,0,0,,0,,,PARA_BLOW|NEVER_MOVE,388
28,Rock lizard,1,50,R,U,0,FIGHT,BITE 1d1,none,always,,0,FIGHT,,B1,110,1.0,3d4,7.5,1.0,1,0,,0,,,,397
29,Jackal,1,50,C,U,3,CAREFUL,BITE1d1 but FRIENDS pack vs clvl1 HP~10,corridor (limits simultaneous attackers),clvl3+/HP30+ or corridor,classic pack-swarm risk despite trivial per-hit dmg,3,CAREFUL,,B1,110,1.0,1d4,2.5,1.0,1,0,,0,,,PACK,405
30,Soldier ant,1,50,a,W,1,FIGHT,BITE 1d2,none,always,,1,FIGHT,,B1,110,1.0,2d5,6.0,1.5,2,0,,0,,,,414
31,Fruit bat,1,50,b,o,1,FIGHT,BITE 1d1; speed+10,none,always,fast but trivial dmg,1,FIGHT,,B1,120,2.0,1d6,3.5,1.0,1,0,,0,,,,423
25,Kobold,2,100,k,G,1,FIGHT,HIT 1d8,none,always,,1,FIGHT,,B1,110,1.0,3d7,12.0,4.5,8,0,,0,,,,368
32,Shrieker mushroom patch,2,100,",",R,2,FIGHT,SHRIEK spell calls other monsters; NEVER_BLOW (cannot melee you at all),kill it quickly to stop the shrieking,always,zero direct danger; risk is only what it summons/wakes nearby,2,FIGHT,,B1,110,1.0,1d1,1.0,0,0,0,,0,4,SHRIEK,EMPTY_MIND|NEVER_MOVE,431
33,Blubbering icky thing,2,100,i,W,1,FIGHT,CRAWL:POISON1d4+EAT_FOOD,none,always,,1,FIGHT,,B1,110,1.0,5d6,17.5,2.5,4,0,,0,,,EMPTY_MIND,443
34,Metallic green centipede,2,100,c,g,0,FIGHT,CRAWL1d1,none,always,,0,FIGHT,,B1,120,2.0,4d4,10.0,1.0,1,0,,0,,,,454
35,Novice warrior,2,100,p,u,2,FIGHT,2xHIT1d7=avg8,none,always,moderate solo melee,2,FIGHT,,B1,110,1.0,9d4,22.5,8.0,14,0,,0,,,,464
36,Novice rogue,2,100,p,b,2,FIGHT,HIT1d6+EAT_GOLD,kill fast to limit theft,always,,2,FIGHT,,B1,110,1.0,8d4,20.0,3.5,6,0,,0,,,,475
37,Novice priest,2,100,p,g,3,CAREFUL,CAUSE_1 3d8=avg13.5 mostly unsaved (save~16-30%); HEAL prolongs fight,HP40+ buffer; kill fast,HP40+,"1/12 cast but ~13.5 dmg vs dl2 HP20-30 is a big chunk; contradicts 'already-known summon' claim: spells are HEAL|SCARE|CAUSE_1, no summon",3,CAREFUL,,B1,110,1.0,7d4,17.5,3.0,5,0,,0,12,HEAL|SCARE|CAUSE_1,,487
38,Novice mage,2,100,p,r,3,CAREFUL,MISSILE 2d6+lvl/3=avg7.7; BLIND+CONF status locks; BLINK denies quick kill,kill fast (no resist_blind/conf early),HP40+,confirms BLINK (already-known) but no summon spell present,3,CAREFUL,,B1,110,1.0,6d4,15.0,2.5,4,0,,0,12,BLINK|BLIND|CONF|MISSILE,,500
39,Yellow mushroom patch,2,100,",",y,2,FIGHT,SPORE:TERRIFY1d6; fear status,stationary - avoidable,always,"low dmg, fear interrupts combat loop",2,FIGHT,,B1,110,1.0,1d1,1.0,3.5,6,0,,0,,,EMPTY_MIND|NEVER_MOVE,513
40,White jelly,2,100,j,w,1,FIGHT,TOUCH:POISON1d2,none,always,tanky HP64 but weak attack,1,FIGHT,,B1,120,2.0,8d8,36.0,1.5,2,0,,0,,,EMPTY_MIND|NEVER_MOVE,524
41,Giant green frog,2,100,R,g,1,FIGHT,BITE1d3,none,always,,1,FIGHT,,B1,110,1.0,2d8,9.0,2.0,3,0,,0,,,,535
42,Giant black ant,2,100,a,D,1,FIGHT,BITE1d4,none,always,,1,FIGHT,,B1,110,1.0,3d6,10.5,2.5,4,0,,0,,,,545
43,Salamander,2,100,R,o,1,FIGHT,BITE:FIRE1d3,none,always,,1,FIGHT,,B1,110,1.0,4d6,14.0,2.0,3,0,,0,,,,556
44,White harpy,2,100,H,w,1,FIGHT,3 blows=avg4,none,always,,1,FIGHT,,B1,110,1.0,2d5,6.0,3.5,4,0,,0,,,,565
45,Blue yeek,2,100,y,b,1,FIGHT,HIT1d5,none,always,,1,FIGHT,,B1,110,1.0,2d6,7.0,3.0,5,0,,0,,,,577
46,"Grip, Farmer Maggot's dog",2,100,C,U,3,CAREFUL,BITE1d4; speed+10 (acts ~2x/player turn),clvl4+/HP40+ or corridor,clvl4+,already-known 'fast early killer' - speed not raw dmg is the threat; itself dies fast (HP25),3,CAREFUL,,B1,120,2.0,5d5,25,2.5,4,0,,0,,,UNIQUE,587
47,"Fang, Farmer Maggot's dog",2,100,C,U,3,CAREFUL,BITE1d4; speed+10,clvl4+/HP40+,clvl4+,twin of Grip; if both spawn together dmg doubles,3,CAREFUL,,B1,120,2.0,5d5,25,2.5,4,0,,0,,,UNIQUE,599
48,Green worm mass,2,100,w,g,2,CAREFUL,CRAWL:ACID1d3; MULTIPLY,kill immediately,always,,2,CAREFUL,,B1,100,0.5,6d4,15.0,2.0,3,0,,0,,,BREEDER,611
49,Large yellow snake,2,100,J,y,2,FIGHT,BITE+CRUSH=avg6,none,always,,2,FIGHT,,B1,100,0.5,4d8,18.0,6.0,10,0,,0,,,,622
50,Cave spider,2,100,S,D,3,CAREFUL,BITE1d4; FRIENDS pack; speed+10,corridor,clvl4+ or corridor,spider-swarm risk like jackals,3,CAREFUL,,B1,120,2.0,2d6,7.0,2.5,4,0,,0,,,PACK,633
51,Wild cat,2,100,f,U,2,FIGHT,2xCLAW1d3=avg6; speed+10,none,always,,2,FIGHT,,B1,120,2.0,3d5,9.0,4.0,6,0,,0,,,,643
559,Crow,2,100,B,s,1,FIGHT,2xBITE1d3=avg4,none,always,,1,FIGHT,,B1,120,2.0,3d5,9.0,4.0,6,0,,0,,,,8350
52,Smeagol,3,150,h,B,2,AVOID,TOUCH:EAT_GOLD1d4; INVISIBLE; speed+20 (3x energy); steals then blinks away,See Invisible to catch him; otherwise accept gold loss,always,"fast invisible gold thief, not a combat threat (melee_max=4, HP400 makes him near-unkillable anyway)",2,AVOID,,B1,130,3.0,20d20,400,2.5,4,0,,0,,,INVIS|UNIQUE,654
53,Green ooze,3,150,j,g,1,FIGHT,CRAWL:ACID1d3,none,always,,1,FIGHT,,B1,120,2.0,3d4,7.5,2.0,3,0,,0,,,EMPTY_MIND,667
54,Poltergeist,3,150,G,W,2,FIGHT,TOUCH:TERRIFY (0 dmg); INVISIBLE; PASS_WALL; speed+20,See Invisible,always,"zero direct damage (melee_max=0); only fear+disruption, cannot kill alone",2,FIGHT,,B1,130,3.0,2d5,6.0,0.0,0,0,,0,15,BLINK,INVIS|PASS_WALL,678
55,Metallic blue centipede,3,150,c,b,0,FIGHT,CRAWL1d2,none,always,,0,FIGHT,,B1,120,2.0,4d5,12.0,1.5,2,0,,0,,,,692
56,Giant white louse,3,150,l,w,2,CAREFUL,BITE1d1; MULTIPLY breeder,"kill fast, don't dawdle",always,already-known breeder; trivial individually,2,CAREFUL,,B1,120,2.0,1d1,1.0,1.0,1,0,,0,,,BREEDER,702
57,Black naga,3,150,n,D,1,FIGHT,CRUSH1d8=avg4.5,none,always,,1,FIGHT,,B1,110,1.0,6d8,27.0,4.5,8,0,,0,,,,712
58,Spotted mushroom patch,3,150,",",o,2,FIGHT,SPORE:POISON2d4=avg5 (bypasses AC),stationary - avoidable,always,,2,FIGHT,,B1,110,1.0,1d1,1.0,5.0,8,0,,0,,,EMPTY_MIND|NEVER_MOVE,723
59,Silver jelly,3,150,j,W,2,FIGHT,2xEAT_LITE1d3=avg6; drains light-source fuel,spare light source,always,tanky HP80,2,FIGHT,,B1,120,2.0,10d8,45.0,4.0,6,0,,0,15,DRAIN_MANA,EMPTY_MIND|NEVER_MOVE,734
60,Yellow jelly,3,150,j,y,1,FIGHT,TOUCH:POISON1d3,none,always,,1,FIGHT,,B1,120,2.0,10d8,45.0,2.0,3,0,,0,15,DRAIN_MANA,EMPTY_MIND|NEVER_MOVE,749
61,Scruffy looking hobbit,3,150,h,b,2,FIGHT,HIT1d4+EAT_GOLD,kill fast,always,,2,FIGHT,,B1,110,1.0,3d5,9.0,2.5,4,0,,0,,,,762
62,Giant white ant,3,150,a,w,1,FIGHT,BITE1d4,none,always,,1,FIGHT,,B1,110,1.0,3d6,10.5,2.5,4,0,,0,,,,775
63,Yellow mold,3,150,m,y,1,FIGHT,SPORE1d4,none,always,tanky HP64,1,FIGHT,,B1,110,1.0,8d8,36.0,2.5,4,0,,0,,,EMPTY_MIND|NEVER_MOVE,784
64,Metallic red centipede,3,150,c,r,0,FIGHT,CRAWL1d2,none,always,,0,FIGHT,,B1,120,2.0,4d8,18.0,1.5,2,0,,0,,,,795
65,Yellow worm mass,3,150,w,y,2,CAREFUL,CRAWL:LOSE_DEX1d3; MULTIPLY; permanent DEX drain (no sustain early),kill fast; Restore Dex potion,always,stat drain + breeder combo,2,CAREFUL,,B1,100,0.5,4d8,18.0,2.0,3,1,,0,,,BREEDER,805
66,Clear worm mass,3,150,w,w,3,AVOID,"CRAWL:POISON1d2; INVISIBLE + MULTIPLY (silent, unseen swarm)",See Invisible,always,invisible breeder - colony can grow undetected since you cannot target what you cannot see,3,AVOID,,B1,100,0.5,4d4,10.0,1.5,2,0,,0,,,INVIS|BREEDER,815
67,Radiation eye,3,150,e,R,2,CAREFUL,GAZE:LOSE_STR1d6; power=0 so mostly only the flat 5% hit-floor connects,Restore Str potion; or avoid melee (NEVER_MOVE),always,same 'eye-family low-power-gaze' pattern as floating eye - rare real STR-drain procs,2,CAREFUL,,B1,110,1.0,3d6,10.5,3.5,6,1,,0,11,DRAIN_MANA,NEVER_MOVE,827
604,Kobold shaman,3,150,k,r,3,CAREFUL,CAUSE_1 3d8=avg13.5 mostly unsaved at dl3 (save~16-20%); HIT1d8; MISSILE avg8; 1/5 (20%) cast freq,HP40+,HP40+,punches well above its depth - 20% chance of a near-half-HP hit on a fresh clvl3 diver,3,CAREFUL,,B1,110,1.0,3d6,10.5,4.5,8,0,,0,5,MISSILE|CAUSE_1|HEAL|CONF,,9090
68,Cave lizard,4,200,R,u,1,FIGHT,BITE1d5,none,always,,1,FIGHT,,B1,110,1.0,3d6,10.5,3.0,5,0,,0,,,,838
69,Novice ranger,4,200,p,W,3,CAREFUL,2xHIT1d5=avg5; MISSILE 2d6+lvl/3=avg8.3; ARROW_1 (formula not in A1 legend),HP60+,HP60+,ranged spell adds to melee; ARROW_1 dmg formula unconfirmed - lead,3,CAREFUL,,B1,110,1.0,6d8,27.0,6.0,10,0,,0,9,ARROW_1|MISSILE,,846
70,Novice paladin,4,200,p,w,3,CAREFUL,2xHIT1d7=avg8; CAUSE_1 3d8=avg13.5 mostly unsaved; SCARE,HP60+,HP60+,,3,CAREFUL,,B1,110,1.0,6d8,27.0,8.0,14,0,,0,9,SCARE|CAUSE_1,,860
71,Blue jelly,4,200,j,b,1,FIGHT,TOUCH:COLD1d6,none,always,tanky HP96,1,FIGHT,,B1,110,1.0,12d8,54.0,3.5,6,0,,0,,,EMPTY_MIND|NEVER_MOVE,872
72,Creeping copper coins,4,200,$,u,2,FIGHT,"HIT1d4+TOUCH:POISON2d4=avg9; ambush mimic, CAN move/bash doors",none,always,"not NEVER_MOVE - can chase, unlike a purely static 'treasure trap' assumption",2,FIGHT,,B1,100,0.5,7d8,31.5,7.5,12,0,,0,,,,883
73,Giant white rat,4,200,r,W,2,CAREFUL,BITE:POISON1d3; MULTIPLY,kill fast,always,,2,CAREFUL,,B1,110,1.0,2d2,3.0,2.0,3,0,,0,,,BREEDER,894
74,Blue worm mass,4,200,w,b,2,CAREFUL,CRAWL:COLD1d4; MULTIPLY,kill fast,always,,2,CAREFUL,,B1,100,0.5,5d8,22.5,2.5,4,0,,0,,,BREEDER,904
75,Large grey snake,4,200,J,s,1,FIGHT,BITE+CRUSH=avg7.5,none,always,,1,FIGHT,,B1,100,0.5,6d8,27.0,7.5,13,0,,0,,,,915
94,Kobold archer,4,200,k,W,2,CAREFUL,HIT1d9; ARROW_2 spell 1/5 freq (formula not in A1 legend),none,always,ARROW_2 dmg unconfirmed - lead,2,CAREFUL,,B1,110,1.0,6d7,24.0,5.0,9,0,,0,5,ARROW_2,,1127
548,Silver mouse,4,200,r,W,2,CAREFUL,BITE:EAT_LITE1d2; MULTIPLY,kill fast; spare light fuel,always,,2,CAREFUL,,B1,110,1.0,1d3,2.0,1.5,2,0,,0,,,BREEDER,8205
560,Raven,4,200,B,D,1,FIGHT,2xBITE1d4=avg5,none,always,,1,FIGHT,,B1,120,2.0,4d5,12.0,5.0,8,0,,0,,,,8359
76,Bullroarer the Hobbit,5,250,h,U,3,CAREFUL,"2xHIT1d8=avg9; speed+10 (~2x/player turn, ~18 effective/turn)",HP60+ or corridor,clvl6+/HP60+,"already-known early unique threat, confirmed by melee output+speed",3,CAREFUL,,B1,120,2.0,6d10,60,9.0,16,0,,0,,,UNIQUE,926
78,Green naga,5,250,n,g,2,FIGHT,CRUSH1d8+SPIT:ACID2d6=avg11.5 (acid bypasses AC),none,always,,2,FIGHT,,B1,110,1.0,9d8,40.5,11.5,20,0,,0,,,,951
79,Blue ooze,5,250,j,b,1,FIGHT,CRAWL:COLD1d4,none,always,,1,FIGHT,,B1,110,1.0,3d4,7.5,2.5,4,0,,0,,,EMPTY_MIND,964
80,Green glutton ghost,5,250,G,g,1,AVOID,TOUCH:EAT_FOOD1d1; INVISIBLE; PASS_WALL,See Invisible,always,"near-zero combat threat, just eats food supply",1,AVOID,,B1,130,3.0,3d4,7.5,1.0,1,0,,0,,,INVIS|PASS_WALL,975
81,Green jelly,5,250,j,g,1,FIGHT,TOUCH:ACID1d2,none,always,"HP176 - very tanky for 1d2 dmg, a time sink not a threat [surprise]",1,FIGHT,,B1,120,2.0,22d8,99.0,1.5,2,0,,0,,,EMPTY_MIND|NEVER_MOVE,986
82,Large kobold,5,250,k,b,2,FIGHT,"HIT1d10=avg5.5,max10",none,always,high-variance single blow,2,FIGHT,,B1,110,1.0,13d9,65.0,5.5,10,0,,0,,,,997
83,Skeleton kobold,5,250,s,w,1,FIGHT,HIT1d6,none,always,,1,FIGHT,,B1,110,1.0,5d8,22.5,3.5,6,0,,0,,,EMPTY_MIND,1007
84,Grey icky thing,5,250,i,s,1,FIGHT,TOUCH1d5,none,always,,1,FIGHT,,B1,110,1.0,4d8,18.0,3.0,5,0,,0,,,EMPTY_MIND,1017
85,Disenchanter eye,5,250,e,v,2,CAREFUL,"GAZE:UN_BONUS (0 direct dmg, power=20 -> real proc chance) - disenchants gear",resist_disen; or avoid melee (NEVER_MOVE),always,"unlike floating eye, power=20 means the to-hit formula (not just the 5% floor) can land - permanent gear damage risk, no HP risk",2,CAREFUL,,B1,100,0.5,7d8,31.5,0.0,0,0,,0,9,DRAIN_MANA,NEVER_MOVE,1026
86,Red worm mass,5,250,w,r,2,CAREFUL,CRAWL:FIRE1d6; MULTIPLY,kill fast,always,,2,CAREFUL,,B1,100,0.5,5d8,22.5,3.5,6,0,,0,,,EMPTY_MIND|BREEDER,1038
87,Copperhead snake,5,250,J,o,1,FIGHT,BITE:POISON2d4=avg5,none,always,,1,FIGHT,,B1,110,1.0,4d6,14.0,5.0,8,0,,0,,,,1049
549,Rot jelly,5,250,j,u,1,FIGHT,EAT_FOOD2d3+LOSE_CHR2d3=avg8.5 (CHR loss cosmetic),none,always,tanky HP160 but weak/cosmetic attack,1,FIGHT,,B1,120,2.0,20d8,90.0,8.0,12,1,,0,,,EMPTY_MIND|NEVER_MOVE,8216
77,Novice mage,6,300,p,r,3,AVOID,pack of BLIND/CONF/MISSILE casters (FRIENDS),corridor; no resist_blind/conf early,HP70+ or corridor,group caster: multiple simultaneous status-locks + missile dmg,3,AVOID,,B1,110,1.0,6d4,15.0,2.5,4,0,,0,12,BLINK|BLIND|CONF|MISSILE,PACK,938
88,Purple mushroom patch,6,300,",",v,2,FIGHT,3xSPORE:LOSE_CON1d2 (triple stat-drain blow) but only 1 HP itself,Restore Con potion; kill on sight (dies to 1 hit),always,dies almost immediately (1 HP) so real exposure is at most one exchange,2,FIGHT,,B1,110,1.0,1d1,1.0,4.5,6,3,,0,,,EMPTY_MIND|NEVER_MOVE,1059
89,Novice priest,6,300,p,g,3,AVOID,pack of CAUSE_1 3d8 casters (FRIENDS) + HEAL,corridor; HP70+,HP70+ or corridor,group version of Novice priest #37 - stacking unsaved ~13.5 avg hits,3,AVOID,,B1,110,1.0,7d4,17.5,3.0,5,0,,0,12,HEAL|SCARE|CAUSE_1,PACK,1071
90,Novice warrior,6,300,p,u,3,CAREFUL,pack of 2xHIT1d7 melee (FRIENDS),corridor,corridor or HP70+,"group melee, can gang up in open rooms",3,CAREFUL,,B1,110,1.0,9d4,22.5,8.0,14,0,,0,,,PACK,1084
91,Novice rogue,6,300,p,b,2,CAREFUL,"pack of thieves (FRIENDS), HIT1d6+EAT_GOLD",corridor,always,,2,CAREFUL,,B1,110,1.0,8d4,20.0,3.5,6,0,,0,,,PACK,1095
92,Brown mold,6,300,m,u,2,FIGHT,SPORE:CONFUSE1d4 unresisted; HP120 (long fight = many confuse rolls),resist_conf; or avoid (NEVER_MOVE),always,"confusion-lock risk over a long grind, not lethal alone",2,FIGHT,,B1,110,1.0,15d8,67.5,2.5,4,0,,0,,,CONF_BLOW|EMPTY_MIND|NEVER_MOVE,1107
93,Giant brown bat,6,300,b,u,1,FIGHT,BITE1d3; speed+20,none,always,,1,FIGHT,,B1,130,3.0,3d8,13.5,2.0,3,0,,0,,,,1118
95,Creeping silver coins,6,300,$,s,2,FIGHT,HIT1d6+TOUCH:POISON2d6=avg10.5; can move/bash doors,none,always,,2,FIGHT,,B1,100,0.5,12d8,54.0,10.5,18,0,,0,,,,1138
96,Snaga,6,300,o,U,2,CAREFUL,HIT1d8; FRIENDS pack,corridor,corridor,weak orc but pack,2,CAREFUL,,B1,110,1.0,8d8,36.0,4.5,8,0,,0,,,PACK,1149
97,Rattlesnake,6,300,J,r,1,FIGHT,BITE:POISON2d5=avg6,none,always,,1,FIGHT,,B1,110,1.0,6d7,24.0,6.0,10,0,,0,,,,1161
98,Cave orc,7,350,o,G,3,CAREFUL,HIT1d8; FRIENDS pack of orcs,corridor,corridor or HP80+,orc-pit style swarm risk,3,CAREFUL,,B1,110,1.0,11d9,55.0,4.5,8,0,,0,,,PACK,1172
99,Wood spider,7,350,S,U,3,CAREFUL,BITE+STING:POISON=avg4.5; FRIENDS pack; poison bypasses AC,corridor,corridor,pack + poison combo,3,CAREFUL,,B1,120,2.0,3d6,10.5,4.5,7,0,,0,,,PACK,1183
100,Manes,7,350,u,u,2,CAREFUL,HIT1d8; FRIENDS demon pack,corridor,corridor,,2,CAREFUL,,B1,110,1.0,8d8,36.0,4.5,8,0,,0,,,PACK,1194
101,Bloodshot eye,7,350,e,r,3,AVOID,"GAZE:BLIND2d6=avg7 + real blind lock (power2, i=2+7*3=23, connects unlike floating eye)",resist_blind; or avoid melee entirely (NEVER_MOVE),always,real dice dmg + higher power/level -> meaningfully higher proc rate; long blind (10+d7) is a serious lock,3,AVOID,,B1,110,1.0,10d8,45.0,7.0,12,0,,0,7,DRAIN_MANA,BLIND_BLOW|NEVER_MOVE,1204
102,Red naga,7,350,n,r,2,CAREFUL,CRUSH1d10+BITE:LOSE_STR1d4=avg9.5; permanent STR drain,Restore Str,always,,2,CAREFUL,,B1,110,1.0,11d8,49.5,8.0,14,1,,0,,,,1215
103,Red jelly,7,350,j,r,3,AVOID,TOUCH:LOSE_STR1d5; HP208 (huge - many drain-attempts over the necessarily long fight),avoid melee entirely (NEVER_MOVE); Restore Str/sustain Str,always,extreme HP for tiny per-hit dmg forces a long grind; each of its turns is another STR-drain roll,3,AVOID,,B1,110,1.0,26d8,117.0,3.0,5,1,,0,,,EMPTY_MIND|NEVER_MOVE,1227
104,Giant red frog,7,350,R,r,2,CAREFUL,BITE:LOSE_STR2d4=avg5,Restore Str,always,,2,CAREFUL,,B1,110,1.0,5d8,22.5,5.0,8,1,,0,,,,1238
105,Green icky thing,7,350,i,g,1,FIGHT,TOUCH:ACID2d5=avg5.5 (bypasses AC),none,always,,1,FIGHT,,B1,110,1.0,5d8,22.5,6.0,10,0,,0,,,EMPTY_MIND,1248
106,Zombified kobold,7,350,z,s,1,FIGHT,2xHIT1d2=avg2,none,always,,1,FIGHT,,B1,110,1.0,6d8,27.0,3.0,4,0,,0,,,EMPTY_MIND,1258
107,Lost soul,7,350,G,B,2,FIGHT,HIT2d2+TOUCH:LOSE_WIS; INVISIBLE; PASS_WALL,See Invisible,always,"low dmg, mostly a WIS-drain nuisance",2,FIGHT,,B1,110,1.0,2d8,9.0,3.0,4,1,,0,15,TPORT|DRAIN_MANA,INVIS|PASS_WALL,1270
108,Dark elf,7,350,h,D,2,CAREFUL,"2xHIT1d6=avg7; CONF spell (unresisted, skill_sav only)",resist_conf; HP70+,always,,2,CAREFUL,,B1,110,1.0,7d10,38.5,7.0,12,0,,0,10,CONF|DARKNESS,,1284
109,Night lizard,7,350,R,b,1,FIGHT,2xBITE1d6=avg7,none,always,,1,FIGHT,,B1,110,1.0,4d8,18.0,7.0,12,0,,0,,,,1300
110,Mughash the Kobold Lord,7,350,k,v,4,LEAVE,3xHIT1d10=avg16.5; ESCORT+ESCORTS bring a kobold group; HP150,AVOID/LEAVE unless well-geared,clvl10+/HP100+ with allies present,"already-known early unique threat, confirmed - group amplifies an already-solid melee output",4,LEAVE,,B1,110,1.0,15d10,150,16.5,30,0,,0,,,PACK|UNIQUE,1309
111,"Wormtongue, Agent of Saruman",8,400,p,B,4,LEAVE,BO_COLD 6d8+lvl/3=avg23 (unresisted); BA_POIS 2d12=avg13; HEAL prolongs; SLOW denies FA-less character,"rCold, rPois, Free Action (vs SLOW)",clvl12+/HP120+ with resists,"already-known early unique threat, confirmed and sharpened by spell kit",4,LEAVE,,B1,110,1.0,25d10,250,6.0,10,0,,0,5,HEAL|SLOW|TRAPS|BO_COLD|BA_POIS,UNIQUE,1324
112,"Lagduf, the Snaga",8,400,o,y,4,LEAVE,"4 blows(1d10,1d10,1d9,1d9)=avg19; ESCORT brings orcs; HP190",AVOID/LEAVE,clvl10+/HP100+ with allies present,highest sustained melee among the escort uniques in this band,4,LEAVE,,B1,110,1.0,19d10,190,21.0,38,0,,0,,,PACK|UNIQUE,1342
113,Brown yeek,8,400,y,u,1,FIGHT,HIT1d6,none,always,,1,FIGHT,,B1,110,1.0,4d8,18.0,3.5,6,0,,0,,,,1359
114,Novice ranger,8,400,p,W,3,AVOID,pack of MISSILE/ARROW casters (FRIENDS),corridor; HP90+,corridor or HP90+,,3,AVOID,,B1,110,1.0,6d8,27.0,6.0,10,0,,0,9,ARROW_1|MISSILE,PACK,1369
115,Giant salamander,8,400,R,y,3,CAREFUL,"BITE:FIRE3d6=avg10.5 (bypasses AC) + BR_FIRE hp/3=avg14 (both fire, unresisted)",Resist Fire,always,fire bite+breath both bypass AC; rFire nearly neutralises,3,CAREFUL,,B1,110,1.0,6d7,24.0,10.5,18,0,FIRE=8/14,8,9,BR_FIRE,,1382
116,Green mold,8,400,m,g,1,FIGHT,SPORE:TERRIFY1d4,none,always,tanky HP168,1,FIGHT,,B1,110,1.0,21d8,94.5,2.5,4,0,,0,,,EMPTY_MIND|NEVER_MOVE,1394
117,Skeleton orc,8,400,s,w,1,FIGHT,HIT2d5=avg6,none,always,,1,FIGHT,,B1,110,1.0,10d8,45.0,6.0,10,0,,0,,,EMPTY_MIND,1405
118,Novice paladin,8,400,p,w,3,AVOID,pack of CAUSE_1 casters (FRIENDS),corridor; HP90+,corridor or HP90+,,3,AVOID,,B1,110,1.0,6d8,27.0,8.0,14,0,,0,9,SCARE|CAUSE_1,PACK,1416
119,Lemure,8,400,u,U,2,CAREFUL,HIT1d8; FRIENDS demon pack,corridor,corridor,,2,CAREFUL,,B1,110,1.0,13d9,65.0,4.5,8,0,,0,,,PACK,1430
120,Hill orc,8,400,o,u,3,CAREFUL,HIT1d10; FRIENDS orc pack,corridor,corridor or HP90+,orc-pit swarm risk,3,CAREFUL,,B1,110,1.0,13d9,65.0,5.5,10,0,,0,,,PACK,1440
121,Bandit,8,400,p,b,2,CAREFUL,"HIT2d4+EAT_ITEM (steals real gear, not just gold)",kill fast to prevent item loss,always,,2,CAREFUL,,B1,110,1.0,8d8,36.0,5.0,8,0,,0,,,,1451
598,Nighthawk,8,400,B,u,2,CAREFUL,3 blows=avg6; speed+10,none,always,,2,CAREFUL,,B1,120,2.0,8d8,36.0,6.5,10,0,,0,,,,9002
122,Yeti,9,450,Y,w,1,FIGHT,3 blows=avg5,none,always,,1,FIGHT,,B1,110,1.0,11d9,55.0,6.5,10,0,,0,,,,1463
123,Bloodshot icky thing,9,450,i,r,1,FIGHT,TOUCH+CRAWL:ACID=avg7,none,always,,1,FIGHT,,B1,110,1.0,7d8,31.5,7.5,12,0,,0,11,DRAIN_MANA,EMPTY_MIND,1474
124,Giant grey rat,9,450,r,s,2,CAREFUL,BITE:POISON1d4; MULTIPLY,kill fast,always,,2,CAREFUL,,B1,110,1.0,2d3,4.0,2.5,4,0,,0,,,BREEDER,1487
125,Black harpy,9,450,H,D,1,FIGHT,3 blows=avg4.5,none,always,,1,FIGHT,,B1,120,2.0,3d8,13.5,5.0,7,0,,0,,,,1497
126,Orc shaman,9,450,o,r,3,CAREFUL,2xHIT1d6=avg7; CAUSE_1 avg13.5 mostly unsaved; MISSILE avg10; BLINK escape,HP100+,HP100+,,3,CAREFUL,,B1,110,1.0,9d8,40.5,7.0,12,0,,0,8,BLINK|CAUSE_1|MISSILE,,1509
127,Baby blue dragon,9,450,d,b,3,CAREFUL,"BR_ELEC hp/3=avg33 (unresisted, breaths bypass AC); 3 claws/bite=avg7",Resist Electricity,HP130+ or rElec,breath ~33 vs HP100-150 char is a serious single hit,3,CAREFUL,,B1,110,1.0,10d10,100,7.0,11,0,ELEC=33/33,33,12,BR_ELEC,,1523
128,Baby white dragon,9,450,d,w,3,CAREFUL,BR_COLD hp/3=avg33,Resist Cold,HP130+ or rCold,,3,CAREFUL,,B1,110,1.0,10d10,100,7.0,11,0,COLD=33/33,33,12,BR_COLD,,1539
129,Baby green dragon,9,450,d,g,3,CAREFUL,BR_POIS hp/3=avg33 (cap800 n/a) + poisons if unresisted,Resist Poison,HP130+ or rPois,,3,CAREFUL,,B1,110,1.0,10d10,100,7.0,11,0,POIS=33/33,33,12,BR_POIS,,1555
130,Baby black dragon,9,450,d,s,3,CAREFUL,BR_ACID hp/3=avg33 + degrades armor/inventory,Resist Acid,HP130+ or rAcid,,3,CAREFUL,,B1,110,1.0,10d10,100,7.0,11,0,ACID=33/33,33,12,BR_ACID,,1571
131,Baby red dragon,9,450,d,r,3,CAREFUL,BR_FIRE hp/3=avg33,Resist Fire,HP130+ or rFire,,3,CAREFUL,,B1,110,1.0,10d10,100,7.0,11,0,FIRE=33/33,33,12,BR_FIRE,,1587
132,Giant red ant,9,450,a,r,1,FIGHT,BITE+STING:LOSE_STR=avg4.5,none,always,,1,FIGHT,,B1,110,1.0,4d8,18.0,5.0,8,1,,0,,,,1603
133,"Brodda, the Easterling",9,450,p,U,4,LEAVE,"4xHIT1d12=avg26 (melee_max48, highest in band); HP210, no spells/escort",AVOID/LEAVE,clvl13+/HP150+,single hardest-hitting pure-melee unique in this band,4,LEAVE,,B1,110,1.0,21d10,210,26.0,48,0,,0,,,UNIQUE,1613
134,King cobra,9,450,J,g,3,CAREFUL,"SPIT:BLIND1d2 (real blind proc, power2, i=29) + BITE:POISON3d4=avg7 unresisted",resist_blind; kill fast,always,blind+poison combo,3,CAREFUL,,B1,110,1.0,8d10,44.0,9.0,14,0,,0,,,BLIND_BLOW,1627
563,Cave bear,9,450,q,u,2,FIGHT,3 blows=avg10.5,none,always,,2,FIGHT,,B1,110,1.0,8d8,36.0,11.5,20,0,,0,,,,8396
574,Baby bronze dragon,9,450,d,U,3,CAREFUL,BR_CONF hp/6=avg17 + confuses (unresisted); 3 claws/bite=avg7,resist_conf,HP100+,"confusion-lock breath, not just raw damage",3,CAREFUL,,B1,110,1.0,10d10,100,7.0,11,0,CONF=16/16,16,12,BR_CONF,,8587
575,Baby gold dragon,9,450,d,y,3,CAREFUL,BR_SOUN hp/6=avg17 + stun (unresisted); 3 claws/bite=avg7,resist_sound,HP100+,stun-lock breath,3,CAREFUL,,B1,110,1.0,10d10,100,7.0,11,0,SOUN=16/16,16,12,BR_SOUN,,8603
135,Giant spider,10,500,S,v,3,CAREFUL,"4 blows incl 2xPOISON1d6, combined avg18/turn, 2 of 4 bypass AC",HP130+,HP130+,,3,CAREFUL,,B1,110,1.0,10d10,55.0,18.0,32,0,,0,,,,1638
136,Dark elven mage,10,500,h,r,4,LEAVE,BA_POIS 2d12=avg13 (unresisted) + MISSILE avg10 + BLIND + CONF; 1/5 (20%) cast freq,Resist Poison; resist_blind/conf; HP130+,HP130+ with resists,far nastier than plain 'Dark elf' - upgraded to a high-frequency multi-effect caster; most dangerous non-unique in the whole band,4,LEAVE,,B1,120,2.0,7d10,38.5,7.0,12,0,,0,5,BLIND|CONF|MISSILE|DARKNESS|BA_POIS,,1650
137,"Orfax, Son of Boldor",10,500,y,B,4,LEAVE,"1/4 (25%) cast freq: TELE_TO (drags you to him, defeats simply walking away); S_MONSTER summon; SLOW; CONF; HEAL; ESCORT+ESCORTS yeek group",Free Action (vs SLOW); resist_conf; kill fast before summon reinforces,clvl13+/HP150+,only summoner in this band; TELE_TO undermines AVOID-by-walking-away,4,LEAVE,,B1,120,2.0,12d10,120,9.5,17,0,,0,4,HEAL|BLINK|TELE_TO|SLOW|CONF|S_MONSTER,SUMMON|TELE_TO|PACK|UNIQUE,1665
138,Dark elven warrior,10,500,h,u,2,FIGHT,2xHIT1d8=avg9,none,always,,2,FIGHT,,B1,110,1.0,10d11,60.0,9.0,16,0,,0,,,,1685
139,Clear mushroom patch,10,500,",",w,2,FIGHT,SPORE1d1 (trivial); INVISIBLE+MULTIPLY,See Invisible,always,invisible breeder like Clear worm mass but far weaker dmg (1d1) and only 1 HP,2,FIGHT,,B1,120,2.0,1d1,1.0,1.0,1,0,,0,,,INVIS|EMPTY_MIND|BREEDER|NEVER_MOVE,1697
140,"Grishnakh, the Hill Orc",10,500,o,y,4,LEAVE,"4 blows(1d12,1d10,1d12,1d10)=avg22 (melee_max44, 2nd-highest in band); ESCORT brings orcs; HP230",AVOID/LEAVE,clvl13+/HP150+,"already-known early unique threat, confirmed - near-Brodda melee output plus an escort",4,LEAVE,,B1,110,1.0,23d10,230,24.0,44,0,,0,,,PACK|UNIQUE,1708
141,Giant white tick,10,500,S,w,2,CAREFUL,BITE:POISON2d6=avg7 (bypasses AC),none,always,,2,CAREFUL,,B1,100,0.5,12d8,54.0,7.0,12,0,,0,,,,1724
142,Hairy mold,10,500,m,o,1,FIGHT,SPORE:POISON1d3,none,always,tanky HP120,1,FIGHT,,B1,110,1.0,15d8,67.5,2.0,3,0,,0,,,EMPTY_MIND|NEVER_MOVE,1733
143,Disenchanter mold,10,500,m,v,2,CAREFUL,SPORE:UN_BONUS1d6; disenchants gear,resist_disen; avoid melee (NEVER_MOVE),always,,2,CAREFUL,,B1,110,1.0,16d8,72.0,3.5,6,0,,0,11,DRAIN_MANA,EMPTY_MIND|NEVER_MOVE,1744
144,Pseudo-dragon,10,500,d,o,3,CAREFUL,BR_LITE 33 (FORCE_MAXHP 200hp /6) + blind; BR_DARK resisted by Half-Orc; CONF/SCARE 1_IN_11,resist blind; kill fast (200 HP),clvl 15+,"multi-effect caster+breath+high HP, more dangerous than the baby dragons of the same depth",4,LEAVE,"Clerk rated 4 treating BR_DARK as unresisted; Half-Orc has resist_dark (reduces, blocks blind)",B1,110,1.0,20d10,200,7.0,11,0,DARK=33/33 LITE=33/33,33,11,CONF|SCARE|BR_LITE|BR_DARK,,1757
145,Tengu,10,500,u,R,3,CAREFUL,1/3 (33%!) cast freq BLINK|TELE_TO; HIT1d8=avg4.5 melee is mild,kill fast before repeated TELE_TO drags you off-course,always,very high TELE_TO frequency can pull the character away from a stair-scum position - operationally dangerous even though direct dmg is low,3,CAREFUL,,B1,120,2.0,16d9,80.0,4.5,8,0,,0,3,BLINK|TELE_TO,TELE_TO,1773
146,Creeping gold coins,10,500,$,y,2,CAREFUL,HIT2d5+TOUCH:POISON3d5=avg13; can move/bash doors (not a static trap),none,always,,2,CAREFUL,,B1,100,0.5,18d8,81.0,15.0,25,0,,0,,,,1785
147,Wolf,10,500,C,u,3,CAREFUL,BITE1d6; FRIENDS pack; speed+10,corridor,corridor or HP130+,"fast wolf-pack risk, classic Angband peril",3,CAREFUL,,B1,120,2.0,6d6,21.0,3.5,6,0,,0,,,PACK,1797
148,Giant fruit fly,10,500,I,G,2,CAREFUL,BITE1d2; MULTIPLY; speed+10 (breeds and moves fast),"kill immediately, worst breeder tempo in band",always,,2,CAREFUL,,B1,120,2.0,2d2,3.0,1.5,2,0,,0,,,BREEDER,1808
149,Panther,10,500,f,u,3,CAREFUL,"2xCLAW1d8=avg9; speed+10 (~1.5-2x turns, ~14-18 effective/turn)",HP130+,HP130+,"fast heavy hitter, solo but can burst",3,CAREFUL,,B1,120,2.0,10d8,45.0,9.0,16,0,,0,,,,1818
150,Brigand,10,500,p,b,2,CAREFUL,HIT2d4+EAT_ITEM (steals gear),kill fast,always,,2,CAREFUL,,B1,110,1.0,9d8,40.5,5.0,8,0,,0,,,,1829
151,Baby multi-hued dragon,11,550,d,v,3,CAREFUL,5x breath hp/3~43 each; melee weak,one elemental resist blocks that breath only; kill fast,clvl15+/AC50+,FORCE_MAXHP so avg=max HP=130; ~8% cast chance/turn (1_IN_12),3,CAREFUL,,B2,110,1.0,13d10,130,8.5,14,0,ACID=43/43 COLD=43/43 ELEC=43/43 FIRE=43/43 POIS=43/43,43,12,BR_ACID|BR_FIRE|BR_COLD|BR_ELEC|BR_POIS,,1841
152,Hippogriff,11,550,H,U,1,FIGHT,weak melee 2d5x2=20max,none needed,always,"no spells, no status",1,FIGHT,,B2,110,1.0,20d9,100.0,12.0,20,0,,0,,,,1859
153,Zombified orc,11,550,z,s,1,FIGHT,weak melee 1d4x3=12max,none,always,"undead, no status attacks",1,FIGHT,,B2,110,1.0,11d8,49.5,7.5,12,0,,0,,,EMPTY_MIND,1869
154,Gnome mage,11,550,h,r,2,CAREFUL,BO_COLD ~31dmg; S_MONSTER summon,rCold; kill fast before summon,clvl14+/HP150+,25% cast chance (1_IN_4); melee trivial,2,CAREFUL,,B2,110,1.0,7d8,31.5,3.0,5,0,,0,4,BLINK|DARKNESS|BO_COLD|S_MONSTER,SUMMON,1882
155,Black mamba,12,600,J,D,1,FIGHT,"BITE poison 4d4, dmg bypasses rPois",none (dmg unresisted; rPois blocks status only),always,"1 blow only, RAND_50 erratic",1,FIGHT,,B2,120,2.0,10d8,45.0,10.0,16,0,,0,,,,1896
156,White wolf,12,600,C,w,2,CAREFUL,FRIENDS pack; weak individual bite,corridor to fight 1 at a time,HP150+,pack multiplies low per-wolf dmg,2,CAREFUL,,B2,120,2.0,7d7,28.0,4.5,7,0,,0,,,PACK,1906
157,Grape jelly,12,600,j,v,2,CAREFUL,TOUCH exp-drain if meleed; DRAIN_MANA spell,don't melee it (NEVER_MOVE),avoid melee always,classic 'trap' jelly; hold_life blocks most exp loss,2,CAREFUL,,B2,110,1.0,52d8,234.0,0.0,0,1,,0,11,DRAIN_MANA,EMPTY_MIND|NEVER_MOVE,1919
158,Nether worm mass,12,600,w,D,2,CAREFUL,MULTIPLY breeder; weak touch,kill fast / leave area before swarm grows,HP150+,"MAX_REPRO=100 per A1, swarm builds slowly",2,CAREFUL,,B2,100,0.5,5d8,22.5,0.0,0,1,,0,,,BREEDER,1932
159,"Golfimbul, the Hill Orc Chief",12,600,o,y,4,AVOID,4 blows up to 1d12+1d12+1d10+1d10=44max; ESCORT orc pack; HP240,kill fast/ranged; corridor vs escorts,clvl18+/HP200+/AC50+,already-known unique confirmed; pure melee brute + reinforcements,4,AVOID,,B2,110,1.0,24d10,240,24.0,44,0,,0,,,PACK|UNIQUE,1943
160,Master yeek,12,600,y,U,3,CAREFUL,BLIND+SLOW combo (skill_sav only); BA_POIS 2d12; S_MONSTER summon,high save; kill fast,save 35%+,25% cast chance; weak melee 1d8,3,CAREFUL,,B2,110,1.0,12d9,60.0,4.5,8,0,,0,4,BLINK|TPORT|BLIND|SLOW|BA_POIS|S_MONSTER,SUMMON,1959
161,Priest,12,600,p,g,3,CAREFUL,CAUSE_2 ~36dmg (save all-or-nothing); SCARE fear-lock; HEAL self-sustain,resist_fear; kill fast before many casts,clvl30 (fear immune) or save 40%+,33% cast chance; weak melee 2d3x2,3,CAREFUL,,B2,110,1.0,12d8,54.0,8.0,12,0,,0,3,HEAL|SCARE|CAUSE_2|S_MONSTER,SUMMON,1973
162,Dark elven priest,12,600,h,g,3,CAREFUL,CAUSE_2 ~36dmg; BLIND+CONF (save-only); HEAL self-sustain; melee 1d9+1d10,save 35%+; rBlind/rConf,HP180+/save35%+,matches already-known 'dark elven priests cast'; 20% cast chance,3,CAREFUL,,B2,120,2.0,7d10,38.5,10.5,19,0,,0,5,HEAL|BLIND|CONF|CAUSE_2|DARKNESS,,1989
163,Air spirit,12,600,E,B,2,CAREFUL,INVISIBLE ambush; damage negligible (1d3),See Invisible,"with SI, or always (dmg trivial)",only the surprise/invisibility is notable,2,CAREFUL,,B2,130,3.0,8d8,36.0,2.0,3,0,,0,,,INVIS|EMPTY_MIND,2005
164,Skeleton human,12,600,s,w,1,FIGHT,weak melee 1d8,none,always,"undead, no status",1,FIGHT,,B2,110,1.0,10d8,45.0,4.5,8,0,,0,,,EMPTY_MIND,2016
165,Zombified human,12,600,z,s,1,FIGHT,weak melee 1d4x2,none,always,,1,FIGHT,,B2,110,1.0,12d8,54.0,5.0,8,0,,0,,,EMPTY_MIND,2027
166,Tiger,12,600,f,o,2,CAREFUL,"3 blows 1d8+1d8+1d6=22max, no status",AC/HP buffer,HP150+,pure melee animal,2,CAREFUL,,B2,120,2.0,12d10,66.0,12.5,22,0,,0,,,,2038
167,Moaning spirit,12,600,G,u,3,CAREFUL,INVISIBLE+PASS_WALL ambush; WAIL:TERRIFY fear-lock; TOUCH:LOSE_DEX permanent stat drain,See Invisible; resist_fear; sustain DEX,with SI,fear blocks melee retaliation while it drains DEX,3,CAREFUL,,B2,120,2.0,5d8,22.5,4.5,8,1,,0,15,TPORT|SCARE,INVIS|PASS_WALL,2050
168,Swordsman,12,600,p,u,2,CAREFUL,"2 blows 3d5x2=30max, no status",AC/HP,HP150+,"solid physical hitter, no spells",2,CAREFUL,,B2,110,1.0,12d8,54.0,18.0,30,0,,0,,,,2064
169,Stegocentipede,12,600,c,u,3,CAREFUL,speed +10 (2 turns per player turn); 3 blows avg 15 → ~30/turn; 13d8 HP,corridor; kill fast; leave if HP < 50%,clvl 20+,pure melee,2,CAREFUL,Clerk rated 2 on dice alone; speed doubles its output against a dl12 character with ~120-170 HP,B2,120,2.0,13d8,58.5,15.0,24,0,,0,,,,2075
170,Spotted jelly,12,600,j,o,2,CAREFUL,ACID melee up to 34max if meleed; NEVER_MOVE,don't melee it,avoid melee always,acid damages armor too,2,CAREFUL,,B2,120,2.0,13d8,58.5,19.5,34,0,,0,,,EMPTY_MIND|NEVER_MOVE,2086
171,Drider,13,650,S,b,3,CAREFUL,3 blows up to 30max; CONF spell (save-only); poison bite,save 35%+; rConf,HP160+,12.5% cast chance,3,CAREFUL,,B2,110,1.0,10d13,70.0,16.5,30,0,,0,8,CONF|CAUSE_1|DARKNESS,,2099
172,Killer brown beetle,13,650,K,u,1,FIGHT,weak melee 3d4,none,always,,1,FIGHT,,B2,110,1.0,13d8,58.5,7.5,12,0,,0,,,,2113
173,"Boldor, King of the Yeeks",13,650,y,v,4,AVOID,ESCORT+ESCORTS yeek swarm; BLIND+SLOW spells; HEAL self-sustain; 26max melee,fight in corridor 1-at-a-time; kill fast,clvl18+/HP200+,"brings kin group (S_KIN) - swarm is the main danger, not Boldor alone",4,AVOID,,B2,120,2.0,18d10,180,14.5,26,0,,0,3,HEAL|BLINK|TPORT|BLIND|SLOW|S_MONSTER|S_KIN,SUMMON|PACK|UNIQUE,2122
174,Ogre,13,650,O,U,2,CAREFUL,FRIENDS pack; 2d8=16max/blow,corridor,HP150+,no spells,2,CAREFUL,,B2,110,1.0,13d9,65.0,9.0,16,0,,0,,,PACK,2140
175,Creeping mithril coins,13,650,$,B,2,CAREFUL,mimic ambush; poison touch bypasses rPois for dmg; 25max melee,expect mimics,HP150+,disguised as gold pile,2,CAREFUL,,B2,110,1.0,20d8,90.0,15.0,25,0,,0,,,,2151
176,Illusionist,13,650,p,R,3,CAREFUL,"HOLD (paralyze, needs FA or save); SLOW; CONF; weak melee",Free Action,with FA,"33% cast chance, big status kit, low direct dmg",3,CAREFUL,,B2,120,2.0,12d8,54.0,3.0,4,0,,0,3,HASTE|BLINK|TPORT|BLIND|HOLD|SLOW|CONF|DARKNESS,HOLD,2163
177,Druid,13,650,p,G,4,AVOID,BO_FIRE ~45dmg unresisted; HOLD paralyze; S_ANIMAL summon; melee 2d4x2,Free Action; rFire,"with FA and rFire, HP180+",stat block far nastier than 'druid' name suggests,4,AVOID,,B2,110,1.0,12d12,78.0,10.0,16,0,,0,3,S_ANIMAL|HASTE|BLINK|BLIND|HOLD|SLOW|BO_FIRE|BO_ELEC,HOLD|SUMMON,2176
178,Black orc,13,650,o,D,2,CAREFUL,FRIENDS pack; ARROW_2 ranged; 24max melee,corridor,HP160+,11% ranged cast chance,2,CAREFUL,,B2,110,1.0,12d10,66.0,15.0,24,0,,0,9,ARROW_2,PACK,2191
179,Ochre jelly,13,650,j,U,3,CAREFUL,ACTIVELY MOVES (no NEVER_MOVE) unlike other jellies; ACID melee up to 34max degrades armor; TAKE_ITEM,"AC/HP; can't just avoid melee, it chases",HP180+,CONTRADICTS 'jellies are traps only if meleed' - this one opens doors and pursues,3,CAREFUL,,B2,120,2.0,13d8,58.5,19.5,34,0,,0,,,EMPTY_MIND,2204
180,Giant flea,14,700,I,s,2,CAREFUL,MULTIPLY breeder; trivial dmg 1d2,kill fast / leave,"always (dmg negligible), swarm risk if left",,2,CAREFUL,,B2,120,2.0,2d2,3.0,1.5,2,0,,0,,,BREEDER,2218
181,Ufthak of Cirith Ungol,14,700,o,g,4,AVOID,4 blows 3d4x4=48max; ESCORT pack; HP320,corridor; kill fast,clvl18+/HP220+,NOT in brief's already-known unique list but hits as hard - flag to Advisor,4,AVOID,,B2,110,1.0,32d10,320,30.0,48,0,,0,,,PACK|UNIQUE,2228
182,Giant white dragon fly,14,700,F,w,1,FIGHT,BR_COLD trivial (hp13.5avg->~4.5dmg),none,always,'dragon' name but trivial due to tiny HP pool,1,FIGHT,,B2,110,1.0,3d8,13.5,3.5,6,0,COLD=4/8,4,10,BR_COLD,,2245
183,Blue icky thing,14,700,i,b,2,CAREFUL,MULTIPLY breeder; BLIND/CONF/SCARE spells,kill fast,HP150+,"12.5% cast chance, weak melee",2,CAREFUL,,B2,100,0.5,10d6,35.0,7.5,12,0,,0,8,BLIND|CONF|SCARE,BREEDER,2258
185,Flesh golem,14,700,g,R,1,FIGHT,weak melee 1d6x2,none,always,,1,FIGHT,,B2,110,1.0,12d8,54.0,7.0,12,0,,0,,,EMPTY_MIND,2288
186,Warg,14,700,C,s,2,CAREFUL,FRIENDS pack; weak 1d8 bite,corridor,HP150+,,2,CAREFUL,,B2,120,2.0,8d8,36.0,4.5,8,0,,0,,,PACK,2299
187,Giant black louse,14,700,l,D,1,FIGHT,MULTIPLY breeder but trivial 1d2 bite,kill fast to cap swarm,always,,1,FIGHT,,B2,120,2.0,1d2,1.5,1.5,2,0,,0,,,BREEDER,2310
188,Lurker,14,700,.,w,2,CAREFUL,CHAR_CLEAR+ATTR_CLEAR+INVISIBLE ambush (undetectable floor lurker); 16max melee,See Invisible,with SI,NEVER_MOVE - only triggers if you step adjacent,2,CAREFUL,,B2,110,1.0,20d10,200,9.0,16,0,,0,,,INVIS|EMPTY_MIND|NEVER_MOVE,2320
189,Wererat,15,750,r,D,3,CAREFUL,CAUSE_2 ~36dmg (save-only); BA_POIS 2d12; 28max melee,save 35%+,HP180+,11% cast chance,3,CAREFUL,,B2,110,1.0,20d8,90.0,16.0,28,0,,0,9,BLINK|CAUSE_2|BO_COLD|BA_POIS,,2333
190,Black ogre,15,750,O,D,3,CAREFUL,"FRIENDS pack; 2d8x2=32max/blow, multiplied by pack",corridor,HP180+,no spells but hard-hitting pack,3,CAREFUL,,B2,110,1.0,20d9,100.0,18.0,32,0,,0,,,PACK,2349
191,Magic mushroom patch,15,750,",",B,2,CAREFUL,4 spore touches=CONFUSE/HALLU on hit if meleed (0 direct dmg); BLINK/SLOW/SCARE/DARKNESS spell 50% freq,don't melee it,avoid melee,NEVER_MOVE trap; very high 50% spell-cast rate but spells non-damaging,2,CAREFUL,,B2,140,3.7,1d1,1.0,0.0,0,0,,0,2,BLINK|SLOW|SCARE|DARKNESS,CONF_BLOW|EMPTY_MIND|NEVER_MOVE,2361
192,Guardian naga,15,750,n,B,2,CAREFUL,"3 blows up to 32max, no status",AC/HP,HP180+,"pure melee tank, HP264",2,CAREFUL,,B2,110,1.0,24d11,144.0,18.0,32,0,,0,,,,2376
193,Light hound,15,750,Z,o,2,CAREFUL,FRIENDS pack; BR_LITE breath tiny (hp21avg->~3.5dmg) blinds if unresisted,rBlind; corridor,HP150+,"weak pack, breath trivial due to low HP",2,CAREFUL,,B2,110,1.0,6d6,21.0,8.5,14,0,LITE=3/6,3,5,BR_LITE,PACK,2389
194,Dark hound,15,750,Z,D,2,CAREFUL,"FRIENDS pack; BR_DARK tiny breath, blinds",rBlind; corridor,HP150+,same as light hound but dark,2,CAREFUL,,B2,110,1.0,6d6,21.0,8.5,14,0,DARK=3/6,3,5,BR_DARK,PACK,2404
195,Half-orc,15,750,o,s,3,CAREFUL,FRIENDS pack; 3d4x2=24max/blow,corridor,HP180+,pack of decent melee orcs,3,CAREFUL,,B2,110,1.0,16d10,88.0,15.0,24,0,,0,,,PACK,2420
196,Giant tarantula,15,750,S,o,2,CAREFUL,"poison bite x3=18max, dmg bypasses rPois",AC/HP,HP150+,,2,CAREFUL,,B2,120,2.0,10d15,80.0,10.5,18,0,,0,,,,2434
197,Giant clear centipede,15,750,c,w,2,CAREFUL,INVISIBLE (ATTR_CLEAR); weak melee 16max,See Invisible,with SI,,2,CAREFUL,,B2,110,1.0,5d8,22.5,10.0,16,0,,0,,,INVIS,2445
198,Mirkwood spider,15,750,S,g,3,CAREFUL,"FRIENDS pack; poison bites x3=20max, dmg bypasses rPois",corridor,HP180+,,3,CAREFUL,,B2,120,2.0,9d8,40.5,11.5,20,0,,0,,,PACK,2456
200,Griffon,15,750,H,u,2,CAREFUL,2 blows 3d4+2d6=24max,AC/HP,HP150+,"HP240, tanky but not hard-hitting",2,CAREFUL,,B2,110,1.0,30d8,135.0,14.5,24,0,,0,,,,2483
201,Homunculus,15,750,u,y,4,AVOID,HIT:PARALYZE blow (needs FA or save); repeats each connecting hit,Free Action,with FA,classic paralysis-without-FA lethal case; low raw dmg but paralysis is the killer,4,AVOID,,B2,110,1.0,8d8,36.0,7.0,12,0,,0,,,PARA_BLOW,2493
202,Gnome mage,15,750,h,r,3,CAREFUL,FRIENDS pack of casters; BO_COLD ~31dmg each; S_MONSTER summon,rCold; kill fast,HP180+,"pack version of #154, more dangerous stacked",3,CAREFUL,,B2,110,1.0,7d8,31.5,3.0,5,0,,0,4,BLINK|DARKNESS|BO_COLD|S_MONSTER,SUMMON|PACK,2503
203,Clear hound,15,750,Z,w,3,CAREFUL,INVISIBLE (ATTR_CLEAR) + FRIENDS pack; melee up to 20max,See Invisible,with SI,"unlike other Z's, no breath at all",3,CAREFUL,,B2,110,1.0,6d6,21.0,11.5,20,0,,0,,,INVIS|PACK,2517
204,Clay golem,15,750,g,U,1,FIGHT,weak melee 1d8x2,none,always,,1,FIGHT,,B2,110,1.0,14d8,63.0,9.0,16,0,,0,,,EMPTY_MIND,2530
550,Giant tan bat,15,750,b,U,2,CAREFUL,TERRIFY on bite (fear-lock if save fails); trivial dmg,resist_fear/high save,HP150+,weak dmg but frequent fear checks,2,CAREFUL,,B2,130,3.0,3d8,13.5,5.0,7,0,,0,,,,8229
205,Umber hulk,16,800,X,U,4,AVOID,GAZE:CONFUSE on melee hit has NO save besides resist_conf (player has none); KILL_WALL ambush; HP200,resist confusion (item) only counter,with rConf,melee confusion has no skill_sav fallback per A1 - classic deadly confuser,4,AVOID,,B2,110,1.0,20d10,110.0,14.0,24,0,,0,,,CONF_BLOW|EMPTY_MIND|KILL_WALL,2542
207,Gelatinous cube,16,800,j,G,3,CAREFUL,"ACTIVELY MOVES (no NEVER_MOVE, opens/bashes doors); ACID melee 30max; TAKE_ITEM; HP360 (hard to kill)",AC/HP; can't out-wait it like other jellies,HP200+,another mobile jelly - contradicts 'jellies are traps only if meleed',3,CAREFUL,,B2,110,1.0,36d10,360,16.5,30,0,,0,,,EMPTY_MIND,2571
208,Giant green dragon fly,16,800,F,g,1,FIGHT,BR_POIS trivial (hp13.5avg->~4.5dmg),none,always,trivial despite dragonfly name,1,FIGHT,,B2,110,1.0,3d8,13.5,3.5,6,0,POIS=4/8,4,10,BR_POIS,,2589
210,Hummerhorn,16,800,I,y,3,CAREFUL,MULTIPLY breeder; CONFUSE on every hit with NO save besides resist_conf,rConf; kill fast before swarm,with rConf,low dmg (2d2) but confusion-on-hit + breeder swarm is a real lock risk,3,CAREFUL,,B2,120,2.0,2d2,3.0,3.0,4,0,,0,,,CONF_BLOW|BREEDER,2615
211,"Ulfast, Son of Ulfang",16,800,p,U,4,AVOID,4 blows 3d5x4=60max; HP340; TAKE_ITEM,kill fast; high AC/HP,clvl20+/HP220+,"already-known unique confirmed; pure melee brute, no spells",4,AVOID,,B2,110,1.0,34d10,340,36.0,60,0,,0,,,UNIQUE,2625
212,Quasit,16,800,u,o,3,CAREFUL,INVISIBLE; BITE:LOSE_DEX stat drain; BLINK/TPORT/TELE_TO/BLIND/CONF/SCARE kit,See Invisible; sustain DEX,with SI,"low direct dmg but very disruptive, can drag you (TELE_TO)",3,CAREFUL,,B2,110,1.0,6d8,27.0,7.5,12,1,,0,10,BLINK|TPORT|TELE_TO|TELE_LEVEL|BLIND|CONF|SCARE,TELE_TO|INVIS,2641
226,Uruk,16,800,o,B,3,CAREFUL,FRIENDS pack; 3d5x2=30max/blow; ARROW_2 ranged,corridor,HP180+,,3,CAREFUL,,B2,110,1.0,8d10,80,18.0,30,0,,0,9,ARROW_2,PACK,2844
561,Crebain,16,800,B,D,2,CAREFUL,FRIENDS pack; SHRIEK alarm; trivial 1d4 melee,kill fast/avoid open areas,HP150+,danger is aggregation of other monsters via alarm,2,CAREFUL,,B2,120,2.0,3d5,9.0,5.0,8,0,,0,8,SHRIEK,PACK,8368
564,Grizzly bear,16,800,q,U,2,CAREFUL,"4 blows up to 38max, no status",AC/HP,HP180+,hard-hitting pure melee animal,2,CAREFUL,,B2,110,1.0,12d12,78.0,21.0,38,0,,0,,,,8407
213,Imp,17,850,u,g,3,CAREFUL,INVISIBLE; poison melee 24max unresisted dmg; same TELE_TO/BLIND/CONF/SCARE kit as quasit,See Invisible,with SI,,3,CAREFUL,,B2,110,1.0,6d8,27.0,15.0,24,0,,0,10,BLINK|TPORT|TELE_TO|TELE_LEVEL|BLIND|CONF|SCARE,TELE_TO|INVIS,2657
214,Forest troll,17,850,T,g,2,CAREFUL,FRIENDS pack; REGENERATE (hard to kill); low melee 14max,corridor; sustained dmg output,HP180+,tanky slog rather than burst danger,2,CAREFUL,,B2,110,1.0,20d10,110.0,8.5,14,0,,0,,,PACK,2672
215,"Nar, the Dwarf",17,850,h,y,4,AVOID,CAUSE_2 ~36dmg + MIND_BLAST 8d8~36dmg (both save-only-or-nothing); HEAL self-sustain; BLIND/CONF; 4 blows 3d5x4=60max; HP450,save40%+; kill fast/ranged,clvl22+/HP240+,already-known unique confirmed; one of the nastiest in-band,4,AVOID,,B2,110,1.0,45d10,450,36.0,60,0,,0,6,HEAL|BLIND|CONF|CAUSE_2|MIND_BLAST,UNIQUE,2685
216,2-headed hydra,17,850,M,u,2,CAREFUL,24max melee; SCARE spell; HP300 (tanky),AC/HP,HP180+,"grind fight, moderate dmg",2,CAREFUL,,B2,110,1.0,100d3,200.0,14.0,24,0,,0,11,SCARE,,2705
217,Water spirit,17,850,E,b,1,FIGHT,weak melee 16max,none,always,,1,FIGHT,,B2,120,2.0,9d8,40.5,10.0,16,0,,0,,,EMPTY_MIND,2719
218,Giant red scorpion,17,850,S,r,2,CAREFUL,STING:LOSE_STR permanent stat drain; 15max melee,sustain STR,HP180+,,2,CAREFUL,,B2,110,1.0,11d8,49.5,9.0,15,1,,0,,,,2731
219,Earth spirit,17,850,E,u,2,CAREFUL,PASS_WALL ambush; weak 16max melee,none specific; watch corners,HP180+,can attack through walls unexpectedly,2,CAREFUL,,B2,120,2.0,13d8,58.5,9.0,16,0,,0,,,EMPTY_MIND|PASS_WALL,2741
206,Orc captain,18,900,o,o,4,AVOID,3 blows 3d5x3=45max; ESCORT pack; ARROW_2 ranged,corridor; kill fast,HP220+,single orc already 'dangerous' melee tier; escort pushes it lethal,4,AVOID,,B2,110,1.0,20d10,110.0,27.0,45,0,,0,9,ARROW_2,PACK,2558
220,Fire spirit,18,900,E,r,2,CAREFUL,FIRE melee 24max,rFire,HP180+ or with rFire,,2,CAREFUL,,B2,120,2.0,10d9,50.0,14.0,24,0,,0,,,EMPTY_MIND,2754
221,Fire hound,18,900,Z,r,3,CAREFUL,FRIENDS pack; BR_FIRE hp/3~12-20; 30max melee,rFire; corridor,HP200+/rFire,900ft appearance (dl18) - see hound-depth contradiction note,3,CAREFUL,,B2,110,1.0,10d6,35.0,19.0,30,0,FIRE=11/20,11,10,BR_FIRE,PACK,2766
222,Cold hound,18,900,Z,w,3,CAREFUL,FRIENDS pack; BR_COLD hp/3~12-20; 30max melee,rCold; corridor,HP200+/rCold,900ft,3,CAREFUL,,B2,110,1.0,10d6,35.0,19.0,30,0,COLD=11/20,11,10,BR_COLD,PACK,2782
223,Energy hound,18,900,Z,b,3,CAREFUL,FRIENDS pack; BR_ELEC hp/3~12-20; 30max melee,rElec; corridor,HP200+/rElec,appears at dl18/900ft - CONTRADICTS already-known claim of ~1000ft for 'energy' hounds,3,CAREFUL,,B2,110,1.0,10d6,35.0,19.0,30,0,ELEC=11/20,11,10,BR_ELEC,PACK,2798
224,Potion mimic,18,900,!,w,3,CAREFUL,ambush mimic; CAUSE_2~36dmg; BO_COLD~31dmg; BLIND/CONF/SCARE,save 35%+; expect mimics,HP200+,"17% cast chance, real spellcasting kit behind a disguise",3,CAREFUL,,B2,110,1.0,10d10,55.0,15.5,24,0,,0,6,BLIND|CONF|SCARE|CAUSE_2|BO_COLD,EMPTY_MIND|NEVER_MOVE,2814
225,Blink dog,18,900,C,B,2,CAREFUL,FRIENDS pack; TELE_TO disruption; weak 8max melee,corridor,HP180+,low dmg but can relocate you,2,CAREFUL,,B2,120,2.0,8d8,36.0,4.5,8,0,,0,4,BLINK|TELE_TO,TELE_TO|PACK,2830
229,Shambling mound,18,900,",",g,2,CAREFUL,"SHRIEK alarm (draws other monsters, no direct dmg); weak 16max melee",kill fast/leave area,HP180+,"danger is amplification of nearby threats, not itself",2,CAREFUL,,B2,110,1.0,20d6,70.0,9.0,16,0,,0,4,SHRIEK,EMPTY_MIND,2890
231,Giant black dragon fly,18,900,F,s,1,FIGHT,NEVER_BLOW (no melee at all); BR_ACID trivial (~4.5dmg),none,always,cannot melee you at all; harmless despite dragonfly name,1,FIGHT,,B2,120,2.0,3d8,13.5,0,0,0,ACID=4/8,4,10,BR_ACID,,2918
588,Evil eye,18,900,e,g,4,AVOID,TELE_TO can pull you adjacent even without approaching; HOLD paralyzes (needs FA); gaze exp-drain,Free Action,with FA,NEVER_MOVE but NOT a 'safe unless meleed' trap - TELE_TO breaks that pattern,4,AVOID,,B2,110,1.0,15d8,67.5,0.0,0,2,,0,7,HOLD|TELE_TO,HOLD|TELE_TO|NEVER_MOVE,8835
227,"Shagrat, the Orc Captain",19,950,o,g,4,AVOID,4 blows 3d8+3d8+3d5+3d5=78max; ESCORT pack; HP400,corridor; kill fast,clvl22+/HP220+,,4,AVOID,,B2,110,1.0,40d10,400,45.0,78,0,,0,,,PACK|UNIQUE,2858
228,"Gorbag, the Orc Captain",19,950,o,g,4,AVOID,"identical stat block to Shagrat: 78max melee, ESCORT, HP400",corridor; kill fast,clvl22+/HP220+,stat-for-stat clone of Shagrat,4,AVOID,,B2,110,1.0,40d10,400,45.0,78,0,,0,,,PACK|UNIQUE,2874
232,Stone golem,19,950,g,W,2,CAREFUL,"20max melee, no status",AC/HP,HP180+,"AC75 (hard for you to hit, not a player-danger factor)",2,CAREFUL,,B2,100,0.5,28d8,126.0,11.0,20,0,,0,,,EMPTY_MIND,2929
233,Red mold,19,950,m,r,1,FIGHT,SPORE:FIRE 4d4 if meleed,don't melee it,avoid melee,"NEVER_MOVE trap, low dmg",1,FIGHT,,B2,110,1.0,17d8,76.5,10.0,16,0,,0,,,EMPTY_MIND|NEVER_MOVE,2941
234,Giant gold dragon fly,19,950,F,y,1,FIGHT,BR_SOUN trivial (~2-4dmg + minor stun),none,always,trivial despite dragonfly name,1,FIGHT,,B2,120,2.0,3d8,13.5,2.0,3,0,SOUN=2/4,2,10,BR_SOUN,,2953
592,Neekerbreeker,19,950,I,D,2,CAREFUL,MULTIPLY breeder; SHRIEK alarm; trivial 2d2 bite,kill fast,HP180+,,2,CAREFUL,,B2,120,2.0,3d2,4.5,3.0,4,0,,0,12,SHRIEK,BREEDER,8897
235,"Bolg, Son of Azog",20,1000,o,v,4,AVOID,4 blows 3d6x4=72max; ESCORT pack; HP500,corridor; kill fast,clvl24+/HP240+,already-known unique confirmed; highest HP unique in band,4,AVOID,,B2,120,2.0,50d10,500,42.0,72,0,,0,,,PACK|UNIQUE,2967
236,Phase spider,20,1000,S,B,3,CAREFUL,FRIENDS pack; poison bites 20max; BLINK/TELE_TO disruption,corridor,HP200+,,3,CAREFUL,,B2,120,2.0,6d8,27.0,11.5,20,0,,0,5,BLINK|TELE_TO,TELE_TO|PACK,2984
237,3-headed hydra,20,1000,M,o,3,CAREFUL,"36max melee; SCARE; HP500 (very tanky, long fight)",AC/HP; ranged kill,HP220+,,3,CAREFUL,,B2,120,2.0,100d5,300.0,21.0,36,0,,0,9,SCARE,,2999
238,Earth hound,20,1000,Z,u,4,AVOID,FRIENDS pack; BR_SHAR hp/6~11-20+cuts; 4 blows=34max,corridor; rShards helps little (weak resist in 1.5),HP220+,"appears dl20/1000ft, not ~900ft as already-known claims",4,AVOID,,B2,110,1.0,15d8,67.5,21.0,34,0,SHAR=11/20,11,10,BR_SHAR,PACK,3014
239,Air hound,20,1000,Z,g,4,AVOID,FRIENDS pack; BR_POIS hp/3~22-40 (nastier breath tier); 4 blows=34max,rPois; corridor,HP220+/rPois,"named 'air' but breathes poison, not wind",4,AVOID,,B2,110,1.0,15d8,67.5,21.0,34,0,POIS=22/40,22,10,BR_POIS,PACK,3031
240,Sabre-tooth tiger,20,1000,f,y,3,CAREFUL,"4 blows 1d10x4=40max, no status, HP280",AC/HP,HP220+,pure melee brute animal,3,CAREFUL,,B2,120,2.0,20d14,150.0,22.0,40,0,,0,,,,3048
241,Water hound,20,1000,Z,s,4,AVOID,FRIENDS pack; BR_ACID hp/3~22-40 (also damages armor); 4 blows=34max,rAcid; corridor,HP220+/rAcid,"named 'water' but breathes acid, not water/ice",4,AVOID,,B2,110,1.0,15d8,67.5,21.0,34,0,ACID=22/40,22,10,BR_ACID,PACK,3061
242,Chimaera,20,1000,H,r,3,CAREFUL,"BR_FIRE avg 53 (20d15 HP /3), 100 at max HP; 1_IN_10; 3 blows avg 27",rFire (cuts breath to ~18); kill fast,with rFire,breath hits the scale's own '100+ unresisted' lethal example - far nastier than name,4,AVOID,Clerk rated 4 using the max-HP breath (100); average is 53,B2,110,1.0,20d15,160.0,27.0,48,0,FIRE=53/100,53,10,BR_FIRE,,3078
243,Quylthulg,20,1000,Q,y,3,CAREFUL,"S_MONSTER summon (any random monster, unbounded danger); NEVER_BLOW so itself harmless","kill fast at range before repeated casts, or avoid",never fully safe - summon risk persists,matches already-known 'Q's summon'; itself cannot melee,3,CAREFUL,,B2,110,1.0,6d8,27.0,0,0,0,,0,4,BLINK|S_MONSTER,SUMMON|INVIS|EMPTY_MIND|NEVER_MOVE,3093
244,Sasquatch,20,1000,Y,g,3,CAREFUL,36max melee; HP380 (tanky),AC/HP,HP220+,pure melee,3,CAREFUL,,B2,120,2.0,20d19,200.0,20.0,36,0,,0,,,,3105
245,Werewolf,20,1000,C,D,3,CAREFUL,"44max melee; HP440 (very tanky, long exposure)",AC/HP; ranged/allies to shorten fight,HP240+,"no status, but toughest non-unique in-band by HP",3,CAREFUL,,B2,110,1.0,20d22,230.0,25.0,44,0,,0,,,,3116
246,Dark elven lord,20,1000,h,s,4,AVOID,BO_FIRE~45dmg / BO_COLD~31dmg; HASTE self-buff; BLIND/CONF; 39max melee,rFire/rCold; save 35%+,HP240+/with fire+cold resist,matches already-known 'dark elven casters'; haste doubles its actions,4,AVOID,,B2,120,2.0,18d15,144.0,22.5,39,0,,0,5,HASTE|BLIND|CONF|DARKNESS|BO_FIRE|BO_COLD,,3128
580,Ranger,20,1000,p,W,3,CAREFUL,2 blows 5d4x2=40max; BO_COLD~31/BO_ELEC~25; MISSILE/ARROW_2 ranged; S_ANIMAL summon,corridor to block LOS; rCold/rElec,HP220+,ranged+melee+summon combo,3,CAREFUL,,B2,110,1.0,15d11,90.0,25.0,40,0,,0,4,S_ANIMAL|ARROW_2|MISSILE|BO_COLD|BO_ELEC|BLINK,SUMMON,8695
581,Paladin,20,1000,p,w,4,AVOID,2 blows 4d5x2=40max; CAUSE_2~36dmg(save-only); HEAL self-sustain; SLOW/SCARE/BLIND,save 35%+; kill fast,HP240+/save40%+,strong melee AND direct-dmg spell AND self-heal - a step above the dl12 Priest,4,AVOID,,B2,110,1.0,15d11,90.0,24.0,40,0,,0,4,HEAL|CAUSE_2|SLOW|SCARE|BLIND,,8710
248,"Lugdush, the Uruk",21,1050,o,b,3,CAREFUL,UNIQUE; 4 HURT blows ~42/turn AC-reduced; ESCORT brings orc pack,corridor to split escort; kill fast,clvl~22+ or good AC,"named unique, confirmed present at dl21",3,CAREFUL,,B3,110,1.0,64d10,640,42.0,72,0,,0,,,PACK|UNIQUE,3156
250,Blue dragon bat,21,1050,b,b,1,FIGHT,"spd+20 (3 actions/turn) but tiny HP16, bite 1d3 trivial; BR_ELEC ~5 dmg",none needed,always,fast but harmless individually,1,FIGHT,,B3,130,3.0,4d4,10.0,2.0,3,0,ELEC=3/5,3,4,BR_ELEC,,3188
251,Scroll mimic,21,1050,?,w,3,CAREFUL,ambush disguise; BLIND|CONF|SCARE|CAUSE_2(avg36)|BO_FIRE|S_MONSTER at 20%; poison blows bypass rPois for base dmg,resist Confusion/Blindness; expect ambush,identified as mimic,stationary once revealed; surprise first-contact risk,3,CAREFUL,,B3,110,1.0,10d14,75.0,23.0,36,0,,0,5,BLIND|CONF|SCARE|CAUSE_2|BO_FIRE|S_MONSTER,SUMMON|EMPTY_MIND|NEVER_MOVE,3201
252,Fire vortex,21,1050,v,r,2,CAREFUL,"BR_FIRE ~15-27 dmg (own HP low, POWERFUL=radius3) unresisted; low HP so short fight",resist Fire,always manageable,reputation exceeds actual output (low own-HP caps breath),2,CAREFUL,,B3,110,1.0,9d9,45.0,6.0,9,0,FIRE=15/27,15,6,BR_FIRE,EMPTY_MIND,3219
253,Water vortex,21,1050,v,s,2,CAREFUL,"BR_ACID ~15-27 dmg, radius3 (POWERFUL)",resist Acid,always manageable,same weak-breath pattern as other vortices,2,CAREFUL,,B3,110,1.0,9d9,45.0,6.0,9,0,ACID=15/27,15,6,BR_ACID,EMPTY_MIND,3231
254,Cold vortex,21,1050,v,w,2,CAREFUL,"BR_COLD ~15-27 dmg, radius3",resist Cold,always manageable,same pattern,2,CAREFUL,,B3,110,1.0,9d9,45.0,6.0,9,0,COLD=15/27,15,6,BR_COLD,EMPTY_MIND,3243
255,Energy vortex,21,1050,v,b,2,CAREFUL,"BR_ELEC ~15-27 dmg, radius3",resist Elec,always manageable,same pattern,2,CAREFUL,,B3,110,1.0,9d9,45.0,6.0,9,0,ELEC=15/27,15,6,BR_ELEC,EMPTY_MIND,3255
256,Mummified orc,21,1050,z,w,1,FIGHT,"2xHURT 2d4 ~10/turn, no status",none,always,plain undead filler,1,FIGHT,,B3,110,1.0,15d8,67.5,10.0,16,0,,0,,,EMPTY_MIND,3267
249,"Ugluk, the Uruk",22,1100,o,b,3,CAREFUL,UNIQUE; 4 HURT blows ~42/turn; ESCORT pack; no FORCE_SLEEP (awake at once),corridor; kill fast,clvl~23+,"named unique, confirmed; starts alert (no FORCE_SLEEP)",3,CAREFUL,,B3,110,1.0,72d10,720,45.0,78,0,,0,,,PACK|UNIQUE,3172
257,Killer stag beetle,22,1100,K,g,1,FIGHT,2xCLAW HURT1d12 ~13/turn,none,always,plain melee,1,FIGHT,,B3,110,1.0,15d8,67.5,13.0,24,0,,0,,,,3280
258,Iron golem,22,1100,g,s,1,FIGHT,HP520/960 huge but only 1 blow ~6.5/turn; SLOW spell 14% (FA/save blocks),Free Action (blocks Slow),always,"huge HP, trivial output - tanky not dangerous",1,FIGHT,,B3,110,1.0,80d12,520.0,6.5,12,0,,0,7,SLOW,EMPTY_MIND,3291
259,Giant yellow scorpion,22,1100,S,y,1,FIGHT,2 blows ~10.5/turn incl. poison-bypass dmg,none,always,weak,1,FIGHT,,B3,110,1.0,12d8,54.0,10.5,18,0,,0,,,,3304
555,Wyvern,22,1100,d,g,2,CAREFUL,"spd+10; ~21/turn x2=42/turn incl. poison-bypass sting, no spells",resist Poison helps,always,fast but no status/breath despite dragon symbol,2,CAREFUL,,B3,120,2.0,5d80,202.5,21.0,36,0,,0,,,,8279
260,Black ooze,23,1150,j,D,1,FIGHT,"spd90 (slow), TOUCH ACID2d6=7/turn bypasses AC; MULTIPLY breeder but STUPID+slow limits swarm",none,always,breeder but too slow/weak to matter much,1,FIGHT,,B3,90,0.3,6d8,27.0,7.0,12,0,,0,11,DRAIN_MANA,EMPTY_MIND|BREEDER,3314
261,Hardened warrior,23,1150,p,u,2,CAREFUL,"2xHURT6d5 ~42/turn AC-reduced, plain human melee",none,always,solid but no status,2,CAREFUL,,B3,110,1.0,15d11,90.0,36.0,60,0,,0,,,,3327
262,"Azog, King of the Uruk-Hai",23,1150,o,v,4,AVOID,UNIQUE spd+10 (2 actions/turn); 3xHURT5d5 ~45/turn x2speed=~90/turn; ESCORT+ESCORTS (large pack),corridor to split pack; high AC/kill fast,"clvl~26+ well-equipped, else LEAVE",fast unique + big escort pack = named danger confirmed,4,AVOID,,B3,120,2.0,90d10,900,45.0,75,0,,0,,,PACK|UNIQUE,3339
263,Master rogue,23,1150,p,b,2,CAREFUL,"spd+10; HURT2d8x2 + EAT_GOLD, ~56/turn effective; steals gold then blinks away",dex+lvl save vs theft (out of player control),always,"fast thief, moderate dmg",2,CAREFUL,,B3,120,2.0,15d9,75.0,28.0,48,0,,0,,,,3355
264,Red dragon bat,23,1150,b,r,1,FIGHT,spd+20 (3 actions/turn) but tiny HP24; BR_FIRE ~8 dmg,none needed,always,fast but harmless,1,FIGHT,,B3,130,3.0,3d8,13.5,2.0,3,0,FIRE=4/8,4,4,BR_FIRE,,3368
265,Killer white beetle,23,1150,K,w,1,FIGHT,1xBITE HURT4d5 ~10/turn,none,always,plain melee,1,FIGHT,,B3,110,1.0,18d8,81.0,12.0,20,0,,0,,,,3380
266,Giant bronze dragon fly,23,1150,F,U,1,FIGHT,NEVER_BLOW (no melee); BR_CONF 10% ~4 dmg trivial but may confuse if unresisted,resist Confusion,always,"near-harmless HP-wise, minor confuse annoyance",1,FIGHT,,B3,120,2.0,3d8,13.5,0,0,0,CONF=2/4,2,10,BR_CONF,,3390
551,Giant silver ant,23,1150,a,W,1,FIGHT,1xBITE ACID4d4 ~10/turn bypasses AC,resist Acid helps,always,weak,1,FIGHT,,B3,110,1.0,9d8,40.5,10.0,16,0,,0,,,,8239
267,Forest wight,24,1200,W,g,1,FIGHT,3 blows ~7/turn + exp drain; SCARE spell 10%,resist Fear or save,always,weak undead,1,FIGHT,,B3,110,1.0,12d8,54.0,7.0,12,1,,0,10,SCARE|DRAIN_MANA,,3402
268,"Ibun, Son of Mim",24,1200,h,o,3,CAREFUL,UNIQUE; 3xHURT3d6+UN_BONUS ~31.5/turn; disenchants gear on hit; BO_FIRE spell 12.5%,kill fast before disenchant stacks; resist Fire,clvl~25+,"gear-degradation unique, paired with Khim (same stats, not confirmed to co-spawn)",3,CAREFUL,,B3,110,1.0,82d10,820,31.5,54,0,,0,8,HEAL|SLOW|BO_FIRE,UNIQUE,3418
269,"Khim, Son of Mim",24,1200,h,o,3,CAREFUL,"UNIQUE; identical stat block to Ibun (3xHURT3d6+UN_BONUS ~31.5/turn, disenchant, BO_FIRE 12.5%)",kill fast; resist Fire,clvl~25+,"see Ibun; twin unique, co-spawn not verified in this pass",3,CAREFUL,,B3,110,1.0,82d10,820,31.5,54,0,,0,8,HEAL|SLOW|BO_FIRE,UNIQUE,3436
270,4-headed hydra,24,1200,M,y,3,CAREFUL,spd+10 (2 actions/turn); 4xBITE HURT2d6 ~28/turn x2=56/turn AC-reduced; SCARE 14%,resist Fear or save; high AC,clvl~26+,fast multi-bite brute,3,CAREFUL,,B3,120,2.0,100d6,350.0,28.0,48,0,,0,7,SCARE,,3454
271,Mummified human,24,1200,z,w,1,FIGHT,2xHURT2d4 ~10/turn,none,always,weak undead,1,FIGHT,,B3,110,1.0,17d9,85.0,10.0,16,0,,0,,,EMPTY_MIND,3470
272,Vampire bat,24,1200,b,D,1,FIGHT,"spd+10; 2xBITE EXP_40 ~5/turn dmg x2=10/turn, but drains exp each hit",hold_life (not assumed present),always for HP; exp loss unavoidable,"low HP threat, notable exp drain over many encounters",1,FIGHT,,B3,120,2.0,9d10,49.5,5.0,8,2,,0,,,,3482
273,Sangahyando of Umbar,24,1200,p,U,3,CAREFUL,UNIQUE; 4xHURT4d6 ~56/turn AC-reduced; SLOW spell 25% (FA/save blocks),Free Action (blocks Slow); high AC,clvl~25+,"heavy melee unique, no direct-damage spells",3,CAREFUL,,B3,110,1.0,80d10,800,56.0,96,0,,0,4,SLOW|FORGET,UNIQUE,3493
274,Angamaite of Umbar,24,1200,p,U,3,CAREFUL,"UNIQUE; identical to Sangahyando (4xHURT4d6 ~56/turn, SLOW 25%)",Free Action; high AC,clvl~25+,see Sangahyando; pairing not verified,3,CAREFUL,,B3,110,1.0,80d10,800,56.0,96,0,,0,4,SLOW|FORGET,UNIQUE,3510
275,Banshee,24,1200,G,b,1,FIGHT,"INVISIBLE+PASS_WALL but HP27/48 (dies fast); both blows are 0-dice (TERRIFY, EXP_20) - virtually no direct HP damage",See Invisible (assumed),always,reputation far exceeds actual output: near-zero direct damage,1,FIGHT,,B3,120,2.0,6d8,27.0,0.0,0,1,,0,15,TPORT|DRAIN_MANA,INVIS|PASS_WALL,3527
565,Werebear,24,1200,q,D,1,FIGHT,"~27/turn melee, no status, no spells",none,always,straightforward brute,1,FIGHT,,B3,110,1.0,25d25,325.0,27.0,48,0,,0,,,,8418
593,Giant firefly,24,1200,I,r,3,CAREFUL,"MULTIPLY breeder, speed +10; BITE:BLIND has no save (only resist blind) — blind means no scrolls",resist blindness; kill early or leave the level,with rBlind,"breeder + guaranteed blind, but each individual dies in ~1 hit",2,CAREFUL,Clerk rated 2; a breeding swarm of no-save blinders blocks scroll escapes,B3,120,2.0,3d2,4.5,1.5,2,0,,0,,,BLIND_BLOW|BREEDER,8911
184,Hill giant,25,1250,P,U,2,FIGHT,HURT 4d8x2 AC-reduced ~36/turn; BOULDER bolt avg~30 no resist,none (bypasses only via AC on HURT part),always,"spd110, no status; pure bruiser",2,FIGHT,,B3,110,1.0,30d15,240.0,36.0,64,0,,0,10,BOULDER,,2275
276,Pukelman,25,1250,g,D,2,CAREFUL,2 blows ~17/turn; BO_ACID spell 25% ~40 dmg (resisted /3); SLOW/CONF spells,resist Acid + resist Confusion; Free Action blocks Slow,always manageable,"golem caster, moderate bolt spike",2,CAREFUL,,B3,110,1.0,80d12,520.0,17.0,30,0,,0,4,SLOW|CONF|BO_ACID,EMPTY_MIND,3541
277,Dark elven druid,25,1250,h,G,3,CAREFUL,spd+10; ~43/turn effective melee; S_MONSTER|S_SPIDER|S_ANIMAL summons (any of 3 packs) + CONF spell 16.7%,resist Confusion; kill fast before summon lands,clvl~27+,summoner - can call spider/animal reinforcements,3,CAREFUL,,B3,120,2.0,20d20,210.0,21.5,38,0,,0,6,HEAL|CONF|DARKNESS|S_MONSTER|S_SPIDER|S_ANIMAL,SUMMON,3557
278,Stone troll,25,1250,T,W,2,CAREFUL,"FRIENDS pack; ~14.5/turn each, REGENERATE makes it slow to kill",corridor to fight 1 at a time,always,"pack + regen = attritional, not a one-shot risk",2,CAREFUL,,B3,110,1.0,23d10,126.5,14.5,24,0,,0,,,PACK,3574
280,Wereworm,25,1250,w,D,1,FIGHT,HP600/1100 huge but ~14/turn total damage across 4 weak blows,none,always,tanky but low output - big HP is a red herring,1,FIGHT,,B3,110,1.0,100d11,600.0,14.0,24,1,,0,,,,3602
281,Carrion crawler,25,1250,c,o,2,CAREFUL,"2xSTING PARALYZE2d6 - 2 paralyze blows, low direct dmg (~13/turn)",Free Action (assumed present),"with FA; WITHOUT FA this chain-paralyses to death (2 blows/turn, B_common's worked example)","classic paralyzer, fully defanged by FA",2,CAREFUL,,B3,110,1.0,20d12,130.0,14.0,24,0,,0,,,PARA_BLOW,3615
282,Killer red beetle,25,1250,K,r,2,CAREFUL,1xBITE LOSE_STR4d4 ~10dmg + permanent STR drain (no sustain assumed),sustain STR / Restore potions,always for HP; drain needs restoring,stat-drain risk compounds over many fights,2,CAREFUL,,B3,110,1.0,20d8,90.0,10.0,16,1,,0,,,,3627
552,Giant brown tick,25,1250,S,u,2,CAREFUL,"2 blows ~8/turn incl. poison-bypass; STING:BLIND guaranteed on hit (no save, resist_blind only)",resist Blindness,always with rBlind,low damage but reliable blind-lock risk,2,CAREFUL,,B3,110,1.0,18d8,81.0,8.0,13,0,,0,,,BLIND_BLOW,8249
279,Troll priest,26,1300,T,G,2,CAREFUL,~16.5/turn melee; CAUSE_1 (avg13.5)/MISSILE(avg15.7) spells 20%; REGENERATE,save (33-43%) vs CAUSE_1; kill fast,always manageable,moderate spellcaster troll,2,CAREFUL,,B3,110,1.0,30d10,300,16.5,28,0,,0,5,BLINK|SCARE|CAUSE_1|MISSILE|DARKNESS,,3587
283,Giant grey ant,26,1300,a,s,1,FIGHT,1xHURT2d12 ~13/turn,none,always,plain,1,FIGHT,,B3,110,1.0,19d8,85.5,13.0,24,0,,0,,,,3637
284,"Ulwarth, Son of Ulfang",26,1300,p,U,2,CAREFUL,"UNIQUE; 3xHURT4d6 ~42/turn AC-reduced, no spells at all",high AC / kill fast (AC only 40),always,"straightforward melee unique, easier than others its tier",2,CAREFUL,,B3,110,1.0,85d10,850,42.0,72,0,,0,,,UNIQUE,3647
285,Displacer beast,26,1300,f,D,2,CAREFUL,INVISIBLE; 4 blows ~25.5/turn moderate melee,See Invisible (assumed),always with SI,invisible but not otherwise special,2,CAREFUL,,B3,110,1.0,25d10,137.5,25.5,46,0,,0,,,INVIS,3661
286,Giant fire tick,26,1300,S,R,1,FIGHT,1xBITE FIRE3d6 ~10.5/turn bypasses AC,"resist Fire helps, not required",always,weak individually,1,FIGHT,,B3,110,1.0,16d8,72.0,10.5,18,0,,0,,,,3673
287,Cave ogre,26,1300,O,u,3,CAREFUL,FRIENDS pack; 2xHURT3d8 ~27/turn EACH - pack of 2-3 stacks to 54-81/turn combined,corridor to fight 1 at a time,clvl~27+ or corridor,"raw damage pack, no status",3,CAREFUL,,B3,110,1.0,30d9,150.0,27.0,48,0,,0,,,PACK,3683
288,White wraith,26,1300,W,w,2,CAREFUL,3 blows ~7/turn + exp drain; CAUSE_2(avg36)/SCARE spells 12.5%,save vs CAUSE_2; resist Fear,always manageable,spike-damage undead,2,CAREFUL,,B3,110,1.0,15d8,67.5,7.0,12,1,,0,8,SCARE|CAUSE_2|DARKNESS,,3694
289,Angel,26,1300,A,o,3,CAREFUL,"spell freq 33% (1_in_3, very frequent) BLIND|CONF|SCARE|FORGET; melee only ~30/turn",resist Blindness + resist Confusion,"with both resists, else risk of lock","status-lock caster despite 'Angel' name; high alertness(255)=deep starting sleep, may be missed while stealthy",3,CAREFUL,,B3,110,1.0,30d10,300,30.0,48,0,,0,3,BLIND|CONF|SCARE|FORGET,,3709
553,Disenchanter bat,26,1300,b,v,2,CAREFUL,"spd+20 (3 actions/turn); sole blow is UN_BONUS with 0 base dice - pure gear-disenchant threat, zero HP risk",resist Disenchantment,always (no HP danger),fast but harmless to HP; strips equipment enchantment over repeated hits,2,CAREFUL,,B3,130,3.0,6d8,27.0,0.0,0,0,,0,,,,8259
599,Ghoul,26,1300,z,U,2,CAREFUL,FRIENDS pack of paralyzers; 2xCLAW PARALYZE1d4 each - classic B_common chain-paralysis example,Free Action (assumed present),with FA; WITHOUT FA a pack of these chain-paralyses to death,textbook illustration of the brief's paralysis-chain warning,2,CAREFUL,,B3,110,1.0,15d10,82.5,8.5,14,0,,0,9,SCARE|HOLD,PARA_BLOW|HOLD|PACK,9012
607,Wolf chieftain,26,1300,C,D,4,LEAVE,"ESCORTS+ESCORT (leads a full wolf pack, not itself unique); spd+10; HP484; WAIL:TERRIFY + ~25/turn x2=50/turn melee",resist Fear; corridor to bottleneck the pack,never fully safe due to pack size,non-unique pack leader matches scale's 'large pack' example for rating 4,4,LEAVE,,B3,120,2.0,22d22,484,25.0,44,0,,0,8,DARKNESS,PACK,9127
290,"Mim, Betrayer of Turin",27,1350,h,o,4,AVOID,UNIQUE spd+10 (2 actions/turn); 4 blows ~40.5/turn x2=~81/turn + disenchant; BA_ACID ball ~55 dmg 16.7%; immune to ALL 5 elements,none - kill fast or flee,clvl~30+ well-equipped,far nastier than sons Ibun/Khim; fast+huge HP1100+all-immune,4,AVOID,,B3,120,2.0,11d100,1100,40.5,72,0,,0,6,HEAL|SCARE|BO_ACID|BA_ACID,UNIQUE,3729
291,Killer fire beetle,27,1350,K,R,1,FIGHT,"2 blows ~21.5/turn, fire bypasses AC",resist Fire helps,always,moderate but unremarkable,1,FIGHT,,B3,110,1.0,22d8,99.0,19.5,32,0,,0,,,,3749
292,Creeping adamantite coins,27,1350,$,G,3,CAREFUL,mimic ambush (looks like gold); spd+10; 4 blows ~59/turn effective incl. poison-bypass dmg,expect ambush; resist Poison helps,identified as mimic,surprise first-contact risk + fast melee,3,CAREFUL,,B3,120,2.0,20d25,260.0,29.5,51,0,,0,,,,3759
293,Algroth,27,1350,T,o,2,CAREFUL,FRIENDS pack; ~15.5/turn each incl. poison-bypass claws; REGENERATE,corridor to fight 1 at a time,always,"pack troll-type, moderate",2,CAREFUL,,B3,110,1.0,21d12,136.5,15.5,24,0,,0,,,PACK,3773
294,Vibration hound,27,1350,Z,y,4,LEAVE,"FRIENDS pack (multiple hounds); ~30/turn melee EACH + BR_SOUN ~23-42 dmg EACH (partial resist only, K/9.5 avg)",resist Sound; corridor to face 1 at a time,never fully safe - pack multiplies breath dmg,"hound pack = named danger category, matches brief's air-hound warning pattern",4,LEAVE,,B3,110,1.0,25d10,137.5,30.0,50,0,SOUN=22/41,22,5,BR_SOUN,PACK,3785
295,Nexus hound,27,1350,Z,v,4,LEAVE,FRIENDS pack; ~30/turn melee EACH + BR_NEXU ~23-42 dmg EACH + stat/plane-scramble effects,resist Nexus; corridor,never fully safe,"hound pack, nexus effects add unpredictability on top of dmg",4,LEAVE,,B3,110,1.0,25d10,137.5,30.0,50,0,NEXU=22/41,22,5,BR_NEXU,PACK,3802
296,Ogre mage,27,1350,O,r,3,CAREFUL,4xHURT3d8 ~54/turn AC-reduced; HOLD spell (paralyse - confirms 'already known'); S_MONSTER summon 25%,Free Action (assumed) blocks HOLD,with FA; would be 4-5 without,confirms forum claim: ogre mages paralyse via HOLD spell,3,CAREFUL,,B3,110,1.0,25d12,162.5,54.0,96,0,,0,4,HEAL|HOLD|TRAPS|BA_COLD|S_MONSTER,HOLD|SUMMON,3819
298,Vampire,27,1350,V,W,3,CAREFUL,"HOLD+MIND_BLAST(avg36,all-or-nothing save)+TELE_TO (drags you to it) at 11% freq; ~36/turn melee+exp drain; REGENERATE",Free Action blocks HOLD; save vs MIND_BLAST,with FA; TELE_TO can strand you from stairs,"stacked lock/pull mechanisms, not just melee",3,CAREFUL,,B3,110,1.0,25d12,162.5,21.0,36,2,,0,9,TELE_TO|HOLD|SCARE|CAUSE_2|MIND_BLAST|FORGET|DARKNESS,HOLD|TELE_TO,3852
299,Gorgimaera,27,1350,H,o,3,CAREFUL,~29/turn melee incl. GAZE:PARALYZE; BR_FIRE 12.5% ~87-167 dmg unresisted (big chunk of 180-300 HP),resist Fire (major); Free Action for gaze,with rFire+FA,breath alone can be near-lethal at low end of band,3,CAREFUL,,B3,110,1.0,25d20,262.5,29.0,52,0,FIRE=87/166,87,8,BR_FIRE,PARA_BLOW,3869
300,Colbran,27,1350,g,y,3,CAREFUL,spd+10; 2xELEC3d8 ~27/turn bypasses AC x2=54/turn; BO_ELEC spell 33% (very frequent) ~27 dmg more,resist Elec,always with rElec,frequent elemental bolt on top of fast melee,3,CAREFUL,,B3,120,2.0,80d12,520.0,27.0,48,0,,0,3,BO_ELEC,EMPTY_MIND,3885
328,Ogre shaman,27,1350,O,G,3,CAREFUL,"3xHURT3d6 ~40.5/turn; HOLD spell (paralyse, confirms 'already known') + S_MONSTER summon 20%",Free Action (assumed) blocks HOLD,with FA; would be 4-5 without,second ogre-caster confirming the paralyse claim,3,CAREFUL,,B3,110,1.0,25d12,162.5,31.5,54,0,,0,5,TPORT|HOLD|SCARE|CAUSE_2|TRAPS|BO_FIRE|S_MONSTER,HOLD|SUMMON,4314
554,Shimmering mold,27,1350,m,b,1,FIGHT,NEVER_MOVE (fully avoidable); 2xSPORE ELEC5d4 ~25/turn bypasses AC if engaged,"resist Elec, or just walk around it",always (stationary),"optional encounter, walk around to skip entirely",1,FIGHT,,B3,110,1.0,32d8,144.0,25.0,40,0,,0,,,EMPTY_MIND|NEVER_MOVE,8267
199,Frost giant,28,1400,P,w,3,CAREFUL,COLD 5d8x2=45/turn bypasses AC entirely; BOULDER bolt avg~33,resist Cold,"with rCold, else watch HP","elemental blow ignores AC, only rCold helps",3,CAREFUL,,B3,110,1.0,32d15,256.0,45.0,80,0,,0,10,BOULDER,,2469
301,Spirit naga,28,1400,n,w,3,CAREFUL,INVISIBLE; ~27/turn melee; BLIND|MIND_BLAST spells 25% (frequent),See Invisible (assumed); resist Blindness,with SI; MIND_BLAST save still needed,"invisible caster combo, frequent spellcasting",3,CAREFUL,,B3,110,1.0,30d15,240.0,27.0,48,0,,0,4,HEAL|BLIND|MIND_BLAST|DARKNESS,INVIS,3900
302,5-headed hydra,28,1400,M,g,4,LEAVE,"spd+10 (2 actions/turn); 4xBITE POISON4d4 ~40/turn x2=80/turn - poison BLOW damage bypasses rPois entirely (resist blocks status only, not hp dmg per A1); BA_POIS 20%",none for the base damage; kill fast or avoid,never fully safe even with rPois,rPois does NOT stop this monster's real damage - a trap for a resist-only mindset,4,LEAVE,,B3,120,2.0,100d8,450.0,40.0,64,0,,0,5,SCARE|BA_POIS,,3918
303,Black knight,28,1400,p,s,3,CAREFUL,"spd+10; 3xHURT5d5 ~45/turn x2=90/turn; CAUSE_3(avg~90,save-or-eat) + BLIND spells 25%",save vs CAUSE_3; resist Blindness; high AC,clvl~29+,fast + spike-damage spell + blind,3,CAREFUL,,B3,120,2.0,30d10,165.0,45.0,75,0,,0,8,BLIND|SCARE|CAUSE_3|DARKNESS,,3934
304,Uldor the Accursed,28,1400,p,U,3,CAREFUL,UNIQUE; 4xHURT4d6 ~56/turn; S_KIN summon 10% (unpredictable reinforcements); HP1000,kill fast before summon; high AC,clvl~29+,"summoner unique, big HP but not fast",3,CAREFUL,,B3,110,1.0,10d100,1000,56.0,96,0,,0,10,S_KIN,SUMMON|UNIQUE,3950
305,Mage,28,1400,p,r,3,CAREFUL,spell freq 33% (very frequent): BO_FIRE/COLD/ELEC(~40 each)+BLIND+CONF+HASTE+TELE_TO+S_MONSTER; but HP only 67.5/120 (dies fast),kill fast (low HP) before it stacks effects,always if engaged quickly,squishy but very frequent multi-effect caster,3,CAREFUL,,B3,110,1.0,15d8,67.5,12.0,20,0,,0,3,HASTE|TPORT|TELE_TO|BLIND|CONF|BO_FIRE|BO_COLD|BO_ELEC|S_MONSTER,SUMMON|TELE_TO,3968
306,Mind flayer,28,1400,h,v,4,AVOID,"BRAIN_SMASH (12d15~78dmg, save-or-suffer blind+confuse+paralyze+slow ALL TOGETHER) 12.5% freq; FA only blocks the paralyze piece",resist Blindness+Confusion needed too - FA alone is NOT enough,never fully safe without both resists,key finding: Free Action does not fully neutralise Mind Flayer - blind/confuse/slow still land on failed save,4,AVOID,,B3,110,1.0,15d10,150,14.0,24,2,,0,8,BLIND|HOLD|SCARE|MIND_BLAST|BRAIN_SMASH|FORGET,HOLD|BRAIN,3985
307,"Draebor, the Imp",28,1400,u,v,4,AVOID,"UNIQUE, INVISIBLE, spd+10, SMART; TELE_TO/TELE_AWAY/TELE_LEVEL (scatters you from stairs)+BLIND|CONF+S_KIN summon at 20%; ESCORT",See Invisible (assumed) helps detection only; teleport/summon suite still risky,never fully safe due to TELE_TO+summon combo,"utility unique that isolates you with reinforcements, not just a damage check",4,AVOID,,B3,120,2.0,52d10,520,22.5,36,0,,0,5,BLINK|TPORT|TELE_TO|TELE_AWAY|TELE_LEVEL|BLIND|CONF|SCARE|S_KIN,SUMMON|TELE_TO|INVIS|PACK|UNIQUE,4000
308,Basilisk,28,1400,R,s,4,AVOID,"spd+10; GAZE:PARALYZE (no dmg, status only) + 3xBITE2d12 ~39/turn x2=78/turn; BR_POIS 12.5% ~103-200 dmg unresisted (cap800)",resist Poison (major); Free Action for gaze,with rPois+FA still substantial,named breath danger independent of the paralyse gaze,4,AVOID,,B3,120,2.0,20d30,310.0,39.0,72,0,POIS=103/200,103,8,BR_POIS,PARA_BLOW,4020
309,Ice troll,28,1400,T,w,2,CAREFUL,"FRIENDS pack; ~20/turn each, cold portion bypasses AC; REGENERATE",corridor; resist Cold helps,always manageable in corridor,"pack troll, moderate",2,CAREFUL,,B3,110,1.0,24d10,132.0,20.0,34,0,,0,,,PACK,4036
566,"Beorn, the Shape-Changer",28,1400,q,D,4,AVOID,"UNIQUE, spd+10 (2 actions/turn), HP1400 (highest in band); 4 blows ~50.5/turn x2=~101/turn; ESCORT; NO spells/status at all","none - pure damage race, kill fast or flee",clvl~30+ well-equipped,"highest raw HP and effective dps in the entire band, purely from melee",4,AVOID,,B3,120,2.0,20d70,1400,50.5,90,0,,0,,,PACK|UNIQUE,8433
589,Spectator,28,1400,e,B,3,CAREFUL,"GAZE:PARALYZE+GAZE:CONFUSE (confuse has no save alt, only resist_conf blocks) + HOLD spell 16.7%; AC1 (very easy to kill fast)",Free Action blocks paralyze; resist Confusion blocks the confuse gaze; kill fast (AC1),"with FA+rConf, else confusion lock even with FA",low HP/AC target but confuse-gaze bypasses FA entirely,3,CAREFUL,,B3,110,1.0,15d13,195,9.5,16,0,,0,6,FORGET|CAUSE_2|HOLD|SLOW,PARA_BLOW|CONF_BLOW|HOLD,8849
605,Bat of Gorgoroth,28,1400,b,g,4,LEAVE,"FRIENDS pack; spd+10; BR_POIS(~36-67 each, unresisted portion still real)+BR_DARK(~18,blinds if unresisted) at 12.5% EACH bat",resist Poison + resist Dark/Blindness; corridor,never fully safe - pack of breathers,"poison+dark breathing pack, fast",4,LEAVE,,B3,120,2.0,20d10,110.0,8.0,14,0,DARK=18/33 POIS=36/66,36,8,SCARE|BR_POIS|BR_DARK,PACK,9101
310,Purple worm,29,1450,w,v,1,FIGHT,HP292.5/520 sizeable but only ~18/turn total damage,none,always,tough but weak output,1,FIGHT,,B3,110,1.0,65d8,292.5,18.0,32,0,,0,,,,4050
312,Catoblepas,29,1450,q,g,3,CAREFUL,"GAZE:BLIND (guaranteed on hit, no save - only resist_blind blocks) + GAZE:TERRIFY + ~20/turn from bite/butt = ~30/turn total",resist Blindness,always with rBlind,"guaranteed blind on every landed gaze hit, no saving throw alternative",3,CAREFUL,,B3,110,1.0,30d10,165.0,30.0,52,0,,0,,,BLIND_BLOW,4079
313,Ring mimic,29,1450,=,w,3,CAREFUL,"mimic ambush (NEVER_MOVE, disguised); spd+10; 4-element bolt suite(BO_ACID/FIRE/COLD/ELEC ~41 each)+BLIND|CONF|S_MONSTER at 25%; poison melee bypasses rPois",expect ambush; broad elemental resists help; avoid once identified,"identified as mimic, then avoidable (NEVER_MOVE)",dangerous only on first contact - can be walked away from after ID,3,CAREFUL,,B3,120,2.0,10d35,180.0,30.0,48,0,,0,4,BLIND|CONF|SCARE|CAUSE_2|FORGET|BO_ACID|BO_FIRE|BO_COLD|BO_ELEC|S_MONSTER,SUMMON|EMPTY_MIND|NEVER_MOVE,4093
314,Young blue dragon,29,1450,d,b,3,CAREFUL,"BR_ELEC 10% ~90 dmg unresisted (hp/3, cap1600); ~28/turn melee; SCARE spell",resist Elec,"with rElec, else breath is a big chunk of HP",first of the 'young dragon' breath tier in this band,3,CAREFUL,,B3,110,1.0,27d10,270,17.0,28,0,ELEC=90/90,90,10,SCARE|BR_ELEC,,4112
315,Young white dragon,29,1450,d,w,3,CAREFUL,BR_COLD 10% ~90 dmg unresisted; ~28/turn melee; SCARE,resist Cold,with rCold,"same pattern, cold breath",3,CAREFUL,,B3,110,1.0,27d10,270,17.0,28,0,COLD=90/90,90,10,SCARE|BR_COLD,,4129
316,Young green dragon,29,1450,d,g,3,CAREFUL,BR_POIS 10% ~90 dmg unresisted (cap800); ~28/turn melee; SCARE,resist Poison,with rPois,"same pattern, poison breath",3,CAREFUL,,B3,110,1.0,27d10,270,17.0,28,0,POIS=90/90,90,10,SCARE|BR_POIS,,4146
317,Young bronze dragon,29,1450,d,U,3,CAREFUL,"BR_CONF 10% ~45 dmg (weaker cap, hp/6) + confuse if unresisted; ~28/turn melee; SCARE",resist Confusion,with rConf,weakest-breathing young dragon of the set (hp/6 not hp/3),3,CAREFUL,,B3,110,1.0,27d10,270,17.0,28,0,CONF=45/45,45,10,SCARE|BR_CONF,,4163
209,Fire giant,30,1500,P,r,3,CAREFUL,FIRE 6d8x2=54/turn bypasses AC entirely; BOULDER bolt avg~38,resist Fire,"with rFire, else watch HP",hardest-hitting giant in band,3,CAREFUL,,B3,110,1.0,34d16,289.0,54.0,96,0,,0,8,BOULDER,,2601
318,Mithril golem,30,1500,g,B,3,CAREFUL,"HP640/1200 (huge); 4 blows ~57/turn AC-reduced steady damage, no spells/status at all",high AC / sustained healing,clvl~29+,"pure heavy-melee tank, no ranged or status - predictable",3,CAREFUL,,B3,110,1.0,80d15,640.0,57.0,98,0,,0,,,EMPTY_MIND,4180
320,Skeleton troll,30,1500,s,w,1,FIGHT,"~14.5/turn, no status; REGENERATE",none,always,plain undead troll,1,FIGHT,,B3,110,1.0,20d10,110.0,14.5,24,0,,0,,,EMPTY_MIND,4211
321,Manticore,30,1500,H,y,2,CAREFUL,"spd+10; 4xHURT3d4 ~30/turn x2=60/turn (low AC15 so barely reduced); ARROW_4 bolt (7d6~24.5, bypasses AC) 20%","high dmg output, no status - kill fast or tank with HP buffer",always manageable with HP,fast but no lock effects,2,CAREFUL,,B3,120,2.0,25d10,250,30.0,48,0,,0,5,ARROW_4,,4224
322,Giant blue ant,30,1500,a,b,1,FIGHT,1xBITE ELEC5d5 ~15/turn bypasses AC,resist Elec helps,always,weak individually,1,FIGHT,,B3,110,1.0,8d8,36.0,15.0,25,0,,0,,,,4240
323,Giant army ant,30,1500,a,o,2,CAREFUL,FRIENDS pack; ~13/turn each but numbers add up,corridor to fight 1 at a time,always manageable in corridor,"pack of weak ants, only dangerous en masse",2,CAREFUL,,B3,120,2.0,19d6,66.5,13.0,24,0,,0,,,PACK,4250
324,Grave wight,30,1500,W,b,3,CAREFUL,"~7/turn melee+exp drain; CAUSE_3(avg~90, save-or-eat) spell 12.5%",save (33-43%) vs CAUSE_3,"always, but CAUSE_3 can spike hard",single big spell hit risk despite weak melee,3,CAREFUL,,B3,110,1.0,12d10,66.0,8.0,14,1,,0,8,SCARE|CAUSE_3|DARKNESS,,4261
325,Killer slicer beetle,30,1500,K,y,2,CAREFUL,2xHURT5d8 ~45/turn AC-reduced - surprisingly high for a beetle,high AC helps,always,named surprise: hits far harder than its beetle peers,2,CAREFUL,,B3,110,1.0,25d10,137.5,45.0,80,0,,0,,,,4277
600,Ghast,30,1500,z,u,3,CAREFUL,spd+10 (2 actions/turn); 2xCLAW PARALYZE2d4 + LOSE_CON/LOSE_CHR drain; ESCORT pack,Free Action (assumed present),with FA; still fast+drains stats+brings escort,"faster/tougher cousin of the ghoul, stat drain persists even with FA",3,CAREFUL,,B3,120,2.0,30d10,165.0,20.0,32,2,,0,7,SCARE|HOLD,PARA_BLOW|HOLD|PACK,9026
610,Ogre chieftain,30,1500,O,b,4,AVOID,ESCORT (ogre pack); spd+10 (2 actions/turn); 4xHURT3d8 ~54/turn x2=~108/turn effective,high AC/kill fast; corridor vs escort,clvl~30+ well-equipped,highest sustained melee output combo (speed x heavy blows) among non-unique giants,4,AVOID,,B3,120,2.0,30d15,240.0,54.0,96,0,,0,,,PACK,9176
326,Ghost,31,1550,G,w,2,CAREFUL,"EXP_20 drain, HOLD (blocked by FA)",Free Action + See Invisible (assumed) neutralise most of this,with FA+SI (doctrine); AVOID if either missing,glyph 'G' colour 'w'; no shallow (dl0-30) monster shares glyph+colour,2,CAREFUL,,B4,120,2.0,13d8,58.5,7.0,12,3,,0,15,BLIND|HOLD|DRAIN_MANA,HOLD|INVIS|PASS_WALL,4288
327,Death watch beetle,31,1550,K,D,2,CAREFUL,melee~30.0,none needed,always at doctrine gear,glyph 'K' colour 'D'; no shallow (dl0-30) monster shares glyph+colour,2,CAREFUL,,B4,110,1.0,25d12,162.5,30.0,50,0,,0,,,,4304
372,Young black dragon,31,1550,d,s,4,LEAVE,"BR_ACID~100 (hp/3 cap1600), confusable with much-weaker Baby black dragon (dl9)",rAcid,never below native depth (~dl30+),glyph 'd' colour 's'; CONFUSABLE with shallow: Baby black dragon(L9),4,LEAVE,,B4,110,1.0,30d10,300,23.0,40,0,ACID=100/100,100,10,SCARE|BR_ACID,,5016
382,Young gold dragon,31,1550,d,y,3,AVOID,"BR_SOUN~50, confusable with much-weaker Baby gold dragon(dl9)",rSound,"clvl30+, HP300+, full resists",glyph 'd' colour 'y'; CONFUSABLE with shallow: Baby gold dragon(L9),3,AVOID,,B4,110,1.0,30d10,300,23.0,40,0,SOUN=50/50,50,10,SCARE|BR_SOUN,,5172
387,Young red dragon,31,1550,d,r,4,LEAVE,"BR_FIRE~100, confusable with much-weaker Baby red dragon(dl9)",rFire,never below native depth (~dl30+),glyph 'd' colour 'r'; CONFUSABLE with shallow: Baby red dragon(L9),4,LEAVE,,B4,110,1.0,30d10,300,23.0,40,0,FIRE=100/100,100,10,SCARE|BR_FIRE,,5253
297,"Lokkak, the Ogre Chieftain",32,1600,O,v,4,LEAVE,melee~63.0; ESCORT,kill fast before ESCORT engages / corridor,never below native depth (~dl30+),glyph 'O' colour 'v'; no shallow (dl0-30) monster shares glyph+colour. Unique ogre chieftain; ESCORT spawns with another giant/ogre-kin at arrival.,4,LEAVE,,B4,120,2.0,15d100,1500,63.0,108,0,,0,,,PACK|UNIQUE,3836
329,Nexus quylthulg,32,1600,Q,v,0,FIGHT,"none - NEVER_BLOW, 0 melee dice",none needed,always,glyph 'Q' colour 'v'; no shallow (dl0-30) monster shares glyph+colour,0,FIGHT,,B4,110,1.0,10d12,65.0,0,0,0,,0,1,BLINK|TELE_AWAY,INVIS|EMPTY_MIND|NEVER_MOVE,4330
331,Ninja,32,1600,p,y,2,CAREFUL,"POISON+2x LOSE_STR, speed120=2x actions",none needed,always at doctrine gear,glyph 'p' colour 'y'; no shallow (dl0-30) monster shares glyph+colour,2,CAREFUL,,B4,120,2.0,13d12,84.5,22.5,36,2,,0,,,,4364
332,Memory moss,32,1600,",",r,2,CAREFUL,CONFUSE blow gives 3+d(32)=up to 35 turns confusion despite 1hp body,kill at range or accept 1 confused turn,"always vs its HP, but confusion duration is a real gotcha","glyph ',' colour 'r'; no shallow (dl0-30) monster shares glyph+colour",2,CAREFUL,,B4,110,1.0,1d2,1.5,5.0,8,0,,0,6,FORGET,CONF_BLOW|EMPTY_MIND|NEVER_MOVE,4377
380,Young multi-hued dragon,32,1600,d,v,4,LEAVE,"5-element breath (ACID/FIRE/COLD/ELEC/POIS)~107 each, ATTR_MULTI flashes all colours",rAcid/rElec,never below native depth (~dl30+),glyph 'd' colour 'v'; CONFUSABLE with shallow: Baby multi-hued dragon(L11),4,LEAVE,,B4,110,1.0,32d10,320,27.5,48,0,ACID=106/106 COLD=106/106 ELEC=106/106 FIRE=106/106 POIS=106/106,106,8,SCARE|BR_ACID|BR_FIRE|BR_COLD|BR_ELEC|BR_POIS,,5137
606,Doombat,32,1600,b,R,3,CAREFUL,speed +10; 3 FIRE bites 5d4 → ~75/turn unresisted (AC does not reduce elemental blows),rFire (→ ~25/turn),with rFire,OOD at dl25-30 only via boost/summon,2,CAREFUL,Clerk rated 2; unresisted fire output ~75/turn vs 180-300 HP,B4,120,2.0,24d14,180.0,37.5,60,0,,0,,,,9115
230,Stone giant,33,1650,P,W,3,AVOID,melee~63.0,keep distance / kill at range,"clvl30+, HP300+, full resists","glyph 'P' colour 'W'; no shallow (dl0-30) monster shares glyph+colour. Giant boulder-thrower; glyph P colour W unique to this band (no shallow P,W).",3,AVOID,,B4,110,1.0,35d18,332.5,63.0,112,0,,0,5,BOULDER,,2905
319,Shadow drake,33,1650,d,G,3,AVOID,melee~20.5; BR_NETH~50,rNether,"clvl30+, HP300+, full resists",glyph 'd' colour 'G'; no shallow (dl0-30) monster shares glyph+colour,3,AVOID,,B4,110,1.0,30d10,300,20.5,34,1,NETH=50/50,50,6,SLOW|CONF|SCARE|DARKNESS|BR_NETH,INVIS|PASS_WALL,4194
334,Cave troll,33,1650,T,u,3,AVOID,melee~27.0; FRIENDS pack,corridor (fight one at a time) / kill fast,"clvl30+, HP300+, full resists",glyph 'T' colour 'u'; no shallow (dl0-30) monster shares glyph+colour,3,AVOID,,B4,110,1.0,24d12,156.0,27.0,46,0,,0,,,PACK,4404
336,Mystic,33,1650,p,o,5,LEAVE,S_SPIDER/S_ANIMAL summon + HEAL + INVISIBLE + speed120(2x)=~120eff dmg/turn,"kill before HEAL/summon lands, or avoid",never below native depth (~dl30+),glyph 'p' colour 'o'; no shallow (dl0-30) monster shares glyph+colour,5,LEAVE,,B4,120,2.0,35d10,350,60.0,80,0,,0,6,HEAL|S_SPIDER|S_ANIMAL,SUMMON|INVIS,4433
337,Barrow wight,33,1650,W,v,3,AVOID,"FRIENDS wight pack, CAUSE_2~36, EXP_40 touch",Free Action (assumed),"clvl30+, HP300+, full resists",glyph 'W' colour 'v'; no shallow (dl0-30) monster shares glyph+colour,3,AVOID,,B4,110,1.0,15d10,82.5,9.0,16,1,,0,8,HOLD|SCARE|CAUSE_2|DARKNESS,HOLD|PACK,4452
338,Skeleton ettin,33,1650,s,w,2,CAREFUL,"HP450 tank, no spells",none needed,"always (low output, just slow to kill)",glyph 's' colour 'w'; CONFUSABLE with shallow: Skeleton kobold(L5); Skeleton orc(L8); Skeleton human(L12); Skeleton troll(L30),2,CAREFUL,,B4,110,1.0,45d10,450,16.0,28,0,,0,,,EMPTY_MIND,4466
339,Chaos drake,33,1650,d,v,4,LEAVE,melee~20.5; BR_CHAO~83; BR_DISE~83,rChaos/rDisenchant,never below native depth (~dl30+),glyph 'd' colour 'v'; CONFUSABLE with shallow: Baby multi-hued dragon(L11),4,LEAVE,,B4,110,1.0,50d10,500,20.5,34,0,CHAO=83/83 DISE=83/83,83,6,SLOW|CONF|SCARE|BR_DISE|BR_CHAO,,4481
340,Law drake,33,1650,d,B,4,LEAVE,melee~20.5; BR_SOUN~83; BR_SHAR~83,rSound/rShards,never below native depth (~dl30+),glyph 'd' colour 'B'; no shallow (dl0-30) monster shares glyph+colour,4,LEAVE,,B4,110,1.0,50d10,500,20.5,34,0,SHAR=83/83 SOUN=83/83,83,6,SLOW|CONF|SCARE|BR_SOUN|BR_SHAR,,4500
341,Balance drake,33,1650,d,v,4,LEAVE,"4 breath types available (SOUN/CHAO/DISE/SHAR), HP600",rSound/rChaos,never below native depth (~dl30+),glyph 'd' colour 'v'; CONFUSABLE with shallow: Baby multi-hued dragon(L11),4,LEAVE,,B4,110,1.0,60d10,600,20.5,34,0,CHAO=100/100 DISE=100/100 SHAR=100/100 SOUN=100/100,100,6,SLOW|CONF|SCARE|BR_SOUN|BR_SHAR|BR_DISE|BR_CHAO,,4518
342,Ethereal drake,33,1650,d,o,3,AVOID,INVISIBLE+PASS_WALL ambush (SI removes invis edge),rLight/rDark,"clvl30+, HP300+, full resists",glyph 'd' colour 'o'; CONFUSABLE with shallow: Pseudo-dragon(L10),3,AVOID,,B4,110,1.0,40d10,400,20.5,34,0,DARK=66/66 LITE=66/66,66,6,SLOW|CONF|SCARE|BR_LITE|BR_DARK,INVIS|PASS_WALL,4536
346,Shade,33,1650,G,D,2,CAREFUL,"EXP_40+LOSE_INT drain, HOLD (FA blocks), INVISIBLE+PASS_WALL",FA+SI (assumed),with FA+SI; low direct HP threat,glyph 'G' colour 'D'; no shallow (dl0-30) monster shares glyph+colour,2,CAREFUL,,B4,120,2.0,14d20,147.0,5.5,10,2,,0,15,BLIND|HOLD|DRAIN_MANA|FORGET,HOLD|INVIS|PASS_WALL,4607
349,Fire elemental,33,1650,E,r,3,AVOID,BO_FIRE bolt ~52 on top of melee28,rFire,"clvl30+, HP300+, full resists",glyph 'E' colour 'r'; CONFUSABLE with shallow: Fire spirit(L18),3,AVOID,,B4,110,1.0,30d8,135.0,28.0,48,0,,0,6,BO_FIRE,EMPTY_MIND,4656
351,Water elemental,33,1650,E,b,2,CAREFUL,BO_COLD bolt ~38,rCold,always at doctrine gear,glyph 'E' colour 'b'; CONFUSABLE with shallow: Water spirit(L17),2,CAREFUL,,B4,110,1.0,25d8,112.5,16.5,30,0,,0,6,BO_COLD,EMPTY_MIND,4690
404,Crystal drake,33,1650,d,u,3,AVOID,BR_SHAR~75,rShards,"clvl30+, HP300+, full resists",glyph 'd' colour 'u'; no shallow (dl0-30) monster shares glyph+colour,3,AVOID,,B4,110,1.0,45d10,450,20.5,34,0,SHAR=75/75,75,6,SLOW|CONF|SCARE|BR_SHAR,,5525
311,Archangel,34,1700,A,B,4,LEAVE,HEAL+HASTE self-buff = fight never ends,"kill fast before 2nd HASTE/HEAL cycle, or avoid entirely",never below native depth (~dl30+),glyph 'A' colour 'B'; no shallow (dl0-30) monster shares glyph+colour. Capital-tier angel; HEAL/HASTE make attrition fights unwinnable.,4,LEAVE,,B4,110,1.0,60d10,600,36.0,60,0,,0,3,HEAL|HASTE|BLIND|CONF|SCARE,,4062
335,Half-troll,34,1700,T,U,3,AVOID,melee~20.0; FRIENDS pack,corridor / kill fast,"clvl30+, HP300+, full resists",glyph 'T' colour 'U'; no shallow (dl0-30) monster shares glyph+colour,3,AVOID,,B4,110,1.0,25d14,187.5,20.0,34,0,,0,,,PACK,4418
343,Bert the Stone Troll,34,1700,T,s,4,LEAVE,melee~58.5; ESCORT,corridor vs ESCORT / kill fast,never below native depth (~dl30+),glyph 'T' colour 's'; no shallow (dl0-30) monster shares glyph+colour. One of three identical named unique Stone Trolls (Bert/Bill/Tom); ESCORT+speed120.,4,LEAVE,,B4,120,2.0,11d100,1100,58.5,102,0,,0,7,BOULDER,PACK|UNIQUE,4553
344,Bill the Stone Troll,34,1700,T,s,4,LEAVE,melee~58.5; ESCORT,corridor vs ESCORT / kill fast,never below native depth (~dl30+),glyph 'T' colour 's'; no shallow (dl0-30) monster shares glyph+colour. See Bert the Stone Troll (idx343) - identical stat unique.,4,LEAVE,,B4,120,2.0,11d100,1100,58.5,102,0,,0,7,BOULDER,PACK|UNIQUE,4571
345,Tom the Stone Troll,34,1700,T,s,4,LEAVE,melee~58.5; ESCORT,corridor vs ESCORT / kill fast,never below native depth (~dl30+),glyph 'T' colour 's'; no shallow (dl0-30) monster shares glyph+colour. See Bert the Stone Troll (idx343) - identical stat unique.,4,LEAVE,,B4,120,2.0,11d100,1100,58.5,102,0,,0,7,BOULDER,PACK|UNIQUE,4589
347,Spectre,34,1700,G,U,2,CAREFUL,"EXP_40+LOSE_WIS drain, HOLD (FA blocks)",FA+SI (assumed),with FA+SI,glyph 'G' colour 'U'; no shallow (dl0-30) monster shares glyph+colour,2,CAREFUL,,B4,120,2.0,14d20,147.0,15.0,25,2,,0,15,BLIND|HOLD|DRAIN_MANA|FORGET,HOLD|INVIS|PASS_WALL,4624
353,Carrion crawler,34,1700,c,o,3,AVOID,FRIENDS pack of PARALYZE stingers (FA neutralises),Free Action (assumed),with FA; without FA this is THE classic chain-paralysis killer,glyph 'c' colour 'o'; CONFUSABLE with shallow: Carrion crawler(L25),3,AVOID,,B4,110,1.0,20d12,130.0,14.0,24,0,,0,,,PARA_BLOW|PACK,4720
354,Master thief,34,1700,p,b,3,AVOID,"EAT_GOLD/EAT_ITEM theft + BLINK escape, speed130=3x actions",high HP+AC / avoid,"clvl30+, HP300+, full resists",glyph 'p' colour 'b'; CONFUSABLE with shallow: Novice rogue(L2); Novice rogue(L6); Bandit(L8); Brigand(L10); Master rogue(L23),3,AVOID,,B4,130,3.0,18d10,99.0,38.5,64,0,,0,6,TRAPS|ARROW_2|BLINK,,4732
355,Ulfang the Black,34,1700,p,U,4,LEAVE,"S_KIN summon (brings more of its own kin), HP1000","kill fast before S_KIN summon, or avoid",never below native depth (~dl30+),"glyph 'p' colour 'U'; CONFUSABLE with shallow: Brodda, the Easterling(L9); Ulfast, Son of Ulfang(L16); Sangahyando of Umbar(L24); Angamaite of Umbar(L24); Ulwarth, Son of Ulfang(L26)",4,LEAVE,,B4,120,2.0,10d100,1000,60.0,100,0,,0,10,S_KIN,SUMMON|UNIQUE,4748
356,Lich,34,1700,L,o,5,LEAVE,"BRAIN_SMASH(~90, save-or-nothing: blind+confuse+slow together, paralyze blocked by FA)+TELE_TO/TELE_AWAY/HOLD/SLOW",Free Action (blocks paralyze); retreat before 2nd BRAIN_SMASH,never below native depth (~dl30+),glyph 'L' colour 'o'; no shallow (dl0-30) monster shares glyph+colour. Classic spell-lock unique-tier threat even without FORCE_DEPTH.,5,LEAVE,,B4,110,1.0,30d10,300,18.0,32,3,,0,4,BLINK|TELE_TO|TELE_AWAY|BLIND|HOLD|SLOW|SCARE|CAUSE_3|DRAIN_MANA|BRAIN_SMASH,HOLD|BRAIN|TELE_TO,4766
358,Giant grey scorpion,34,1700,S,s,1,FIGHT,low direct damage,none needed,always at doctrine gear,glyph 'S' colour 's'; no shallow (dl0-30) monster shares glyph+colour,1,FIGHT,,B4,120,2.0,18d20,189.0,6.0,10,0,,0,,,,4801
359,Earth elemental,34,1700,E,u,3,AVOID,BO_ACID bolt ~43 + 3x HURT blows,rAcid,"clvl30+, HP300+, full resists",glyph 'E' colour 'u'; CONFUSABLE with shallow: Earth spirit(L17),3,AVOID,,B4,100,0.5,30d10,165.0,42.0,72,0,,0,8,BO_ACID,EMPTY_MIND|PASS_WALL,4811
360,Air elemental,34,1700,E,B,2,CAREFUL,KILL_ITEM/KILL_BODY (destroys dropped gear/corpses) + BO_ELEC~29,rElec,always at doctrine gear,glyph 'E' colour 'B'; CONFUSABLE with shallow: Air spirit(L12),2,CAREFUL,,B4,120,2.0,30d5,90.0,13.5,24,0,,0,8,BO_ELEC,CONF_BLOW|EMPTY_MIND,4827
362,Eog golem,34,1700,g,u,4,LEAVE,"raw melee98, HP1050avg/2000max, no spells - simple brute tank","avoid - simple but very tanky brute, no shortcut",never below native depth (~dl30+),glyph 'g' colour 'u'; no shallow (dl0-30) monster shares glyph+colour,4,LEAVE,,B4,100,0.5,100d20,1050.0,98.0,168,0,,0,,,EMPTY_MIND,4858
375,Mature white dragon,34,1700,d,w,4,LEAVE,BR_COLD~133,rCold,never below native depth (~dl30+),glyph 'd' colour 'w'; CONFUSABLE with shallow: Baby white dragon(L9); Young white dragon(L29),4,LEAVE,,B4,110,1.0,40d10,400,36.0,64,0,COLD=133/133,133,9,SCARE|BR_COLD,,5055
384,Mature blue dragon,34,1700,d,b,4,LEAVE,BR_ELEC~133,rElec,never below native depth (~dl30+),glyph 'd' colour 'b'; CONFUSABLE with shallow: Baby blue dragon(L9); Young blue dragon(L29),4,LEAVE,,B4,110,1.0,40d10,400,36.0,64,0,ELEC=133/133,133,9,SCARE|BR_ELEC,,5208
385,Mature green dragon,34,1700,d,g,4,LEAVE,BR_POIS~133,rPois,never below native depth (~dl30+),glyph 'd' colour 'g'; CONFUSABLE with shallow: Baby green dragon(L9); Young green dragon(L29); Wyvern(L22),4,LEAVE,,B4,110,1.0,40d10,400,36.0,64,0,POIS=133/133,133,9,SCARE|BR_POIS,,5223
386,Mature bronze dragon,34,1700,d,U,3,AVOID,BR_CONF~67 (locks you up if unresisted),rConf,"clvl30+, HP300+, full resists",glyph 'd' colour 'U'; CONFUSABLE with shallow: Young bronze dragon(L29); Baby bronze dragon(L9),3,AVOID,,B4,110,1.0,40d10,400,36.0,64,0,CONF=66/66,66,9,CONF|SCARE|BR_CONF,,5238
348,Water troll,35,1750,T,B,3,AVOID,"FRIENDS troll pack, REGENERATE",corridor / kill fast,"clvl30+, HP300+, full resists",glyph 'T' colour 'B'; no shallow (dl0-30) monster shares glyph+colour,3,AVOID,,B4,110,1.0,36d10,360,16.0,26,0,,0,,,PACK,4641
352,Invisible stalker,35,1750,E,y,2,CAREFUL,speed130=3x actions but only 1d6 per blow; INVISIBLE (SI negates),none needed,always at doctrine gear,glyph 'E' colour 'y'; no shallow (dl0-30) monster shares glyph+colour,2,CAREFUL,,B4,130,3.0,19d12,123.5,10.5,18,0,,0,,,INVIS|EMPTY_MIND,4706
361,Hellhound,35,1750,C,r,4,LEAVE,"BR_FIRE ~133 (hp/3, cap1600), pack-capable via nasty-boost",rFire,never below native depth (~dl35+),glyph 'C' colour 'r'; no shallow (dl0-30) monster shares glyph+colour,4,LEAVE,,B4,120,2.0,40d10,400,58.5,108,0,FIRE=133/133,133,5,BR_FIRE,,4843
364,Dagashi,35,1750,p,y,3,AVOID,"POISON+2x LOSE_STR, speed120=2x actions",high HP+AC / avoid,"clvl30+, HP300+, full resists",glyph 'p' colour 'y'; no shallow (dl0-30) monster shares glyph+colour,3,AVOID,,B4,120,2.0,13d25,169.0,30.0,48,2,,0,,,,4887
365,Gravity hound,35,1750,Z,W,4,LEAVE,"FRIENDS hound pack, BR_GRAV~64 (teleports/slows/stuns you too), matches forum 'gravity hound' lore",none(dmg)/rSound(stun),never below native depth (~dl35+),glyph 'Z' colour 'W'; no shallow (dl0-30) monster shares glyph+colour. Forum-known killer confirmed: pack + teleport-inducing breath.,4,LEAVE,,B4,110,1.0,35d10,192.5,36.0,64,0,GRAV=64/116,64,5,BR_GRAV,PACK,4901
366,Acidic cytoplasm,35,1750,j,s,2,CAREFUL,ACID touch can corrode worn armour,none needed,always at doctrine gear,glyph 'j' colour 's'; no shallow (dl0-30) monster shares glyph+colour,2,CAREFUL,,B4,120,2.0,40d10,400,22.0,40,0,,0,,,EMPTY_MIND,4918
367,Inertia hound,35,1750,Z,W,4,LEAVE,"FRIENDS hound pack, BR_INER~32 (slow effect)",none(no resist),never below native depth (~dl35+),glyph 'Z' colour 'W'; no shallow (dl0-30) monster shares glyph+colour,4,LEAVE,,B4,110,1.0,35d10,192.5,36.0,64,0,INER=32/58,32,5,BR_INER,PACK,4933
368,Impact hound,35,1750,Z,u,4,LEAVE,"FRIENDS hound pack, BR_WALL~32 (stun effect), confusable with much-weaker Earth hound (dl20)",none(dmg),never below native depth (~dl35+),glyph 'Z' colour 'u'; CONFUSABLE with shallow: Earth hound(L20),4,LEAVE,,B4,110,1.0,35d10,192.5,36.0,64,0,WALL=32/58,32,5,BR_WALL,PACK,4949
369,Dread,35,1750,G,o,4,LEAVE,"BO_NETH~98 bolt, HOLD/CONF/BLIND, INVISIBLE+PASS_WALL",rNether,never below native depth (~dl35+),glyph 'G' colour 'o'; no shallow (dl0-30) monster shares glyph+colour,4,LEAVE,,B4,120,2.0,25d20,262.5,49.5,84,1,,0,15,BLIND|HOLD|CONF|DRAIN_MANA|BO_NETH,HOLD|INVIS|PASS_WALL,4967
373,Mumak,35,1750,q,s,3,AVOID,"HP900, no spells - simple heavy brute",high HP+AC / avoid,"clvl30+, HP300+, full resists",glyph 'q' colour 's'; no shallow (dl0-30) monster shares glyph+colour,3,AVOID,,B4,110,1.0,90d10,495.0,38.0,64,0,,0,,,,5033
374,Giant fire ant,35,1750,a,R,3,AVOID,"FRIENDS pack of fire ants, FIRE bite unresisted by AC",corridor / kill fast,"clvl30+, HP300+, full resists",glyph 'a' colour 'R'; no shallow (dl0-30) monster shares glyph+colour,3,AVOID,,B4,110,1.0,20d10,200,39.0,72,0,,0,,,PACK,5044
556,Chest mimic,35,1750,~,s,4,LEAVE,"mimic: looks like an item/chest until it acts; BA_POIS ball~13, S_MONSTER summon, BLIND/CONF/SCARE/CAUSE_2",treat all unidentified '~' objects with suspicion,never assume a chest is safe at this depth band,glyph '~' colour 's'; no shallow (dl0-30) monster shares glyph+colour,4,LEAVE,,B4,110,1.0,15d40,307.5,40.0,64,0,,0,5,BLIND|CONF|SCARE|CAUSE_2|BA_POIS|S_MONSTER,BLIND_BLOW|CONF_BLOW|SUMMON|EMPTY_MIND|NEVER_MOVE,8292
597,Silent watcher,35,1750,g,r,4,LEAVE,"SHRIEK aggravates + S_MONSTER/S_MONSTERS summon, GAZE:PARALYZE/TERRIFY/HALLU (no dice dmg, FA blocks paralyze), MIND_BLAST~36, HP1040avg/2000max, NEVER_MOVE",Free Action; simply never approach (NEVER_MOVE),never approach; shriek+summon makes the area around it dangerous even if it can't move,glyph 'g' colour 'r'; no shallow (dl0-30) monster shares glyph+colour,4,LEAVE,,B4,110,1.0,80d25,1040.0,0.0,0,1,,0,6,SHRIEK|S_MONSTER|S_MONSTERS|HOLD|CONF|MIND_BLAST|DRAIN_MANA,PARA_BLOW|HOLD|SUMMON|EMPTY_MIND|NEVER_MOVE,8985
247,Cloud giant,36,1800,P,b,3,AVOID,melee~72.0,rElec + keep distance,"clvl30+, HP300+, full resists",glyph 'P' colour 'b'; no shallow (dl0-30) monster shares glyph+colour. ELEC blows bypass AC; glyph P colour b unique to this band.,3,AVOID,,B4,110,1.0,35d20,367.5,72.0,128,0,,0,8,BOULDER,,3143
357,Master vampire,36,1800,V,g,5,LEAVE,"BO_NETH~99 bolt, TELE_TO pulls you in, CAUSE_3~80, EXP_40 bite x2, REGENERATE",rNether; retreat before TELE_TO closes distance,never below native depth (~dl35+),glyph 'V' colour 'g'; no shallow (dl0-30) monster shares glyph+colour,5,LEAVE,,B4,110,1.0,34d10,340,35.0,60,2,,0,6,TELE_TO|HOLD|CONF|SCARE|CAUSE_3|MIND_BLAST|FORGET|DARKNESS|BO_NETH,HOLD|TELE_TO,4783
363,Olog,36,1800,T,y,3,AVOID,"FRIENDS troll pack, SMART(no functional effect - DRS_SMART_OPTIONS off)",corridor / kill fast / avoid the group,"clvl30+, HP300+, full resists",glyph 'T' colour 'y'; no shallow (dl0-30) monster shares glyph+colour,3,AVOID,,B4,110,1.0,42d10,420,21.0,36,0,,0,,,PACK,4874
370,Ooze elemental,36,1800,E,g,3,AVOID,"BO_ACID/BA_ACID ~69, ACID melee corrodes gear",rAcid/rAcid,"clvl30+, HP300+, full resists",glyph 'E' colour 'g'; no shallow (dl0-30) monster shares glyph+colour,3,AVOID,,B4,110,1.0,13d10,71.5,16.5,30,0,,0,5,BO_ACID|BA_ACID,EMPTY_MIND,4985
371,Smoke elemental,36,1800,E,R,3,AVOID,BO_FIRE ~53,rFire,"clvl30+, HP300+, full resists",glyph 'E' colour 'R'; no shallow (dl0-30) monster shares glyph+colour,3,AVOID,,B4,120,2.0,15d10,82.5,14.0,24,0,,0,5,DARKNESS|BO_FIRE,EMPTY_MIND,5001
376,Xorn,36,1800,X,u,2,CAREFUL,"PASS_WALL ambush, HURT_ROCK",none needed,always at doctrine gear,glyph 'X' colour 'u'; no shallow (dl0-30) monster shares glyph+colour,2,CAREFUL,,B4,110,1.0,16d10,160,14.0,24,0,,0,,,EMPTY_MIND|PASS_WALL,5070
377,Shadow,36,1800,G,D,4,LEAVE,"BO_NETH~99 bolt, INVISIBLE+PASS_WALL, TELE_TO, shares glyph G,D with weaker Shade(idx346)",rNether,never below native depth (~dl35+),glyph 'G' colour 'D'; no shallow (dl0-30) monster shares glyph+colour,4,LEAVE,,B4,120,2.0,10d20,105.0,11.0,20,4,,0,8,TELE_TO|SLOW|BO_NETH,TELE_TO|INVIS|PASS_WALL,5086
378,Phantom,36,1800,G,v,2,CAREFUL,"EXP_80+EXP_40 double touch, INVISIBLE+PASS_WALL, no attack spell",none needed,always at doctrine gear,glyph 'G' colour 'v'; no shallow (dl0-30) monster shares glyph+colour,2,CAREFUL,,B4,120,2.0,20d25,260.0,11.0,20,4,,0,5,FORGET,INVIS|PASS_WALL,5104
379,Grey wraith,36,1800,W,s,4,LEAVE,"CAUSE_3~80, HOLD/SCARE, EXP_40 touch",Free Action (assumed),never below native depth (~dl35+),glyph 'W' colour 's'; no shallow (dl0-30) monster shares glyph+colour,4,LEAVE,,B4,110,1.0,19d10,190,11.0,20,1,,0,7,HOLD|SCARE|CAUSE_3|DARKNESS,HOLD,5121
381,Colossus,36,1800,g,G,5,LEAVE,"raw melee152 (10d10x2+6d6x2), HP3000, no spells - pure tank-killer","avoid entirely - no resist helps, pure melee wall",never below native depth (~dl35+),glyph 'g' colour 'G'; no shallow (dl0-30) monster shares glyph+colour,5,LEAVE,,B4,100,0.5,30d100,3000,152.0,272,0,,0,,,EMPTY_MIND,5155
388,Trapper,36,1800,.,w,4,LEAVE,"ambush: CHAR_CLEAR/ATTR_CLEAR mimics floor + true INVISIBLE, 2x PARALYZE blows (FA blocks), speed120=2x actions",Free Action; avoid unexplained floor tiles,"with FA; without FA, first-contact chain-paralysis death",glyph '.' colour 'w'; CONFUSABLE with shallow: Lurker(L14),4,LEAVE,,B4,120,2.0,60d10,600,57.0,78,0,,0,,,PARA_BLOW|INVIS|EMPTY_MIND|NEVER_MOVE,5270
389,Bodak,36,1800,u,r,4,LEAVE,"BO_FIRE/BA_FIRE~73, S_DEMON summon, EXP_20 gaze",rFire/rFire,never below native depth (~dl35+),glyph 'u' colour 'r'; no shallow (dl0-30) monster shares glyph+colour,4,LEAVE,,B4,110,1.0,35d10,192.5,28.0,48,1,,0,4,BO_FIRE|BA_FIRE|S_DEMON,SUMMON,5285
391,Necromancer,36,1800,p,R,5,LEAVE,"S_UNDEAD summon, BO_NETH~99, CAUSE_3~80, HASTE/TPORT/TELE_TO self-mobility","kill fast before S_UNDEAD lands, or avoid",never below native depth (~dl35+),glyph 'p' colour 'R'; CONFUSABLE with shallow: Illusionist(L13),5,LEAVE,,B4,110,1.0,28d10,280,14.0,24,0,,0,3,HASTE|TPORT|TELE_TO|BLIND|HOLD|SCARE|CAUSE_3|BO_NETH|S_UNDEAD,HOLD|SUMMON|TELE_TO,5316
392,"Lorgan, Chief of the Easterlings",36,1800,p,v,5,LEAVE,"S_MONSTERS summon (any monster near its own level 36!), TELE_TO pulls you to it, HP1800",avoid - TELE_TO removes kiting option entirely,never below native depth (~dl35+),glyph 'p' colour 'v'; no shallow (dl0-30) monster shares glyph+colour. Unique; TELE_TO removes kiting/fleeing option entirely.,5,LEAVE,,B4,120,2.0,18d100,1800,69.0,120,0,,0,4,TELE_TO|S_MONSTERS,SUMMON|TELE_TO|UNIQUE,5333
393,Demonologist,36,1800,p,R,4,LEAVE,"S_DEMON summon, BO_FIRE~53, TPORT/HOLD",rFire,never below native depth (~dl35+),glyph 'p' colour 'R'; CONFUSABLE with shallow: Illusionist(L13),4,LEAVE,,B4,120,2.0,28d10,280,21.0,36,0,,0,2,TPORT|HOLD|S_DEMON|BO_FIRE,HOLD|SUMMON,5353
402,Mature red dragon,36,1800,d,r,5,LEAVE,"BR_FIRE~167 (hp/3, near cap)",rFire,never below native depth (~dl35+),glyph 'd' colour 'r'; CONFUSABLE with shallow: Baby red dragon(L9),5,LEAVE,,B4,110,1.0,50d10,500,44.0,80,0,FIRE=166/166,166,9,CONF|SCARE|BR_FIRE,,5493
403,Mature gold dragon,36,1800,d,y,4,LEAVE,BR_SOUN~83,rSound,never below native depth (~dl35+),glyph 'd' colour 'y'; CONFUSABLE with shallow: Baby gold dragon(L9),4,LEAVE,,B4,110,1.0,50d10,500,44.0,80,0,SOUN=83/83,83,9,CONF|SCARE|BR_SOUN,,5509
405,Mature black dragon,36,1800,d,s,5,LEAVE,"BR_ACID~167, shares glyph d,s with weaker Young black dragon(idx372) and Baby black dragon(dl9)",rAcid,never below native depth (~dl35+),glyph 'd' colour 's'; CONFUSABLE with shallow: Baby black dragon(L9),5,LEAVE,,B4,110,1.0,50d10,500,44.0,80,0,ACID=166/166,166,9,SCARE|BR_ACID,,5542
590,Gauth,36,1800,e,D,2,CAREFUL,"UN_BONUS/UN_POWER gaze disenchants/drains charges, CAUSE_2~36, BA_COLD/BO_ELEC~37, TELE_AWAY/HOLD/DRAIN_MANA",rElec/rCold,always at doctrine gear,glyph 'e' colour 'D'; no shallow (dl0-30) monster shares glyph+colour,2,CAREFUL,,B4,110,1.0,15d20,300,30.0,40,0,,0,5,CAUSE_2|TELE_AWAY|BA_COLD|BO_ELEC|HOLD|DRAIN_MANA,HOLD,8864
615,Greater mummy,36,1800,z,y,4,LEAVE,"Unique-tier caster: HEAL+HASTE self-sustain, S_UNDEAD summon, BA_POIS/BO_NETH/BA_COLD~99 best, MIND_BLAST~36, CAUSE_3~80, ESCORT","kill fast before S_UNDEAD/HEAL cycle, or avoid",never below native depth (~dl35+),glyph 'z' colour 'y'; no shallow (dl0-30) monster shares glyph+colour,4,LEAVE,,B4,110,1.0,34d10,340,36.0,60,3,,0,3,HEAL|HASTE|BLIND|SCARE|S_UNDEAD|BA_POIS|BO_NETH|BA_COLD|DRAIN_MANA|MIND_BLAST|CAUSE_3|DARKNESS|FORGET,SUMMON|PACK,9251
390,Ice elemental,37,1850,E,w,3,AVOID,BO_ICEE/BA_COLD~58,rCold/rCold,"clvl30+, HP300+, full resists",glyph 'E' colour 'w'; no shallow (dl0-30) monster shares glyph+colour,3,AVOID,,B4,110,1.0,35d10,192.5,30.0,48,0,,0,5,BO_ICEE|BA_COLD,EMPTY_MIND,5300
394,Mummified troll,37,1850,z,w,2,CAREFUL,"HP190, no spells - simple brute, confusable with weaker Mummified orc/human (dl21-24)",none needed,always at doctrine gear,glyph 'z' colour 'w'; CONFUSABLE with shallow: Mummified orc(L21); Mummified human(L24),2,CAREFUL,,B4,110,1.0,19d10,190,14.0,24,0,,0,,,EMPTY_MIND,5370
395,The Queen Ant,37,1850,a,v,4,LEAVE,"Unique; S_KIN summon, ESCORT+ESCORTS at spawn (brings multiple ant kin)",avoid ESCORT swarm at spawn,never below native depth (~dl35+),glyph 'a' colour 'v'; no shallow (dl0-30) monster shares glyph+colour,4,LEAVE,,B4,120,2.0,15d100,1500,44.0,80,0,,0,2,S_KIN,SUMMON|PACK|UNIQUE,5384
397,Magma elemental,37,1850,E,o,4,LEAVE,"BO_PLAS/BA_FIRE~79, PASS_WALL ambush",none(dmg)/rFire,never below native depth (~dl35+),glyph 'E' colour 'o'; no shallow (dl0-30) monster shares glyph+colour,4,LEAVE,,B4,110,1.0,35d10,192.5,38.0,66,0,,0,7,BO_PLAS|BA_FIRE,EMPTY_MIND|PASS_WALL,5420
398,Black pudding,37,1850,j,D,3,AVOID,"FRIENDS (jelly 'pack'), ACID corrodes gear, jelly-nest occupant at dl21-30 (nest draws Depth+10=31-40, always jelly-themed at these depths)",corridor (FRIENDS) / rAcid for gear,"clvl30+, HP300+, full resists",glyph 'j' colour 'D'; CONFUSABLE with shallow: Black ooze(L23),3,AVOID,,B4,110,1.0,40d10,400,22.0,40,0,,0,,,EMPTY_MIND|PACK,5436
399,Killer iridescent beetle,37,1850,K,v,2,CAREFUL,"GAZE:PARALYZE (no dice, pure status, FA blocks), ELEC claw",Free Action (assumed),always at doctrine gear,glyph 'K' colour 'v'; no shallow (dl0-30) monster shares glyph+colour,2,CAREFUL,,B4,110,1.0,25d15,375,13.0,24,0,,0,,,PARA_BLOW,5453
400,Nexus vortex,37,1850,v,v,1,FIGHT,"BR_NEXU~29 only, vision100(sees you far off) but weak",rNexus,always at doctrine gear,glyph 'v' colour 'v'; no shallow (dl0-30) monster shares glyph+colour,1,FIGHT,,B4,120,2.0,32d10,176.0,15.0,25,0,NEXU=29/53,29,6,BR_NEXU,EMPTY_MIND,5465
401,Plasma vortex,37,1850,v,R,2,CAREFUL,"BR_PLAS~29 (low cap150), ELEC+FIRE melee touch",none(dmg)/rSound(stun),always at doctrine gear,glyph 'v' colour 'R'; no shallow (dl0-30) monster shares glyph+colour,2,CAREFUL,,B4,120,2.0,32d10,176.0,36.0,64,0,PLAS=29/53,29,6,BR_PLAS,EMPTY_MIND,5478
420,Eldrak,37,1850,T,r,2,CAREFUL,"HP750, no spells - simple heavy brute",none needed,always at doctrine gear,glyph 'T' colour 'r'; no shallow (dl0-30) monster shares glyph+colour,2,CAREFUL,,B4,110,1.0,75d10,750,22.5,36,0,,0,,,,5796
613,Shardstorm,37,1850,v,u,1,FIGHT,"BR_SHAR~29 only, weak individually",rShards,always at doctrine gear,glyph 'v' colour 'u'; no shallow (dl0-30) monster shares glyph+colour,1,FIGHT,,B4,120,2.0,32d10,176.0,21.0,36,0,SHAR=29/53,29,4,BR_SHAR,EMPTY_MIND,9223
396,Will o' the wisp,38,1900,E,W,3,AVOID,"speed130=3x actions, HALLU blow, CONF/CAUSE_2, BLINK/TPORT erratic",high HP+AC / avoid,"clvl30+, HP300+, full resists",glyph 'E' colour 'W'; no shallow (dl0-30) monster shares glyph+colour,3,AVOID,,B4,130,3.0,20d10,200,15.0,27,0,,0,2,BLINK|TPORT|CONF|CAUSE_2,INVIS|EMPTY_MIND|PASS_WALL,5402
406,Mature multi-hued dragon,38,1900,d,v,5,LEAVE,"5-element breath ~200 each (near hp/3 territory), ATTR_MULTI flashing colour",rAcid/rElec,never below native depth (~dl35+),glyph 'd' colour 'v'; CONFUSABLE with shallow: Baby multi-hued dragon(L11),5,LEAVE,,B4,110,1.0,60d10,600,52.0,96,0,ACID=200/200 COLD=200/200 ELEC=200/200 FIRE=200/200 POIS=200/200,200,7,BLIND|CONF|SCARE|BR_ACID|BR_FIRE|BR_COLD|BR_ELEC|BR_POIS,,5558
407,Death knight,38,1900,p,D,5,LEAVE,"BO_NETH~102, CAUSE_3~80, S_MONSTERS summon - matches forum-known 'Death Knight' killer",rNether; kill fast before S_MONSTERS lands,never below native depth (~dl35+),glyph 'p' colour 'D'; no shallow (dl0-30) monster shares glyph+colour. Confirms 'already known' forum lore exactly.,5,LEAVE,,B4,120,2.0,60d10,600,51.0,86,0,,0,5,BLIND|SCARE|CAUSE_3|BO_NETH|S_MONSTERS,SUMMON,5576
408,Castamir the Usurper,38,1900,p,R,4,LEAVE,"Unique; HEAL self-sustain, BO_FIRE/COLD/ELEC/ICEE~59 best, TRAPS control",avoid - HEAL negates slow kills,never below native depth (~dl35+),glyph 'p' colour 'R'; CONFUSABLE with shallow: Illusionist(L13),4,LEAVE,,B4,120,2.0,88d10,880,60.0,100,0,,0,2,HEAL|TRAPS|BO_FIRE|BO_COLD|BO_ELEC|BO_ICEE,UNIQUE,5594
409,Time vortex,38,1900,v,B,4,LEAVE,"BR_TIME~59 (stat/exp drain side effect), speed130=3x actions",none(no resist),never below native depth (~dl35+),glyph 'v' colour 'B'; no shallow (dl0-30) monster shares glyph+colour,4,LEAVE,,B4,130,3.0,32d10,176.0,15.0,25,1,TIME=58/106,58,6,BR_TIME,EMPTY_MIND,5612
410,Shimmering vortex,38,1900,v,o,3,AVOID,"speed140=4x actions (fastest in band), BR_LITE~29+BLIND touch, SHRIEK aggravates",rLight,"clvl30+, HP300+, full resists",glyph 'v' colour 'o'; no shallow (dl0-30) monster shares glyph+colour,3,AVOID,,B4,140,3.7,32d10,176.0,20.0,32,0,LITE=29/53,29,4,BR_LITE|SHRIEK,BLIND_BLOW|EMPTY_MIND,5625
414,Emperor wight,38,1900,W,r,4,LEAVE,"BO_NETH~102, CAUSE_3~80, EXP_80 touch x2",rNether,never below native depth (~dl35+),glyph 'W' colour 'r'; no shallow (dl0-30) monster shares glyph+colour,4,LEAVE,,B4,120,2.0,38d10,380,13.0,24,2,,0,6,HOLD|SCARE|CAUSE_3|BO_NETH,HOLD,5690
417,Black wraith,38,1900,W,D,4,LEAVE,"BO_NETH~102, CAUSE_3~80, BLIND, EXP_40 touch x2",rNether,never below native depth (~dl35+),glyph 'W' colour 'D'; no shallow (dl0-30) monster shares glyph+colour,4,LEAVE,,B4,120,2.0,50d10,500,13.0,24,2,,0,7,BLIND|HOLD|SCARE|CAUSE_3|BO_NETH,HOLD,5744
418,Erinyes,38,1900,U,u,3,AVOID,"BO_FIRE~53, BLIND/CONF",rFire,"clvl30+, HP300+, full resists",glyph 'U' colour 'u'; no shallow (dl0-30) monster shares glyph+colour,3,AVOID,,B4,110,1.0,24d10,240,10.5,17,1,,0,7,BLIND|CONF|BO_FIRE,,5761
421,Ettin,38,1900,T,b,3,AVOID,"HP1500, no spells - simple heavy tank",high HP+AC / avoid,"clvl30+, HP300+, full resists",glyph 'T' colour 'b'; no shallow (dl0-30) monster shares glyph+colour,3,AVOID,,B4,110,1.0,15d100,1500,31.5,54,0,,0,,,,5809
602,Aranea,38,1900,S,R,4,LEAVE,"FRIENDS spider pack, BO_FIRE~53, HOLD/SLOW/CAUSE_3~80, POISON claws/bite",corridor vs FRIENDS pack,never below native depth (~dl35+),"glyph 'S' colour 'R'; CONFUSABLE with shallow: Giant fire tick(L26). Not the 'Elder aranea' of forum lore (that's a separate, deeper lvl48 entry, colour lowercase 'r' vs this one's 'R') - forum killer reputation likely refers to the level48 Elder aranea, out of this band.",4,LEAVE,,B4,110,1.0,30d10,300,32.0,56,0,,0,6,BO_FIRE|SLOW|HOLD|CAUSE_3|MISSILE,HOLD|PACK,9057
350,Cherub,39,1950,A,G,5,LEAVE,"MIND_BLAST(~36, save-or-nothing)+HEAL+HASTE+S_MONSTERS summon",avoid entirely - HEAL/HASTE/summon make attrition unwinnable,never below native depth (~dl35+),"glyph 'A' colour 'G'; no shallow (dl0-30) monster shares glyph+colour. Angel family; unkillable via self-heal, brings friends.",5,LEAVE,,B4,120,2.0,100d10,1000,43.0,72,0,,0,3,HEAL|HASTE|BLIND|SCARE|MIND_BLAST|BO_FIRE|S_MONSTERS,SUMMON,4671
419,Nether wraith,39,1950,W,G,4,LEAVE,"BO_NETH~104, CAUSE_3~80, MIND_BLAST~36, EXP_80 touch x2, INVISIBLE+PASS_WALL",rNether,never below native depth (~dl35+),glyph 'W' colour 'G'; no shallow (dl0-30) monster shares glyph+colour,4,LEAVE,,B4,120,2.0,48d10,480,13.0,24,2,,0,6,BLIND|SCARE|CAUSE_3|MIND_BLAST|DARKNESS|BO_NETH,INVIS|PASS_WALL,5778
423,Kavlax the Many-Headed,39,1950,d,v,5,LEAVE,"Unique; 9 breath types, best ~433 (ACID/ELEC/FIRE/COLD at hp/3), ATTR_MULTI flashing",avoid entirely - unique with 9 breath types,never below native depth (~dl35+),"glyph 'd' colour 'v'; CONFUSABLE with shallow: Baby multi-hued dragon(L11). Not the 'draconic Q' from forum lore (that's a misassignment - the only Q-symbol monster in this band, Nexus quylthulg, is harmless); Kavlax is glyph 'd'.",5,LEAVE,,B4,120,2.0,13d100,1300,52.0,96,0,ACID=433/433 COLD=433/433 CONF=216/216 ELEC=433/433 FIRE=433/433 GRAV=200/200 NEXU=216/216 SHAR=216/216 SOUN=216/216,433,4,BR_ACID|BR_FIRE|BR_COLD|BR_ELEC|BR_SOUN|BR_CONF|BR_SHAR|BR_GRAV|BR_NEXU,UNIQUE,5842
426,7-headed hydra,39,1950,M,G,5,LEAVE,"BR_POIS~183 (hp/3 near cap800) + BA_POIS ball, 3x POISON bite blows",rPois,never below native depth (~dl35+),glyph 'M' colour 'G'; no shallow (dl0-30) monster shares glyph+colour,5,LEAVE,,B4,120,2.0,100d10,550.0,46.5,83,0,POIS=183/333,183,5,SCARE|BA_POIS|BR_POIS,BLIND_BLOW,5894
427,Night mare,39,1950,q,G,3,AVOID,"HP1500 tank, EXP_80 bite + CONFUSE blow, no ranged spell",high HP+AC / avoid,"clvl30+, HP300+, full resists",glyph 'q' colour 'G'; no shallow (dl0-30) monster shares glyph+colour,3,AVOID,,B4,120,2.0,15d100,1500,55.0,96,1,,0,,,CONF_BLOW,5911
333,Storm giant,40,2000,P,B,4,LEAVE,"BLINK/TELE_TO removes escape distance, BO/BA_ELEC ranged too",rElec; avoid - BLINK/TELE_TO defeats kiting,never below native depth (~dl40+),glyph 'P' colour 'B'; no shallow (dl0-30) monster shares glyph+colour. Speed120=2x actions; matches forum-tier giant killer.,4,LEAVE,,B4,120,2.0,40d20,800,90.0,160,0,,0,8,BOULDER|BLINK|TELE_TO|CONF|SCARE|BO_ELEC|BA_ELEC,TELE_TO,4391
411,Ancient blue dragon,40,2000,D,b,5,LEAVE,BR_ELEC~240 (near hp/3 cap),rElec,never below native depth (~dl40+),glyph 'D' colour 'b'; no shallow (dl0-30) monster shares glyph+colour,5,LEAVE,,B4,120,2.0,72d10,720,67.5,120,0,ELEC=240/240,240,6,BLIND|CONF|SCARE|BR_ELEC,,5641
412,Ancient bronze dragon,40,2000,D,U,4,LEAVE,BR_CONF~120,rConf,never below native depth (~dl40+),glyph 'D' colour 'U'; no shallow (dl0-30) monster shares glyph+colour,4,LEAVE,,B4,120,2.0,72d10,720,67.5,120,0,CONF=120/120,120,6,BLIND|CONF|SCARE|BR_CONF,,5657
413,Beholder,40,2000,e,U,4,LEAVE,"4 elemental bolts (ACID/FIRE/COLD/ELEC)~54 best, MIND_BLAST~36, SLOW/CONF/BLIND/SCARE/DRAIN_MANA/FORGET/DARKNESS - stacks many locks per fight, HP1600",avoid - too many simultaneous locks to reliably save against,never below native depth (~dl40+),glyph 'e' colour 'U'; no shallow (dl0-30) monster shares glyph+colour,4,LEAVE,,B4,120,2.0,16d100,1600,42.0,72,2,,0,2,BLIND|SLOW|CONF|SCARE|DRAIN_MANA|MIND_BLAST|FORGET|DARKNESS|BO_ACID|BO_FIRE|BO_COLD|BO_ELEC,,5673
424,Ancient white dragon,40,2000,D,w,5,LEAVE,BR_COLD~240,rCold,never below native depth (~dl40+),glyph 'D' colour 'w'; no shallow (dl0-30) monster shares glyph+colour,5,LEAVE,,B4,120,2.0,72d10,720,67.5,120,0,COLD=240/240,240,6,BLIND|CONF|SCARE|BR_COLD,,5862
425,Ancient green dragon,40,2000,D,g,5,LEAVE,BR_POIS~240,rPois,never below native depth (~dl40+),glyph 'D' colour 'g'; no shallow (dl0-30) monster shares glyph+colour,5,LEAVE,,B4,120,2.0,72d10,720,67.5,120,0,POIS=240/240,240,6,BLIND|CONF|SCARE|BR_POIS,,5878
430,Disenchanter worm mass,40,2000,w,v,2,CAREFUL,"MULTIPLY breeder (cap100/level, slow to matter), UN_BONUS disenchants gear each hit",kill fast before it breeds; resist_disenchant protects gear,"mostly safe, but don't leave it alive long or wear irreplaceable gear near it",glyph 'w' colour 'v'; CONFUSABLE with shallow: Purple worm(L29),2,CAREFUL,,B4,100,0.5,10d8,45.0,2.5,4,0,,0,,,BREEDER,5960
432,Spirit troll,40,2000,G,G,2,CAREFUL,"INVISIBLE+PASS_WALL ambush, HP1000, modest melee31.5",none needed,always at doctrine gear,glyph 'G' colour 'G'; no shallow (dl0-30) monster shares glyph+colour,2,CAREFUL,,B4,110,1.0,10d100,1000,31.5,54,0,,0,,,INVIS|PASS_WALL,5983
434,9-headed hydra,40,2000,M,r,5,LEAVE,"BR_FIRE~217 (hp/3 near cap) + BO_FIRE bolt, 4x FIRE bite blows",rFire,never below native depth (~dl40+),glyph 'M' colour 'r'; no shallow (dl0-30) monster shares glyph+colour,5,LEAVE,,B4,120,2.0,100d12,650.0,66.0,120,0,FIRE=216/400,216,4,SCARE|BO_FIRE|BR_FIRE,,6014
435,Enchantress,40,2000,p,R,5,LEAVE,"Unique; S_DRAGON summon (brings an actual dragon!), speed130=3x actions","avoid - S_DRAGON summon is an escalation, not a fight to prolong",never below native depth (~dl40+),glyph 'p' colour 'R'; CONFUSABLE with shallow: Illusionist(L13),5,LEAVE,,B4,130,3.0,52d10,520,23.0,40,0,,0,2,BLIND|S_DRAGON,SUMMON,6031
437,Sorcerer,40,2000,p,R,5,LEAVE,"S_MONSTER/S_UNDEAD/S_DRAGON (3 summon options), CAUSE_3~80, BO_ACID/BA_FIRE/BA_COLD, speed130=3x actions","avoid - 3 summon options, multiple bolts/balls",never below native depth (~dl40+),glyph 'p' colour 'R'; CONFUSABLE with shallow: Illusionist(L13),5,LEAVE,,B4,130,3.0,52d10,520,27.0,48,0,,0,2,BLINK|TELE_TO|BLIND|CONF|CAUSE_3|TRAPS|BO_ACID|BA_FIRE|BA_COLD|S_MONSTER|S_UNDEAD|S_DRAGON,SUMMON|TELE_TO,6069
438,Xaren,40,2000,X,s,3,AVOID,"PASS_WALL ambush, ONLY_GOLD drop",high HP+AC / avoid,"clvl30+, HP300+, full resists",glyph 'X' colour 's'; no shallow (dl0-30) monster shares glyph+colour,3,AVOID,,B4,120,2.0,32d10,320,30.0,48,0,,0,,,EMPTY_MIND|PASS_WALL,6088
439,Giant roc,40,2000,B,u,5,LEAVE,"raw melee182 (CRUSH 8d12x2 + ELEC 12d12), no spells - pure melee monster","avoid entirely - no resist helps, pure melee/elec wall",never below native depth (~dl40+),glyph 'B' colour 'u'; CONFUSABLE with shallow: Nighthawk(L8),5,LEAVE,,B4,110,1.0,80d13,560.0,182.0,336,0,,0,,,,6104
440,Uvatha the Horseman,40,2000,W,D,4,LEAVE,"Unique (Nazgul-flavoured); EXP_80 touch x2, vision90 (sees you from very far), speed120=2x actions, HP1800","avoid - HP1800 unkillable quickly, high vision spots you first",never below native depth (~dl40+),"glyph 'W' colour 'D'; no shallow (dl0-30) monster shares glyph+colour. No ranged attack, but near-unkillable HP + double actions + heavy exp drain.",4,LEAVE,,B4,120,2.0,18d100,1800,70.0,120,2,,0,,,UNIQUE,6116
441,Minotaur,40,2000,H,s,3,AVOID,"HP1000, speed130=3x actions, no spells - fast heavy brute",high HP+AC / avoid,"clvl30+, HP300+, full resists",glyph 'H' colour 's'; no shallow (dl0-30) monster shares glyph+colour,3,AVOID,,B4,130,3.0,100d10,550.0,42.0,72,0,,0,,,,6132
442,"Medusa, the Gorgon",40,2000,n,v,5,LEAVE,"Unique Gorgon; GAZE:PARALYZE(FA blocks)+S_HYDRA/S_KIN summon+BO_FIRE/PLAS/BA_ACID~82, HP2400","avoid entirely - summons hydras, huge HP",never below native depth (~dl40+),glyph 'n' colour 'v'; no shallow (dl0-30) monster shares glyph+colour. Iconic capital-threat unique; summons hydras.,5,LEAVE,,B4,120,2.0,24d100,2400,56.0,96,1,,0,2,HOLD|SCARE|CAUSE_3|BO_FIRE|BO_PLAS|BA_ACID|S_HYDRA|S_KIN,PARA_BLOW|HOLD|SUMMON|UNIQUE,6144
447,Vrock,40,2000,U,s,5,LEAVE,"raw melee111.5 (CRUSH 8d12x2), FRIENDS demon pack, BLIND/CONF",corridor vs FRIENDS pack / kill fast,never below native depth (~dl40+),glyph 'U' colour 's'; no shallow (dl0-30) monster shares glyph+colour. A pack of these (FRIENDS) each hitting ~110/turn is catastrophic.,5,LEAVE,,B4,110,1.0,40d10,400,111.5,204,0,,0,8,BLIND|CONF,PACK,6233
448,Death quasit,40,2000,u,D,5,LEAVE,"S_DEMON summon, CAUSE_3~80, speed130=3x actions, INVISIBLE+PASS_WALL","kill fast before S_DEMON lands, or avoid",never below native depth (~dl40+),glyph 'u' colour 'D'; no shallow (dl0-30) monster shares glyph+colour,5,LEAVE,,B4,130,3.0,44d10,440,22.5,36,1,,0,10,BLIND|CONF|SCARE|CAUSE_3|FORGET|S_DEMON,SUMMON|INVIS|PASS_WALL,6249
470,Patriarch,40,2000,p,G,5,LEAVE,"CAUSE_4~120 (single save-or-nothing hit, half of 240hp char), S_MONSTER/S_UNDEAD summon, HEAL self-sustain, HOLD","kill fast before CAUSE_4/summon lands, or avoid",never below native depth (~dl40+),glyph 'p' colour 'G'; CONFUSABLE with shallow: Druid(L13),5,LEAVE,,B4,120,2.0,52d10,520,24.0,39,0,,0,2,HEAL|BLIND|HOLD|CAUSE_3|CAUSE_4|S_MONSTER|S_UNDEAD,HOLD|SUMMON,6662
612,Troll chieftain,40,2000,T,v,3,AVOID,"ESCORT (brings more trolls), HP900, SMART(no functional effect)",corridor vs ESCORT / kill fast,"clvl30+, HP300+, full resists",glyph 'T' colour 'v'; no shallow (dl0-30) monster shares glyph+colour,3,AVOID,,B4,120,2.0,30d30,900,47.0,84,0,,0,,,PACK,9209
