idx,name,symbol,color,level,rarity,speed,hp_dice,hp_avg,hp_max,vision,ac,alertness,exp,n_blows,blow1,blow2,blow3,blow4,melee_max,blow_effects,spell_freq,spells,flags,unique,src_line,desc
1,Filthy street urchin,t,D,0,2,110,1d4,2.5,4,4,1,40,0,2,BEG,TOUCH:EAT_GOLD,,,0,EAT_GOLD,,,MALE|RAND_25|FRIENDS|TAKE_ITEM|OPEN_DOOR,0,110,He looks squalid and thoroughly revolting.
2,Scrawny cat,f,U,0,3,110,1d2,1.5,2,30,1,10,0,1,CLAW:HURT:1d1,,,,1,,,,RAND_25|ANIMAL,0,121,A skinny little furball with sharp claws and a menacing look.
3,Scruffy little dog,C,U,0,3,110,1d3,2.0,3,20,1,5,0,1,BITE:HURT:1d1,,,,1,,,,RAND_25|ANIMAL,0,130,"A thin flea-ridden mutt, growling as you get close."
4,Farmer Maggot,h,w,0,4,110,35d10,350,350,40,10,3,0,2,MOAN,MOAN,,,0,,,,UNIQUE|MALE|FORCE_MAXHP|ONLY_ITEM|DROP_90|DROP_GOOD|OPEN_DOOR|BASH_DOOR|NO_CONF|NO_SLEEP,1,139,He's lost his dogs.  He's had his mushrooms stolen.  He's not a happy hobbit!
5,Blubbering idiot,t,W,0,1,110,1d2,1.5,2,6,1,0,0,1,DROOL,,,,0,,,,MALE|RAND_25|TAKE_ITEM,0,153,He tends to blubber a lot.
6,Boil-covered wretch,t,g,0,1,110,1d2,1.5,2,6,1,0,0,1,DROOL,,,,0,,,,MALE|RAND_25|TAKE_ITEM|OPEN_DOOR|BASH_DOOR,0,163,Ugly doesn't begin to describe him.
7,Village idiot,t,G,0,1,120,4d4,10.0,16,6,1,0,0,1,DROOL,,,,0,,,,MALE|RAND_25|TAKE_ITEM,0,173,"Drooling and comical, but then, what do you expect?"
8,Pitiful-looking beggar,t,U,0,1,110,1d4,2.5,4,10,1,40,0,1,BEG,,,,0,,,,MALE|RAND_25|TAKE_ITEM|OPEN_DOOR,0,183,You just can't help feeling sorry for him.
9,Mangy-looking leper,t,u,0,1,110,1d1,1.0,1,10,1,50,0,1,BEG,,,,0,,,,MALE|RAND_25|TAKE_ITEM|OPEN_DOOR,0,193,You feel it isn't safe to touch him.
10,Squint-eyed rogue,t,b,0,1,110,2d8,9.0,16,10,8,99,0,3,HIT:HURT:1d6,TOUCH:EAT_ITEM,INSULT,,6,EAT_ITEM,,,MALE|DROP_60|TAKE_ITEM|OPEN_DOOR|BASH_DOOR|EVIL,0,203,"A hardy, street-wise crook that knows an easy catch when it sees one."
11,"Singing, happy drunk",t,y,0,1,110,2d3,4.0,6,10,1,0,0,1,BEG,,,,0,,,,MALE|RAND_50|ONLY_GOLD|DROP_60|TAKE_ITEM|OPEN_DOOR|BASH_DOOR,0,216,He makes you glad to be sober.
12,Aimless-looking merchant,t,o,0,1,110,3d3,6.0,9,10,1,255,0,1,HIT:HURT:1d3,,,,3,,,,MALE|RAND_50|ONLY_GOLD|DROP_60|TAKE_ITEM|OPEN_DOOR|BASH_DOOR,0,227,"The typical ponce around town, with purse jingling, and looking for more amulets of adornment to buy."
13,Mean-looking mercenary,t,r,0,1,110,5d8,22.5,40,10,20,250,0,1,HIT:HURT:1d10,,,,10,,,,MALE|DROP_90|TAKE_ITEM|OPEN_DOOR|BASH_DOOR|WANDERER|NO_SLEEP|EVIL,0,239,No job is too low for him.
14,Battle-scarred veteran,t,B,0,1,110,7d8,31.5,56,10,30,250,0,1,HIT:HURT:2d6,,,,12,,,,MALE|DROP_90|TAKE_ITEM|OPEN_DOOR|BASH_DOOR|WANDERER|NO_SLEEP,0,250,He doesn't take to strangers kindly.
15,Grey mold,m,s,1,1,110,1d2,1.5,2,2,1,0,3,2,SPORE:HURT:1d4,SPORE:HURT:1d4,,,8,,,,NEVER_MOVE|STUPID|EMPTY_MIND|IM_POIS|NO_CONF|NO_SLEEP|NO_FEAR,0,263,A small strange grey growth.
16,Grey mushroom patch,",",s,1,1,110,1d2,1.5,2,2,1,0,1,1,SPORE:CONFUSE:1d4,,,,4,CONFUSE,,,NEVER_MOVE|STUPID|EMPTY_MIND|IM_POIS|NO_CONF|NO_SLEEP|NO_FEAR,0,275,Yum!  It looks quite tasty.
17,Giant yellow centipede,c,y,1,1,110,2d6,7.0,12,8,12,30,2,2,BITE:HURT:1d3,STING:HURT:1d3,,,6,,,,WEIRD_MIND|ANIMAL,0,286,It is about four feet long and carnivorous.
18,Giant white centipede,c,w,1,1,110,3d5,9.0,15,7,10,40,2,2,BITE:HURT:1d2,STING:HURT:1d2,,,4,,,,RAND_50|WEIRD_MIND|BASH_DOOR|ANIMAL,0,296,It is about four feet long and carnivorous.
19,White icky thing,i,w,1,1,110,2d5,6.0,10,12,7,10,1,1,TOUCH:HURT:1d2,,,,2,,,,RAND_50|RAND_25|EMPTY_MIND,0,307,"It is a smallish, slimy, icky creature."
20,Clear icky thing,i,w,1,1,110,2d5,6.0,10,12,6,10,2,1,TOUCH:HURT:1d2,,,,2,,,,ATTR_CLEAR|RAND_50|RAND_25|INVISIBLE|EMPTY_MIND,0,316,"It is a smallish, slimy, icky, blobby creature."
21,Giant white mouse,r,w,1,1,110,1d3,2.0,3,8,4,20,1,1,BITE:HURT:1d2,,,,2,,,,RAND_50|MULTIPLY|ANIMAL,0,326,It is about three feet long with large teeth.
22,Large brown snake,J,u,1,1,100,4d6,14.0,24,4,35,99,3,2,BITE:HURT:1d3,CRUSH:HURT:1d4,,,7,,,,RAND_25|BASH_DOOR|ANIMAL,0,336,It is about eight feet long.
23,Large white snake,J,w,1,1,100,3d6,10.5,18,4,30,99,2,2,BITE:HURT:1d1,CRUSH:HURT:1d1,,,2,,,,RAND_50|BASH_DOOR|ANIMAL,0,347,It is about eight feet long.
24,Small kobold,k,y,1,1,110,2d7,8.0,14,20,16,10,5,1,HIT:HURT:1d5,,,,5,,,,DROP_60|OPEN_DOOR|BASH_DOOR|EVIL|IM_POIS,0,358,It is a squat and ugly humanoid figure with a canine face.
25,Kobold,k,G,2,1,110,3d7,12.0,21,20,16,10,5,1,HIT:HURT:1d8,,,,8,,,,DROP_60|OPEN_DOOR|BASH_DOOR|EVIL|IM_POIS,0,368,"It is a small, dog-headed humanoid."
26,White worm mass,w,w,1,1,100,4d4,10.0,16,7,1,10,2,1,CRAWL:POISON:1d2,,,,2,POISON,,,RAND_50|RAND_25|STUPID|WEIRD_MIND|MULTIPLY|ANIMAL|IM_POIS|HURT_LITE|NO_FEAR,0,378,It is a large slimy mass of worms.
27,Floating eye,e,o,1,1,110,3d6,10.5,18,2,6,10,1,1,GAZE:PARALYZE,,,,0,PARALYZE,,,NEVER_MOVE|HURT_LITE|NO_FEAR,0,388,"A disembodied eye, floating a few feet above the ground."
28,Rock lizard,R,U,1,1,110,3d4,7.5,12,20,4,15,2,1,BITE:HURT:1d1,,,,1,,,,ANIMAL,0,397,It is a small lizard with a hardened hide.
29,Jackal,C,U,1,1,110,1d4,2.5,4,10,3,10,1,1,BITE:HURT:1d1,,,,1,,,,FRIENDS|ANIMAL,0,405,"It is a yapping snarling dog, dangerous when in a pack."
30,Soldier ant,a,W,1,1,110,2d5,6.0,10,10,3,10,3,1,BITE:HURT:1d2,,,,2,,,,WEIRD_MIND|BASH_DOOR|ANIMAL,0,414,A large ant with powerful mandibles.
31,Fruit bat,b,o,1,1,120,1d6,3.5,6,20,3,10,1,1,BITE:HURT:1d1,,,,1,,,,ANIMAL,0,423,A fast-moving pest.
32,Shrieker mushroom patch,",",R,2,1,110,1d1,1.0,1,4,1,0,1,0,,,,,0,,4,SHRIEK,FORCE_SLEEP|NEVER_MOVE|NEVER_BLOW|STUPID|EMPTY_MIND|IM_POIS|NO_CONF|NO_SLEEP|NO_FEAR,0,431,"Yum!  It looks quite tasty.  It doesn't sound so nice, though..."
33,Blubbering icky thing,i,W,2,1,110,5d6,17.5,30,14,4,10,8,2,CRAWL:POISON:1d4,CRAWL:EAT_FOOD,,,4,EAT_FOOD|POISON,,,RAND_50|DROP_90|EMPTY_MIND|TAKE_ITEM|KILL_BODY|IM_POIS,0,443,"It is a smallish, slimy, icky, hungry creature."
34,Metallic green centipede,c,g,2,1,120,4d4,10.0,16,5,4,10,3,1,CRAWL:HURT:1d1,,,,1,,,,RAND_50|WEIRD_MIND|BASH_DOOR|ANIMAL,0,454,It is about four feet long and carnivorous.
35,Novice warrior,p,u,2,1,110,9d4,22.5,36,20,16,5,6,2,HIT:HURT:1d7,HIT:HURT:1d7,,,14,,,,MALE|DROP_60|OPEN_DOOR|BASH_DOOR,0,464,He looks inexperienced but tough.
36,Novice rogue,p,b,2,1,110,8d4,20.0,32,20,12,5,6,2,HIT:HURT:1d6,TOUCH:EAT_GOLD,,,6,EAT_GOLD,,,MALE|DROP_60|TAKE_ITEM|OPEN_DOOR|BASH_DOOR|EVIL,0,475,A rather shifty individual.
37,Novice priest,p,g,2,1,110,7d4,17.5,28,20,10,10,6,1,HIT:HURT:1d5,,,,5,,12,HEAL|SCARE|CAUSE_1,MALE|FORCE_SLEEP|DROP_60|OPEN_DOOR|BASH_DOOR,0,487,He is tripping over his priestly robes.
38,Novice mage,p,r,2,1,110,6d4,15.0,24,20,6,5,6,1,HIT:HURT:1d4,,,,4,,12,BLINK|BLIND|CONF|MISSILE,MALE|FORCE_SLEEP|DROP_60|OPEN_DOOR|BASH_DOOR,0,500,He is leaving behind a trail of dropped spell components.
39,Yellow mushroom patch,",",y,2,1,110,1d1,1.0,1,2,1,0,2,1,SPORE:TERRIFY:1d6,,,,6,TERRIFY,,,NEVER_MOVE|STUPID|EMPTY_MIND|IM_POIS|NO_CONF|NO_SLEEP|NO_FEAR,0,513,Yum!  It looks quite tasty.
40,White jelly,j,w,2,1,120,8d8,36.0,64,2,1,99,10,1,TOUCH:POISON:1d2,,,,2,POISON,,,NEVER_MOVE|STUPID|EMPTY_MIND|IM_POIS|HURT_LITE|NO_CONF|NO_SLEEP|NO_FEAR,0,524,Its a large pile of white flesh.
41,Giant green frog,R,g,2,1,110,2d8,9.0,16,12,8,30,6,1,BITE:HURT:1d3,,,,3,,,,RAND_25|BASH_DOOR|ANIMAL,0,535,It is as big as a wolf.
42,Giant black ant,a,D,2,1,110,3d6,10.5,18,8,20,80,8,1,BITE:HURT:1d4,,,,4,,,,RAND_25|WEIRD_MIND|BASH_DOOR|ANIMAL,0,545,It is about three feet long.
43,Salamander,R,o,2,1,110,4d6,14.0,24,8,20,80,10,1,BITE:FIRE:1d3,,,,3,FIRE,,,RAND_25|ANIMAL|IM_FIRE,0,556,A small black and orange lizard.
44,White harpy,H,w,2,1,110,2d5,6.0,10,16,17,10,5,3,CLAW:HURT:1d1,CLAW:HURT:1d1,BITE:HURT:1d2,,4,,,,FEMALE|RAND_50|ANIMAL|EVIL,0,565,"A flying, screeching bird with a woman's face."
45,Blue yeek,y,b,2,1,110,2d6,7.0,12,18,14,10,4,1,HIT:HURT:1d5,,,,5,,,,DROP_60|OPEN_DOOR|BASH_DOOR|ANIMAL|IM_ACID,0,577,A small humanoid figure.
46,"Grip, Farmer Maggot's dog",C,U,2,1,120,5d5,25,25,30,30,0,30,1,BITE:HURT:1d4,,,,4,,,,UNIQUE|FORCE_MAXHP|RAND_25|BASH_DOOR|ANIMAL|NO_CONF|NO_SLEEP,1,587,A rather vicious dog belonging to Farmer Maggot.  It thinks you are stealing mushrooms.
47,"Fang, Farmer Maggot's dog",C,U,2,1,120,5d5,25,25,30,30,0,30,1,BITE:HURT:1d4,,,,4,,,,UNIQUE|FORCE_MAXHP|RAND_25|BASH_DOOR|ANIMAL|NO_CONF|NO_SLEEP,1,599,A rather vicious dog belonging to Farmer Maggot.  It thinks you are stealing mushrooms.
48,Green worm mass,w,g,2,1,100,6d4,15.0,24,7,3,10,3,1,CRAWL:ACID:1d3,,,,3,ACID,,,RAND_50|RAND_25|STUPID|WEIRD_MIND|MULTIPLY|ANIMAL|IM_ACID|HURT_LITE|NO_FEAR,0,611,It is a large slimy mass of worms.
49,Large yellow snake,J,y,2,1,100,4d8,18.0,32,5,38,75,9,2,BITE:HURT:1d4,CRUSH:HURT:1d6,,,10,,,,RAND_25|BASH_DOOR|ANIMAL,0,622,It is about ten feet long.
50,Cave spider,S,D,2,1,120,2d6,7.0,12,8,16,80,7,1,BITE:HURT:1d4,,,,4,,,,FRIENDS|WEIRD_MIND|BASH_DOOR|ANIMAL,0,633,It is a black spider that moves in fits and starts.
51,Wild cat,f,U,2,2,120,3d5,9.0,15,40,12,0,8,2,CLAW:HURT:1d3,CLAW:HURT:1d3,,,6,,,,BASH_DOOR|ANIMAL,0,643,"A larger than normal feline, hissing loudly.  Its velvet paws conceal a fistful of needles."
52,Smeagol,h,B,3,2,130,20d20,400,400,20,12,5,50,1,TOUCH:EAT_GOLD:1d4,,,,4,EAT_GOLD,,,UNIQUE|MALE|FORCE_MAXHP|RAND_50|RAND_25|DROP_90|DROP_GOOD|DROP_GREAT|INVISIBLE|TAKE_ITEM|OPEN_DOOR|BASH_DOOR|EVIL,1,654,"Usually known as Gollum.  He's been sneaking, and he wants his 'precious.'"
53,Green ooze,j,g,3,2,120,3d4,7.5,12,8,16,80,4,1,CRAWL:ACID:1d3,,,,3,ACID,,,RAND_50|RAND_25|DROP_90|STUPID|EMPTY_MIND|IM_ACID|IM_POIS|NO_CONF|NO_SLEEP|NO_FEAR,0,667,It's green and it's oozing.
54,Poltergeist,G,W,3,1,130,2d5,6.0,10,8,15,10,8,1,TOUCH:TERRIFY,,,,0,TERRIFY,15,BLINK,RAND_50|RAND_25|DROP_60|DROP_90|INVISIBLE|COLD_BLOOD|PASS_WALL|TAKE_ITEM|EVIL|UNDEAD|IM_COLD|IM_POIS|HURT_LITE|NO_CONF|NO_SLEEP,0,678,"It is a ghastly, ghostly form."
55,Metallic blue centipede,c,b,3,1,120,4d5,12.0,20,6,6,15,7,1,CRAWL:HURT:1d2,,,,2,,,,RAND_50|WEIRD_MIND|BASH_DOOR|ANIMAL,0,692,It is about four feet long and carnivorous.
56,Giant white louse,l,w,3,1,120,1d1,1.0,1,6,5,10,1,1,BITE:HURT:1d1,,,,1,,,,RAND_50|RAND_25|MULTIPLY|WEIRD_MIND|ANIMAL,0,702,It is six inches long.
57,Black naga,n,D,3,1,110,6d8,27.0,48,16,40,120,20,1,CRUSH:HURT:1d8,,,,8,,,,FEMALE|RAND_25|DROP_60|BASH_DOOR|EVIL,0,712,A large black serpent's body with a female torso.
58,Spotted mushroom patch,",",o,3,1,110,1d1,1.0,1,2,1,0,3,1,SPORE:POISON:2d4,,,,8,POISON,,,NEVER_MOVE|STUPID|EMPTY_MIND|IM_POIS|NO_CONF|NO_SLEEP|NO_FEAR,0,723,Yum!  It looks quite tasty.
59,Silver jelly,j,W,3,2,120,10d8,45.0,80,2,1,99,12,2,TOUCH:EAT_LITE:1d3,TOUCH:EAT_LITE:1d3,,,6,EAT_LITE,15,DRAIN_MANA,NEVER_MOVE|STUPID|EMPTY_MIND|IM_POIS|HURT_LITE|NO_CONF|NO_SLEEP|NO_FEAR,0,734,It is a large pile of silver flesh that sucks all light from its surroundings.
60,Yellow jelly,j,y,3,1,120,10d8,45.0,80,2,1,99,12,1,TOUCH:POISON:1d3,,,,3,POISON,15,DRAIN_MANA,NEVER_MOVE|STUPID|EMPTY_MIND|IM_POIS|HURT_LITE|NO_CONF|NO_SLEEP|NO_FEAR,0,749,It's a large pile of yellow flesh.
61,Scruffy looking hobbit,h,b,3,1,110,3d5,9.0,15,16,8,10,4,2,HIT:HURT:1d4,TOUCH:EAT_GOLD,,,4,EAT_GOLD,,,MALE|DROP_60|TAKE_ITEM|OPEN_DOOR|BASH_DOOR|EVIL,0,762,"A short little guy, in bedraggled clothes.  He appears to be looking for a good tavern."
62,Giant white ant,a,w,3,1,110,3d6,10.5,18,8,16,80,7,1,BITE:HURT:1d4,,,,4,,,,WEIRD_MIND|BASH_DOOR|ANIMAL,0,775,It is about two feet long and has sharp pincers.
63,Yellow mold,m,y,3,1,110,8d8,36.0,64,2,10,99,9,1,SPORE:HURT:1d4,,,,4,,,,NEVER_MOVE|STUPID|EMPTY_MIND|IM_POIS|NO_CONF|NO_SLEEP|NO_FEAR,0,784,It is a strange yellow growth on the dungeon floor.
64,Metallic red centipede,c,r,3,1,120,4d8,18.0,32,8,9,20,12,1,CRAWL:HURT:1d2,,,,2,,,,RAND_25|WEIRD_MIND|BASH_DOOR|ANIMAL,0,795,It is about four feet long and carnivorous.
65,Yellow worm mass,w,y,3,2,100,4d8,18.0,32,7,4,10,4,1,CRAWL:LOSE_DEX:1d3,,,,3,LOSE_DEX,,,RAND_50|RAND_25|STUPID|WEIRD_MIND|MULTIPLY|ANIMAL|HURT_LITE|NO_FEAR,0,805,It is a large slimy mass of worms.
66,Clear worm mass,w,w,3,2,100,4d4,10.0,16,7,1,10,4,1,CRAWL:POISON:1d2,,,,2,POISON,,,ATTR_CLEAR|RAND_50|RAND_25|STUPID|WEIRD_MIND|INVISIBLE|MULTIPLY|ANIMAL|IM_POIS|HURT_LITE|NO_FEAR,0,815,It is a disgusting mass of poisonous worms.
67,Radiation eye,e,R,3,1,110,3d6,10.5,18,2,6,10,6,1,GAZE:LOSE_STR:1d6,,,,6,LOSE_STR,11,DRAIN_MANA,NEVER_MOVE|HURT_LITE|NO_FEAR,0,827,"A disembodied eye, crackling with energy."
68,Cave lizard,R,u,4,1,110,3d6,10.5,18,8,16,80,8,1,BITE:HURT:1d5,,,,5,,,,ANIMAL,0,838,It is an armoured lizard with a powerful bite.
69,Novice ranger,p,W,4,1,110,6d8,27.0,48,20,8,5,18,2,HIT:HURT:1d5,HIT:HURT:1d5,,,10,,9,ARROW_1|MISSILE,MALE|FORCE_SLEEP|DROP_60|OPEN_DOOR|BASH_DOOR,0,846,"An agile hunter, ready and relaxed."
70,Novice paladin,p,w,4,1,110,6d8,27.0,48,20,16,5,18,2,HIT:HURT:1d7,HIT:HURT:1d7,,,14,,9,SCARE|CAUSE_1,MALE|FORCE_SLEEP|DROP_60|OPEN_DOOR|BASH_DOOR,0,860,An adventurer both devoutly religious and skillful in combat.
71,Blue jelly,j,b,4,1,110,12d8,54.0,96,2,1,99,14,1,TOUCH:COLD:1d6,,,,6,COLD,,,NEVER_MOVE|COLD_BLOOD|STUPID|EMPTY_MIND|IM_COLD|HURT_LITE|NO_CONF|NO_SLEEP|NO_FEAR,0,872,It's a large pile of pulsing blue flesh.
72,Creeping copper coins,$,u,4,3,100,7d8,31.5,56,3,24,10,9,2,HIT:HURT:1d4,TOUCH:POISON:2d4,,,12,POISON,,,ONLY_GOLD|DROP_1D2|COLD_BLOOD|BASH_DOOR|IM_ELEC|IM_POIS|NO_CONF|NO_SLEEP,0,883,It appears to be a pile of copper coins.
73,Giant white rat,r,W,4,1,110,2d2,3.0,4,8,7,30,1,1,BITE:POISON:1d3,,,,3,POISON,,,RAND_25|MULTIPLY|ANIMAL,0,894,It is a very vicious rodent.
74,Blue worm mass,w,b,4,1,100,5d8,22.5,40,7,12,10,5,1,CRAWL:COLD:1d4,,,,4,COLD,,,RAND_50|RAND_25|STUPID|WEIRD_MIND|COLD_BLOOD|MULTIPLY|ANIMAL|IM_COLD|HURT_LITE|NO_FEAR,0,904,It is a large slimy mass of worms.
75,Large grey snake,J,s,4,1,100,6d8,27.0,48,6,41,50,14,2,BITE:HURT:1d5,CRUSH:HURT:1d8,,,13,,,,RAND_25|BASH_DOOR|ANIMAL,0,915,It is about ten feet long.
76,Bullroarer the Hobbit,h,U,5,3,120,6d10,60,60,16,8,10,90,2,HIT:HURT:1d8,HIT:HURT:1d8,,,16,,,,UNIQUE|MALE|FORCE_MAXHP|ONLY_ITEM|DROP_2D2|DROP_GOOD|OPEN_DOOR|BASH_DOOR,1,926,He is a sturdy hobbit who is renowned for his unusual strength and vigour.  He can prove a troublesome opponent.
77,Novice mage,p,r,6,2,110,6d4,15.0,24,20,6,10,6,1,HIT:HURT:1d4,,,,4,,12,BLINK|BLIND|CONF|MISSILE,MALE|FORCE_SLEEP|FRIENDS|DROP_60|OPEN_DOOR|BASH_DOOR,0,938,He is leaving behind a trail of dropped spell components.
78,Green naga,n,g,5,1,110,9d8,40.5,72,18,40,120,30,2,CRUSH:HURT:1d8,SPIT:ACID:2d6,,,20,ACID,,,FEMALE|RAND_25|TAKE_ITEM|DROP_60|BASH_DOOR|EVIL|IM_ACID,0,951,A large green serpent with a female's torso.  Her green skin glistens with acid.
79,Blue ooze,j,b,5,1,110,3d4,7.5,12,8,16,80,7,1,CRAWL:COLD:1d4,,,,4,COLD,,,RAND_50|RAND_25|DROP_60|STUPID|EMPTY_MIND|IM_COLD|NO_CONF|NO_SLEEP|NO_FEAR,0,964,It's blue and it's oozing.
80,Green glutton ghost,G,g,5,1,130,3d4,7.5,12,10,20,10,15,1,TOUCH:EAT_FOOD:1d1,,,,1,EAT_FOOD,,,RAND_50|RAND_25|DROP_60|DROP_90|INVISIBLE|COLD_BLOOD|PASS_WALL|EVIL|UNDEAD|NO_CONF|NO_SLEEP,0,975,It is a very ugly green ghost with a voracious appetite.
81,Green jelly,j,g,5,1,120,22d8,99.0,176,2,1,99,18,1,TOUCH:ACID:1d2,,,,2,ACID,,,NEVER_MOVE|STUPID|EMPTY_MIND|IM_ACID|HURT_LITE|NO_CONF|NO_SLEEP|NO_FEAR,0,986,It is a large pile of pulsing green flesh.
82,Large kobold,k,b,5,1,110,13d9,65.0,117,20,32,30,25,1,HIT:HURT:1d10,,,,10,,,,DROP_90|OPEN_DOOR|BASH_DOOR|EVIL|IM_POIS,0,997,It a man-sized figure with the all too recognizable face of a kobold.
83,Skeleton kobold,s,w,5,1,110,5d8,22.5,40,20,26,40,12,1,HIT:HURT:1d6,,,,6,,,,COLD_BLOOD|EMPTY_MIND|OPEN_DOOR|BASH_DOOR|EVIL|UNDEAD|IM_COLD|IM_POIS|NO_CONF|NO_SLEEP|NO_FEAR,0,1007,It is a small animated kobold skeleton.
84,Grey icky thing,i,s,5,1,110,4d8,18.0,32,14,12,15,10,1,TOUCH:HURT:1d5,,,,5,,,,RAND_50|EMPTY_MIND,0,1017,"It is a smallish, slimy, icky, nasty creature."
85,Disenchanter eye,e,v,5,2,100,7d8,31.5,56,2,6,10,20,1,GAZE:UN_BONUS,,,,0,UN_BONUS,9,DRAIN_MANA,ATTR_MULTI|NEVER_MOVE|HURT_LITE|NO_FEAR|RES_DISE,0,1026,"A disembodied eye, crackling with magic."
86,Red worm mass,w,r,5,1,100,5d8,22.5,40,7,12,10,6,1,CRAWL:FIRE:1d6,,,,6,FIRE,,,RAND_50|RAND_25|STUPID|EMPTY_MIND|MULTIPLY|BASH_DOOR|ANIMAL|IM_FIRE|HURT_LITE|NO_FEAR,0,1038,It is a large slimy mass of worms.
87,Copperhead snake,J,o,5,1,110,4d6,14.0,24,6,20,1,15,1,BITE:POISON:2d4,,,,8,POISON,,,RAND_50|BASH_DOOR|ANIMAL|IM_POIS,0,1049,It has a copper head and sharp venomous fangs.
88,Purple mushroom patch,",",v,6,2,110,1d1,1.0,1,2,1,0,15,3,SPORE:LOSE_CON:1d2,SPORE:LOSE_CON:1d2,SPORE:LOSE_CON:1d2,,6,LOSE_CON,,,NEVER_MOVE|STUPID|EMPTY_MIND|NO_CONF|NO_SLEEP|NO_FEAR,0,1059,Yum!  It looks quite tasty.
89,Novice priest,p,g,6,2,110,7d4,17.5,28,20,10,5,6,1,HIT:HURT:1d5,,,,5,,12,HEAL|SCARE|CAUSE_1,MALE|FORCE_SLEEP|FRIENDS|DROP_60|OPEN_DOOR|BASH_DOOR,0,1071,He is tripping over his priestly robes.
90,Novice warrior,p,u,6,2,110,9d4,22.5,36,20,16,5,6,2,HIT:HURT:1d7,HIT:HURT:1d7,,,14,,,,MALE|FRIENDS|DROP_60|OPEN_DOOR|BASH_DOOR,0,1084,He looks inexperienced but tough.
91,Novice rogue,p,b,6,2,110,8d4,20.0,32,20,12,5,6,2,HIT:HURT:1d6,TOUCH:EAT_GOLD,,,6,EAT_GOLD,,,MALE|FRIENDS|DROP_60|TAKE_ITEM|OPEN_DOOR|BASH_DOOR|EVIL,0,1095,A rather shifty individual.
92,Brown mold,m,u,6,1,110,15d8,67.5,120,2,12,99,20,1,SPORE:CONFUSE:1d4,,,,4,CONFUSE,,,NEVER_MOVE|STUPID|EMPTY_MIND|IM_POIS|NO_CONF|NO_SLEEP|NO_FEAR,0,1107,A strange brown growth on the dungeon floor.
93,Giant brown bat,b,u,6,1,130,3d8,13.5,24,10,15,30,10,1,BITE:HURT:1d3,,,,3,,,,RAND_50|ANIMAL,0,1118,It screeches as it attacks.
94,Kobold archer,k,W,4,1,110,6d7,24.0,42,20,16,10,20,1,HIT:HURT:1d9,,,,9,,5,ARROW_2,DROP_60|OPEN_DOOR|BASH_DOOR|EVIL|IM_POIS,0,1127,It is an ugly dog-headed humanoid wielding a bow.
95,Creeping silver coins,$,s,6,3,100,12d8,54.0,96,4,30,10,18,2,HIT:HURT:1d6,TOUCH:POISON:2d6,,,18,POISON,,,ONLY_GOLD|DROP_60|DROP_1D2|COLD_BLOOD|BASH_DOOR|IM_ELEC|IM_POIS|NO_CONF|NO_SLEEP,0,1138,It appears to be a pile of silver coins.
96,Snaga,o,U,6,1,110,8d8,36.0,64,20,32,30,15,1,HIT:HURT:1d8,,,,8,,,,MALE|FRIENDS|DROP_60|OPEN_DOOR|BASH_DOOR|EVIL|ORC|HURT_LITE,0,1149,"He is one of the many weaker 'slave' orcs, often mistakenly known as a goblin."
97,Rattlesnake,J,r,6,1,110,6d7,24.0,42,6,24,1,20,1,BITE:POISON:2d5,,,,10,POISON,,,RAND_50|BASH_DOOR|ANIMAL|IM_POIS,0,1161,It is recognized by the hard-scaled end of its body that is often rattled to frighten its prey.
98,Cave orc,o,G,7,1,110,11d9,55.0,99,20,32,30,20,1,HIT:HURT:1d8,,,,8,,,,MALE|FRIENDS|DROP_60|OPEN_DOOR|BASH_DOOR|EVIL|ORC|HURT_LITE,0,1172,He is often found in huge numbers in deep caves.
99,Wood spider,S,U,7,3,120,3d6,10.5,18,8,16,80,15,2,BITE:HURT:1d3,STING:POISON:1d4,,,7,POISON,,,FRIENDS|WEIRD_MIND|BASH_DOOR|ANIMAL|IM_POIS,0,1183,It scuttles towards you.
100,Manes,u,u,7,2,110,8d8,36.0,64,20,32,30,16,1,HIT:HURT:1d8,,,,8,,,,FRIENDS|OPEN_DOOR|BASH_DOOR|EVIL|DEMON|IM_FIRE|NO_FEAR,0,1194,It is a minor but aggressive demon.
101,Bloodshot eye,e,r,7,3,110,10d8,45.0,80,2,6,10,15,1,GAZE:BLIND:2d6,,,,12,BLIND,7,DRAIN_MANA,NEVER_MOVE|HURT_LITE|NO_FEAR,0,1204,"A disembodied eye, bloodshot and nasty."
102,Red naga,n,r,7,2,110,11d8,49.5,88,20,40,120,40,2,CRUSH:HURT:1d10,BITE:LOSE_STR:1d4,,,14,LOSE_STR,,,FEMALE|RAND_25|DROP_60|TAKE_ITEM|BASH_DOOR|EVIL,0,1215,A large red snake with a woman's torso.
103,Red jelly,j,r,7,1,110,26d8,117.0,208,2,1,99,26,1,TOUCH:LOSE_STR:1d5,,,,5,LOSE_STR,,,NEVER_MOVE|STUPID|EMPTY_MIND|HURT_LITE|NO_CONF|NO_SLEEP|NO_FEAR,0,1227,It is a large pulsating mound of red flesh.
104,Giant red frog,R,r,7,1,110,5d8,22.5,40,12,16,50,16,1,BITE:LOSE_STR:2d4,,,,8,LOSE_STR,,,RAND_50|BASH_DOOR|ANIMAL,0,1238,It looks poisonous.
105,Green icky thing,i,g,7,2,110,5d8,22.5,40,14,12,20,18,1,TOUCH:ACID:2d5,,,,10,ACID,,,RAND_50|EMPTY_MIND|IM_ACID,0,1248,"It is a smallish, slimy, icky, acidic creature."
106,Zombified kobold,z,s,7,1,110,6d8,27.0,48,20,14,30,14,2,HIT:HURT:1d2,HIT:HURT:1d2,,,4,,,,EMPTY_MIND|COLD_BLOOD|OPEN_DOOR|BASH_DOOR|EVIL|UNDEAD|IM_COLD|IM_POIS|NO_CONF|NO_SLEEP|NO_FEAR,0,1258,It is an animated kobold corpse.  Flesh falls off in large chunks as it shambles forward.
107,Lost soul,G,B,7,2,110,2d8,9.0,16,12,10,10,18,2,HIT:HURT:2d2,TOUCH:LOSE_WIS,,,4,LOSE_WIS,15,TPORT|DRAIN_MANA,RAND_50|DROP_60|DROP_90|INVISIBLE|COLD_BLOOD|TAKE_ITEM|PASS_WALL|EVIL|UNDEAD|IM_COLD|NO_CONF|NO_SLEEP,0,1270,It is almost insubstantial.
108,Dark elf,h,D,7,2,110,7d10,38.5,70,20,16,20,25,2,HIT:HURT:1d6,HIT:HURT:1d6,,,12,,10,CONF|DARKNESS,MALE|FORCE_SLEEP|DROP_90|OPEN_DOOR|BASH_DOOR|EVIL|HURT_LITE,0,1284,"An elven figure with jet black skin and white hair, his eyes are large and twisted with evil."
109,Night lizard,R,b,7,2,110,4d8,18.0,32,20,16,30,35,2,BITE:HURT:1d6,BITE:HURT:1d6,,,12,,,,ANIMAL,0,1300,It is a black lizard with overlapping scales and a powerful jaw.
110,Mughash the Kobold Lord,k,v,7,3,110,15d10,150,150,20,20,20,100,3,HIT:HURT:1d10,HIT:HURT:1d10,HIT:HURT:1d10,,30,,,,UNIQUE|MALE|FORCE_MAXHP|ESCORT|ESCORTS|ONLY_ITEM|DROP_1D2|DROP_GOOD|OPEN_DOOR|BASH_DOOR|EVIL|IM_POIS,1,1309,"Strong and powerful, for a kobold."
111,"Wormtongue, Agent of Saruman",p,B,8,1,110,25d10,250,250,20,30,20,150,4,HIT:HURT:1d5,HIT:HURT:1d5,TOUCH:EAT_GOLD,INSULT,10,EAT_GOLD,5,HEAL|SLOW|TRAPS|BO_COLD|BA_POIS,UNIQUE|MALE|FORCE_SLEEP|FORCE_MAXHP|ONLY_ITEM|DROP_1D2|DROP_GOOD|DROP_GREAT|TAKE_ITEM|OPEN_DOOR|BASH_DOOR|EVIL,1,1324,He's been spying for Saruman.  He is a snivelling wretch with no morals and disgusting habits.
112,"Lagduf, the Snaga",o,y,8,2,110,19d10,190,190,20,32,30,80,4,HIT:HURT:1d10,HIT:HURT:1d10,HIT:HURT:1d9,HIT:HURT:1d9,38,,,,UNIQUE|MALE|FORCE_MAXHP|ESCORT|ONLY_ITEM|DROP_1D2|DROP_GOOD|OPEN_DOOR|BASH_DOOR|EVIL|ORC,1,1342,"A captain of a regiment of weaker orcs, Lagduf keeps his troop in order with displays of excessive violence."
113,Brown yeek,y,u,8,1,110,4d8,18.0,32,18,18,10,11,1,HIT:HURT:1d6,,,,6,,,,DROP_60|OPEN_DOOR|BASH_DOOR|ANIMAL|IM_ACID,0,1359,It is a strange small humanoid.
114,Novice ranger,p,W,8,2,110,6d8,27.0,48,20,8,5,18,2,HIT:HURT:1d5,HIT:HURT:1d5,,,10,,9,ARROW_1|MISSILE,MALE|FORCE_SLEEP|FRIENDS|DROP_60|OPEN_DOOR|BASH_DOOR,0,1369,"An agile hunter, ready and relaxed."
115,Giant salamander,R,y,8,1,110,6d7,24.0,42,6,40,1,50,1,BITE:FIRE:3d6,,,,18,FIRE,9,BR_FIRE,FORCE_SLEEP|RAND_25|ANIMAL|IM_FIRE,0,1382,A large black and yellow lizard.  You'd better run away!
116,Green mold,m,g,8,1,110,21d8,94.5,168,2,14,75,28,1,SPORE:TERRIFY:1d4,,,,4,TERRIFY,,,NEVER_MOVE|STUPID|EMPTY_MIND|IM_ACID|IM_POIS|NO_CONF|NO_SLEEP|NO_FEAR,0,1394,It is a strange growth on the dungeon floor.
117,Skeleton orc,s,w,8,1,110,10d8,45.0,80,20,36,40,26,1,HIT:HURT:2d5,,,,10,,,,COLD_BLOOD|EMPTY_MIND|OPEN_DOOR|BASH_DOOR|EVIL|ORC|UNDEAD|IM_COLD|IM_POIS|NO_CONF|NO_SLEEP|NO_FEAR,0,1405,It is an animated orc skeleton.
118,Novice paladin,p,w,8,2,110,6d8,27.0,48,20,16,5,18,2,HIT:HURT:1d7,HIT:HURT:1d7,,,14,,9,SCARE|CAUSE_1,MALE|FORCE_SLEEP|FRIENDS|DROP_60|OPEN_DOOR|BASH_DOOR,0,1416,An adventurer both devoutly religious and skillful in combat.
119,Lemure,u,U,8,3,110,13d9,65.0,117,20,32,30,16,1,HIT:HURT:1d8,,,,8,,,,FRIENDS|OPEN_DOOR|BASH_DOOR|EVIL|DEMON|IM_FIRE|NO_FEAR,0,1430,It is the larval form of a major demon.
120,Hill orc,o,u,8,1,110,13d9,65.0,117,20,32,30,25,1,HIT:HURT:1d10,,,,10,,,,MALE|FRIENDS|DROP_60|OPEN_DOOR|BASH_DOOR|EVIL|ORC,0,1440,He is a hardy well-weathered survivor.
121,Bandit,p,b,8,2,110,8d8,36.0,64,20,24,10,26,2,HIT:HURT:2d4,TOUCH:EAT_GOLD,,,8,EAT_GOLD,,,MALE|DROP_1D2|TAKE_ITEM|OPEN_DOOR|BASH_DOOR|EVIL,0,1451,He is after your cash!
122,Yeti,Y,w,9,3,110,11d9,55.0,99,20,24,10,30,3,CLAW:HURT:1d3,CLAW:HURT:1d3,BITE:HURT:1d4,,10,,,,OPEN_DOOR|BASH_DOOR|ANIMAL|IM_COLD,0,1463,A large white figure covered in shaggy fur.
123,Bloodshot icky thing,i,r,9,3,110,7d8,31.5,56,14,18,20,24,2,TOUCH:HURT:1d4,CRAWL:ACID:2d4,,,12,ACID,11,DRAIN_MANA,RAND_50|EMPTY_MIND|IM_POIS,0,1474,"It is a strange, slimy, icky creature."
124,Giant grey rat,r,s,9,1,110,2d3,4.0,6,8,12,20,2,1,BITE:POISON:1d4,,,,4,POISON,,,RAND_25|MULTIPLY|ANIMAL|IM_POIS,0,1487,It is a rodent of unusual size.
125,Black harpy,H,D,9,1,120,3d8,13.5,24,16,22,10,19,3,CLAW:HURT:1d2,CLAW:HURT:1d2,BITE:HURT:1d3,,7,,,,FEMALE|RAND_25|ANIMAL|EVIL,0,1497,A woman's face on the body of a vicious black bird.
126,Orc shaman,o,r,9,1,110,9d8,40.5,72,20,15,20,30,2,HIT:HURT:1d6,HIT:HURT:1d6,,,12,,8,BLINK|CAUSE_1|MISSILE,MALE|FORCE_SLEEP|DROP_90|OPEN_DOOR|BASH_DOOR|EVIL|ORC|HURT_LITE,0,1509,An orc dressed in skins who gestures wildly.
127,Baby blue dragon,d,b,9,2,110,10d10,100,100,20,30,70,35,3,CLAW:HURT:1d3,CLAW:HURT:1d3,BITE:HURT:1d5,,11,,12,BR_ELEC,FORCE_MAXHP|FORCE_SLEEP|ONLY_GOLD|DROP_60|DROP_1D2|OPEN_DOOR|BASH_DOOR|EVIL|DRAGON|IM_ELEC,0,1523,"This hatchling dragon is still soft, its eyes unaccustomed to light and its scales a pale blue."
128,Baby white dragon,d,w,9,2,110,10d10,100,100,20,30,70,35,3,CLAW:HURT:1d3,CLAW:HURT:1d3,BITE:HURT:1d5,,11,,12,BR_COLD,FORCE_MAXHP|FORCE_SLEEP|ONLY_GOLD|DROP_60|DROP_1D2|OPEN_DOOR|BASH_DOOR|EVIL|DRAGON|IM_COLD,0,1539,"This hatchling dragon is still soft, its eyes unaccustomed to light and its scales a pale white."
129,Baby green dragon,d,g,9,2,110,10d10,100,100,20,30,70,35,3,CLAW:HURT:1d3,CLAW:HURT:1d3,BITE:HURT:1d5,,11,,12,BR_POIS,FORCE_MAXHP|FORCE_SLEEP|ONLY_GOLD|DROP_60|DROP_1D2|OPEN_DOOR|BASH_DOOR|EVIL|DRAGON|IM_POIS,0,1555,"This hatchling dragon is still soft, its eyes unaccustomed to light and its scales a sickly green."
130,Baby black dragon,d,s,9,2,110,10d10,100,100,20,30,70,35,3,CLAW:HURT:1d3,CLAW:HURT:1d3,BITE:HURT:1d5,,11,,12,BR_ACID,FORCE_MAXHP|FORCE_SLEEP|ONLY_GOLD|DROP_60|DROP_1D2|OPEN_DOOR|BASH_DOOR|EVIL|DRAGON|IM_ACID,0,1571,"This hatchling dragon is still soft, its eyes unaccustomed to light and its scales a dull black."
131,Baby red dragon,d,r,9,2,110,10d10,100,100,20,30,70,35,3,CLAW:HURT:1d3,CLAW:HURT:1d3,BITE:HURT:1d5,,11,,12,BR_FIRE,FORCE_MAXHP|FORCE_SLEEP|ONLY_GOLD|DROP_60|DROP_1D2|OPEN_DOOR|BASH_DOOR|EVIL|DRAGON|IM_FIRE,0,1587,"This hatchling dragon is still soft, its eyes unaccustomed to light and its scales a pale red."
132,Giant red ant,a,r,9,2,110,4d8,18.0,32,12,34,60,22,2,BITE:HURT:1d4,STING:LOSE_STR:1d4,,,8,LOSE_STR,,,WEIRD_MIND|BASH_DOOR|ANIMAL,0,1603,It is large and has venomous mandibles.
133,"Brodda, the Easterling",p,U,9,2,110,21d10,210,210,20,25,20,100,4,HIT:HURT:1d12,HIT:HURT:1d12,HIT:HURT:1d12,HIT:HURT:1d12,48,,,,UNIQUE|MALE|FORCE_MAXHP|ONLY_ITEM|DROP_1D2|DROP_GOOD|OPEN_DOOR|BASH_DOOR,1,1613,"A nasty piece of work, Brodda picks on defenseless women and children."
134,King cobra,J,g,9,2,110,8d10,44.0,80,8,30,1,28,2,SPIT:BLIND:1d2,BITE:POISON:3d4,,,14,BLIND|POISON,,,RAND_50|BASH_DOOR|ANIMAL|IM_POIS,0,1627,It is a large snake with a hooded face.
135,Giant spider,S,v,10,2,110,10d10,55.0,100,8,16,80,35,4,BITE:HURT:1d10,BITE:POISON:1d6,BITE:POISON:1d6,BITE:HURT:1d10,32,POISON,,,WEIRD_MIND|BASH_DOOR|ANIMAL|IM_POIS,0,1638,It is a vast black spider whose bulbous body is bloated with poison.
136,Dark elven mage,h,r,10,1,120,7d10,38.5,70,20,16,20,50,2,HIT:HURT:1d6,HIT:HURT:1d6,,,12,,5,BLIND|CONF|MISSILE|DARKNESS|BA_POIS,MALE|FORCE_SLEEP|ONLY_ITEM|DROP_1D2|OPEN_DOOR|BASH_DOOR|EVIL|IM_POIS|HURT_LITE,0,1650,"A dark elven figure, dressed all in black, hurling spells at you."
137,"Orfax, Son of Boldor",y,B,10,3,120,12d10,120,120,18,20,10,80,4,HIT:HURT:1d9,HIT:HURT:1d8,INSULT,INSULT,17,,4,HEAL|BLINK|TELE_TO|SLOW|CONF|S_MONSTER,UNIQUE|MALE|FORCE_SLEEP|FORCE_MAXHP|ESCORT|ESCORTS|ONLY_ITEM|DROP_90|DROP_GOOD|SMART|OPEN_DOOR|BASH_DOOR|ANIMAL|EVIL|IM_ACID,1,1665,"He's just like his daddy!  He knows mighty spells, but fortunately he is a yeek."
138,Dark elven warrior,h,u,10,1,110,10d11,60.0,110,20,16,20,50,2,HIT:HURT:1d8,HIT:HURT:1d8,,,16,,,,MALE|DROP_1D2|OPEN_DOOR|BASH_DOOR|EVIL|HURT_LITE,0,1685,A dark elven figure in armour and ready with his sword.
139,Clear mushroom patch,",",w,10,2,120,1d1,1.0,1,4,1,0,3,1,SPORE:HURT:1d1,,,,1,,,,ATTR_CLEAR|NEVER_MOVE|INVISIBLE|COLD_BLOOD|MULTIPLY|STUPID|EMPTY_MIND|NO_CONF|NO_SLEEP|NO_FEAR,0,1697,Yum!  It looks quite tasty.
140,"Grishnakh, the Hill Orc",o,y,10,3,110,23d10,230,230,20,20,20,160,4,HIT:HURT:1d12,HIT:HURT:1d10,HIT:HURT:1d12,HIT:HURT:1d10,44,,,,UNIQUE|MALE|FORCE_MAXHP|ESCORT|ONLY_ITEM|DROP_1D2|DROP_GOOD|OPEN_DOOR|BASH_DOOR|EVIL|ORC|IM_POIS,1,1708,He is a cunning and devious orc with a chaotic nature.
141,Giant white tick,S,w,10,2,100,12d8,54.0,96,12,40,20,27,1,BITE:POISON:2d6,,,,12,POISON,,,WEIRD_MIND|BASH_DOOR|ANIMAL|IM_POIS,0,1724,It is moving slowly towards you.
142,Hairy mold,m,o,10,1,110,15d8,67.5,120,2,15,70,32,1,SPORE:POISON:1d3,,,,3,POISON,,,NEVER_MOVE|STUPID|EMPTY_MIND|IM_POIS|NO_CONF|NO_SLEEP|NO_FEAR,0,1733,It is a strange hairy growth on the dungeon floor.
143,Disenchanter mold,m,v,10,1,110,16d8,72.0,128,2,20,70,40,1,SPORE:UN_BONUS:1d6,,,,6,UN_BONUS,11,DRAIN_MANA,NEVER_MOVE|ATTR_MULTI|STUPID|EMPTY_MIND|IM_POIS|RES_DISE|NO_CONF|NO_SLEEP|NO_FEAR,0,1744,It is a strange glowing growth on the dungeon floor.
144,Pseudo-dragon,d,o,10,2,110,20d10,200,200,20,30,70,150,3,CLAW:HURT:1d3,CLAW:HURT:1d3,BITE:HURT:1d5,,11,,11,CONF|SCARE|BR_LITE|BR_DARK,FORCE_MAXHP|FORCE_SLEEP|DROP_60|BASH_DOOR|EVIL|DRAGON,0,1757,A small relative of the dragon that inhabits dark caves.
145,Tengu,u,R,10,1,120,16d9,80.0,144,20,32,30,40,1,HIT:HURT:1d8,,,,8,,3,BLINK|TELE_TO,OPEN_DOOR|BASH_DOOR|EVIL|DEMON|IM_FIRE|NO_FEAR,0,1773,It is a fast-moving demon that blinks quickly in and out of existence; no other demon matches its teleporting mastery.
146,Creeping gold coins,$,y,10,3,100,18d8,81.0,144,5,36,10,32,2,HIT:HURT:2d5,TOUCH:POISON:3d5,,,25,POISON,,,ONLY_GOLD|DROP_90|DROP_1D2|COLD_BLOOD|BASH_DOOR|IM_POIS|IM_ELEC|IM_ACID|NO_CONF|NO_SLEEP,0,1785,"It appears to be a pile of gold coins, until it starts crawling towards you on tiny legs."
147,Wolf,C,u,10,1,120,6d6,21.0,36,30,30,20,30,1,BITE:HURT:1d6,,,,6,,,,RAND_25|FRIENDS|BASH_DOOR|ANIMAL,0,1797,It howls and snaps at you.
148,Giant fruit fly,I,G,10,3,120,2d2,3.0,4,8,14,10,4,1,BITE:HURT:1d2,,,,2,,,,RAND_50|RAND_25|MULTIPLY|WEIRD_MIND|ANIMAL,0,1808,"A fast-breeding, annoying pest."
149,Panther,f,u,10,2,120,10d8,45.0,80,40,30,0,25,2,CLAW:HURT:1d8,CLAW:HURT:1d8,,,16,,,,BASH_DOOR|ANIMAL,0,1818,"A large black cat, stalking you with intent.  It thinks you're its next meal."
150,Brigand,p,b,10,2,110,9d8,40.5,72,20,32,10,35,2,HIT:HURT:2d4,TOUCH:EAT_ITEM,,,8,EAT_ITEM,,,MALE|DROP_1D2|TAKE_ITEM|OPEN_DOOR|BASH_DOOR|EVIL,0,1829,He is eyeing your backpack.
151,Baby multi-hued dragon,d,v,11,2,110,13d10,130,130,20,30,70,45,3,CLAW:HURT:1d4,CLAW:HURT:1d4,BITE:HURT:1d6,,14,,12,BR_ACID|BR_FIRE|BR_COLD|BR_ELEC|BR_POIS,ATTR_MULTI|FORCE_MAXHP|FORCE_SLEEP|ONLY_GOLD|DROP_60|DROP_1D2|OPEN_DOOR|BASH_DOOR|EVIL|DRAGON|IM_ACID|IM_FIRE|IM_COLD|IM_ELEC|IM_POIS,0,1841,"This hatchling dragon is still soft, its eyes unaccustomed to light and its scales shimmering with hints of many different colours."
152,Hippogriff,H,U,11,1,110,20d9,100.0,180,12,14,10,30,2,HIT:HURT:2d5,BITE:HURT:2d5,,,20,,,,BASH_DOOR|ANIMAL,0,1859,A strange hybrid of eagle and horse.  It looks weird.
153,Zombified orc,z,s,11,1,110,11d8,49.5,88,20,24,25,30,3,HIT:HURT:1d4,HIT:HURT:1d4,HIT:HURT:1d4,,12,,,,COLD_BLOOD|EMPTY_MIND|OPEN_DOOR|BASH_DOOR|EVIL|ORC|UNDEAD|IM_COLD|IM_POIS|NO_CONF|NO_SLEEP|NO_FEAR,0,1869,It is a shambling orcish corpse leaving behind a trail of flesh.
154,Gnome mage,h,r,11,2,110,7d8,31.5,56,18,20,10,38,1,HIT:HURT:1d5,,,,5,,4,BLINK|DARKNESS|BO_COLD|S_MONSTER,MALE|FORCE_SLEEP|DROP_1D2|OPEN_DOOR|BASH_DOOR|EVIL,0,1882,A mage of short stature.
155,Black mamba,J,D,12,3,120,10d8,45.0,80,10,32,1,40,1,BITE:POISON:4d4,,,,16,POISON,,,RAND_50|BASH_DOOR|ANIMAL|IM_POIS,0,1896,"It has glistening black skin, a sleek body and highly venomous fangs."
156,White wolf,C,w,12,1,120,7d7,28.0,49,30,30,20,30,2,BITE:HURT:1d3,BITE:HURT:1d4,,,7,,,,RAND_25|FRIENDS|BASH_DOOR|ANIMAL|IM_COLD,0,1906,A large and muscled wolf from the northern wastes.  Its breath is cold and icy and its fur coated in frost.
157,Grape jelly,j,v,12,3,110,52d8,234.0,416,2,1,99,60,1,TOUCH:EXP_10,,,,0,EXP_10,11,DRAIN_MANA,NEVER_MOVE|STUPID|EMPTY_MIND|IM_POIS|HURT_LITE|NO_CONF|NO_SLEEP|NO_FEAR,0,1919,Yum!  It looks quite tasty.  It is a pulsing mound of glowing flesh.
158,Nether worm mass,w,D,12,3,100,5d8,22.5,40,10,15,3,6,1,TOUCH:EXP_10,,,,0,EXP_10,,,RAND_50|RAND_25|STUPID|WEIRD_MIND|MULTIPLY|BASH_DOOR|ANIMAL|HURT_LITE|NO_FEAR,0,1932,"It is a disgusting mass of dark worms, eating each other, the floor, the air, you...."
159,"Golfimbul, the Hill Orc Chief",o,y,12,3,110,24d10,240,240,20,60,20,230,4,HIT:HURT:1d12,HIT:HURT:1d12,HIT:HURT:1d10,HIT:HURT:1d10,44,,,,UNIQUE|MALE|FORCE_MAXHP|ESCORT|ONLY_ITEM|DROP_2D2|DROP_GOOD|OPEN_DOOR|BASH_DOOR|EVIL|ORC|IM_FIRE|IM_COLD|IM_ELEC|IM_POIS,1,1943,"A leader of a band of raiding orcs, he picks on hobbits."
160,Master yeek,y,U,12,2,110,12d9,60.0,108,18,24,10,28,1,HIT:HURT:1d8,,,,8,,4,BLINK|TPORT|BLIND|SLOW|BA_POIS|S_MONSTER,FORCE_SLEEP|DROP_60|OPEN_DOOR|BASH_DOOR|ANIMAL|EVIL|IM_ACID,0,1959,A small humanoid that radiates some power.
161,Priest,p,g,12,1,110,12d8,54.0,96,20,22,40,36,2,HIT:HURT:2d3,HIT:HURT:2d3,,,12,,3,HEAL|SCARE|CAUSE_2|S_MONSTER,MALE|FORCE_SLEEP|DROP_1D2|SMART|OPEN_DOOR|BASH_DOOR|EVIL,0,1973,"A robed man, dedicated to his god."
162,Dark elven priest,h,g,12,1,120,7d10,38.5,70,20,30,30,50,2,HIT:HURT:1d9,HIT:HURT:1d10,,,19,,5,HEAL|BLIND|CONF|CAUSE_2|DARKNESS,MALE|FORCE_SLEEP|ONLY_ITEM|DROP_1D2|SMART|OPEN_DOOR|BASH_DOOR|EVIL|HURT_LITE,0,1989,"A dark elven figure, dressed all in black, chanting curses and waiting to deliver your soul to hell."
163,Air spirit,E,B,12,2,130,8d8,36.0,64,12,40,20,40,1,HIT:HURT:1d3,,,,3,,,,RAND_50|RAND_25|EMPTY_MIND|INVISIBLE|COLD_BLOOD|BASH_DOOR|IM_ELEC|IM_POIS|NO_CONF|NO_SLEEP|NO_FEAR,0,2005,A whirlwind of sentient air.
164,Skeleton human,s,w,12,1,110,10d8,45.0,80,20,30,30,38,1,HIT:HURT:1d8,,,,8,,,,EMPTY_MIND|COLD_BLOOD|OPEN_DOOR|BASH_DOOR|EVIL|UNDEAD|IM_COLD|IM_POIS|NO_CONF|NO_SLEEP|NO_FEAR,0,2016,It is an animated human skeleton.
165,Zombified human,z,s,12,1,110,12d8,54.0,96,20,24,20,34,2,HIT:HURT:1d4,HIT:HURT:1d4,,,8,,,,EMPTY_MIND|COLD_BLOOD|OPEN_DOOR|BASH_DOOR|EVIL|UNDEAD|IM_COLD|IM_POIS|NO_CONF|NO_SLEEP|NO_FEAR,0,2027,It is a shambling human corpse dropping chunks of flesh behind it.
166,Tiger,f,o,12,2,120,12d10,66.0,120,40,40,0,40,3,CLAW:HURT:1d8,CLAW:HURT:1d8,BITE:HURT:1d6,,22,,,,BASH_DOOR|ANIMAL,0,2038,"One of the largest of its species, a sleek orange and black shape creeps towards you, ready to pounce."
167,Moaning spirit,G,u,12,2,120,5d8,22.5,40,14,20,10,44,2,WAIL:TERRIFY,TOUCH:LOSE_DEX:1d8,,,8,LOSE_DEX|TERRIFY,15,TPORT|SCARE,FORCE_SLEEP|RAND_25|DROP_60|DROP_90|INVISIBLE|COLD_BLOOD|PASS_WALL|EVIL|UNDEAD|IM_COLD|NO_CONF|NO_SLEEP,0,2050,A ghostly apparition that shrieks horribly.
168,Swordsman,p,u,12,1,110,12d8,54.0,96,20,34,20,40,2,HIT:HURT:3d5,HIT:HURT:3d5,,,30,,,,MALE|DROP_1D2|OPEN_DOOR|BASH_DOOR,0,2064,A warrior of considerable skill.
169,Stegocentipede,c,u,12,2,120,13d8,58.5,104,12,30,30,40,3,BITE:HURT:2d4,BITE:HURT:2d4,STING:HURT:2d4,,24,,,,WEIRD_MIND|BASH_DOOR|ANIMAL,0,2075,It is a vast armoured centipede with massive mandibles and a spiked tail.
170,Spotted jelly,j,o,12,3,120,13d8,58.5,104,12,18,1,33,3,TOUCH:ACID:1d10,TOUCH:ACID:2d6,TOUCH:ACID:2d6,,34,ACID,,,NEVER_MOVE|STUPID|EMPTY_MIND|COLD_BLOOD|IM_ACID|IM_POIS|HURT_LITE|NO_CONF|NO_SLEEP|NO_FEAR,0,2086,"A strange jelly thing, covered in discoloured blotches."
171,Drider,S,b,13,2,110,10d13,70.0,130,8,30,80,55,3,HIT:HURT:1d12,HIT:HURT:1d12,BITE:POISON:1d6,,30,POISON,8,CONF|CAUSE_1|DARKNESS,FORCE_SLEEP|BASH_DOOR|EVIL|IM_POIS,0,2099,A dark elven torso merged with the bloated form of a giant spider.
172,Killer brown beetle,K,u,13,1,110,13d8,58.5,104,10,40,30,38,1,BITE:HURT:3d4,,,,12,,,,WEIRD_MIND|BASH_DOOR|ANIMAL,0,2113,It is a vicious insect with a tough carapace.
173,"Boldor, King of the Yeeks",y,v,13,3,120,18d10,180,180,18,24,10,200,3,HIT:HURT:1d9,HIT:HURT:1d9,HIT:HURT:1d8,,26,,3,HEAL|BLINK|TPORT|BLIND|SLOW|S_MONSTER|S_KIN,UNIQUE|MALE|FORCE_SLEEP|FORCE_MAXHP|ESCORT|ESCORTS|ONLY_ITEM|DROP_90|DROP_1D2|DROP_GOOD|SMART|OPEN_DOOR|BASH_DOOR|ANIMAL|EVIL|IM_ACID,1,2122,"A great yeek, powerful in magic and sorcery, but a yeek all the same."
174,Ogre,O,U,13,2,110,13d9,65.0,117,20,33,30,50,1,HIT:HURT:2d8,,,,16,,,,FRIENDS|DROP_60|OPEN_DOOR|BASH_DOOR|EVIL|GIANT,0,2140,"A hideous, smallish giant that is often found near or with orcs."
175,Creeping mithril coins,$,B,13,3,110,20d8,90.0,160,5,50,10,45,2,HIT:HURT:2d5,TOUCH:POISON:3d5,,,25,POISON,,,ONLY_GOLD|DROP_90|DROP_2D2|COLD_BLOOD|BASH_DOOR|IM_POIS|IM_ELEC|IM_ACID|NO_CONF|NO_SLEEP,0,2151,It appears to be a pile of sentient mithril coins that doesn't like being picked up.
176,Illusionist,p,R,13,2,120,12d8,54.0,96,20,10,10,50,1,HIT:HURT:2d2,,,,4,,3,HASTE|BLINK|TPORT|BLIND|HOLD|SLOW|CONF|DARKNESS,MALE|FORCE_SLEEP|DROP_1D2|SMART|OPEN_DOOR|BASH_DOOR|EVIL,0,2163,A deceptive spell caster.
177,Druid,p,G,13,2,110,12d12,78.0,144,20,10,10,50,2,HIT:HURT:2d4,HIT:HURT:2d4,,,16,,3,S_ANIMAL|HASTE|BLINK|BLIND|HOLD|SLOW|BO_FIRE|BO_ELEC,MALE|FORCE_SLEEP|DROP_1D2|SMART|OPEN_DOOR|BASH_DOOR|EVIL,0,2176,A priest devoted to Nature.
178,Black orc,o,D,13,1,110,12d10,66.0,120,20,36,20,45,2,HIT:HURT:3d4,HIT:HURT:3d4,,,24,,9,ARROW_2,MALE|FRIENDS|DROP_60|OPEN_DOOR|BASH_DOOR|EVIL|ORC|HURT_LITE,0,2191,He is a large orc with powerful arms and deep black skin.
179,Ochre jelly,j,U,13,3,120,13d8,58.5,104,12,18,1,40,3,TOUCH:ACID:1d10,TOUCH:ACID:2d6,TOUCH:ACID:2d6,,34,ACID,,,STUPID|EMPTY_MIND|COLD_BLOOD|TAKE_ITEM|OPEN_DOOR|BASH_DOOR|IM_ACID|IM_POIS|NO_CONF|NO_SLEEP|NO_FEAR,0,2204,"A fast moving highly acidic jelly thing, that is eating away the floor it rests on."
180,Giant flea,I,s,14,3,120,2d2,3.0,4,8,25,10,4,1,BITE:HURT:1d2,,,,2,,,,RAND_50|RAND_25|MULTIPLY|WEIRD_MIND|BASH_DOOR|ANIMAL,0,2218,It makes you itch just to look at it.
181,Ufthak of Cirith Ungol,o,g,14,3,110,32d10,320,320,20,50,20,250,4,HIT:HURT:3d4,HIT:HURT:3d4,HIT:HURT:3d4,HIT:HURT:3d4,48,,,,UNIQUE|MALE|FORCE_MAXHP|ESCORT|ONLY_ITEM|DROP_1D2|DROP_GOOD|OPEN_DOOR|BASH_DOOR|EVIL|ORC|IM_COLD|IM_POIS,1,2228,A strong orc guarding the pass of Cirith Ungol.  He is mortally afraid of spiders.
182,Giant white dragon fly,F,w,14,2,110,3d8,13.5,24,12,20,50,60,1,BITE:COLD:1d6,,,,6,COLD,10,BR_COLD,FORCE_SLEEP|RAND_50|WEIRD_MIND|BASH_DOOR|ANIMAL|IM_COLD,0,2245,It is a large fly that drips frost.
183,Blue icky thing,i,b,14,4,100,10d6,35.0,60,15,20,20,20,4,CRAWL:POISON:1d4,CRAWL:EAT_FOOD,HIT:HURT:1d4,HIT:HURT:1d4,12,EAT_FOOD|POISON,8,BLIND|CONF|SCARE,FORCE_SLEEP|RAND_50|MULTIPLY|OPEN_DOOR|BASH_DOOR|EVIL|IM_POIS,0,2258,"It is a strange, slimy, icky creature, with rudimentary intelligence, but evil cunning.  It hungers for food, and you look tasty."
184,Hill giant,P,U,25,1,110,30d15,240.0,450,20,45,50,150,2,HIT:HURT:4d8,HIT:HURT:4d8,,,64,,10,BOULDER,DROP_60|OPEN_DOOR|BASH_DOOR|EVIL|GIANT,0,2275,A ten foot tall humanoid with powerful muscles.
185,Flesh golem,g,R,14,2,110,12d8,54.0,96,12,30,10,50,2,HIT:HURT:1d6,HIT:HURT:1d6,,,12,,,,EMPTY_MIND|BASH_DOOR|IM_ELEC|NO_CONF|NO_SLEEP|NO_FEAR,0,2288,A shambling humanoid monster with long scars.
186,Warg,C,s,14,2,120,8d8,36.0,64,20,20,40,40,1,BITE:HURT:1d8,,,,8,,,,RAND_25|FRIENDS|BASH_DOOR|ANIMAL|EVIL,0,2299,It is a large wolf with eyes full of cunning.
187,Giant black louse,l,D,14,1,120,1d2,1.5,2,6,7,10,3,1,BITE:HURT:1d2,,,,2,,,,RAND_50|WEIRD_MIND|MULTIPLY|ANIMAL,0,2310,It makes you itch just to look at it.
188,Lurker,.,w,14,3,110,20d10,200,200,30,25,10,80,2,HIT:HURT:1d8,HIT:HURT:1d8,,,16,,,,CHAR_CLEAR|ATTR_CLEAR|NEVER_MOVE|FORCE_MAXHP|EMPTY_MIND|INVISIBLE|COLD_BLOOD|NO_CONF|NO_SLEEP|NO_FEAR,0,2320,"A strange creature that merges with the dungeon floor, trapping its victims by enveloping them within its perfectly disguised form."
189,Wererat,r,D,15,2,110,20d8,90.0,160,10,10,10,45,3,CLAW:HURT:1d8,CLAW:HURT:1d8,BITE:HURT:2d6,,28,,9,BLINK|CAUSE_2|BO_COLD|BA_POIS,FORCE_SLEEP|ONLY_GOLD|DROP_60|OPEN_DOOR|BASH_DOOR|ANIMAL|EVIL,0,2333,"A large rat with glowing red eyes.  The wererat is a disgusting creature, relishing in filth and disease."
190,Black ogre,O,D,15,2,110,20d9,100.0,180,20,33,30,75,2,HIT:HURT:2d8,HIT:HURT:2d8,,,32,,,,RAND_25|FRIENDS|DROP_60|OPEN_DOOR|BASH_DOOR|EVIL|GIANT,0,2349,A massive orc-like figure with black skin and powerful arms.
191,Magic mushroom patch,",",B,15,2,140,1d1,1.0,1,40,10,0,10,4,SPORE:CONFUSE,SPORE:CONFUSE,SPORE:HALLU,SPORE:HALLU,0,CONFUSE|HALLU,2,BLINK|SLOW|SCARE|DARKNESS,FORCE_SLEEP|NEVER_MOVE|STUPID|EMPTY_MIND|NO_CONF|NO_SLEEP|NO_FEAR,0,2361,Yum!  It looks quite tasty.  It seems to glow with an unusual light.
192,Guardian naga,n,B,15,2,110,24d11,144.0,264,20,65,120,80,3,CRUSH:HURT:2d8,BITE:HURT:1d8,BITE:HURT:1d8,,32,,,,FEMALE|RAND_25|DROP_60|DROP_1D2|OPEN_DOOR|BASH_DOOR|EVIL,0,2376,A giant snake-like figure with a woman's torso.
193,Light hound,Z,o,15,1,110,6d6,21.0,36,30,30,0,50,3,CLAW:HURT:1d4,CLAW:HURT:1d4,BITE:HURT:1d6,,14,,5,BR_LITE,FORCE_SLEEP|FRIENDS|BASH_DOOR|ANIMAL,0,2389,"A brilliant canine form whose light hurts your eyes, even at this distance."
194,Dark hound,Z,D,15,1,110,6d6,21.0,36,30,30,0,50,3,CLAW:HURT:1d4,CLAW:HURT:1d4,BITE:HURT:1d6,,14,,5,BR_DARK,FORCE_SLEEP|FRIENDS|BASH_DOOR|ANIMAL,0,2404,A hole in the air in the shape of a huge hound.  No light falls upon its form.
195,Half-orc,o,s,15,2,110,16d10,88.0,160,20,40,20,50,2,HIT:HURT:3d4,HIT:HURT:3d4,,,24,,,,MALE|FRIENDS|DROP_60|OPEN_DOOR|BASH_DOOR|EVIL|ORC,0,2420,"He is a hideous deformed cross-breed with man and orc, combining man's strength and cunning with orcish evil.  The traitorous wizard Saruman is generally believed to be responsible for this abomination."
196,Giant tarantula,S,o,15,3,120,10d15,80.0,150,8,32,80,70,3,BITE:POISON:1d6,BITE:POISON:1d6,BITE:POISON:1d6,,18,POISON,,,WEIRD_MIND|BASH_DOOR|ANIMAL|IM_POIS,0,2434,A giant spider with hairy black and red legs.
197,Giant clear centipede,c,w,15,2,110,5d8,22.5,40,12,30,30,30,2,BITE:HURT:2d4,STING:HURT:2d4,,,16,,,,ATTR_CLEAR|INVISIBLE|WEIRD_MIND|BASH_DOOR|ANIMAL,0,2445,It is about four feet long and carnivorous.
198,Mirkwood spider,S,g,15,2,120,9d8,40.5,72,15,25,80,25,3,BITE:HURT:1d8,BITE:POISON:1d6,BITE:POISON:1d6,,20,POISON,,,FRIENDS|WEIRD_MIND|BASH_DOOR|ANIMAL|EVIL|IM_POIS,0,2456,"A strong and powerful spider from Mirkwood forest.  Cunning and evil, it seeks to taste your juicy insides."
199,Frost giant,P,w,28,1,110,32d15,256.0,480,20,50,50,180,2,HIT:COLD:5d8,HIT:COLD:5d8,,,80,COLD,10,BOULDER,DROP_60|OPEN_DOOR|BASH_DOOR|EVIL|GIANT|IM_COLD,0,2469,A twelve foot tall giant covered in furs.
200,Griffon,H,u,15,1,110,30d8,135.0,240,12,15,10,70,2,HIT:HURT:3d4,BITE:HURT:2d6,,,24,,,,BASH_DOOR|ANIMAL,0,2483,"It is half lion, half eagle.  It flies menacingly towards you."
201,Homunculus,u,y,15,3,110,8d8,36.0,64,20,32,30,40,2,HIT:PARALYZE:1d2,HIT:HURT:1d10,,,12,PARALYZE,,,OPEN_DOOR|BASH_DOOR|EVIL|DEMON|IM_FIRE|NO_FEAR,0,2493,It is a small demonic spirit full of malevolence.
202,Gnome mage,h,r,15,2,110,7d8,31.5,56,20,20,20,40,1,HIT:HURT:1d5,,,,5,,4,BLINK|DARKNESS|BO_COLD|S_MONSTER,MALE|FORCE_SLEEP|FRIENDS|DROP_60|OPEN_DOOR|BASH_DOOR|EVIL,0,2503,A mage of short stature.
203,Clear hound,Z,w,15,1,110,6d6,21.0,36,30,30,0,50,3,CLAW:HURT:1d6,CLAW:HURT:1d6,BITE:HURT:1d8,,20,,,,ATTR_CLEAR|FRIENDS|INVISIBLE|BASH_DOOR|ANIMAL,0,2517,A completely translucent hound.
204,Clay golem,g,U,15,2,110,14d8,63.0,112,12,30,10,60,2,HIT:HURT:1d8,HIT:HURT:1d8,,,16,,,,EMPTY_MIND|COLD_BLOOD|BASH_DOOR|IM_FIRE|IM_COLD|IM_ELEC|IM_POIS|HURT_ROCK|NO_CONF|NO_SLEEP|NO_FEAR,0,2530,It is a massive animated statue made out of hardened clay.
205,Umber hulk,X,U,16,1,110,20d10,110.0,200,20,50,10,75,4,GAZE:CONFUSE,HIT:HURT:1d6,HIT:HURT:1d6,BITE:HURT:2d6,24,CONFUSE,,,EMPTY_MIND|COLD_BLOOD|BASH_DOOR|KILL_WALL|ANIMAL|EVIL|IM_POIS|HURT_ROCK|NO_CONF|NO_SLEEP,0,2542,This bizarre creature has glaring eyes and large mandibles capable of slicing through rock.
206,Orc captain,o,o,18,3,110,20d10,110.0,200,20,59,20,80,3,HIT:HURT:3d5,HIT:HURT:3d5,HIT:HURT:3d5,,45,,9,ARROW_2,MALE|ESCORT|DROP_90|OPEN_DOOR|BASH_DOOR|EVIL|ORC|IM_POIS,0,2558,An armoured orc with an air of authority.
207,Gelatinous cube,j,G,16,4,110,36d10,360,360,12,18,1,80,3,TOUCH:ACID:1d10,TOUCH:ACID:1d10,TOUCH:ACID:1d10,,30,ACID,,,FORCE_MAXHP|DROP_1D2|DROP_4D2|STUPID|EMPTY_MIND|COLD_BLOOD|TAKE_ITEM|OPEN_DOOR|BASH_DOOR|IM_ACID|IM_FIRE|IM_COLD|IM_ELEC|IM_POIS|NO_CONF|NO_SLEEP|NO_FEAR,0,2571,"It is a strange, vast gelatinous structure that assumes cubic proportions as it lines all four walls of the corridors it patrols.  Through its transparent jelly structure you can see treasures it has engulfed, and a few corpses as well."
208,Giant green dragon fly,F,g,16,2,110,3d8,13.5,24,12,20,50,65,1,BITE:POISON:1d6,,,,6,POISON,10,BR_POIS,FORCE_SLEEP|RAND_50|RAND_25|WEIRD_MIND|BASH_DOOR|ANIMAL|IM_POIS,0,2589,"A vast, foul-smelling dragonfly."
209,Fire giant,P,r,30,1,110,34d16,289.0,544,20,60,50,220,2,HIT:FIRE:6d8,HIT:FIRE:6d8,,,96,FIRE,8,BOULDER,DROP_60|OPEN_DOOR|BASH_DOOR|EVIL|GIANT|IM_FIRE,0,2601,A glowing fourteen foot tall giant.  Flames drip from its red skin.
210,Hummerhorn,I,y,16,4,120,2d2,3.0,4,8,14,10,4,1,BITE:CONFUSE:2d2,,,,4,CONFUSE,,,RAND_50|RAND_25|MULTIPLY|WEIRD_MIND|ANIMAL,0,2615,"A giant buzzing wasp, its stinger drips venom."
211,"Ulfast, Son of Ulfang",p,U,16,3,110,34d10,340,340,20,40,40,200,4,HIT:HURT:3d5,HIT:HURT:3d5,HIT:HURT:3d5,HIT:HURT:3d5,60,,,,UNIQUE|MALE|FORCE_MAXHP|ONLY_ITEM|DROP_90|DROP_GOOD|TAKE_ITEM|OPEN_DOOR|BASH_DOOR|EVIL,1,2625,A short and swarthy Easterling.
212,Quasit,u,o,16,2,110,6d8,27.0,48,20,30,20,50,3,BITE:LOSE_DEX:1d6,CLAW:HURT:1d3,CLAW:HURT:1d3,,12,LOSE_DEX,10,BLINK|TPORT|TELE_TO|TELE_LEVEL|BLIND|CONF|SCARE,FORCE_SLEEP|RAND_25|ONLY_ITEM|DROP_1D2|SMART|INVISIBLE|BASH_DOOR|EVIL|DEMON|IM_FIRE,0,2641,The chaotic evil master's favourite pet.
213,Imp,u,g,17,2,110,6d8,27.0,48,20,30,20,55,2,HIT:POISON:3d4,HIT:POISON:3d4,,,24,POISON,10,BLINK|TPORT|TELE_TO|TELE_LEVEL|BLIND|CONF|SCARE,FORCE_SLEEP|RAND_25|ONLY_ITEM|DROP_1D2|SMART|INVISIBLE|COLD_BLOOD|BASH_DOOR|EVIL|DEMON|IM_FIRE,0,2657,The lawful evil master's favourite pet.
214,Forest troll,T,g,17,1,110,20d10,110.0,200,20,50,40,70,3,HIT:HURT:1d4,HIT:HURT:1d4,BITE:HURT:1d6,,14,,,,MALE|FRIENDS|DROP_60|OPEN_DOOR|BASH_DOOR|EVIL|TROLL|HURT_LITE|REGENERATE,0,2672,He is green skinned and ugly.
215,"Nar, the Dwarf",h,y,17,2,110,45d10,450,450,25,70,25,250,4,HIT:HURT:3d5,HIT:HURT:3d5,HIT:HURT:3d5,HIT:HURT:3d5,60,,6,HEAL|BLIND|CONF|CAUSE_2|MIND_BLAST,UNIQUE|MALE|FORCE_MAXHP|FORCE_SLEEP|ONLY_ITEM|DROP_1D2|DROP_GOOD|OPEN_DOOR|BASH_DOOR|IM_FIRE|IM_COLD|IM_POIS|NO_CONF|NO_SLEEP,1,2685,"The friend and companion of the dwarven king Thror, he went mad with grief after Thror's death at the hands of Azog the Orc.  With torn beard and ragged clothes, he seems to have fixed on you as a convenient target to vent his anger."
216,2-headed hydra,M,u,17,2,110,100d3,200.0,300,20,60,20,80,2,BITE:HURT:2d6,BITE:HURT:2d6,,,24,,11,SCARE,FORCE_SLEEP|ONLY_GOLD|DROP_1D2|OPEN_DOOR|BASH_DOOR|MOVE_BODY|ANIMAL,0,2705,"A strange reptilian hybrid with two heads, guarding its hoard."
217,Water spirit,E,b,17,2,120,9d8,40.5,72,12,28,40,58,2,HIT:HURT:2d4,HIT:HURT:2d4,,,16,,,,RAND_25|EMPTY_MIND|COLD_BLOOD|BASH_DOOR|IM_ACID|IM_POIS|IM_WATER|NO_CONF|NO_SLEEP|NO_FEAR,0,2719,A whirlpool of sentient liquid.
218,Giant red scorpion,S,r,17,1,110,11d8,49.5,88,12,44,20,62,2,BITE:HURT:2d4,STING:LOSE_STR:1d7,,,15,LOSE_STR,,,WEIRD_MIND|BASH_DOOR|ANIMAL,0,2731,It is fast and poisonous.
219,Earth spirit,E,u,17,2,120,13d8,58.5,104,10,40,50,64,2,HIT:HURT:1d8,HIT:HURT:1d8,,,16,,,,RAND_25|EMPTY_MIND|COLD_BLOOD|PASS_WALL|IM_FIRE|IM_COLD|IM_ELEC|IM_POIS|HURT_ROCK|NO_CONF|NO_SLEEP|NO_FEAR,0,2741,A whirling form of sentient rock.
220,Fire spirit,E,r,18,2,120,10d9,50.0,90,16,30,20,75,2,HIT:FIRE:2d6,HIT:FIRE:2d6,,,24,FIRE,,,RAND_25|EMPTY_MIND|BASH_DOOR|IM_FIRE|IM_POIS|NO_CONF|NO_SLEEP|NO_FEAR,0,2754,A whirlwind of sentient flame.
221,Fire hound,Z,r,18,1,110,10d6,35.0,60,30,30,0,70,3,CLAW:HURT:3d3,CLAW:HURT:3d3,BITE:FIRE:2d6,,30,FIRE,10,BR_FIRE,FORCE_SLEEP|FRIENDS|BASH_DOOR|ANIMAL|IM_FIRE,0,2766,Flames lick at its feet and its tongue is a blade of fire.  You can feel a furnace heat radiating from the creature.
222,Cold hound,Z,w,18,1,110,10d6,35.0,60,30,30,0,70,3,CLAW:HURT:3d3,CLAW:HURT:3d3,BITE:COLD:2d6,,30,COLD,10,BR_COLD,FORCE_SLEEP|FRIENDS|BASH_DOOR|ANIMAL|IM_COLD,0,2782,"A hound as tall as a man, this creature appears to be composed of angular planes of ice.  Cold radiates from it and freezes your breath in the air."
223,Energy hound,Z,b,18,1,110,10d6,35.0,60,30,30,0,70,3,CLAW:HURT:3d3,CLAW:HURT:3d3,BITE:ELEC:2d6,,30,ELEC,10,BR_ELEC,FORCE_SLEEP|FRIENDS|BASH_DOOR|ANIMAL|IM_ELEC,0,2798,"Saint Elmo's Fire forms a ghostly halo around this hound, and sparks sting your fingers as energy builds up in the air around you."
224,Potion mimic,!,w,18,3,110,10d10,55.0,100,25,30,0,60,3,HIT:POISON:3d4,HIT:HURT:2d3,HIT:HURT:2d3,,24,POISON,6,BLIND|CONF|SCARE|CAUSE_2|BO_COLD,CHAR_MULTI|FORCE_SLEEP|NEVER_MOVE|EMPTY_MIND|COLD_BLOOD|NO_CONF|NO_SLEEP|NO_FEAR,0,2814,A strange creature that disguises itself as a discarded potion bottle to lure unsuspecting adventurers within reach of its venomous claws.
225,Blink dog,C,B,18,2,120,8d8,36.0,64,20,20,10,50,1,BITE:HURT:1d8,,,,8,,4,BLINK|TELE_TO,RAND_25|FRIENDS|BASH_DOOR|ANIMAL,0,2830,"A strange magical member of the canine race, its form seems to shimmer and fade in front of your very eyes."
226,Uruk,o,B,16,1,110,8d10,80,80,20,50,20,60,2,HIT:HURT:3d5,HIT:HURT:3d5,,,30,,9,ARROW_2,MALE|FORCE_MAXHP|FRIENDS|DROP_60|OPEN_DOOR|BASH_DOOR|EVIL|ORC|IM_POIS,0,2844,"A cunning orc of power, as tall as a man, and stronger.  It fears little."
227,"Shagrat, the Orc Captain",o,g,19,2,110,40d10,400,400,20,60,20,400,4,HIT:HURT:3d8,HIT:HURT:3d8,HIT:HURT:3d5,HIT:HURT:3d5,78,,,,UNIQUE|MALE|FORCE_MAXHP|ESCORT|ONLY_ITEM|DROP_1D2|DROP_GOOD|OPEN_DOOR|BASH_DOOR|EVIL|ORC|IM_POIS,1,2858,"He is an orc of power and great cunning, leader of the garrison at Cirith Ungol."
228,"Gorbag, the Orc Captain",o,g,19,2,110,40d10,400,400,20,60,20,400,4,HIT:HURT:3d8,HIT:HURT:3d8,HIT:HURT:3d5,HIT:HURT:3d5,78,,,,UNIQUE|MALE|FORCE_MAXHP|ESCORT|ONLY_ITEM|DROP_1D2|DROP_GOOD|OPEN_DOOR|BASH_DOOR|EVIL|ORC|IM_POIS,1,2874,"He is an orc of power and great cunning, leader of the garrison at Minas Morgul."
229,Shambling mound,",",g,18,2,110,20d6,70.0,120,20,16,40,75,2,HIT:HURT:1d8,HIT:HURT:1d8,,,16,,4,SHRIEK,ONLY_GOLD|DROP_90|STUPID|EMPTY_MIND|OPEN_DOOR|BASH_DOOR|EVIL|NO_CONF|NO_SLEEP|NO_FEAR,0,2890,"A pile of rotting vegetation that slides towards you with a disgusting stench, waking all it nears."
230,Stone giant,P,W,33,1,110,35d18,332.5,630,20,75,50,250,2,HIT:HURT:7d8,HIT:HURT:7d8,,,112,,5,BOULDER,DROP_60|TAKE_ITEM|OPEN_DOOR|BASH_DOOR|EVIL|GIANT,0,2905,It is eighteen feet tall and looking at you.
231,Giant black dragon fly,F,s,18,2,120,3d8,13.5,24,12,20,50,70,0,,,,,0,,10,BR_ACID,FORCE_SLEEP|NEVER_BLOW|RAND_50|RAND_25|WEIRD_MIND|BASH_DOOR|ANIMAL|IM_ACID,0,2918,"The size of a large bird, this fly drips caustic acid."
232,Stone golem,g,W,19,2,100,28d8,126.0,224,12,75,10,100,2,HIT:HURT:1d10,HIT:HURT:1d10,,,20,,,,COLD_BLOOD|EMPTY_MIND|BASH_DOOR|IM_FIRE|IM_COLD|IM_ELEC|IM_POIS|HURT_ROCK|NO_CONF|NO_SLEEP|NO_FEAR,0,2929,It is a massive animated statue.
233,Red mold,m,r,19,1,110,17d8,76.5,136,2,16,70,64,1,SPORE:FIRE:4d4,,,,16,FIRE,,,NEVER_MOVE|STUPID|EMPTY_MIND|IM_FIRE|IM_POIS|NO_CONF|NO_SLEEP|NO_FEAR,0,2941,It is a strange red growth on the dungeon floor; it seems to burn with flame.
234,Giant gold dragon fly,F,y,19,2,120,3d8,13.5,24,12,20,50,75,1,BITE:HURT:1d3,,,,3,,10,BR_SOUN,FORCE_SLEEP|RAND_50|RAND_25|WEIRD_MIND|BASH_DOOR|ANIMAL|IM_FIRE,0,2953,Large beating wings support this dazzling insect.  A loud buzzing noise pervades the air.
235,"Bolg, Son of Azog",o,v,20,4,120,50d10,500,500,20,50,20,800,4,HIT:HURT:3d6,HIT:HURT:3d6,HIT:HURT:3d6,HIT:HURT:3d6,72,,,,UNIQUE|MALE|FORCE_MAXHP|ESCORT|ONLY_ITEM|DROP_2D2|DROP_GOOD|OPEN_DOOR|BASH_DOOR|EVIL|ORC|IM_POIS,1,2967,"A large and powerful orc, he looks just like his father.  He is tall and fast, but fortunately blessed with orcish brains."
236,Phase spider,S,B,20,2,120,6d8,27.0,48,15,25,80,60,3,BITE:HURT:1d8,BITE:POISON:1d6,BITE:POISON:1d6,,20,POISON,5,BLINK|TELE_TO,FRIENDS|WEIRD_MIND|BASH_DOOR|ANIMAL|IM_POIS,0,2984,A spider that never seems quite there.  Everywhere you look it is just half-seen in the corner of one eye.
237,3-headed hydra,M,o,20,2,120,100d5,300.0,500,20,65,20,350,3,BITE:HURT:2d6,BITE:HURT:2d6,BITE:HURT:2d6,,36,,9,SCARE,FORCE_SLEEP|ONLY_GOLD|DROP_1D2|DROP_2D2|OPEN_DOOR|BASH_DOOR|MOVE_BODY|ANIMAL,0,2999,"A strange reptilian hybrid with three heads, guarding its hoard."
238,Earth hound,Z,u,20,1,110,15d8,67.5,120,30,30,0,200,4,BITE:HURT:1d8,BITE:HURT:1d8,CLAW:HURT:3d3,CLAW:HURT:3d3,34,,10,BR_SHAR,FORCE_SLEEP|FRIENDS|BASH_DOOR|ANIMAL,0,3014,A beautiful crystalline shape does not disguise the danger this hound clearly presents.  Your flesh tingles as it approaches.
239,Air hound,Z,g,20,1,110,15d8,67.5,120,30,30,0,200,4,BITE:POISON:1d8,BITE:POISON:1d8,CLAW:HURT:3d3,CLAW:HURT:3d3,34,POISON,10,BR_POIS,FORCE_SLEEP|FRIENDS|BASH_DOOR|ANIMAL|IM_POIS,0,3031,"Swirling vapours surround this beast as it floats towards you, seemingly walking on air.  Noxious gases sting your throat."
240,Sabre-tooth tiger,f,y,20,2,120,20d14,150.0,280,40,50,0,120,4,CLAW:HURT:1d10,CLAW:HURT:1d10,BITE:HURT:1d10,BITE:HURT:1d10,40,,,,BASH_DOOR|ANIMAL,0,3048,"A fierce and dangerous cat, its huge tusks and sharp claws would lacerate even the strongest armour."
241,Water hound,Z,s,20,1,110,15d8,67.5,120,30,30,0,200,4,BITE:ACID:1d8,BITE:ACID:1d8,CLAW:HURT:3d3,CLAW:HURT:3d3,34,ACID,10,BR_ACID,FORCE_SLEEP|FRIENDS|BASH_DOOR|ANIMAL|IM_ACID,0,3061,Liquid footprints follow this hound as it pads around the dungeon.  An acrid smell of acid rises from the dog's pelt.
242,Chimaera,H,r,20,2,110,20d15,160.0,300,12,15,10,200,3,BUTT:HURT:2d8,BITE:HURT:2d10,BITE:FIRE:2d6,,48,FIRE,10,BR_FIRE,FORCE_SLEEP|BASH_DOOR|IM_FIRE,0,3078,"It is a strange concoction of goat, lion and dragon, with the heads of all three beasts."
243,Quylthulg,Q,y,20,1,110,6d8,27.0,48,10,1,0,250,0,,,,,0,,4,BLINK|S_MONSTER,FORCE_SLEEP|NEVER_MOVE|NEVER_BLOW|EMPTY_MIND|INVISIBLE|ANIMAL|NO_CONF|NO_SLEEP|NO_FEAR,0,3093,It is a strange pulsing mound of flesh.
244,Sasquatch,Y,g,20,3,120,20d19,200.0,380,15,40,10,180,3,CLAW:HURT:1d10,CLAW:HURT:1d10,BITE:HURT:2d8,,36,,,,OPEN_DOOR|BASH_DOOR|ANIMAL|IM_COLD,0,3105,"A tall shaggy, furry humanoid, it could call the yeti brother."
245,Werewolf,C,D,20,1,110,20d22,230.0,440,15,30,70,150,3,CLAW:HURT:2d6,CLAW:HURT:2d6,BITE:HURT:2d10,,44,,,,RAND_25|TAKE_ITEM|OPEN_DOOR|BASH_DOOR|ANIMAL|EVIL,0,3116,It is a huge wolf with eyes that glow with manly intelligence.
246,Dark elven lord,h,s,20,2,120,18d15,144.0,270,20,40,30,500,2,HIT:HURT:3d8,HIT:HURT:3d5,,,39,,5,HASTE|BLIND|CONF|DARKNESS|BO_FIRE|BO_COLD,MALE|FORCE_SLEEP|ONLY_ITEM|DROP_2D2|OPEN_DOOR|BASH_DOOR|EVIL|HURT_LITE,0,3128,A dark elven figure in armour and radiating evil power.
247,Cloud giant,P,b,36,1,110,35d20,367.5,700,20,60,50,500,2,HIT:ELEC:8d8,HIT:ELEC:8d8,,,128,ELEC,8,BOULDER,DROP_90|TAKE_ITEM|OPEN_DOOR|BASH_DOOR|EVIL|GIANT|IM_ELEC,0,3143,It is a twenty foot tall giant wreathed in clouds.
248,"Lugdush, the Uruk",o,b,21,4,110,64d10,640,640,20,90,20,550,4,HIT:HURT:3d7,HIT:HURT:3d7,HIT:HURT:3d5,HIT:HURT:3d5,72,,,,UNIQUE|MALE|FORCE_MAXHP|ESCORT|ONLY_ITEM|DROP_1D2|DROP_GOOD|OPEN_DOOR|BASH_DOOR|EVIL|ORC|IM_POIS,1,3156,"A large and powerful orc, captain of one of Saruman's orcish regiments."
249,"Ugluk, the Uruk",o,b,22,3,110,72d10,720,720,20,95,20,600,4,HIT:HURT:3d8,HIT:HURT:3d8,HIT:HURT:3d5,HIT:HURT:3d5,78,,,,UNIQUE|MALE|FORCE_MAXHP|ESCORT|ONLY_ITEM|DROP_1D2|DROP_GOOD|OPEN_DOOR|BASH_DOOR|EVIL|ORC|IM_FIRE|IM_COLD|IM_POIS|NO_CONF|NO_SLEEP,1,3172,"A strong and cunning orc warrior, the commander of Saruman's orcish horde."
250,Blue dragon bat,b,b,21,1,130,4d4,10.0,16,12,26,50,54,1,BITE:ELEC:1d3,,,,3,ELEC,4,BR_ELEC,FORCE_SLEEP|RAND_50|BASH_DOOR|ANIMAL|IM_ELEC,0,3188,It is a glowing blue bat with a sharp tail.
251,Scroll mimic,?,w,21,3,110,10d14,75.0,140,30,40,0,70,4,HIT:POISON:3d4,HIT:POISON:3d4,HIT:HURT:2d3,HIT:HURT:2d3,36,POISON,5,BLIND|CONF|SCARE|CAUSE_2|BO_FIRE|S_MONSTER,CHAR_MULTI|FORCE_SLEEP|NEVER_MOVE|EMPTY_MIND|COLD_BLOOD|NO_CONF|NO_SLEEP|NO_FEAR,0,3201,A strange creature that disguises itself as a discarded scroll to lure unsuspecting adventurers within reach of its venomous claws.
252,Fire vortex,v,r,21,1,110,9d9,45.0,81,100,30,0,100,1,ENGULF:FIRE:3d3,,,,9,FIRE,6,BR_FIRE,FORCE_SLEEP|RAND_50|EMPTY_MIND|BASH_DOOR|POWERFUL|IM_FIRE|NO_FEAR|NO_CONF|NO_SLEEP,0,3219,A whirling maelstrom of fire.
253,Water vortex,v,s,21,1,110,9d9,45.0,81,100,30,0,100,1,ENGULF:ACID:3d3,,,,9,ACID,6,BR_ACID,FORCE_SLEEP|RAND_50|EMPTY_MIND|BASH_DOOR|POWERFUL|IM_ACID|NO_FEAR|NO_CONF|NO_SLEEP|IM_WATER,0,3231,A caustic spinning whirlpool of water.
254,Cold vortex,v,w,21,1,110,9d9,45.0,81,100,30,0,100,1,ENGULF:COLD:3d3,,,,9,COLD,6,BR_COLD,FORCE_SLEEP|RAND_50|EMPTY_MIND|BASH_DOOR|POWERFUL|IM_COLD|NO_FEAR|NO_CONF|NO_SLEEP,0,3243,A twisting whirlpool of frost.
255,Energy vortex,v,b,21,1,110,9d9,45.0,81,100,30,0,100,1,ENGULF:ELEC:3d3,,,,9,ELEC,6,BR_ELEC,FORCE_SLEEP|RAND_50|EMPTY_MIND|BASH_DOOR|POWERFUL|IM_ELEC|NO_FEAR|NO_CONF|NO_SLEEP,0,3255,"A shimmering tornado of air, sparks crackle along its length."
256,Mummified orc,z,w,21,1,110,15d8,67.5,120,20,28,75,56,2,HIT:HURT:2d4,HIT:HURT:2d4,,,16,,,,DROP_90|EMPTY_MIND|COLD_BLOOD|OPEN_DOOR|BASH_DOOR|EVIL|ORC|UNDEAD|IM_COLD|IM_POIS|NO_CONF|NO_SLEEP|NO_FEAR,0,3267,It is an orcish figure covered in wrappings.
257,Killer stag beetle,K,g,22,1,110,15d8,67.5,120,12,55,30,80,2,CLAW:HURT:1d12,CLAW:HURT:1d12,,,24,,,,RAND_25|WEIRD_MIND|BASH_DOOR|ANIMAL,0,3280,It is a giant beetle with vicious claws.
258,Iron golem,g,s,22,2,110,80d12,520.0,960,12,80,10,160,1,HIT:HURT:1d12,,,,12,,7,SLOW,FORCE_SLEEP|EMPTY_MIND|COLD_BLOOD|BASH_DOOR|IM_FIRE|IM_COLD|IM_ELEC|IM_POIS|NO_CONF|NO_SLEEP|NO_FEAR,0,3291,It is a massive metal statue that moves steadily towards you.
259,Giant yellow scorpion,S,y,22,1,110,12d8,54.0,96,12,38,20,60,2,BITE:HURT:1d8,STING:POISON:2d5,,,18,POISON,,,WEIRD_MIND|BASH_DOOR|ANIMAL,0,3304,It is a giant scorpion with a sharp stinger.
260,Black ooze,j,D,23,1,90,6d8,27.0,48,10,6,1,7,1,TOUCH:ACID:2d6,,,,12,ACID,11,DRAIN_MANA,RAND_50|DROP_60|STUPID|EMPTY_MIND|MULTIPLY|TAKE_ITEM|KILL_BODY|OPEN_DOOR|BASH_DOOR|IM_POIS|NO_FEAR,0,3314,It is a strangely moving puddle.
261,Hardened warrior,p,u,23,1,110,15d11,90.0,165,20,40,40,60,2,HIT:HURT:6d5,HIT:HURT:6d5,,,60,,,,MALE|DROP_1D2|TAKE_ITEM|OPEN_DOOR|BASH_DOOR|EVIL,0,3327,A scarred warrior who moves with confidence.
262,"Azog, King of the Uruk-Hai",o,v,23,5,120,90d10,900,900,20,80,20,1111,3,HIT:HURT:5d5,HIT:HURT:5d5,HIT:HURT:5d5,,75,,,,UNIQUE|MALE|FORCE_MAXHP|ESCORT|ESCORTS|ONLY_ITEM|DROP_2D2|DROP_GOOD|OPEN_DOOR|BASH_DOOR|EVIL|ORC|IM_POIS,1,3339,He is also known as the King of Khazad-dum.  His ego is renowned to be bigger than his head.
263,Master rogue,p,b,23,2,120,15d9,75.0,135,20,30,40,110,3,HIT:HURT:2d8,HIT:HURT:2d8,HIT:EAT_GOLD:4d4,,48,EAT_GOLD,,,MALE|DROP_2D2|TAKE_ITEM|OPEN_DOOR|BASH_DOOR|EVIL,0,3355,A thief of great power and shifty speed.
264,Red dragon bat,b,r,23,1,130,3d8,13.5,24,12,28,50,60,1,BITE:FIRE:1d3,,,,3,FIRE,4,BR_FIRE,FORCE_SLEEP|RAND_50|BASH_DOOR|ANIMAL|IM_FIRE,0,3368,"It is a sharp-tailed bat, wreathed in fire."
265,Killer white beetle,K,w,23,1,110,18d8,81.0,144,14,55,30,85,1,BITE:HURT:4d5,,,,20,,,,RAND_25|WEIRD_MIND|BASH_DOOR|ANIMAL,0,3380,It is looking for prey.
266,Giant bronze dragon fly,F,U,23,2,120,3d8,13.5,24,12,20,50,80,0,,,,,0,,10,BR_CONF,FORCE_SLEEP|NEVER_BLOW|RAND_50|RAND_25|WEIRD_MIND|BASH_DOOR|ANIMAL|NO_CONF|NO_SLEEP,0,3390,This vast gleaming bronze fly has wings which beat mesmerically fast.
267,Forest wight,W,g,24,1,110,12d8,54.0,96,20,30,30,140,3,HIT:HURT:1d6,HIT:HURT:1d6,TOUCH:EXP_20,,12,EXP_20,10,SCARE|DRAIN_MANA,FORCE_SLEEP|RAND_25|DROP_60|DROP_90|COLD_BLOOD|OPEN_DOOR|BASH_DOOR|EVIL|UNDEAD|IM_COLD|IM_POIS|HURT_LITE|NO_CONF|NO_SLEEP,0,3402,It is a ghostly apparition with a humanoid form.
268,"Ibun, Son of Mim",h,o,24,2,110,82d10,820,820,20,80,10,300,4,HIT:HURT:3d6,HIT:HURT:3d6,HIT:HURT:3d6,HIT:UN_BONUS,54,UN_BONUS,8,HEAL|SLOW|BO_FIRE,UNIQUE|MALE|FORCE_SLEEP|FORCE_MAXHP|ONLY_ITEM|DROP_1D2|DROP_GOOD|OPEN_DOOR|BASH_DOOR|IM_FIRE|IM_COLD|NO_CONF|NO_SLEEP,1,3418,"One of the last of the Petty-Dwarves.  Ibun is a tricky sorcerous little being, full of mischief."
269,"Khim, Son of Mim",h,o,24,2,110,82d10,820,820,20,80,10,300,4,HIT:HURT:3d6,HIT:HURT:3d6,HIT:HURT:3d6,HIT:UN_BONUS,54,UN_BONUS,8,HEAL|SLOW|BO_FIRE,UNIQUE|MALE|FORCE_SLEEP|FORCE_MAXHP|ONLY_ITEM|DROP_1D2|DROP_GOOD|OPEN_DOOR|BASH_DOOR|IM_FIRE|IM_COLD|NO_CONF|NO_SLEEP,1,3436,"One of the last of the Petty-Dwarves.  Khim is a tricky sorcerous little being, full of mischief."
270,4-headed hydra,M,y,24,2,120,100d6,350.0,600,20,70,20,450,4,BITE:HURT:2d6,BITE:HURT:2d6,BITE:HURT:2d6,BITE:HURT:2d6,48,,7,SCARE,FORCE_SLEEP|ONLY_GOLD|DROP_4D2|OPEN_DOOR|BASH_DOOR|MOVE_BODY|ANIMAL,0,3454,"A strange reptilian hybrid with four heads, guarding its hoard."
271,Mummified human,z,w,24,1,110,17d9,85.0,153,20,34,60,70,2,HIT:HURT:2d4,HIT:HURT:2d4,,,16,,,,ONLY_ITEM|DROP_90|EMPTY_MIND|COLD_BLOOD|OPEN_DOOR|BASH_DOOR|EVIL|UNDEAD|IM_COLD|IM_POIS|NO_CONF|NO_SLEEP|NO_FEAR,0,3470,It is a human form encased in mouldy wrappings.
272,Vampire bat,b,D,24,2,120,9d10,49.5,90,12,40,50,150,2,BITE:EXP_40:1d4,BITE:EXP_40:1d4,,,8,EXP_40,,,RAND_50|COLD_BLOOD|REGENERATE|EVIL|ANIMAL|UNDEAD|IM_COLD|IM_POIS|NO_CONF|NO_SLEEP|NO_FEAR,0,3482,A blood-sucking bat that flies at your neck hungrily.
273,Sangahyando of Umbar,p,U,24,2,110,80d10,800,800,25,80,25,400,4,HIT:HURT:4d6,HIT:HURT:4d6,HIT:HURT:4d6,HIT:HURT:4d6,96,,4,SLOW|FORGET,UNIQUE|MALE|FORCE_SLEEP|FORCE_MAXHP|ONLY_ITEM|DROP_90|DROP_1D2|DROP_GOOD|OPEN_DOOR|BASH_DOOR|EVIL|IM_FIRE|IM_ELEC|NO_CONF|NO_SLEEP,1,3493,A Black Numenorean with a blacker heart.
274,Angamaite of Umbar,p,U,24,2,110,80d10,800,800,25,80,25,400,4,HIT:HURT:4d6,HIT:HURT:4d6,HIT:HURT:4d6,HIT:HURT:4d6,96,,4,SLOW|FORGET,UNIQUE|MALE|FORCE_SLEEP|FORCE_MAXHP|ONLY_ITEM|DROP_90|DROP_1D2|DROP_GOOD|OPEN_DOOR|BASH_DOOR|EVIL|IM_FIRE|IM_ELEC|NO_CONF|NO_SLEEP,1,3510,A Black Numenorean who hates the men of the west.
275,Banshee,G,b,24,2,120,6d8,27.0,48,20,24,10,60,2,WAIL:TERRIFY,TOUCH:EXP_20,,,0,EXP_20|TERRIFY,15,TPORT|DRAIN_MANA,FEMALE|RAND_50|DROP_1D2|INVISIBLE|COLD_BLOOD|TAKE_ITEM|PASS_WALL|EVIL|UNDEAD|IM_COLD|IM_POIS|NO_CONF|NO_SLEEP,0,3527,It is a ghostly woman's form that wails mournfully.
276,Pukelman,g,D,25,3,110,80d12,520.0,960,12,80,10,600,2,HIT:HURT:1d12,HIT:HURT:3d6,,,30,,4,SLOW|CONF|BO_ACID,FORCE_SLEEP|EMPTY_MIND|COLD_BLOOD|BASH_DOOR|IM_FIRE|IM_COLD|IM_ELEC|IM_POIS|HURT_ROCK|NO_CONF|NO_SLEEP|NO_FEAR,0,3541,"A stumpy figure carved from stone, with glittering eyes, this sentinel strides towards you with deadly intent."
277,Dark elven druid,h,G,25,3,120,20d20,210.0,400,15,75,10,500,3,HIT:HURT:1d7,HIT:HURT:1d7,HIT:HURT:3d8,,38,,6,HEAL|CONF|DARKNESS|S_MONSTER|S_SPIDER|S_ANIMAL,MALE|FORCE_SLEEP|ONLY_ITEM|DROP_1D2|OPEN_DOOR|BASH_DOOR|EVIL|IM_POIS|HURT_LITE|NO_CONF|NO_SLEEP,0,3557,"A powerful dark elf, with mighty nature-controlling enchantments."
278,Stone troll,T,W,25,1,110,23d10,126.5,230,20,40,50,85,3,HIT:HURT:1d6,HIT:HURT:1d6,BITE:HURT:3d4,,24,,,,MALE|FRIENDS|DROP_60|OPEN_DOOR|BASH_DOOR|EVIL|TROLL|HURT_LITE|HURT_ROCK|REGENERATE,0,3574,He is a giant troll with scabrous black skin.
279,Troll priest,T,G,26,1,110,30d10,300,300,20,50,30,120,3,HIT:HURT:1d8,HIT:HURT:1d8,BITE:HURT:3d4,,28,,5,BLINK|SCARE|CAUSE_1|MISSILE|DARKNESS,MALE|FORCE_SLEEP|FORCE_MAXHP|DROP_90|OPEN_DOOR|BASH_DOOR|REGENERATE|EVIL|TROLL|HURT_LITE|NO_CONF|NO_SLEEP,0,3587,A troll who is so bright he knows how to read.
280,Wereworm,w,D,25,3,110,100d11,600.0,1100,15,70,20,300,4,GAZE:EXP_20,CRAWL:ACID:2d4,BITE:HURT:1d10,BITE:POISON:1d6,24,ACID|EXP_20|POISON,,,BASH_DOOR|ANIMAL|IM_ACID,0,3602,"A huge wormlike shape dripping acid, twisted by evil sorcery into a foul monster that breeds on death."
281,Carrion crawler,c,o,25,2,110,20d12,130.0,240,15,40,10,60,2,STING:PARALYZE:2d6,STING:PARALYZE:2d6,,,24,PARALYZE,,,RAND_25|WEIRD_MIND|BASH_DOOR|ANIMAL|IM_POIS,0,3615,A hideous centipede covered in slime and with glowing tentacles around its head.
282,Killer red beetle,K,r,25,1,110,20d8,90.0,160,14,50,30,90,1,BITE:LOSE_STR:4d4,,,,16,LOSE_STR,,,RAND_25|WEIRD_MIND|BASH_DOOR|ANIMAL,0,3627,It is a giant beetle with poisonous mandibles.
283,Giant grey ant,a,s,26,1,110,19d8,85.5,152,10,40,40,90,1,BITE:HURT:2d12,,,,24,,,,RAND_25|KILL_BODY|WEIRD_MIND|BASH_DOOR|ANIMAL,0,3637,It is an ant encased in shaggy grey fur.
284,"Ulwarth, Son of Ulfang",p,U,26,4,110,85d10,850,850,20,40,40,500,3,HIT:HURT:4d6,HIT:HURT:4d6,HIT:HURT:4d6,,72,,,,UNIQUE|MALE|FORCE_MAXHP|ONLY_ITEM|DROP_90|DROP_GOOD|TAKE_ITEM|OPEN_DOOR|BASH_DOOR|EVIL,1,3647,A short and swarthy Easterling.
285,Displacer beast,f,D,26,2,110,25d10,137.5,250,35,100,20,100,4,BITE:HURT:2d8,HIT:HURT:1d10,HIT:HURT:1d10,HIT:HURT:1d10,46,,,,INVISIBLE|BASH_DOOR|ANIMAL,0,3661,"It is a huge black panther, clubbed tentacles sprouting from its shoulders."
286,Giant fire tick,S,R,26,1,110,16d8,72.0,128,14,54,20,90,1,BITE:FIRE:3d6,,,,18,FIRE,,,RAND_25|WEIRD_MIND|BASH_DOOR|ANIMAL|IM_FIRE,0,3673,It is smoking and burning with great heat.
287,Cave ogre,O,u,26,2,110,30d9,150.0,270,20,33,30,80,2,HIT:HURT:3d8,HIT:HURT:3d8,,,48,,,,FRIENDS|DROP_60|OPEN_DOOR|BASH_DOOR|EVIL|GIANT,0,3683,A giant orc-like figure with an awesomely muscled frame.
288,White wraith,W,w,26,1,110,15d8,67.5,120,20,40,10,175,3,HIT:HURT:1d6,HIT:HURT:1d6,TOUCH:EXP_20,,12,EXP_20,8,SCARE|CAUSE_2|DARKNESS,FORCE_SLEEP|DROP_1D2|COLD_BLOOD|OPEN_DOOR|BASH_DOOR|EVIL|UNDEAD|IM_COLD|IM_POIS|HURT_LITE|NO_CONF|NO_SLEEP,0,3694,It is a tangible but ghostly form made of white fog.
289,Angel,A,o,26,4,110,30d10,300,300,30,60,255,220,4,HIT:HURT:3d4,HIT:HURT:3d4,HIT:HURT:3d4,HIT:HURT:3d4,48,,3,BLIND|CONF|SCARE|FORGET,FORCE_MAXHP|FORCE_SLEEP|ONLY_ITEM|DROP_2D2|TAKE_ITEM|OPEN_DOOR|BASH_DOOR|POWERFUL|IM_ACID|IM_POIS|NO_CONF|NO_SLEEP,0,3709,"Who knows why you are now facing an angel as an enemy? Is it a punishment from your own god for your sins, or a test of your mettle, or has this angel been sent by another god on behalf of someone who wishes to claim the glory for his own god? Perhaps you will never know: but it is here, and you must fight it."
290,"Mim, Betrayer of Turin",h,o,27,4,120,11d100,1100,1100,20,80,20,1000,4,HIT:HURT:3d8,HIT:HURT:3d8,HIT:HURT:3d8,HIT:UN_BONUS,72,UN_BONUS,6,HEAL|SCARE|BO_ACID|BA_ACID,UNIQUE|MALE|FORCE_MAXHP|FORCE_SLEEP|ONLY_ITEM|DROP_2D2|DROP_GOOD|DROP_GREAT|OPEN_DOOR|BASH_DOOR|EVIL|IM_ACID|IM_FIRE|IM_COLD|IM_ELEC|IM_POIS|NO_CONF|NO_SLEEP,1,3729,"The last of his race, Mim is a Petty-Dwarf.  Petty-Dwarves are strange creatures, powerful in sorcery and originating in the East.  They have been hunted nearly to extinction by the High Elves."
291,Killer fire beetle,K,R,27,1,110,22d8,99.0,176,14,45,30,95,2,BITE:HURT:3d4,SPIT:FIRE:4d5,,,32,FIRE,,,WEIRD_MIND|BASH_DOOR|ANIMAL|IM_FIRE,0,3749,It is a giant beetle wreathed in flames.
292,Creeping adamantite coins,$,G,27,3,120,20d25,260.0,500,5,50,10,60,4,BITE:POISON:3d4,TOUCH:POISON:3d5,HIT:HURT:1d12,HIT:HURT:1d12,51,POISON,,,ONLY_GOLD|DROP_90|DROP_2D2|COLD_BLOOD|BASH_DOOR|IM_ACID|IM_ELEC|IM_POIS|NO_CONF|NO_SLEEP,0,3759,"It appears to be a pile of coins made of precious adamant, slithering toward you on lots of tiny legs."
293,Algroth,T,o,27,1,110,21d12,136.5,252,20,60,40,150,3,CLAW:POISON:3d3,CLAW:POISON:3d3,BITE:HURT:1d6,,24,POISON,,,FRIENDS|DROP_60|OPEN_DOOR|BASH_DOOR|EVIL|TROLL|REGENERATE,0,3773,A powerful troll form.  Venom drips from its needlelike claws.
294,Vibration hound,Z,y,27,2,110,25d10,137.5,250,30,30,0,250,4,BITE:HURT:2d8,BITE:HURT:2d8,CLAW:HURT:3d3,CLAW:HURT:3d3,50,,5,BR_SOUN,FORCE_SLEEP|FRIENDS|BASH_DOOR|ANIMAL|NO_CONF|NO_SLEEP,0,3785,A blurry canine form which seems to be moving as fast as the eye can follow.  You can feel the earth resonating beneath your feet.
295,Nexus hound,Z,v,27,2,110,25d10,137.5,250,30,30,0,250,4,BITE:HURT:2d8,BITE:HURT:2d8,CLAW:HURT:3d3,CLAW:HURT:3d3,50,,5,BR_NEXU,FORCE_SLEEP|FRIENDS|BASH_DOOR|ANIMAL|NO_CONF|NO_SLEEP|RES_NEXUS,0,3802,A locus of conflicting points coalesce to form the vague shape of a huge hound.  Or is it just your imagination?
296,Ogre mage,O,r,27,2,110,25d12,162.5,300,20,40,30,300,4,HIT:HURT:3d8,HIT:HURT:3d8,HIT:HURT:3d8,HIT:HURT:3d8,96,,4,HEAL|HOLD|TRAPS|BA_COLD|S_MONSTER,FORCE_SLEEP|DROP_1D2|OPEN_DOOR|BASH_DOOR|EVIL|GIANT,0,3819,A hideous ogre wrapped in black sorcerous robes.
297,"Lokkak, the Ogre Chieftain",O,v,32,2,120,15d100,1500,1500,20,100,20,1500,3,HIT:HURT:6d6,HIT:HURT:6d6,HIT:HURT:6d6,,108,,,,UNIQUE|MALE|FORCE_MAXHP|ESCORT|ONLY_ITEM|DROP_2D2|DROP_GOOD|OPEN_DOOR|BASH_DOOR|EVIL|GIANT|IM_POIS,1,3836,"An ogre renowned for acts of surpassing cruelty, Lokkak quickly became the leader of a large band of violent ogres."
298,Vampire,V,W,27,1,110,25d12,162.5,300,20,45,10,175,4,HIT:HURT:1d6,HIT:HURT:1d6,BITE:EXP_20:2d6,BITE:EXP_20:2d6,36,EXP_20,9,TELE_TO|HOLD|SCARE|CAUSE_2|MIND_BLAST|FORGET|DARKNESS,FORCE_SLEEP|COLD_BLOOD|DROP_60|DROP_1D2|OPEN_DOOR|BASH_DOOR|REGENERATE|EVIL|UNDEAD|IM_COLD|IM_POIS|HURT_LITE|NO_CONF|NO_SLEEP,0,3852,It is a humanoid with an aura of power.  You notice a sharp set of front teeth.
299,Gorgimaera,H,o,27,2,110,25d20,262.5,500,12,55,10,400,3,BUTT:HURT:2d10,BITE:FIRE:2d10,GAZE:PARALYZE:2d6,,52,FIRE|PARALYZE,8,BR_FIRE,FORCE_SLEEP|BASH_DOOR|IM_FIRE,0,3869,"The result of evil experiments, this travesty of nature should never be alive.  It has three heads - goat, dragon and gorgon - all attached to a lion's body."
300,Colbran,g,y,27,2,120,80d12,520.0,960,12,80,10,900,2,HIT:ELEC:3d8,HIT:ELEC:3d8,,,48,ELEC,3,BO_ELEC,FORCE_SLEEP|EMPTY_MIND|COLD_BLOOD|BASH_DOOR|IM_ELEC|IM_POIS|NO_CONF|NO_SLEEP|NO_FEAR,0,3885,"A man-shaped form of living lightning, sparks and shocks crackle all over this madly capering figure, as it leaps and whirls around and about you."
301,Spirit naga,n,w,28,2,110,30d15,240.0,450,20,75,120,60,4,CRUSH:HURT:2d8,CRUSH:HURT:2d8,BITE:HURT:1d8,BITE:HURT:1d8,48,,4,HEAL|BLIND|MIND_BLAST|DARKNESS,FEMALE|FORCE_SLEEP|ONLY_ITEM|DROP_90|DROP_2D2|INVISIBLE|OPEN_DOOR|BASH_DOOR|EVIL|NO_CONF|NO_SLEEP,0,3900,"A wraithly snake-like form with the torso of a beautiful woman, it is the most powerful of its kind."
302,5-headed hydra,M,g,28,2,120,100d8,450.0,800,20,80,20,650,4,BITE:POISON:4d4,BITE:POISON:4d4,BITE:POISON:4d4,BITE:POISON:4d4,64,POISON,5,SCARE|BA_POIS,FORCE_SLEEP|ONLY_GOLD|DROP_1D2|DROP_4D2|BASH_DOOR|MOVE_BODY|ANIMAL|IM_POIS,0,3918,A strange reptilian hybrid with five heads dripping venom.
303,Black knight,p,s,28,1,120,30d10,165.0,300,20,70,10,240,3,HIT:HURT:5d5,HIT:HURT:5d5,HIT:HURT:5d5,,75,,8,BLIND|SCARE|CAUSE_3|DARKNESS,MALE|FORCE_SLEEP|DROP_1D2|OPEN_DOOR|BASH_DOOR|EVIL,0,3934,He is a figure encased in deep black plate armour; he looks at you menacingly.
304,Uldor the Accursed,p,U,28,4,110,10d100,1000,1000,20,70,40,600,4,HIT:HURT:4d6,HIT:HURT:4d6,HIT:HURT:4d6,HIT:HURT:4d6,96,,10,S_KIN,UNIQUE|MALE|FORCE_MAXHP|ONLY_ITEM|DROP_1D2|DROP_GOOD|TAKE_ITEM|OPEN_DOOR|BASH_DOOR|EVIL,1,3950,"An evil and cunning man from the East.  Having once sworn allegiance to the sons of Feanor, it was Uldor's treachery that turned the tide of the Battle of Unnumbered Tears in Morgoth's favour."
305,Mage,p,r,28,1,110,15d8,67.5,120,20,40,10,150,2,HIT:HURT:2d5,HIT:HURT:2d5,,,20,,3,HASTE|TPORT|TELE_TO|BLIND|CONF|BO_FIRE|BO_COLD|BO_ELEC|S_MONSTER,MALE|FORCE_SLEEP|ONLY_ITEM|DROP_1D2|SMART|OPEN_DOOR|BASH_DOOR|EVIL,0,3968,A mage of some power - you can tell by the size of his hat.
306,Mind flayer,h,v,28,1,110,15d10,150,150,20,60,10,200,2,GAZE:LOSE_INT:2d6,GAZE:LOSE_WIS:2d6,,,24,LOSE_INT|LOSE_WIS,8,BLIND|HOLD|SCARE|MIND_BLAST|BRAIN_SMASH|FORGET,FORCE_SLEEP|FORCE_MAXHP|ONLY_ITEM|DROP_60|DROP_1D2|OPEN_DOOR|BASH_DOOR|EVIL|NO_CONF|NO_SLEEP,0,3985,"A humanoid form with a gruesome head, tentacular mouth, and piercing eyes.  Claws reach out for you and you feel a presence invade your mind."
307,"Draebor, the Imp",u,v,28,5,120,52d10,520,520,20,50,20,750,4,HIT:POISON:3d4,HIT:POISON:3d4,HIT:HURT:3d4,INSULT,36,POISON,5,BLINK|TPORT|TELE_TO|TELE_AWAY|TELE_LEVEL|BLIND|CONF|SCARE|S_KIN,UNIQUE|FORCE_MAXHP|FORCE_SLEEP|ESCORT|RAND_25|ONLY_ITEM|DROP_4D2|DROP_GOOD|SMART|INVISIBLE|BASH_DOOR|EVIL|DEMON|IM_FIRE,1,4000,An intensely irritating git of a monster.
308,Basilisk,R,s,28,3,120,20d30,310.0,600,15,90,30,300,4,GAZE:PARALYZE,BITE:HURT:2d12,BITE:HURT:2d12,BITE:HURT:2d12,72,PARALYZE,8,BR_POIS,ONLY_ITEM|DROP_1D2|OPEN_DOOR|BASH_DOOR|ANIMAL|NO_CONF|NO_SLEEP,0,4020,An evil reptile that preys on unsuspecting travellers.  Its eyes stare deeply at you and your soul starts to wilt!
309,Ice troll,T,w,28,1,110,24d10,132.0,240,20,56,50,200,4,HIT:HURT:1d5,HIT:HURT:1d5,BITE:COLD:2d6,BITE:COLD:2d6,34,COLD,,,MALE|FRIENDS|DROP_60|OPEN_DOOR|BASH_DOOR|REGENERATE|EVIL|TROLL|IM_COLD|HURT_LITE,0,4036,He is a white troll with powerfully clawed hands.
310,Purple worm,w,v,29,3,110,65d8,292.5,520,14,65,30,400,3,HIT:HURT:1d8,BITE:ACID:2d8,STING:POISON:1d8,,32,ACID|POISON,,,BASH_DOOR|ANIMAL|IM_ACID|IM_POIS,0,4050,"It is a massive worm form, many feet in length.  Its vast maw drips acid and poison."
311,Archangel,A,B,34,4,110,60d10,600,600,30,68,255,1000,4,HIT:HURT:3d5,HIT:HURT:3d5,HIT:HURT:3d5,HIT:HURT:3d5,60,,3,HEAL|HASTE|BLIND|CONF|SCARE,FORCE_MAXHP|FORCE_SLEEP|ONLY_ITEM|DROP_2D2|SMART|TAKE_ITEM|OPEN_DOOR|BASH_DOOR|POWERFUL|IM_FIRE|IM_COLD|IM_POIS|NO_CONF|NO_SLEEP,0,4062,An angel protected by an aura of holiness.  Its muscular form looks extremely powerful next to your own frail body.
312,Catoblepas,q,g,29,2,110,30d10,165.0,300,15,55,40,400,4,GAZE:TERRIFY:2d4,GAZE:BLIND:2d4,BUTT:HURT:2d6,BITE:HURT:2d12,52,BLIND|TERRIFY,,,ONLY_GOLD|DROP_2D2|BASH_DOOR|ANIMAL|IM_POIS,0,4079,"A strange ox-like form with a huge head but a thin, weak neck, it looks likes the creation of some deranged alchemist."
313,Ring mimic,=,w,29,3,120,10d35,180.0,350,30,60,100,200,4,HIT:POISON:3d4,HIT:POISON:3d4,HIT:POISON:3d4,HIT:POISON:3d4,48,POISON,4,BLIND|CONF|SCARE|CAUSE_2|FORGET|BO_ACID|BO_FIRE|BO_COLD|BO_ELEC|S_MONSTER,CHAR_MULTI|FORCE_SLEEP|NEVER_MOVE|EMPTY_MIND|COLD_BLOOD|NO_CONF|NO_SLEEP|NO_FEAR,0,4093,A strange creature that disguises itself as a discarded ring to lure unsuspecting adventurers within reach of its venomous claws.
314,Young blue dragon,d,b,29,1,110,27d10,270,270,20,50,70,500,3,CLAW:HURT:2d4,CLAW:HURT:2d4,BITE:HURT:2d6,,28,,10,SCARE|BR_ELEC,FORCE_SLEEP|FORCE_MAXHP|DROP_2D2|OPEN_DOOR|BASH_DOOR|EVIL|DRAGON|IM_ELEC,0,4112,It has a form that legends are made of.  Its still-tender scales are a deep blue in hue.  Sparks crackle along its length.
315,Young white dragon,d,w,29,1,110,27d10,270,270,20,50,70,500,3,CLAW:HURT:2d4,CLAW:HURT:2d4,BITE:HURT:2d6,,28,,10,SCARE|BR_COLD,FORCE_SLEEP|FORCE_MAXHP|DROP_2D2|OPEN_DOOR|BASH_DOOR|EVIL|DRAGON|IM_COLD,0,4129,It has a form that legends are made of.  Its still-tender scales are a frosty white in hue.  Icy blasts of cold air come from it as it breathes.
316,Young green dragon,d,g,29,1,110,27d10,270,270,20,50,70,500,3,CLAW:HURT:2d4,CLAW:HURT:2d4,BITE:HURT:2d6,,28,,10,SCARE|BR_POIS,FORCE_SLEEP|FORCE_MAXHP|DROP_2D2|OPEN_DOOR|BASH_DOOR|EVIL|DRAGON|IM_POIS,0,4146,It has a form that legends are made of.  Its still-tender scales are a deep green in hue.  Foul gas seeps through its scales.
317,Young bronze dragon,d,U,29,1,110,27d10,270,270,20,50,70,500,3,CLAW:HURT:2d4,CLAW:HURT:2d4,BITE:HURT:2d6,,28,,10,SCARE|BR_CONF,FORCE_SLEEP|FORCE_MAXHP|DROP_2D2|OPEN_DOOR|BASH_DOOR|EVIL|DRAGON|NO_CONF,0,4163,"It has a form that legends are made of.  Its still-tender scales are a rich bronze hue, and its shape glitters with strange colours that confuse you."
318,Mithril golem,g,B,30,4,110,80d15,640.0,1200,12,100,10,500,4,HIT:HURT:3d8,HIT:HURT:3d8,HIT:HURT:5d5,HIT:HURT:5d5,98,,,,ONLY_GOLD|DROP_2D2|EMPTY_MIND|COLD_BLOOD|BASH_DOOR|IM_FIRE|IM_COLD|IM_ELEC|IM_POIS|NO_CONF|NO_SLEEP|NO_FEAR,0,4180,It is a massive statue of purest mithril.  It looks expensive!
319,Shadow drake,d,G,33,3,110,30d10,300,300,20,70,70,1100,3,CLAW:HURT:2d4,CLAW:HURT:2d4,BITE:EXP_10:3d6,,34,EXP_10,6,SLOW|CONF|SCARE|DARKNESS|BR_NETH,FORCE_SLEEP|FORCE_MAXHP|ONLY_ITEM|DROP_3D2|PASS_WALL|INVISIBLE|OPEN_DOOR|BASH_DOOR|EVIL|DRAGON|NO_CONF|NO_SLEEP,0,4194,"It is a dragon-like form wrapped in shadow.  Glowing red eyes shine out in the dark, and it is surrounded by an aura of unearthly cold that chills the soul rather than the body."
320,Skeleton troll,s,w,30,1,110,20d10,110.0,200,20,55,20,225,3,HIT:HURT:1d6,HIT:HURT:1d6,BITE:HURT:3d4,,24,,,,EMPTY_MIND|COLD_BLOOD|OPEN_DOOR|BASH_DOOR|EVIL|TROLL|UNDEAD|IM_COLD|IM_POIS|REGENERATE|NO_CONF|NO_SLEEP|NO_FEAR,0,4211,It is a troll skeleton animated by dark dweomers.
321,Manticore,H,y,30,2,120,25d10,250,250,12,15,10,300,4,HIT:HURT:3d4,HIT:HURT:3d4,HIT:HURT:3d4,HIT:HURT:3d4,48,,5,ARROW_4,FORCE_SLEEP|FORCE_MAXHP|BASH_DOOR|EVIL,0,4224,It is a winged lion's body with a human torso and a tail covered in vicious spikes.
322,Giant blue ant,a,b,30,2,110,8d8,36.0,64,10,50,60,80,1,BITE:ELEC:5d5,,,,25,ELEC,,,RAND_25|WEIRD_MIND|BASH_DOOR|ANIMAL|IM_ELEC,0,4240,It is a giant ant that crackles with energy.
323,Giant army ant,a,o,30,3,120,19d6,66.5,114,10,40,40,90,1,BITE:HURT:2d12,,,,24,,,,RAND_25|KILL_BODY|FRIENDS|WEIRD_MIND|BASH_DOOR|ANIMAL,0,4250,"An armoured form moving with purpose.  Powerful on its own, flee when hordes of them march."
324,Grave wight,W,b,30,1,110,12d10,66.0,120,20,50,30,325,3,HIT:HURT:1d7,HIT:HURT:1d7,TOUCH:EXP_20,,14,EXP_20,8,SCARE|CAUSE_3|DARKNESS,FORCE_SLEEP|RAND_25|ONLY_ITEM|DROP_1D2|COLD_BLOOD|OPEN_DOOR|BASH_DOOR|EVIL|UNDEAD|IM_COLD|IM_POIS|HURT_LITE|NO_CONF|NO_SLEEP,0,4261,It is a ghostly form with eyes that haunt you.
325,Killer slicer beetle,K,y,30,2,110,25d10,137.5,250,14,60,30,200,2,BITE:HURT:5d8,BITE:HURT:5d8,,,80,,,,WEIRD_MIND|BASH_DOOR|ANIMAL,0,4277,It is a beetle with deadly sharp cutting mandibles and a rock-hard carapace.
326,Ghost,G,w,31,1,120,13d8,58.5,104,20,30,10,350,4,WAIL:TERRIFY,TOUCH:EXP_20,CLAW:LOSE_INT:1d6,CLAW:LOSE_WIS:1d6,12,EXP_20|LOSE_INT|LOSE_WIS|TERRIFY,15,BLIND|HOLD|DRAIN_MANA,FORCE_SLEEP|RAND_25|DROP_60|DROP_1D2|INVISIBLE|COLD_BLOOD|TAKE_ITEM|PASS_WALL|EVIL|UNDEAD|IM_COLD|IM_POIS|NO_CONF|NO_SLEEP,0,4288,You don't believe in it.  But it believes in you...
327,Death watch beetle,K,D,31,3,110,25d12,162.5,300,16,60,30,220,2,BITE:HURT:5d4,WAIL:TERRIFY:5d6,,,50,TERRIFY,,,WEIRD_MIND|BASH_DOOR|ANIMAL,0,4304,It is a giant beetle that produces a chilling sound.
328,Ogre shaman,O,G,27,2,110,25d12,162.5,300,20,55,30,300,3,HIT:HURT:3d6,HIT:HURT:3d6,HIT:HURT:3d6,,54,,5,TPORT|HOLD|SCARE|CAUSE_2|TRAPS|BO_FIRE|S_MONSTER,FORCE_SLEEP|ONLY_ITEM|DROP_90|OPEN_DOOR|BASH_DOOR|EVIL|GIANT,0,4314,It is an ogre wrapped in furs and covered in grotesque body paints.
329,Nexus quylthulg,Q,v,32,1,110,10d12,65.0,120,10,1,0,300,0,,,,,0,,1,BLINK|TELE_AWAY,FORCE_SLEEP|NEVER_MOVE|NEVER_BLOW|INVISIBLE|EMPTY_MIND|ANIMAL|NO_CONF|NO_SLEEP|NO_FEAR|RES_NEXUS,0,4330,"It is a very unstable, strange pulsing mound of flesh."
330,"Shelob, Spider of Darkness",S,D,55,3,120,35d100,3500,3500,30,120,80,27000,4,CLAW:POISON:5d6,CLAW:POISON:5d6,BITE:PARALYZE:5d10,STING:LOSE_STR:5d4,130,LOSE_STR|PARALYZE|POISON,4,HEAL|BLIND|SLOW|CONF|SCARE|CAUSE_3|CAUSE_4|BR_DARK|BR_POIS|TRAPS|S_KIN,UNIQUE|FEMALE|FORCE_SLEEP|FORCE_MAXHP|ESCORT|ESCORTS|ONLY_ITEM|DROP_1D2|DROP_2D2|DROP_GOOD|SMART|BASH_DOOR|ANIMAL|EVIL|HURT_LITE|NO_CONF|NO_SLEEP|IM_POIS|IM_ACID,1,4341,"Shelob is an enormous bloated spider, the last daughter of Ungoliant the Unlight.  Her poison is legendary, as is her ego.  She normally guards the pass through Cirith Ungol, but occasionally goes out foraging for food to feed her voracious appetite."
331,Ninja,p,y,32,2,120,13d12,84.5,156,20,60,10,300,3,HIT:POISON:3d4,HIT:LOSE_STR:3d4,HIT:LOSE_STR:3d4,,36,LOSE_STR|POISON,,,MALE|DROP_1D2|OPEN_DOOR|BASH_DOOR|EVIL|NO_CONF|NO_SLEEP,0,4364,A humanoid clothed in black who moves with blinding speed.
332,Memory moss,",",r,32,3,110,1d2,1.5,2,30,1,5,150,2,HIT:CONFUSE:1d4,HIT:CONFUSE:1d4,,,8,CONFUSE,6,FORGET,FORCE_SLEEP|NEVER_MOVE|STUPID|EMPTY_MIND|NO_CONF|NO_SLEEP|NO_FEAR,0,4377,A mass of green vegetation.  You don't remember seeing anything like it before.
333,Storm giant,P,B,40,1,120,40d20,800,800,20,60,40,1000,2,HIT:ELEC:10d8,HIT:ELEC:10d8,,,160,ELEC,8,BOULDER|BLINK|TELE_TO|CONF|SCARE|BO_ELEC|BA_ELEC,FORCE_SLEEP|FORCE_MAXHP|DROP_1D2|TAKE_ITEM|OPEN_DOOR|BASH_DOOR|EVIL|GIANT|IM_COLD|IM_ELEC,0,4391,It is a twenty-five foot tall giant wreathed in lightning.
334,Cave troll,T,u,33,1,110,24d12,156.0,288,20,50,50,350,4,HIT:HURT:3d5,HIT:HURT:3d5,BITE:HURT:1d8,BITE:HURT:1d8,46,,,,MALE|FRIENDS|DROP_60|OPEN_DOOR|BASH_DOOR|REGENERATE|EVIL|TROLL|IM_POIS|HURT_LITE,0,4404,"He is a vicious monster, feared for his ferocity."
335,Half-troll,T,U,34,2,110,25d14,187.5,350,20,50,50,400,4,CLAW:HURT:1d5,CLAW:HURT:1d5,BITE:HURT:2d6,BITE:HURT:2d6,34,,,,MALE|FRIENDS|ONLY_ITEM|DROP_90|OPEN_DOOR|BASH_DOOR|EVIL|TROLL|IM_POIS|REGENERATE,0,4418,"A huge, ugly, half-human in search of plunder."
336,Mystic,p,o,33,3,120,35d10,350,350,30,50,5,500,4,KICK:HURT:10d2,KICK:HURT:10d2,KICK:HURT:10d2,KICK:HURT:10d2,80,,6,HEAL|S_SPIDER|S_ANIMAL,MALE|FORCE_SLEEP|FORCE_MAXHP|ONLY_ITEM|DROP_1D2|INVISIBLE|OPEN_DOOR|BASH_DOOR|IM_ACID|IM_POIS|NO_CONF|NO_SLEEP,0,4433,"An adept at unarmed combat, the mystic strikes with stunning power.  He can summon help from nature and is able to focus his power to ease any pain."
337,Barrow wight,W,v,33,3,110,15d10,82.5,150,20,40,10,375,3,HIT:HURT:1d8,HIT:HURT:1d8,TOUCH:EXP_40,,16,EXP_40,8,HOLD|SCARE|CAUSE_2|DARKNESS,FORCE_SLEEP|FRIENDS|DROP_60|COLD_BLOOD|OPEN_DOOR|BASH_DOOR|EVIL|UNDEAD|IM_COLD|IM_POIS|HURT_LITE|NO_CONF|NO_SLEEP,0,4452,It is a ghostly nightmare of a entity.
338,Skeleton ettin,s,w,33,1,110,45d10,450,450,20,50,20,325,4,HIT:HURT:1d9,HIT:HURT:1d9,BITE:HURT:1d5,BITE:HURT:1d5,28,,,,FORCE_MAXHP|EMPTY_MIND|COLD_BLOOD|OPEN_DOOR|BASH_DOOR|EVIL|TROLL|UNDEAD|IM_COLD|IM_POIS|REGENERATE|NO_CONF|NO_SLEEP|NO_FEAR,0,4466,It is the animated form of a massive two-headed troll.
339,Chaos drake,d,v,33,3,110,50d10,500,500,20,70,70,1400,3,CLAW:HURT:2d4,CLAW:HURT:2d4,BITE:HURT:3d6,,34,,6,SLOW|CONF|SCARE|BR_DISE|BR_CHAO,ATTR_MULTI|FORCE_SLEEP|FORCE_MAXHP|ONLY_ITEM|DROP_3D2|OPEN_DOOR|BASH_DOOR|EVIL|DRAGON|IM_FIRE|NO_CONF|NO_SLEEP|RES_DISE,0,4481,"A dragon twisted by the forces of chaos.  It seems first ugly, then fair, as its form shimmers and changes in front of your eyes."
340,Law drake,d,B,33,3,110,50d10,500,500,20,70,70,1400,3,CLAW:HURT:2d4,CLAW:HURT:2d4,BITE:HURT:3d6,,34,,6,SLOW|CONF|SCARE|BR_SOUN|BR_SHAR,FORCE_SLEEP|FORCE_MAXHP|ONLY_ITEM|DROP_3D2|OPEN_DOOR|BASH_DOOR|EVIL|DRAGON|IM_COLD|NO_CONF|NO_SLEEP,0,4500,This dragon is clever and cunning.  It laughs at your puny efforts to disturb it.
341,Balance drake,d,v,33,3,110,60d10,600,600,20,70,70,1600,3,CLAW:HURT:2d4,CLAW:HURT:2d4,BITE:HURT:3d6,,34,,6,SLOW|CONF|SCARE|BR_SOUN|BR_SHAR|BR_DISE|BR_CHAO,FORCE_SLEEP|FORCE_MAXHP|ONLY_ITEM|DROP_3D2|OPEN_DOOR|BASH_DOOR|EVIL|DRAGON|IM_FIRE|IM_COLD|NO_CONF|NO_SLEEP|RES_DISE,0,4518,"A mighty dragon, the balance drake seeks to maintain the Cosmic Balance, and despises your feeble efforts to destroy evil."
342,Ethereal drake,d,o,33,3,110,40d10,400,400,20,70,70,1200,3,CLAW:HURT:2d4,CLAW:HURT:2d4,BITE:HURT:3d6,,34,,6,SLOW|CONF|SCARE|BR_LITE|BR_DARK,FORCE_SLEEP|FORCE_MAXHP|ONLY_ITEM|DROP_3D2|INVISIBLE|PASS_WALL|EVIL|DRAGON|NO_CONF|NO_SLEEP,0,4536,"A dragon of great power, with control over light and dark, the ethereal drake's eyes glare with white hatred from the shadows."
343,Bert the Stone Troll,T,s,34,7,120,11d100,1100,1100,20,70,50,2000,3,HIT:HURT:6d6,HIT:HURT:6d6,BITE:HURT:3d10,,102,,7,BOULDER,UNIQUE|MALE|FORCE_MAXHP|ESCORT|ONLY_ITEM|DROP_1D2|DROP_GOOD|MOVE_BODY|TAKE_ITEM|OPEN_DOOR|BASH_DOOR|REGENERATE|EVIL|TROLL|IM_COLD|IM_POIS|HURT_LITE|HURT_ROCK,1,4553,"Big, brawny, powerful and with a taste for hobbit.  He has friends called Bill and Tom."
344,Bill the Stone Troll,T,s,34,7,120,11d100,1100,1100,20,70,50,2000,3,HIT:HURT:6d6,HIT:HURT:6d6,BITE:HURT:3d10,,102,,7,BOULDER,UNIQUE|MALE|FORCE_MAXHP|ESCORT|ONLY_ITEM|DROP_1D2|DROP_GOOD|MOVE_BODY|TAKE_ITEM|OPEN_DOOR|BASH_DOOR|REGENERATE|EVIL|TROLL|IM_COLD|IM_POIS|HURT_LITE|HURT_ROCK,1,4571,"Big, brawny, powerful and with a taste for hobbit.  He has friends called Bert and Tom."
345,Tom the Stone Troll,T,s,34,7,120,11d100,1100,1100,20,70,50,2000,3,HIT:HURT:6d6,HIT:HURT:6d6,BITE:HURT:3d10,,102,,7,BOULDER,UNIQUE|MALE|FORCE_MAXHP|ESCORT|ONLY_ITEM|DROP_1D2|DROP_GOOD|MOVE_BODY|TAKE_ITEM|OPEN_DOOR|BASH_DOOR|REGENERATE|EVIL|TROLL|IM_COLD|IM_POIS|HURT_LITE|HURT_ROCK,1,4589,"Big, brawny, powerful and with a taste for hobbit.  He has friends called Bert and Bill."
346,Shade,G,D,33,3,120,14d20,147.0,280,20,30,10,350,3,WAIL:TERRIFY,TOUCH:EXP_40,CLAW:LOSE_INT:1d10,,10,EXP_40|LOSE_INT|TERRIFY,15,BLIND|HOLD|DRAIN_MANA|FORGET,FORCE_SLEEP|RAND_25|ONLY_ITEM|DROP_90|DROP_2D2|INVISIBLE|COLD_BLOOD|TAKE_ITEM|PASS_WALL|EVIL|UNDEAD|IM_COLD|IM_POIS|NO_CONF|NO_SLEEP,0,4607,A shadowy form clutches at you from the darkness.  A powerful undead creature with a deadly touch.
347,Spectre,G,U,34,3,120,14d20,147.0,280,20,30,10,350,3,WAIL:TERRIFY,TOUCH:EXP_40,CLAW:LOSE_WIS:5d5,,25,EXP_40|LOSE_WIS|TERRIFY,15,BLIND|HOLD|DRAIN_MANA|FORGET,FORCE_SLEEP|RAND_25|ONLY_ITEM|DROP_90|DROP_2D2|INVISIBLE|COLD_BLOOD|TAKE_ITEM|PASS_WALL|EVIL|UNDEAD|IM_COLD|IM_POIS|NO_CONF|NO_SLEEP,0,4624,A phantasmal shrieking spirit.  Its wail drives the intense cold of pure evil deep within your body.
348,Water troll,T,B,35,1,110,36d10,360,360,20,50,50,420,4,HIT:HURT:1d9,HIT:HURT:1d9,BITE:HURT:2d2,BITE:HURT:2d2,26,,,,MALE|FORCE_MAXHP|FRIENDS|DROP_60|OPEN_DOOR|BASH_DOOR|REGENERATE|EVIL|TROLL|IM_COLD|IM_POIS|HURT_LITE,0,4641,He is a troll that reeks of brine.
349,Fire elemental,E,r,33,2,110,30d8,135.0,240,12,50,50,350,2,HIT:FIRE:4d6,HIT:FIRE:4d6,,,48,FIRE,6,BO_FIRE,FORCE_SLEEP|RAND_25|EMPTY_MIND|KILL_ITEM|KILL_BODY|BASH_DOOR|POWERFUL|IM_ELEC|IM_FIRE|IM_POIS|IM_ACID|NO_CONF|NO_SLEEP|NO_FEAR,0,4656,It is a towering inferno of flames.
350,Cherub,A,G,39,6,120,100d10,1000,1000,30,68,255,2700,4,HIT:HURT:4d3,HIT:HURT:3d8,HIT:HURT:4d3,HIT:HURT:3d8,72,,3,HEAL|HASTE|BLIND|SCARE|MIND_BLAST|BO_FIRE|S_MONSTERS,FORCE_SLEEP|FORCE_MAXHP|ONLY_ITEM|DROP_1D2|DROP_2D2|SMART|TAKE_ITEM|OPEN_DOOR|BASH_DOOR|POWERFUL|MOVE_BODY|IM_ACID|IM_FIRE|IM_COLD|IM_ELEC|IM_POIS|NO_CONF|NO_SLEEP,0,4671,"It is an angel moving very quickly, wielding a holy war hammer and casting a volley of powerful spells in your direction."
351,Water elemental,E,b,33,2,110,25d8,112.5,200,12,40,50,325,3,HIT:HURT:1d10,HIT:HURT:1d10,HIT:HURT:1d10,,30,,6,BO_COLD,FORCE_SLEEP|RAND_25|EMPTY_MIND|COLD_BLOOD|KILL_BODY|KILL_ITEM|BASH_DOOR|POWERFUL|IM_ACID|IM_POIS|IM_FIRE|IM_COLD|IM_WATER|NO_CONF|NO_SLEEP|NO_FEAR,0,4690,It is a towering tempest of water.
352,Invisible stalker,E,y,35,3,130,19d12,123.5,228,20,46,20,300,3,HIT:HURT:1d6,HIT:HURT:1d6,HIT:HURT:1d6,,18,,,,RAND_50|EMPTY_MIND|INVISIBLE|COLD_BLOOD|OPEN_DOOR|BASH_DOOR|POWERFUL|EVIL|IM_ELEC|IM_POIS|NO_CONF|NO_SLEEP|NO_FEAR,0,4706,It is impossible to define its form but its violence is legendary.
353,Carrion crawler,c,o,34,2,110,20d12,130.0,240,15,40,10,100,2,STING:PARALYZE:2d6,STING:PARALYZE:2d6,,,24,PARALYZE,,,RAND_25|FRIENDS|WEIRD_MIND|BASH_DOOR|ANIMAL|IM_POIS,0,4720,A hideous centipede covered in slime and with glowing tentacles around its head.
354,Master thief,p,b,34,2,130,18d10,99.0,180,20,30,40,350,4,HIT:HURT:2d8,HIT:HURT:3d4,HIT:EAT_GOLD:4d4,HIT:EAT_ITEM:4d5,64,EAT_GOLD|EAT_ITEM,6,TRAPS|ARROW_2|BLINK,MALE|DROP_90|DROP_2D2|TAKE_ITEM|OPEN_DOOR|BASH_DOOR|EVIL,0,4732,"Cool and confident, fast and lithe; protect your possessions quickly!"
355,Ulfang the Black,p,U,34,5,120,10d100,1000,1000,20,90,40,1200,4,HIT:HURT:5d5,HIT:HURT:5d5,HIT:HURT:5d5,HIT:HURT:5d5,100,,10,S_KIN,UNIQUE|MALE|FORCE_MAXHP|ONLY_ITEM|DROP_2D2|DROP_GOOD|TAKE_ITEM|OPEN_DOOR|BASH_DOOR|EVIL,1,4748,"A short and swarthy Easterling dressed in black.  He and his three sons once openly swore allegiance to the High Elves, but were secretly in the pay of Morgoth."
356,Lich,L,o,34,2,110,30d10,300,300,20,60,60,1000,4,TOUCH:EXP_40,TOUCH:UN_POWER,TOUCH:LOSE_DEX:2d8,TOUCH:LOSE_DEX:2d8,32,EXP_40|LOSE_DEX|UN_POWER,4,BLINK|TELE_TO|TELE_AWAY|BLIND|HOLD|SLOW|SCARE|CAUSE_3|DRAIN_MANA|BRAIN_SMASH,FORCE_SLEEP|FORCE_MAXHP|DROP_1D2|SMART|COLD_BLOOD|OPEN_DOOR|BASH_DOOR|EVIL|UNDEAD|IM_COLD|IM_POIS|HURT_LITE|NO_CONF|NO_SLEEP,0,4766,It is a skeletal form dressed in robes.  It radiates vastly evil power.
357,Master vampire,V,g,36,1,110,34d10,340,340,20,60,10,750,4,HIT:HURT:2d6,HIT:HURT:2d6,BITE:EXP_40:3d6,BITE:EXP_40:3d6,60,EXP_40,6,TELE_TO|HOLD|CONF|SCARE|CAUSE_3|MIND_BLAST|FORGET|DARKNESS|BO_NETH,FORCE_SLEEP|FORCE_MAXHP|DROP_4D2|COLD_BLOOD|OPEN_DOOR|BASH_DOOR|REGENERATE|EVIL|UNDEAD|IM_COLD|IM_POIS|HURT_LITE|NO_CONF|NO_SLEEP,0,4783,It is a humanoid form dressed in robes.  Power emanates from its chilling frame.
358,Giant grey scorpion,S,s,34,4,120,18d20,189.0,360,12,50,40,275,2,BITE:HURT:1d6,STING:POISON:1d4,,,10,POISON,,,WEIRD_MIND|BASH_DOOR|ANIMAL,0,4801,It is a giant grey scorpion.  It looks poisonous.
359,Earth elemental,E,u,34,2,100,30d10,165.0,300,10,60,90,375,3,HIT:HURT:4d6,HIT:HURT:4d6,HIT:HURT:4d6,,72,,8,BO_ACID,FORCE_SLEEP|EMPTY_MIND|COLD_BLOOD|KILL_ITEM|KILL_BODY|PASS_WALL|POWERFUL|IM_FIRE|IM_COLD|IM_ELEC|IM_POIS|HURT_ROCK|NO_CONF|NO_SLEEP|NO_FEAR,0,4811,It is a towering form composed of rock with fists of awesome power.
360,Air elemental,E,B,34,2,120,30d5,90.0,150,12,50,50,390,3,HIT:HURT:1d10,HIT:CONFUSE:1d4,HIT:HURT:1d10,,24,CONFUSE,8,BO_ELEC,FORCE_SLEEP|RAND_25|EMPTY_MIND|COLD_BLOOD|KILL_BODY|KILL_ITEM|BASH_DOOR|POWERFUL|IM_ACID|IM_COLD|IM_ELEC|IM_POIS|NO_CONF|NO_SLEEP|NO_FEAR,0,4827,It is a towering tornado of winds.
361,Hellhound,C,r,35,3,120,40d10,400,400,25,80,30,600,3,BITE:FIRE:3d12,BITE:FIRE:3d12,BITE:FIRE:3d12,,108,FIRE,5,BR_FIRE,FORCE_SLEEP|FORCE_MAXHP|RAND_25|BASH_DOOR|MOVE_BODY|ANIMAL|EVIL|IM_FIRE,0,4843,It is a giant dog that glows with heat.  Flames pour from its nostrils.
362,Eog golem,g,u,34,4,100,100d20,1050.0,2000,12,125,10,1200,4,HIT:HURT:8d6,HIT:HURT:8d6,HIT:HURT:6d6,HIT:HURT:6d6,168,,,,ONLY_GOLD|DROP_2D2|EMPTY_MIND|COLD_BLOOD|BASH_DOOR|IM_FIRE|IM_COLD|IM_ELEC|IM_POIS|NO_CONF|NO_SLEEP|NO_FEAR,0,4858,"It is a massive deep brown statue, striding towards you with an all-too-familiar purpose.  Your magic surprisingly feels much less powerful now."
363,Olog,T,y,36,1,110,42d10,420,420,20,50,50,450,4,HIT:HURT:1d12,HIT:HURT:1d12,BITE:HURT:2d3,BITE:HURT:2d3,36,,,,FORCE_MAXHP|OPEN_DOOR|FRIENDS|DROP_60|SMART|BASH_DOOR|EVIL|TROLL|IM_POIS|REGENERATE,0,4874,It is a massive intelligent troll with needle-sharp fangs.
364,Dagashi,p,y,35,4,120,13d25,169.0,325,20,70,10,500,4,HIT:POISON:3d4,HIT:LOSE_STR:3d4,HIT:LOSE_STR:3d4,HIT:POISON:3d4,48,LOSE_STR|POISON,,,MALE|DROP_1D2|OPEN_DOOR|BASH_DOOR|EVIL|NO_CONF|NO_SLEEP,0,4887,"A human warrior, moving with lightning speed."
365,Gravity hound,Z,W,35,2,110,35d10,192.5,350,30,30,0,500,4,CLAW:HURT:2d8,CLAW:HURT:2d8,BITE:HURT:2d8,BITE:HURT:2d8,64,,5,BR_GRAV,FORCE_SLEEP|FRIENDS|BASH_DOOR|ANIMAL|NO_CONF|NO_SLEEP,0,4901,"Unfettered by the usual constraints of gravity, these unnatural creatures are walking on the walls and even the ceiling!  The earth suddenly feels rather less solid as you see gravity warp all round the monsters."
366,Acidic cytoplasm,j,s,35,5,120,40d10,400,400,12,18,1,180,4,TOUCH:ACID:1d10,TOUCH:ACID:1d10,TOUCH:ACID:1d10,TOUCH:ACID:1d10,40,ACID,,,FORCE_MAXHP|TAKE_ITEM|COLD_BLOOD|DROP_1D2|DROP_4D2|STUPID|EMPTY_MIND|OPEN_DOOR|BASH_DOOR|IM_ACID|IM_FIRE|IM_COLD|IM_ELEC|IM_POIS|NO_FEAR|NO_CONF|NO_SLEEP,0,4918,A disgusting animated blob of destruction.  Flee its gruesome hunger!
367,Inertia hound,Z,W,35,2,110,35d10,192.5,350,30,30,0,500,4,CLAW:HURT:2d8,CLAW:HURT:2d8,BITE:HURT:2d8,BITE:HURT:2d8,64,,5,BR_INER,FORCE_SLEEP|FRIENDS|BASH_DOOR|ANIMAL|NO_CONF|NO_SLEEP,0,4933,"Bizarrely, this hound seems to be hardly moving at all, yet it approaches you with deadly menace.  It makes you tired just to look at it."
368,Impact hound,Z,u,35,2,110,35d10,192.5,350,30,30,0,500,4,CLAW:HURT:2d8,CLAW:HURT:2d8,BITE:HURT:2d8,BITE:HURT:2d8,64,,5,BR_WALL,FORCE_SLEEP|FRIENDS|BASH_DOOR|ANIMAL|NO_CONF|NO_SLEEP,0,4949,"A deep brown shape is visible before you, its canine form strikes you with an almost physical force.  The dungeon floor buckles as if struck by a powerful blow as it stalks towards you."
369,Dread,G,o,35,2,120,25d20,262.5,500,20,30,10,600,3,HIT:HURT:6d6,HIT:HURT:6d6,HIT:LOSE_STR:3d4,,84,LOSE_STR,15,BLIND|HOLD|CONF|DRAIN_MANA|BO_NETH,FORCE_SLEEP|RAND_25|ONLY_ITEM|DROP_60|DROP_2D2|TAKE_ITEM|INVISIBLE|COLD_BLOOD|PASS_WALL|EVIL|UNDEAD|IM_COLD|IM_POIS|NO_CONF|NO_SLEEP,0,4967,"It is a form that screams its presence against the eye.  Death incarnate, its hideous black body seems to struggle against reality as the universe itself struggles to banish it."
370,Ooze elemental,E,g,36,3,110,13d10,71.5,130,10,80,90,300,3,TOUCH:ACID:1d10,TOUCH:ACID:1d10,TOUCH:ACID:1d10,,30,ACID,5,BO_ACID|BA_ACID,FORCE_SLEEP|EMPTY_MIND|COLD_BLOOD|KILL_ITEM|KILL_BODY|BASH_DOOR|POWERFUL|IM_ACID|IM_FIRE|IM_COLD|IM_POIS|NO_CONF|NO_SLEEP|NO_FEAR,0,4985,"It is a towering mass of filth, an eyesore of ooze."
371,Smoke elemental,E,R,36,3,120,15d10,82.5,150,10,80,90,375,2,ENGULF:HURT:2d6,ENGULF:HURT:2d6,,,24,,5,DARKNESS|BO_FIRE,FORCE_SLEEP|EMPTY_MIND|KILL_ITEM|KILL_BODY|BASH_DOOR|POWERFUL|IM_FIRE|IM_COLD|IM_ELEC|IM_POIS|NO_CONF|NO_SLEEP|NO_FEAR,0,5001,"It is a towering blackened form, crackling with heat."
372,Young black dragon,d,s,31,1,110,30d10,300,300,20,60,70,700,3,CLAW:HURT:2d6,CLAW:HURT:2d6,BITE:HURT:2d8,,40,,10,SCARE|BR_ACID,FORCE_SLEEP|FORCE_MAXHP|DROP_3D2|OPEN_DOOR|BASH_DOOR|EVIL|DRAGON|IM_ACID,0,5016,It has a form that legends are made of.  Its still-tender scales are a darkest black hue.  Acid drips from its body.
373,Mumak,q,s,35,3,110,90d10,495.0,900,20,55,100,2100,3,BUTT:HURT:4d6,BUTT:HURT:4d6,CRUSH:HURT:4d4,,64,,,,BASH_DOOR|ANIMAL,0,5033,A massive elephantine form with eyes twisted by madness.
374,Giant fire ant,a,R,35,1,110,20d10,200,200,14,49,40,350,2,BITE:FIRE:3d12,BITE:FIRE:3d12,,,72,FIRE,,,FORCE_MAXHP|KILL_BODY|FRIENDS|WEIRD_MIND|BASH_DOOR|ANIMAL|IM_FIRE,0,5044,A giant ant covered in shaggy fur.  Its powerful jaws glow with heat.
375,Mature white dragon,d,w,34,1,110,40d10,400,400,20,70,70,1200,3,CLAW:HURT:2d8,CLAW:HURT:2d8,BITE:HURT:4d8,,64,,9,SCARE|BR_COLD,FORCE_SLEEP|FORCE_MAXHP|DROP_4D2|OPEN_DOOR|BASH_DOOR|EVIL|DRAGON|IM_COLD|NO_CONF|NO_SLEEP,0,5055,"A large dragon, scales gleaming bright white."
376,Xorn,X,u,36,2,110,16d10,160,160,20,80,10,650,4,HIT:HURT:1d6,HIT:HURT:1d6,HIT:HURT:1d6,HIT:HURT:1d6,24,,,,FORCE_MAXHP|EMPTY_MIND|COLD_BLOOD|KILL_ITEM|PASS_WALL|IM_FIRE|IM_COLD|IM_ELEC|IM_POIS|HURT_ROCK|NO_CONF|NO_SLEEP,0,5070,"A huge creature of the element Earth.  Able to merge with its element, it has four huge arms protruding from its enormous torso."
377,Shadow,G,D,36,3,120,10d20,105.0,200,30,30,20,400,4,TOUCH:EXP_80,TOUCH:EXP_40,CLAW:LOSE_INT:1d10,CLAW:LOSE_WIS:1d10,20,EXP_40|EXP_80|LOSE_INT|LOSE_WIS,8,TELE_TO|SLOW|BO_NETH,FORCE_SLEEP|ONLY_ITEM|DROP_1D2|INVISIBLE|COLD_BLOOD|PASS_WALL|EVIL|UNDEAD|IM_COLD|IM_POIS|NO_CONF|NO_SLEEP,0,5086,"A mighty spirit of darkness of vaguely humanoid form.  Razor-edged claws reach out to end your life as it glides towards you, seeking to suck the energy from your soul to feed its power."
378,Phantom,G,v,36,3,120,20d25,260.0,500,30,30,20,400,4,TOUCH:EXP_80,TOUCH:EXP_40,CLAW:LOSE_INT:1d10,CLAW:LOSE_WIS:1d10,20,EXP_40|EXP_80|LOSE_INT|LOSE_WIS,5,FORGET,FORCE_SLEEP|ONLY_ITEM|DROP_1D2|INVISIBLE|COLD_BLOOD|PASS_WALL|EVIL|UNDEAD|IM_COLD|IM_POIS|NO_CONF|NO_SLEEP,0,5104,"An unholy creature of darkness, the aura emanating from this evil being saps your very soul."
379,Grey wraith,W,s,36,1,110,19d10,190,190,20,50,10,700,3,HIT:HURT:1d10,HIT:HURT:1d10,TOUCH:EXP_40,,20,EXP_40,7,HOLD|SCARE|CAUSE_3|DARKNESS,FORCE_SLEEP|FORCE_MAXHP|DROP_60|DROP_90|COLD_BLOOD|OPEN_DOOR|BASH_DOOR|EVIL|UNDEAD|HURT_LITE|IM_COLD|IM_POIS|NO_CONF|NO_SLEEP,0,5121,"A tangible but ghostly form, made of grey fog.  The air around it feels deathly cold."
380,Young multi-hued dragon,d,v,32,1,110,32d10,320,320,20,60,70,900,3,CLAW:HURT:2d6,CLAW:HURT:2d6,BITE:HURT:3d8,,48,,8,SCARE|BR_ACID|BR_FIRE|BR_COLD|BR_ELEC|BR_POIS,ATTR_MULTI|FORCE_SLEEP|FORCE_MAXHP|DROP_1D2|DROP_3D2|OPEN_DOOR|BASH_DOOR|EVIL|DRAGON|IM_ACID|IM_FIRE|IM_COLD|IM_ELEC|IM_POIS,0,5137,It has a form that legends are made of.  Beautiful scales of shimmering and magical colours cover it.
381,Colossus,g,G,36,4,100,30d100,3000,3000,12,150,10,850,4,HIT:HURT:10d10,HIT:HURT:10d10,HIT:HURT:6d6,HIT:HURT:6d6,272,,,,FORCE_MAXHP|EMPTY_MIND|COLD_BLOOD|BASH_DOOR|IM_FIRE|IM_COLD|IM_ELEC|IM_POIS|NO_CONF|NO_SLEEP|NO_FEAR,0,5155,"An enormous construct resembling a titan made from stone.  It strides purposefully towards you, swinging its slow fists with earth-shattering power."
382,Young gold dragon,d,y,31,1,110,30d10,300,300,20,60,70,700,3,CLAW:HURT:2d6,CLAW:HURT:2d6,BITE:HURT:2d8,,40,,10,SCARE|BR_SOUN,FORCE_SLEEP|FORCE_MAXHP|DROP_3D2|OPEN_DOOR|BASH_DOOR|EVIL|DRAGON,0,5172,"It has a form that legends are made of.  Its still-tender scales are a tarnished gold hue, and light is reflected from its form."
383,Rogrog the Black Troll,T,D,42,3,120,20d100,2000,2000,20,70,50,5000,4,HIT:HURT:6d7,HIT:HURT:6d7,BITE:HURT:4d10,SPIT:ACID:4d8,156,ACID,7,BOULDER,UNIQUE|MALE|FORCE_MAXHP|ESCORT|MOVE_BODY|ONLY_ITEM|DROP_3D2|DROP_GOOD|TAKE_ITEM|OPEN_DOOR|BASH_DOOR|EVIL|TROLL|IM_COLD|IM_POIS|REGENERATE,1,5189,"A massive and cruel troll of great power, drool slides caustically down his muscular frame.  Despite his bulk, he strikes with stunning speed."
384,Mature blue dragon,d,b,34,1,110,40d10,400,400,20,70,70,1200,3,CLAW:HURT:2d8,CLAW:HURT:2d8,BITE:HURT:4d8,,64,,9,SCARE|BR_ELEC,FORCE_SLEEP|FORCE_MAXHP|DROP_4D2|BASH_DOOR|EVIL|DRAGON|IM_ELEC|NO_CONF|NO_SLEEP,0,5208,"A large dragon, scales tinted deep blue."
385,Mature green dragon,d,g,34,1,110,40d10,400,400,20,70,70,1200,3,CLAW:HURT:2d8,CLAW:HURT:2d8,BITE:HURT:4d8,,64,,9,SCARE|BR_POIS,FORCE_SLEEP|FORCE_MAXHP|DROP_4D2|BASH_DOOR|EVIL|DRAGON|IM_POIS|NO_CONF|NO_SLEEP,0,5223,"A large dragon, scales tinted deep green."
386,Mature bronze dragon,d,U,34,1,110,40d10,400,400,20,70,70,1200,3,CLAW:HURT:2d8,CLAW:HURT:2d8,BITE:HURT:4d8,,64,,9,CONF|SCARE|BR_CONF,FORCE_SLEEP|FORCE_MAXHP|DROP_4D2|BASH_DOOR|EVIL|DRAGON|NO_CONF|NO_SLEEP,0,5238,A large dragon with scales of rich bronze.
387,Young red dragon,d,r,31,1,110,30d10,300,300,20,60,70,700,3,CLAW:HURT:2d6,CLAW:HURT:2d6,BITE:HURT:2d8,,40,,10,SCARE|BR_FIRE,FORCE_SLEEP|FORCE_MAXHP|DROP_3D2|OPEN_DOOR|BASH_DOOR|EVIL|DRAGON|IM_FIRE,0,5253,It has a form that legends are made of.  Its still-tender scales are a deepest red hue.  Heat radiates from its form.
388,Trapper,.,w,36,3,120,60d10,600,600,30,75,10,580,4,HIT:HURT:3d8,HIT:HURT:3d8,HIT:PARALYZE:15d1,HIT:PARALYZE:15d1,78,PARALYZE,,,CHAR_CLEAR|ATTR_CLEAR|NEVER_MOVE|FORCE_MAXHP|INVISIBLE|EMPTY_MIND|COLD_BLOOD|NO_CONF|NO_SLEEP|NO_FEAR,0,5270,"A larger cousin of the lurker, this creature traps unsuspecting victims and paralyzes them, to be slowly digested later."
389,Bodak,u,r,36,2,110,35d10,192.5,350,10,68,90,750,3,HIT:FIRE:4d6,HIT:FIRE:4d6,GAZE:EXP_20,,48,EXP_20|FIRE,4,BO_FIRE|BA_FIRE|S_DEMON,FORCE_SLEEP|TAKE_ITEM|OPEN_DOOR|BASH_DOOR|EVIL|DEMON|IM_FIRE|IM_POIS|NO_CONF|NO_SLEEP,0,5285,It is a humanoid form composed of flames and hatred.
390,Ice elemental,E,w,37,3,110,35d10,192.5,350,10,60,90,650,3,TOUCH:COLD:4d3,HIT:HURT:4d6,TOUCH:COLD:4d3,,48,COLD,5,BO_ICEE|BA_COLD,FORCE_SLEEP|EMPTY_MIND|COLD_BLOOD|KILL_ITEM|KILL_BODY|BASH_DOOR|POWERFUL|IM_COLD|IM_ELEC|IM_POIS|IM_ACID|NO_CONF|NO_SLEEP|NO_FEAR,0,5300,It is a towering glacier of ice.
391,Necromancer,p,R,36,2,110,28d10,280,280,20,50,10,630,2,HIT:HURT:2d6,HIT:HURT:2d6,,,24,,3,HASTE|TPORT|TELE_TO|BLIND|HOLD|SCARE|CAUSE_3|BO_NETH|S_UNDEAD,MALE|FORCE_SLEEP|FORCE_MAXHP|ONLY_ITEM|DROP_1D2|SMART|OPEN_DOOR|BASH_DOOR|EVIL,0,5316,"A gaunt figure, clothed in black robes."
392,"Lorgan, Chief of the Easterlings",p,v,36,2,120,18d100,1800,1800,25,100,10,1200,4,HIT:HURT:6d6,HIT:HURT:6d6,HIT:HURT:3d8,HIT:HURT:3d8,120,,4,TELE_TO|S_MONSTERS,UNIQUE|MALE|FORCE_SLEEP|FORCE_MAXHP|ONLY_ITEM|DROP_2D2|DROP_GOOD|OPEN_DOOR|BASH_DOOR|EVIL|IM_ACID|IM_FIRE|IM_COLD|IM_ELEC|IM_POIS|NO_CONF|NO_SLEEP,1,5333,"A mighty warrior from the east, Lorgan hates everything that he cannot control."
393,Demonologist,p,R,36,2,120,28d10,280,280,20,50,10,700,3,HIT:HURT:2d6,HIT:HURT:2d6,HIT:HURT:2d6,,36,,2,TPORT|HOLD|S_DEMON|BO_FIRE,MALE|FORCE_SLEEP|FORCE_MAXHP|ONLY_ITEM|DROP_1D2|SMART|OPEN_DOOR|BASH_DOOR|EVIL,0,5353,A figure twisted by evil standing in robes of deepest crimson.
394,Mummified troll,z,w,37,1,110,19d10,190,190,20,50,50,420,2,HIT:HURT:2d6,HIT:HURT:2d6,,,24,,,,FORCE_MAXHP|DROP_60|EMPTY_MIND|COLD_BLOOD|OPEN_DOOR|BASH_DOOR|EVIL|TROLL|UNDEAD|IM_COLD|IM_POIS|NO_CONF|NO_SLEEP|NO_FEAR|REGENERATE,0,5370,It is a massive figure clothed in wrappings.  You are wary of its massive fists.
395,The Queen Ant,a,v,37,2,120,15d100,1500,1500,30,100,10,2000,4,BITE:HURT:2d12,BITE:HURT:2d12,BITE:HURT:2d8,BITE:HURT:2d8,80,,2,S_KIN,UNIQUE|FEMALE|FORCE_SLEEP|FORCE_MAXHP|ESCORT|ESCORTS|ONLY_ITEM|DROP_2D2|DROP_GOOD|WEIRD_MIND|OPEN_DOOR|BASH_DOOR|ANIMAL|NO_CONF|NO_SLEEP,1,5384,She's upset because you hurt her children.
396,Will o' the wisp,E,W,38,4,130,20d10,200,200,30,150,0,500,3,HIT:HURT:1d9,HIT:HURT:1d9,HIT:HALLU:1d9,,27,HALLU,2,BLINK|TPORT|CONF|CAUSE_2,FORCE_SLEEP|FORCE_MAXHP|RAND_50|SMART|EMPTY_MIND|INVISIBLE|PASS_WALL|POWERFUL|IM_ACID|IM_FIRE|IM_COLD|IM_ELEC|IM_POIS|NO_CONF|NO_SLEEP|NO_FEAR,0,5402,A strange ball of glowing light.  It disappears and reappears and seems to draw you to it.  You seem somehow compelled to stand still and watch its strange dancing motion.
397,Magma elemental,E,o,37,3,110,35d10,192.5,350,10,70,90,950,3,HIT:FIRE:3d7,HIT:HURT:4d6,HIT:FIRE:3d7,,66,FIRE,7,BO_PLAS|BA_FIRE,FORCE_SLEEP|EMPTY_MIND|KILL_ITEM|KILL_BODY|PASS_WALL|POWERFUL|IM_FIRE|IM_ELEC|IM_POIS|IM_ACID|NO_CONF|NO_SLEEP|NO_FEAR,0,5420,It is a towering glowing form of molten hate.
398,Black pudding,j,D,37,5,110,40d10,400,400,12,18,1,50,4,TOUCH:ACID:1d10,TOUCH:ACID:1d10,TOUCH:ACID:1d10,TOUCH:ACID:1d10,40,ACID,,,FORCE_MAXHP|FRIENDS|DROP_60|DROP_90|DROP_1D2|STUPID|EMPTY_MIND|COLD_BLOOD|TAKE_ITEM|OPEN_DOOR|BASH_DOOR|IM_ACID|IM_FIRE|IM_COLD|IM_ELEC|IM_POIS|NO_CONF|NO_SLEEP|NO_FEAR,0,5436,A lump of rotting black flesh that slurrrrrrrps across the dungeon floor.
399,Killer iridescent beetle,K,v,37,2,110,25d15,375,375,16,60,30,850,3,CLAW:ELEC:1d12,CLAW:ELEC:1d12,GAZE:PARALYZE,,24,ELEC|PARALYZE,,,FORCE_MAXHP|ATTR_MULTI|WEIRD_MIND|BASH_DOOR|ANIMAL|IM_ELEC,0,5453,"It is a giant beetle, whose carapace shimmers with vibrant energies."
400,Nexus vortex,v,v,37,1,120,32d10,176.0,320,100,40,0,800,1,ENGULF:HURT:5d5,,,,25,,6,BR_NEXU,FORCE_SLEEP|RAND_50|RAND_25|EMPTY_MIND|BASH_DOOR|POWERFUL|NO_CONF|NO_SLEEP|NO_FEAR|RES_NEXUS,0,5465,A maelstrom of potent magical energy.
401,Plasma vortex,v,R,37,1,120,32d10,176.0,320,100,40,0,800,2,ENGULF:FIRE:4d8,ENGULF:ELEC:4d8,,,64,ELEC|FIRE,6,BR_PLAS,FORCE_SLEEP|RAND_50|RAND_25|EMPTY_MIND|BASH_DOOR|POWERFUL|IM_FIRE|IM_ELEC|RES_PLAS|NO_CONF|NO_SLEEP|NO_FEAR,0,5478,"A whirlpool of intense flame, charring the stones at your feet."
402,Mature red dragon,d,r,36,1,110,50d10,500,500,20,80,70,1500,3,CLAW:HURT:2d10,CLAW:HURT:2d10,BITE:HURT:4d10,,80,,9,CONF|SCARE|BR_FIRE,FORCE_SLEEP|FORCE_MAXHP|DROP_1D2|DROP_4D2|BASH_DOOR|EVIL|DRAGON|IM_FIRE|NO_CONF|NO_SLEEP,0,5493,"A large dragon, scales tinted deep red."
403,Mature gold dragon,d,y,36,1,110,50d10,500,500,20,80,70,1500,3,CLAW:HURT:2d10,CLAW:HURT:2d10,BITE:HURT:4d10,,80,,9,CONF|SCARE|BR_SOUN,FORCE_SLEEP|FORCE_MAXHP|DROP_1D2|DROP_4D2|BASH_DOOR|EVIL|DRAGON|NO_CONF|NO_SLEEP,0,5509,A large dragon with scales of gleaming gold.
404,Crystal drake,d,u,33,3,110,45d10,450,450,20,70,70,1350,3,CLAW:HURT:2d4,CLAW:HURT:2d4,BITE:HURT:3d6,,34,,6,SLOW|CONF|SCARE|BR_SHAR,FORCE_SLEEP|FORCE_MAXHP|ONLY_ITEM|DROP_3D2|OPEN_DOOR|BASH_DOOR|EVIL|DRAGON|IM_COLD|NO_CONF|NO_SLEEP,0,5525,"A dragon of strange crystalline form.  Light shines through it, dazzling your eyes with spectrums of colour."
405,Mature black dragon,d,s,36,1,110,50d10,500,500,20,80,70,1500,3,CLAW:HURT:2d10,CLAW:HURT:2d10,BITE:HURT:4d10,,80,,9,SCARE|BR_ACID,FORCE_SLEEP|FORCE_MAXHP|DROP_1D2|DROP_4D2|BASH_DOOR|EVIL|DRAGON|IM_ACID|NO_CONF|NO_SLEEP,0,5542,"A large dragon, with scales of deepest black."
406,Mature multi-hued dragon,d,v,38,1,110,60d10,600,600,20,80,70,1800,3,CLAW:HURT:2d12,CLAW:HURT:2d12,BITE:HURT:4d12,,96,,7,BLIND|CONF|SCARE|BR_ACID|BR_FIRE|BR_COLD|BR_ELEC|BR_POIS,ATTR_MULTI|FORCE_SLEEP|FORCE_MAXHP|DROP_2D2|DROP_4D2|OPEN_DOOR|BASH_DOOR|EVIL|DRAGON|IM_ACID|IM_FIRE|IM_COLD|IM_ELEC|IM_POIS|NO_CONF|NO_SLEEP,0,5558,"A large dragon, scales shimmering many colours."
407,Death knight,p,D,38,1,120,60d10,600,600,20,100,10,1000,3,HIT:HURT:6d6,HIT:HURT:5d5,HIT:HURT:5d5,,86,,5,BLIND|SCARE|CAUSE_3|BO_NETH|S_MONSTERS,FORCE_SLEEP|FORCE_MAXHP|SMART|ONLY_ITEM|DROP_1D2|DROP_2D2|COLD_BLOOD|OPEN_DOOR|BASH_DOOR|EVIL|IM_COLD,0,5576,"It is a humanoid figure dressed in armour of an ancient form.  From beneath its helmet, eyes glow a baleful red and seem to pierce you like lances of fire."
408,Castamir the Usurper,p,R,38,5,120,88d10,880,880,20,90,40,1600,4,HIT:HURT:5d5,HIT:HURT:5d5,HIT:HURT:5d5,HIT:HURT:5d5,100,,2,HEAL|TRAPS|BO_FIRE|BO_COLD|BO_ELEC|BO_ICEE,UNIQUE|MALE|FORCE_SLEEP|FORCE_MAXHP|ONLY_ITEM|DROP_2D2|DROP_GOOD|SMART|OPEN_DOOR|TAKE_ITEM|BASH_DOOR|EVIL,1,5594,"A Black Numenorean who usurped the throne of Gondor, he is treacherous and evil."
409,Time vortex,v,B,38,4,130,32d10,176.0,320,100,40,0,800,1,ENGULF:EXP_20:5d5,,,,25,EXP_20,6,BR_TIME,FORCE_SLEEP|RAND_50|RAND_25|EMPTY_MIND|BASH_DOOR|POWERFUL|NO_CONF|NO_SLEEP|NO_FEAR,0,5612,You haven't seen it yet.
410,Shimmering vortex,v,o,38,4,140,32d10,176.0,320,100,40,0,800,2,ENGULF:BLIND:4d4,ENGULF:BLIND:4d4,,,32,BLIND,4,BR_LITE|SHRIEK,FORCE_SLEEP|RAND_50|RAND_25|EMPTY_MIND|BASH_DOOR|POWERFUL|NO_CONF|NO_SLEEP|NO_FEAR,0,5625,"A strange pillar of shining light that hurts your eyes.  Its shape changes constantly as it cuts through the air towards you.  It is like a beacon, waking monsters from their slumber."
411,Ancient blue dragon,D,b,40,1,120,72d10,720,720,20,90,80,2000,3,CLAW:HURT:4d8,CLAW:HURT:4d8,BITE:ELEC:7d8,,120,ELEC,6,BLIND|CONF|SCARE|BR_ELEC,FORCE_SLEEP|FORCE_MAXHP|DROP_3D2|DROP_4D2|SMART|BASH_DOOR|POWERFUL|MOVE_BODY|EVIL|DRAGON|IM_ELEC|NO_CONF|NO_SLEEP,0,5641,A huge draconic form.  Lightning crackles along its length.
412,Ancient bronze dragon,D,U,40,1,120,72d10,720,720,20,90,80,2000,3,CLAW:HURT:4d8,CLAW:HURT:4d8,BITE:HURT:7d8,,120,,6,BLIND|CONF|SCARE|BR_CONF,FORCE_SLEEP|FORCE_MAXHP|DROP_3D2|DROP_4D2|SMART|BASH_DOOR|POWERFUL|MOVE_BODY|EVIL|DRAGON|NO_CONF|NO_SLEEP,0,5657,A huge draconic form enveloped in a cascade of colour.
413,Beholder,e,U,40,3,120,16d100,1600,1600,30,80,10,6000,4,GAZE:EXP_20:2d6,GAZE:UN_POWER:2d6,GAZE:LOSE_INT:2d6,BITE:HURT:6d6,72,EXP_20|LOSE_INT|UN_POWER,2,BLIND|SLOW|CONF|SCARE|DRAIN_MANA|MIND_BLAST|FORGET|DARKNESS|BO_ACID|BO_FIRE|BO_COLD|BO_ELEC,FORCE_SLEEP|FORCE_MAXHP|BASH_DOOR|EVIL|IM_POIS|NO_CONF|NO_SLEEP,0,5673,"A vile creature with one huge central eye, twelve smaller eyes on stalks, and a huge mouth filled with sharp teeth."
414,Emperor wight,W,r,38,2,120,38d10,380,380,20,40,10,1600,4,HIT:HURT:1d12,HIT:HURT:1d12,TOUCH:EXP_80,TOUCH:EXP_80,24,EXP_80,6,HOLD|SCARE|CAUSE_3|BO_NETH,FORCE_SLEEP|FORCE_MAXHP|ONLY_ITEM|DROP_90|DROP_4D2|COLD_BLOOD|OPEN_DOOR|BASH_DOOR|EVIL|UNDEAD|IM_COLD|IM_POIS|HURT_LITE|NO_CONF|NO_SLEEP,0,5690,Your life force is torn from your body as this powerful unearthly being approaches.
415,Seraph,A,r,45,6,120,150d10,1500,1500,30,68,255,5000,4,HIT:HURT:4d6,HIT:HURT:5d5,HIT:HURT:5d5,HIT:HURT:4d6,98,,11,HEAL|HASTE|TELE_AWAY|CONF|BO_MANA|BO_PLAS|S_MONSTERS|S_ANGEL,FORCE_SLEEP|FORCE_MAXHP|SMART|ONLY_ITEM|DROP_1D2|DROP_2D2|TAKE_ITEM|OPEN_DOOR|BASH_DOOR|POWERFUL|MOVE_BODY|IM_ACID|IM_FIRE|IM_COLD|IM_ELEC|IM_POIS|NO_CONF|NO_SLEEP|NO_FEAR,0,5707,"It is an angel, fast and strong.  You are stunned by its extreme holiness and try to resist all desires to obey it."
416,"Vargo, Tyrant of Fire",E,r,43,3,120,24d100,2400,2400,12,50,50,4000,4,HIT:FIRE:4d6,HIT:FIRE:4d6,HIT:FIRE:4d6,HIT:FIRE:4d6,96,FIRE,4,BO_PLAS|BA_FIRE,UNIQUE|FORCE_SLEEP|FORCE_MAXHP|RAND_25|EMPTY_MIND|KILL_ITEM|KILL_BODY|BASH_DOOR|POWERFUL|IM_FIRE|IM_POIS|IM_ACID|IM_ELEC|NO_CONF|NO_SLEEP|NO_FEAR,1,5726,"A towering fire elemental, Vargo burns everything beyond recognition."
417,Black wraith,W,D,38,2,120,50d10,500,500,20,55,10,1700,4,HIT:HURT:1d12,HIT:HURT:1d12,TOUCH:EXP_40,TOUCH:EXP_40,24,EXP_40,7,BLIND|HOLD|SCARE|CAUSE_3|BO_NETH,FORCE_SLEEP|FORCE_MAXHP|ONLY_ITEM|DROP_1D2|DROP_2D2|COLD_BLOOD|OPEN_DOOR|BASH_DOOR|EVIL|UNDEAD|IM_COLD|IM_POIS|HURT_LITE|NO_CONF|NO_SLEEP,0,5744,"A figure that seems made of void, its strangely human shape is cloaked in shadow.  It reaches out at you."
418,Erinyes,U,u,38,2,110,24d10,240,240,20,50,80,1000,2,HIT:HURT:3d4,TOUCH:LOSE_STR:1d5,,,17,LOSE_STR,7,BLIND|CONF|BO_FIRE,FEMALE|FORCE_SLEEP|FORCE_MAXHP|ONLY_ITEM|DROP_60|OPEN_DOOR|BASH_DOOR|POWERFUL|EVIL|DEMON|IM_FIRE|IM_POIS|NO_CONF|NO_SLEEP,0,5761,"It is a lesser demon of female form; however, she takes little time to show her true colours."
419,Nether wraith,W,G,39,2,120,48d10,480,480,20,55,10,1700,4,HIT:HURT:1d12,HIT:HURT:1d12,TOUCH:EXP_80,TOUCH:EXP_80,24,EXP_80,6,BLIND|SCARE|CAUSE_3|MIND_BLAST|DARKNESS|BO_NETH,FORCE_SLEEP|FORCE_MAXHP|ONLY_ITEM|DROP_90|DROP_4D2|INVISIBLE|COLD_BLOOD|PASS_WALL|EVIL|UNDEAD|IM_COLD|IM_POIS|HURT_LITE|NO_CONF|NO_SLEEP,0,5778,"A form that hurts the eye, death permeates the air around it.  As it nears you, a coldness saps your soul."
420,Eldrak,T,r,37,3,110,75d10,750,750,20,80,50,800,3,HIT:HURT:3d4,HIT:HURT:3d4,HIT:HURT:3d4,,36,,,,FORCE_MAXHP|DROP_60|TAKE_ITEM|OPEN_DOOR|BASH_DOOR|EVIL|TROLL|IM_POIS|NO_CONF|NO_SLEEP,0,5796,"A massive troll, larger and stronger than many men together."
421,Ettin,T,b,38,3,110,15d100,1500,1500,20,100,30,1000,3,HIT:HURT:3d6,HIT:HURT:3d6,HIT:HURT:3d6,,54,,,,FORCE_MAXHP|ONLY_ITEM|DROP_1D2|OPEN_DOOR|BASH_DOOR|EVIL|TROLL|IM_POIS|NO_CONF|NO_SLEEP,0,5809,"A massive two-headed troll of huge strength, ettins are stupid but violent. They are also living proof that two heads are not more intelligent than one..."
422,"Waldern, King of Water",E,b,43,3,120,25d100,2500,2500,12,80,50,4250,4,HIT:HURT:5d5,HIT:HURT:5d5,HIT:HURT:5d5,HIT:HURT:5d5,100,,4,BO_ICEE|BO_WATE|BA_COLD|BA_WATE,UNIQUE|FORCE_SLEEP|FORCE_MAXHP|RAND_25|EMPTY_MIND|COLD_BLOOD|KILL_ITEM|KILL_BODY|BASH_DOOR|POWERFUL|IM_POIS|IM_ACID|IM_FIRE|IM_COLD|IM_WATER|NO_CONF|NO_SLEEP|NO_FEAR,1,5823,"A towering water elemental, Waldern is master of all things liquid. Wave after wave drowns your frail body."
423,Kavlax the Many-Headed,d,v,39,3,120,13d100,1300,1300,20,85,30,3000,4,BITE:HURT:2d12,BITE:HURT:2d12,BITE:HURT:2d12,BITE:HURT:2d12,96,,4,BR_ACID|BR_FIRE|BR_COLD|BR_ELEC|BR_SOUN|BR_CONF|BR_SHAR|BR_GRAV|BR_NEXU,UNIQUE|MALE|ATTR_MULTI|FORCE_SLEEP|FORCE_MAXHP|ONLY_ITEM|DROP_4D2|DROP_GOOD|OPEN_DOOR|BASH_DOOR|POWERFUL|EVIL|DRAGON|IM_ACID|IM_FIRE|IM_COLD|IM_ELEC|NO_CONF|NO_SLEEP|RES_NEXUS,1,5842,"A large dragon with a selection of heads, all shouting and arguing as they look for prey, but each with its own deadly breath weapon."
424,Ancient white dragon,D,w,40,1,120,72d10,720,720,20,90,80,2000,3,CLAW:HURT:4d8,CLAW:HURT:4d8,BITE:COLD:7d8,,120,COLD,6,BLIND|CONF|SCARE|BR_COLD,FORCE_SLEEP|FORCE_MAXHP|DROP_3D2|DROP_4D2|SMART|BASH_DOOR|POWERFUL|MOVE_BODY|EVIL|DRAGON|IM_COLD|NO_CONF|NO_SLEEP,0,5862,A huge draconic form.  Frost covers it from head to tail.
425,Ancient green dragon,D,g,40,1,120,72d10,720,720,20,90,80,2000,3,CLAW:HURT:4d8,CLAW:HURT:4d8,BITE:POISON:7d8,,120,POISON,6,BLIND|CONF|SCARE|BR_POIS,FORCE_SLEEP|FORCE_MAXHP|DROP_3D2|DROP_4D2|SMART|BASH_DOOR|POWERFUL|MOVE_BODY|EVIL|DRAGON|IM_POIS|NO_CONF|NO_SLEEP,0,5878,A huge draconic form enveloped in clouds of poisonous vapour.
426,7-headed hydra,M,G,39,2,120,100d10,550.0,1000,20,90,20,2000,4,BITE:POISON:3d9,BITE:POISON:3d9,BITE:POISON:3d9,SPIT:BLIND:1d2,83,BLIND|POISON,5,SCARE|BA_POIS|BR_POIS,FORCE_SLEEP|ONLY_GOLD|DROP_2D2|DROP_4D2|BASH_DOOR|MOVE_BODY|ANIMAL|IM_POIS,0,5894,A strange reptilian hybrid with seven heads dripping venom.
427,Night mare,q,G,39,3,120,15d100,1500,1500,30,85,0,2900,4,BITE:EXP_80:2d6,HIT:HURT:3d8,HIT:HURT:3d8,HIT:CONFUSE:6d6,96,CONFUSE|EXP_80,,,FORCE_MAXHP|ONLY_GOLD|DROP_2D2|COLD_BLOOD|OPEN_DOOR|BASH_DOOR|EVIL|UNDEAD|IM_COLD|IM_POIS|NO_CONF|NO_SLEEP,0,5911,"A fearsome skeletal horse with glowing eyes, that watch you with little more than a hatred of all that lives."
428,Vampire lord,V,b,42,1,120,16d100,1600,1600,20,70,10,1800,4,HIT:HURT:3d6,HIT:HURT:3d6,BITE:EXP_80:4d6,BITE:EXP_80:4d6,84,EXP_80,7,BLIND|HOLD|SCARE|CAUSE_3|CAUSE_4|DRAIN_MANA|BRAIN_SMASH|DARKNESS|BO_NETH,FORCE_SLEEP|FORCE_MAXHP|DROP_60|DROP_4D2|COLD_BLOOD|OPEN_DOOR|BASH_DOOR|REGENERATE|EVIL|UNDEAD|IM_COLD|IM_POIS|HURT_LITE|NO_CONF|NO_SLEEP,0,5926,A foul wind chills your bones as this ghastly figure approaches.
429,Ancient black dragon,D,s,41,1,120,10d100,1000,1000,20,90,80,2500,3,CLAW:HURT:4d9,CLAW:HURT:4d9,BITE:ACID:7d9,,135,ACID,6,BLIND|CONF|SCARE|BR_ACID,FORCE_SLEEP|FORCE_MAXHP|DROP_3D2|DROP_4D2|SMART|BASH_DOOR|POWERFUL|MOVE_BODY|EVIL|DRAGON|IM_ACID|NO_CONF|NO_SLEEP,0,5944,A huge draconic form.  Pools of acid melt the floor around it.
430,Disenchanter worm mass,w,v,40,3,100,10d8,45.0,80,7,5,10,30,1,CRAWL:UN_BONUS:1d4,,,,4,UN_BONUS,,,RAND_50|ATTR_MULTI|STUPID|WEIRD_MIND|MULTIPLY|BASH_DOOR|ANIMAL|HURT_LITE|NO_FEAR|RES_DISE,0,5960,It is a strange mass of squirming worms.  Magical energy crackles around its disgusting form.
431,Rotting quylthulg,Q,u,45,1,120,48d10,480,480,20,1,0,3000,0,,,,,0,,2,BLINK|TPORT|S_UNDEAD,FORCE_SLEEP|FORCE_MAXHP|NEVER_MOVE|NEVER_BLOW|INVISIBLE|EMPTY_MIND|ANIMAL|NO_CONF|NO_SLEEP|NO_FEAR,0,5971,It is a pulsing flesh mound that reeks of death and putrefaction.
432,Spirit troll,G,G,40,3,110,10d100,1000,1000,20,90,5,900,3,HIT:HURT:3d6,HIT:HURT:3d6,HIT:HURT:3d6,,54,,,,FORCE_MAXHP|DROP_90|INVISIBLE|PASS_WALL|EVIL|UNDEAD|TROLL|IM_COLD|IM_ELEC|IM_POIS|NO_CONF|NO_SLEEP|REGENERATE,0,5983,A weird ghostly troll-like being from the ethereal plane.
433,Lesser titan,P,y,56,3,120,24d100,2400,2400,30,80,15,6000,4,HIT:CONFUSE:9d9,HIT:CONFUSE:9d9,HIT:CONFUSE:9d9,HIT:CONFUSE:9d9,324,CONFUSE,3,BOULDER|HEAL|TELE_TO|S_MONSTERS,FORCE_SLEEP|FORCE_MAXHP|DROP_4D2|DROP_GOOD|ONLY_ITEM|SMART|TAKE_ITEM|OPEN_DOOR|BASH_DOOR|EVIL|GIANT,0,5997,It is a humanoid figure thirty feet tall that gives off an aura of power and hate.
434,9-headed hydra,M,r,40,2,120,100d12,650.0,1200,20,95,20,3000,4,BITE:FIRE:3d10,BITE:FIRE:3d10,BITE:FIRE:3d10,BITE:FIRE:3d10,120,FIRE,4,SCARE|BO_FIRE|BR_FIRE,FORCE_SLEEP|ONLY_GOLD|DROP_2D2|DROP_4D2|OPEN_DOOR|BASH_DOOR|MOVE_BODY|ANIMAL|IM_FIRE,0,6014,A strange reptilian hybrid with nine smouldering heads.
435,Enchantress,p,R,40,4,130,52d10,520,520,20,60,10,2100,3,HIT:HURT:2d6,HIT:HURT:2d6,HIT:HURT:2d8,,40,,2,BLIND|S_DRAGON,FEMALE|FORCE_SLEEP|FORCE_MAXHP|ONLY_ITEM|DROP_2D2|DROP_GOOD|OPEN_DOOR|BASH_DOOR|EVIL|NO_CONF|NO_SLEEP,0,6031,"This elusive female spellcaster has a special affinity for dragons, whom she rarely fights without."
436,Knight Templar,p,w,44,2,120,60d20,1200,1200,20,60,10,2000,3,HIT:HURT:5d5,HIT:HURT:5d5,HIT:HURT:5d5,,75,,4,HEAL|CAUSE_3|CAUSE_4|HASTE|SCARE|BLIND|S_ANGEL,MALE|FORCE_MAXHP|ONLY_ITEM|DROP_90|DROP_2D2|TAKE_ITEM|OPEN_DOOR|BASH_DOOR|SMART|NO_CONF|NO_SLEEP|NO_FEAR,0,6049,"It seems that the more devout the person, the more likely they are to cross the boundary between piety and sanctimoniousness.  And such is the case with the Order of the Knights Templar; they are among the most pious and powerful of the religious knightly orders, but noted for their intolerance. Thus it is Morgoth's will that is unwittingly done, as the forces of good are set against each other."
437,Sorcerer,p,R,40,2,130,52d10,520,520,20,60,10,2150,3,HIT:HURT:2d8,HIT:HURT:2d8,HIT:HURT:2d8,,48,,2,BLINK|TELE_TO|BLIND|CONF|CAUSE_3|TRAPS|BO_ACID|BA_FIRE|BA_COLD|S_MONSTER|S_UNDEAD|S_DRAGON,MALE|FORCE_SLEEP|FORCE_MAXHP|ONLY_ITEM|DROP_90|DROP_4D2|OPEN_DOOR|BASH_DOOR|EVIL|NO_CONF|NO_SLEEP,0,6069,"A human figure in robes, he moves with magically improved speed, and his hands are ablur with spell casting."
438,Xaren,X,s,40,1,120,32d10,320,320,20,80,10,1200,4,HIT:HURT:3d4,HIT:HURT:3d4,HIT:HURT:3d4,HIT:HURT:3d4,48,,,,FORCE_MAXHP|EMPTY_MIND|COLD_BLOOD|KILL_ITEM|PASS_WALL|ONLY_GOLD|DROP_2D2|IM_FIRE|IM_COLD|IM_ELEC|IM_POIS|HURT_ROCK|NO_CONF|NO_SLEEP,0,6088,It is a tougher relative of the Xorn.  Its hide glitters with metal ores.
439,Giant roc,B,u,40,3,110,80d13,560.0,1040,20,70,10,1000,3,CRUSH:HURT:8d12,CRUSH:HURT:8d12,HIT:ELEC:12d12,,336,ELEC,,,BASH_DOOR|ANIMAL|IM_ELEC,0,6104,"A vast legendary bird, its iron talons rake the most impenetrable of surfaces and its screech echoes through the many winding dungeon corridors."
440,Uvatha the Horseman,W,D,40,3,120,18d100,1800,1800,90,60,10,10000,4,HIT:HURT:6d6,HIT:HURT:6d6,HIT:EXP_80:4d6,HIT:EXP_80:4d6,120,EXP_80,,,UNIQUE|MALE|FORCE_MAXHP|ONLY_ITEM|DROP_2D2|DROP_GOOD|COLD_BLOOD|OPEN_DOOR|BASH_DOOR|MOVE_BODY|EVIL|UNDEAD|IM_COLD|IM_POIS|HURT_LITE|NO_CONF|NO_SLEEP,1,6116,"A tall black cloaked Ringwraith, he is a master of horsemanship.  He longs to taste your blood."
441,Minotaur,H,s,40,2,130,100d10,550.0,1000,13,25,10,2100,4,BUTT:HURT:4d6,BUTT:HURT:4d6,BUTT:HURT:2d6,BUTT:HURT:2d6,72,,,,BASH_DOOR|EVIL,0,6132,It is a cross between a human and a bull.
442,"Medusa, the Gorgon",n,v,40,3,120,24d100,2400,2400,30,100,5,9000,4,GAZE:EXP_80,GAZE:PARALYZE,HIT:HURT:8d6,HIT:HURT:8d6,96,EXP_80|PARALYZE,2,HOLD|SCARE|CAUSE_3|BO_FIRE|BO_PLAS|BA_ACID|S_HYDRA|S_KIN,UNIQUE|FEMALE|FORCE_SLEEP|FORCE_MAXHP|ONLY_ITEM|DROP_1D2|DROP_2D2|DROP_GOOD|SMART|OPEN_DOOR|BASH_DOOR|EVIL|IM_ACID|IM_FIRE|IM_POIS|NO_CONF|NO_SLEEP,1,6144,"One of the original three ugly sisters.  Her face could sink a thousand ships.  Her scales rattle as she slithers towards you, venom dripping from her ghastly mouth."
443,Death drake,D,G,45,2,120,21d100,2100,2100,25,100,80,10000,3,CLAW:HURT:4d10,CLAW:HURT:4d10,BITE:EXP_80:7d10,,150,EXP_80,5,SLOW|CONF|SCARE|BR_NETH|DARKNESS,FORCE_SLEEP|FORCE_MAXHP|ONLY_ITEM|DROP_2D2|DROP_4D2|INVISIBLE|TAKE_ITEM|SMART|PASS_WALL|POWERFUL|MOVE_BODY|EVIL|DRAGON|IM_COLD|NO_CONF|NO_SLEEP,0,6164,It is a dragon-like form wrapped in darkness.  You cannot make out its true form but you sense its evil.
444,Ancient red dragon,D,r,41,1,120,10d100,1000,1000,20,90,80,2500,3,CLAW:HURT:4d9,CLAW:HURT:4d9,BITE:FIRE:7d9,,135,FIRE,6,BLIND|CONF|SCARE|BR_FIRE,FORCE_SLEEP|FORCE_MAXHP|DROP_3D2|DROP_4D2|SMART|BASH_DOOR|POWERFUL|MOVE_BODY|EVIL|DRAGON|IM_FIRE|NO_CONF|NO_SLEEP,0,6182,A huge draconic form.  Wisps of smoke steam from its nostrils and the extreme heat surrounding it makes you gasp for breath.
445,Ancient gold dragon,D,y,41,1,120,10d100,1000,1000,20,90,80,2500,3,CLAW:HURT:4d9,CLAW:HURT:4d9,BITE:HURT:7d9,,135,,6,BLIND|CONF|SCARE|BR_SOUN,FORCE_SLEEP|FORCE_MAXHP|DROP_3D2|DROP_4D2|SMART|BASH_DOOR|POWERFUL|MOVE_BODY|EVIL|DRAGON|NO_CONF|NO_SLEEP,0,6199,A huge draconic form wreathed in a nimbus of light. Its roar stuns and deafens you.
446,Great crystal drake,D,u,45,2,120,21d100,2100,2100,25,100,80,10000,3,CLAW:HURT:4d10,CLAW:HURT:4d10,BITE:HURT:7d10,,150,,5,SLOW|CONF|SCARE|BR_SHAR,FORCE_SLEEP|FORCE_MAXHP|ONLY_ITEM|DROP_2D2|DROP_4D2|SMART|BASH_DOOR|POWERFUL|MOVE_BODY|EVIL|DRAGON|IM_COLD|NO_CONF|NO_SLEEP,0,6215,A huge crystalline dragon.  Its claws could cut you to shreds and its teeth are razor sharp.  Strange colours ripple through it as it moves in the light.
447,Vrock,U,s,40,2,110,40d10,400,400,20,50,80,2000,3,HIT:HURT:3d4,CRUSH:HURT:8d12,CRUSH:HURT:8d12,,204,,8,BLIND|CONF,FORCE_SLEEP|FORCE_MAXHP|FRIENDS|ONLY_ITEM|DROP_60|OPEN_DOOR|BASH_DOOR|POWERFUL|EVIL|DEMON|IM_FIRE|NO_CONF|NO_SLEEP,0,6233,It is a demon with a long neck and raking claws.
448,Death quasit,u,D,40,3,130,44d10,440,440,20,80,0,1000,3,BITE:LOSE_DEX:3d6,CLAW:HURT:3d3,CLAW:HURT:3d3,,36,LOSE_DEX,10,BLIND|CONF|SCARE|CAUSE_3|FORGET|S_DEMON,FORCE_SLEEP|FORCE_MAXHP|ONLY_ITEM|DROP_90|DROP_2D2|DROP_4D2|SMART|INVISIBLE|PASS_WALL|EVIL|DEMON|IM_FIRE|IM_POIS|NO_CONF|NO_SLEEP|NO_FEAR,0,6249,"It is a demon of small stature, but its armoured frame moves with lightning speed and its powers make it a tornado of death and destruction."
449,Adunaphel the Quiet,W,D,43,3,120,21d100,2100,2100,90,60,10,13000,4,HIT:HURT:6d6,HIT:HURT:6d6,TOUCH:EXP_80:5d6,TOUCH:EXP_80:5d6,132,EXP_80,3,BLIND|HOLD|SCARE|CAUSE_3|FORGET|BO_ACID|BO_FIRE|BO_COLD|BO_NETH|S_MONSTER,UNIQUE|FEMALE|FORCE_SLEEP|FORCE_MAXHP|ONLY_ITEM|DROP_4D2|DROP_GOOD|INVISIBLE|COLD_BLOOD|PASS_WALL|MOVE_BODY|EVIL|UNDEAD|IM_COLD|IM_POIS|HURT_LITE|NO_CONF|NO_SLEEP,1,6267,"A sorceress in life, Adunaphel quickly fell under Sauron's sway and the power of the rings."
450,Dark elven sorcerer,h,R,41,2,130,80d10,800,800,20,70,10,3000,3,HIT:HURT:2d8,HIT:HURT:2d8,HIT:HURT:2d8,,48,,2,HEAL|BLINK|TELE_TO|BLIND|CONF|CAUSE_3|DARKNESS|BO_ACID|BA_FIRE|BA_COLD|S_MONSTER|S_UNDEAD|S_DEMON,MALE|FORCE_SLEEP|FORCE_MAXHP|ONLY_ITEM|DROP_90|DROP_4D2|SMART|OPEN_DOOR|BASH_DOOR|EVIL|HURT_LITE|NO_CONF|NO_SLEEP,0,6288,"A dark elven figure, dressed in deepest black.  Power seems to crackle from his slender frame."
451,Master lich,L,r,41,2,120,18d100,1800,1800,20,80,50,10000,4,TOUCH:EXP_80,TOUCH:UN_POWER,TOUCH:LOSE_DEX:2d12,TOUCH:LOSE_DEX:2d12,48,EXP_80|LOSE_DEX|UN_POWER,3,BLINK|TELE_TO|BLIND|HOLD|CONF|SCARE|CAUSE_3|CAUSE_4|DRAIN_MANA|BRAIN_SMASH|S_UNDEAD,FORCE_SLEEP|FORCE_MAXHP|SMART|ONLY_ITEM|DROP_2D2|DROP_4D2|COLD_BLOOD|OPEN_DOOR|BASH_DOOR|EVIL|UNDEAD|IM_COLD|IM_POIS|NO_CONF|NO_SLEEP,0,6307,A skeletal form wrapped in robes.  Powerful magic crackles along its bony fingers.
452,Hezrou,U,g,41,3,110,52d10,520,520,20,40,80,2500,2,HIT:HURT:3d4,HIT:HURT:3d4,,,24,,9,BO_FIRE|S_DEMON,FORCE_SLEEP|FORCE_MAXHP|FRIENDS|ONLY_ITEM|DROP_1D2|OPEN_DOOR|BASH_DOOR|POWERFUL|EVIL|DEMON|IM_FIRE|NO_CONF|NO_SLEEP,0,6326,It is a demon of lizard form with cruel-looking jaws.
453,Akhorahil the Blind,W,D,45,3,120,24d100,2400,2400,90,70,10,15000,4,HIT:HURT:7d6,HIT:HURT:7d6,GAZE:EXP_80:6d6,WAIL:TERRIFY:6d6,156,EXP_80|TERRIFY,3,BLIND|HOLD|SCARE|CAUSE_3|DARKNESS|BO_FIRE|BO_COLD|BO_NETH|S_MONSTERS,UNIQUE|MALE|FORCE_SLEEP|FORCE_MAXHP|ONLY_ITEM|DROP_4D2|DROP_GOOD|COLD_BLOOD|OPEN_DOOR|BASH_DOOR|MOVE_BODY|EVIL|UNDEAD|IM_COLD|IM_POIS|HURT_LITE|NO_CONF|NO_SLEEP,1,6341,"A mighty sorcerer King, Akhorahil was blind in life.  With powerful enchantments, he created jewelled eyes that enabled him to see better than any ordinary man ever could."
454,"Gorlim, Betrayer of Barahir",p,s,41,3,120,16d100,1600,1600,20,120,40,7000,4,HIT:HURT:8d6,HIT:HURT:8d6,HIT:UN_BONUS:6d8,HIT:UN_BONUS:6d8,192,UN_BONUS,2,CAUSE_3|BO_WATE|BO_MANA,UNIQUE|MALE|FORCE_SLEEP|FORCE_MAXHP|ONLY_ITEM|DROP_2D2|DROP_GOOD|SMART|OPEN_DOOR|BASH_DOOR|IM_ACID|IM_COLD|IM_ELEC|IM_POIS|NO_CONF|NO_SLEEP,1,6362,"This sad creature - once a mighty warrior - betrayed his former friends to Morgoth's army in return for, he thought, safety for himself and his wife. And so he fell under Morgoth's power and became little more than a mindless servant of evil, even though the other side of his ""bargain"" was not kept."
455,Archon,A,y,55,5,130,100d35,1800.0,3500,30,140,255,10000,4,GAZE:TERRIFY:4d4,GAZE:TERRIFY:4d4,HIT:HURT:8d6,HIT:HURT:8d6,128,TERRIFY,3,TELE_TO|BLIND|SCARE|CAUSE_2|CAUSE_4|BO_MANA|S_ANGEL,FORCE_SLEEP|ONLY_ITEM|DROP_3D2|DROP_4D2|DROP_GOOD|SMART|TAKE_ITEM|OPEN_DOOR|BASH_DOOR|POWERFUL|MOVE_BODY|IM_ACID|IM_FIRE|IM_COLD|IM_ELEC|IM_POIS|NO_CONF|NO_FEAR|NO_SLEEP,0,6382,Never a more heavenly being have you seen.  The very holiness of its presence makes you deeply respect it.  Few creatures can match the powers of an Archon; fewer still live to tell the tale after attacking one.
456,Glabrezu,U,U,43,2,110,70d10,700,700,20,40,80,3000,2,HIT:HURT:3d4,HIT:HURT:3d4,,,24,,9,BO_FIRE|S_DEMON,FORCE_SLEEP|FORCE_MAXHP|ONLY_ITEM|DROP_90|OPEN_DOOR|BASH_DOOR|POWERFUL|EVIL|DEMON|IM_FIRE|NO_CONF|NO_SLEEP,0,6402,"It is demon with arms and pincers, its form a true mockery of life."
457,Ren the Unclean,W,D,48,3,120,27d100,2700,2700,90,70,10,18000,4,HIT:HURT:7d7,HIT:HURT:7d7,TOUCH:EXP_80:6d7,WAIL:TERRIFY:6d7,182,EXP_80|TERRIFY,3,BLIND|HOLD|SCARE|CAUSE_3|BO_FIRE|BO_NETH|BA_FIRE|S_MONSTER,UNIQUE|MALE|FORCE_SLEEP|FORCE_MAXHP|ONLY_ITEM|DROP_4D2|DROP_GOOD|INVISIBLE|COLD_BLOOD|OPEN_DOOR|BASH_DOOR|MOVE_BODY|EVIL|UNDEAD|IM_FIRE|IM_COLD|IM_POIS|HURT_LITE|NO_CONF|NO_SLEEP,1,6417,"Ren was an insane eastern king who believed himself to be the son of a volcano god.  At an early age his sanity was destroyed by a plague that wiped out his family, and he never recovered."
458,Nalfeshnee,U,r,45,2,110,90d10,900,900,20,50,80,5000,3,HIT:HURT:3d4,HIT:HURT:3d4,HIT:HURT:3d4,,36,,9,BLIND|CONF|BR_FIRE|S_DEMON,FORCE_SLEEP|FORCE_MAXHP|ONLY_ITEM|DROP_1D2|OPEN_DOOR|BASH_DOOR|POWERFUL|EVIL|DEMON|IM_FIRE|NO_CONF|NO_SLEEP,0,6438,It is a large demon with the head of a giant boar.  Flames run up and down its length.
459,Undead beholder,e,u,45,3,120,27d100,2700,2700,30,100,10,8000,4,GAZE:EXP_40:3d6,GAZE:UN_POWER:3d6,GAZE:LOSE_INT:3d6,BITE:EXP_40:7d6,96,EXP_40|LOSE_INT|UN_POWER,2,SLOW|CONF|CAUSE_4|DRAIN_MANA|MIND_BLAST|FORGET|BO_MANA|BO_NETH|BRAIN_SMASH|BA_FIRE|BA_COLD|BO_ACID|S_UNDEAD,FORCE_SLEEP|FORCE_MAXHP|COLD_BLOOD|BASH_DOOR|EVIL|UNDEAD|IM_ACID|IM_FIRE|IM_COLD|IM_ELEC|IM_POIS|NO_CONF|NO_SLEEP,0,6457,"A beholder which has cheated death.  Black nether storms rage around the bloodshot pupil of its central giant eye, and light seems to bend as it sucks its power from the very air around it.  Your soul chills as it drains your vitality for its evil enchantments."
460,Dread,G,o,42,1,120,25d20,262.5,500,20,30,10,600,3,HIT:HURT:6d6,HIT:HURT:6d6,HIT:LOSE_STR:3d4,,84,LOSE_STR,15,BLIND|HOLD|CONF|DRAIN_MANA|BO_NETH,FORCE_SLEEP|RAND_25|FRIENDS|ONLY_ITEM|DROP_60|TAKE_ITEM|INVISIBLE|COLD_BLOOD|PASS_WALL|EVIL|UNDEAD|IM_COLD|IM_POIS|NO_CONF|NO_SLEEP,0,6479,"It is a form that screams its presence against the eye.  Death incarnate, its hideous black body seems to struggle against reality as the universe itself struggles to banish it."
461,Mumak,q,s,43,2,110,90d10,495.0,900,20,55,100,2100,3,BUTT:HURT:4d6,BUTT:HURT:4d6,CRUSH:HURT:4d4,,64,,,,FRIENDS|BASH_DOOR|ANIMAL,0,6498,A massive elephantine form with eyes twisted by madness.
462,Ancient multi-hued dragon,D,v,43,1,120,21d100,2100,2100,25,100,80,13000,3,CLAW:HURT:4d10,CLAW:HURT:4d10,BITE:HURT:7d10,,150,,5,BLIND|CONF|SCARE|BR_ACID|BR_FIRE|BR_COLD|BR_ELEC|BR_POIS,ATTR_MULTI|FORCE_SLEEP|FORCE_MAXHP|ONLY_ITEM|DROP_2D2|DROP_3D2|DROP_4D2|SMART|BASH_DOOR|POWERFUL|MOVE_BODY|EVIL|DRAGON|IM_ACID|IM_FIRE|IM_COLD|IM_ELEC|IM_POIS|NO_CONF|NO_SLEEP,0,6510,A huge draconic form.  Many colours ripple down its massive frame.  Few live to see another.
463,Ethereal dragon,D,o,45,2,120,21d100,2100,2100,25,100,80,10000,3,CLAW:HURT:4d10,CLAW:HURT:4d10,BITE:HURT:7d10,,150,,5,BLIND|CONF|BR_LITE|BR_DARK|BR_CONF,FORCE_SLEEP|FORCE_MAXHP|ONLY_ITEM|DROP_2D2|DROP_4D2|INVISIBLE|SMART|PASS_WALL|POWERFUL|MOVE_BODY|EVIL|DRAGON|NO_CONF|NO_SLEEP,0,6529,"A huge dragon emanating from the ethereal plane, this terrible dragon is a master of light and dark.  Its form disappears from sight as it cloaks itself in unearthly shadows."
464,Ji Indur Dawndeath,W,D,52,3,120,32d100,3200,3200,90,70,10,22000,4,HIT:HURT:8d7,HIT:HURT:8d7,TOUCH:EXP_40:6d7,TOUCH:EXP_40:6d7,196,EXP_40,3,BLIND|HOLD|SCARE|CAUSE_3|BA_FIRE|BA_NETH|BA_COLD|BA_ELEC|BA_ACID|S_UNDEAD,UNIQUE|MALE|FORCE_SLEEP|FORCE_MAXHP|ONLY_ITEM|DROP_4D2|DROP_GOOD|INVISIBLE|COLD_BLOOD|OPEN_DOOR|BASH_DOOR|MOVE_BODY|EVIL|UNDEAD|IM_FIRE|IM_COLD|IM_POIS|HURT_LITE|NO_CONF|NO_SLEEP,1,6548,This Ringwraith was a weak-minded sorcerer-king who fell easily under Sauron's power.
465,Marilith,U,y,47,2,120,20d70,1400,1400,20,75,80,7000,4,HIT:HURT:4d6,HIT:HURT:4d6,HIT:HURT:4d6,HIT:HURT:4d6,96,,9,BLIND|CAUSE_2|S_DEMON,FEMALE|FORCE_SLEEP|FORCE_MAXHP|ONLY_ITEM|DROP_1D2|OPEN_DOOR|BASH_DOOR|POWERFUL|EVIL|DEMON|IM_FIRE|NO_CONF|NO_SLEEP,0,6569,"She is a demon of female form with many arms, each bearing deadly weapons."
466,"Quaker, Master of Earth",E,u,43,3,110,28d100,2800,2800,10,97,90,4500,4,HIT:HURT:6d6,HIT:HURT:6d6,HIT:HURT:6d6,HIT:SHATTER:10d10,208,SHATTER,6,BO_ACID|BA_ACID,UNIQUE|MALE|FORCE_SLEEP|FORCE_MAXHP|EMPTY_MIND|COLD_BLOOD|KILL_ITEM|KILL_BODY|PASS_WALL|POWERFUL|IM_FIRE|IM_COLD|IM_ELEC|IM_POIS|HURT_ROCK|NO_CONF|NO_SLEEP|NO_FEAR,1,6587,A towering stone elemental stands before you.  The walls and ceiling are reduced to rubble as Quaker advances.
467,Lesser Balrog,U,v,49,2,120,20d100,2000,2000,20,50,80,10000,4,HIT:FIRE:4d12,HIT:FIRE:4d12,CRUSH:HURT:3d12,TOUCH:UN_POWER,132,FIRE|UN_POWER,4,BLIND|CONF|BR_FIRE|S_DEMON,FORCE_SLEEP|FORCE_MAXHP|ONLY_ITEM|DROP_1D2|DROP_2D2|DROP_GOOD|OPEN_DOOR|BASH_DOOR|POWERFUL|MOVE_BODY|EVIL|DEMON|IM_FIRE|NO_CONF|NO_SLEEP,0,6607,It is a massive humanoid demon wreathed in flames.
468,"Ariel, Queen of Air",E,B,43,3,130,27d100,2700,2700,12,50,50,4750,4,HIT:HURT:4d6,HIT:HURT:4d6,HIT:CONFUSE:4d4,HIT:CONFUSE:4d4,80,CONFUSE,5,BO_ELEC|BA_COLD|BA_ELEC,UNIQUE|FEMALE|FORCE_SLEEP|FORCE_MAXHP|RAND_25|EMPTY_MIND|COLD_BLOOD|KILL_ITEM|KILL_BODY|BASH_DOOR|POWERFUL|IM_ACID|IM_COLD|IM_ELEC|IM_POIS|NO_CONF|NO_SLEEP|NO_FEAR,1,6625,"A towering air elemental, Ariel, the sorceress, avoids your blows with her extreme speed."
469,11-headed hydra,M,R,44,2,120,100d18,950.0,1800,20,100,20,6000,4,BITE:FIRE:3d12,BITE:FIRE:3d12,BITE:FIRE:3d12,BITE:FIRE:3d12,144,FIRE,4,SCARE|BO_FIRE|BO_PLAS|BA_FIRE|BR_FIRE,FORCE_SLEEP|ONLY_GOLD|DROP_2D2|DROP_4D2|OPEN_DOOR|BASH_DOOR|MOVE_BODY|ANIMAL|IM_FIRE,0,6645,A strange reptilian hybrid with eleven smouldering heads.
470,Patriarch,p,G,40,2,120,52d10,520,520,20,60,10,1800,3,HIT:HURT:3d4,HIT:HURT:3d4,HIT:HURT:3d5,,39,,2,HEAL|BLIND|HOLD|CAUSE_3|CAUSE_4|S_MONSTER|S_UNDEAD,MALE|FORCE_SLEEP|FORCE_MAXHP|ONLY_ITEM|DROP_90|DROP_2D2|SMART|OPEN_DOOR|BASH_DOOR|EVIL|NO_CONF|NO_SLEEP,0,6662,"An evil priest, dressed all in black.  Deadly spells hit you at an alarming rate as his black spiked mace rains down blow after blow on your pitiful frame."
471,Dreadmaster,G,y,44,2,120,12d100,1200,1200,20,100,10,8000,4,HIT:HURT:6d6,HIT:HURT:6d6,HIT:LOSE_STR:3d4,HIT:LOSE_STR:3d4,96,LOSE_STR,9,TELE_LEVEL|BLIND|HOLD|CONF|CAUSE_4|DRAIN_MANA|BO_NETH|S_UNDEAD,FORCE_SLEEP|FORCE_MAXHP|RAND_25|ONLY_ITEM|DROP_1D2|DROP_4D2|SMART|TAKE_ITEM|INVISIBLE|COLD_BLOOD|PASS_WALL|EVIL|UNDEAD|IM_COLD|IM_POIS|NO_CONF|NO_SLEEP,0,6681,"It is an unlife of power almost unequaled.  An affront to existence, its very touch abuses and disrupts the flow of life, and its unearthly limbs, of purest black, crush rock and flesh with ease."
472,Drolem,g,g,44,3,120,25d100,2500,2500,25,130,30,12000,4,CLAW:HURT:3d10,CLAW:HURT:3d10,BITE:POISON:5d10,BITE:POISON:5d10,160,POISON,5,BLIND|SLOW|CONF|ARROW_3|BR_POIS,FORCE_SLEEP|FORCE_MAXHP|EMPTY_MIND|COLD_BLOOD|OPEN_DOOR|BASH_DOOR|DRAGON|IM_FIRE|IM_COLD|IM_ELEC|IM_POIS|NO_CONF|NO_SLEEP|NO_FEAR,0,6700,"A constructed dragon, the drolem has massive strength.  Powerful spells weaved during its creation make it a fearsome adversary.  Its eyes show little intelligence, but it has been instructed to destroy all it meets."
473,Scatha the Worm,D,W,46,2,120,22d100,2200,2200,30,130,70,17000,4,CLAW:HURT:4d10,CLAW:HURT:4d10,CLAW:COLD:4d14,BITE:COLD:4d14,192,COLD,4,CONF|CAUSE_3|BR_COLD,UNIQUE|MALE|FORCE_SLEEP|FORCE_MAXHP|ONLY_ITEM|DROP_3D2|DROP_4D2|DROP_GOOD|SMART|BASH_DOOR|POWERFUL|MOVE_BODY|EVIL|DRAGON|IM_COLD|NO_CONF|NO_SLEEP,1,6720,"An ancient and wise Dragon.  Scatha has grown clever over the long years. His scales are covered with frost, and his breath sends a shower of ice into the air."
474,"Dwar, Dog Lord of Waw",W,D,56,3,120,40d100,4000,4000,90,90,10,25000,4,HIT:HURT:8d8,HIT:HURT:8d8,BITE:EXP_40:6d7,WAIL:TERRIFY:6d7,212,EXP_40|TERRIFY,3,BLIND|HOLD|SCARE|CAUSE_3|BA_FIRE|BA_NETH|S_MONSTERS|S_UNDEAD|S_HOUND,UNIQUE|MALE|FORCE_SLEEP|FORCE_MAXHP|ONLY_ITEM|DROP_4D2|DROP_GOOD|SMART|COLD_BLOOD|OPEN_DOOR|BASH_DOOR|MOVE_BODY|EVIL|UNDEAD|IM_FIRE|IM_COLD|IM_POIS|HURT_LITE|NO_CONF|NO_SLEEP,1,6740,"Dwar had a special affinity for dogs in life, and can still command them at will.  He howls maniacally as he reaches out to destroy you."
475,Smaug the Golden,D,R,48,2,120,24d100,2400,2400,30,130,70,23000,4,CLAW:HURT:4d12,CLAW:HURT:4d12,BITE:FIRE:5d14,BITE:FIRE:5d14,236,FIRE,4,CONF|CAUSE_3|BR_FIRE,UNIQUE|MALE|FORCE_SLEEP|FORCE_MAXHP|ONLY_ITEM|DROP_3D2|DROP_4D2|DROP_GOOD|SMART|BASH_DOOR|POWERFUL|MOVE_BODY|EVIL|DRAGON|IM_FIRE|NO_CONF|NO_SLEEP,1,6760,"Smaug is one of the Uruloki that still survive, a fire-drake of immense cunning and intelligence.  His speed through air is matched by few other dragons and his dragonfire is what legends are made of; he is believed to be the greatest dragon still surviving into the Third Age."
476,Dracolich,D,G,55,2,120,35d100,3500,3500,25,120,80,18000,3,CLAW:HURT:4d12,CLAW:HURT:4d12,BITE:EXP_80:7d14,,194,EXP_80,6,CONF|SCARE|BR_COLD|BR_NETH,FORCE_SLEEP|FORCE_MAXHP|ONLY_ITEM|DROP_4D2|DROP_GOOD|COLD_BLOOD|TAKE_ITEM|SMART|BASH_DOOR|POWERFUL|MOVE_BODY|EVIL|DRAGON|UNDEAD|IM_COLD|IM_POIS|NO_CONF|NO_SLEEP,0,6781,"The skeletal form of a once-great dragon, enchanted by magic most perilous.  Its animated form strikes with speed and drains life from its prey to satisfy its hunger."
477,Greater titan,P,o,66,3,120,38d100,3800,3800,30,125,15,23500,4,HIT:CONFUSE:12d12,HIT:CONFUSE:12d12,HIT:CONFUSE:12d12,HIT:CONFUSE:12d12,576,CONFUSE,3,BOULDER|HEAL|TELE_TO|S_MONSTERS,FORCE_SLEEP|FORCE_MAXHP|ONLY_ITEM|DROP_4D2|DROP_1D2|DROP_GOOD|SMART|TAKE_ITEM|BASH_DOOR|EVIL|GIANT,0,6801,"A forty foot tall humanoid that shakes the ground as it walks.  The power radiating from its frame shakes your courage, its hatred inspired by your defiance."
478,Dracolisk,D,R,55,2,120,35d100,3500,3500,25,120,80,14000,4,BITE:HURT:4d12,BITE:HURT:4d12,BITE:FIRE:7d14,GAZE:PARALYZE,194,FIRE|PARALYZE,6,HOLD|SCARE|BR_FIRE|BR_NEXU,FORCE_SLEEP|FORCE_MAXHP|ONLY_ITEM|DROP_4D2|DROP_GOOD|SMART|BASH_DOOR|POWERFUL|MOVE_BODY|ANIMAL|EVIL|DRAGON|IM_ACID|IM_FIRE|NO_CONF|NO_SLEEP|RES_NEXUS,0,6819,"A mixture of dragon and basilisk, the dracolisk stares at you with deep piercing eyes, its evil breath burning the ground where it stands."
479,Death mold,m,D,47,1,140,100d20,1050.0,2000,200,60,0,1000,4,SPORE:UN_BONUS:7d7,SPORE:UN_BONUS:7d7,SPORE:UN_BONUS:7d7,SPORE:EXP_80:5d5,172,EXP_80|UN_BONUS,,,FORCE_SLEEP|NEVER_MOVE|EVIL|IM_ACID|IM_FIRE|IM_COLD|IM_ELEC|IM_POIS|NO_CONF|NO_SLEEP|NO_FEAR,0,6838,"It is the epitome of all that is evil, in a mold.  Its lifeless form draws power from sucking the souls of those that approach it, a nimbus of pure evil surrounds it.  Luckily for you, it can't move."
480,Itangast the Fire Drake,D,R,47,2,120,22d100,2200,2200,30,120,70,20000,4,CLAW:HURT:4d10,CLAW:HURT:4d10,BITE:FIRE:4d14,BITE:FIRE:4d14,192,FIRE,4,CONF|CAUSE_3|BR_FIRE,UNIQUE|MALE|FORCE_SLEEP|FORCE_MAXHP|ONLY_ITEM|DROP_3D2|DROP_4D2|DROP_GOOD|SMART|BASH_DOOR|POWERFUL|MOVE_BODY|EVIL|DRAGON|IM_FIRE|NO_CONF|NO_SLEEP,1,6853,"A mighty ancient dragon, Itangast's form scorches your flesh.  Wisps of smoke curl up from his nostrils as he regards you with disdain."
481,"Glaurung, Father of the Dragons",D,R,70,3,130,75d100,7500,7500,30,140,70,50000,4,CLAW:HURT:5d12,CLAW:HURT:5d12,BITE:POISON:8d14,BITE:FIRE:8d14,344,FIRE|POISON,3,BLIND|CONF|SCARE|BR_FIRE|BR_POIS|S_HI_DRAGON,UNIQUE|MALE|FORCE_SLEEP|FORCE_MAXHP|ONLY_ITEM|DROP_2D2|DROP_3D2|DROP_4D2|DROP_GOOD|DROP_GREAT|SMART|BASH_DOOR|POWERFUL|MOVE_BODY|EVIL|DRAGON|IM_POIS|IM_FIRE|NO_CONF|NO_SLEEP,1,6872,"Glaurung is the father of all dragons, and was for a long time the most powerful.  Though this is no longer so, he still has full command over his brood and can command them to appear whenever he so wishes.  He is the definition of dragonfire."
482,Master mystic,p,o,50,3,130,11d100,1100,1100,30,60,5,6000,4,KICK:HURT:10d2,KICK:HURT:10d2,HIT:POISON:20d1,HIT:PARALYZE:15d1,75,PARALYZE|POISON,3,S_ANIMAL|HEAL,MALE|FORCE_SLEEP|FORCE_MAXHP|ONLY_ITEM|DROP_1D2|DROP_2D2|INVISIBLE|OPEN_DOOR|BASH_DOOR|IM_ACID|IM_FIRE|IM_COLD|IM_ELEC|IM_POIS|NO_CONF|NO_SLEEP,0,6895,"A lord of all that is natural, skilled in the mystic ways.  He is a master of martial arts and is at one with nature, able to summon help from the wild if need be."
483,The Balrog of Moria,U,v,50,3,130,30d100,3000,3000,20,100,80,30000,4,HIT:FIRE:6d12,HIT:FIRE:6d12,CRUSH:HURT:5d12,TOUCH:UN_POWER,204,FIRE|UN_POWER,4,CONF|SCARE|BR_FIRE|S_UNDEAD|S_DEMON,UNIQUE|MALE|FORCE_SLEEP|FORCE_MAXHP|ESCORT|ESCORTS|ONLY_ITEM|DROP_2D2|DROP_3D2|DROP_4D2|DROP_GOOD|OPEN_DOOR|BASH_DOOR|POWERFUL|MOVE_BODY|EVIL|DEMON|IM_FIRE|NO_CONF|NO_SLEEP,1,6915,"A huge Balrog surrounded by raging pillars of fire, this is indeed a terrible opponent.  Wielding a great whip of fire and a blazing sword, his fury blisters your skin and melts your flesh!"
484,Nightwing,W,D,61,3,120,60d60,1830.0,3600,20,120,10,10000,4,TOUCH:POISON:6d5,TOUCH:POISON:6d5,HIT:UN_BONUS:6d8,HIT:UN_BONUS:6d8,156,POISON|UN_BONUS,4,BLIND|SCARE|CAUSE_4|BRAIN_SMASH|BO_MANA|BO_NETH|BA_NETH|S_UNDEAD,FORCE_SLEEP|ONLY_ITEM|DROP_2D2|DROP_GOOD|SMART|COLD_BLOOD|OPEN_DOOR|BASH_DOOR|EVIL|UNDEAD|IM_COLD|IM_POIS|HURT_LITE|NO_CONF|NO_SLEEP,0,6938,Everywhere colours seem paler and the air chiller.  At the centre of the cold stands a mighty figure.  Its wings envelop you in the chill of death as the nightwing reaches out to draw you into oblivion.  Your muscles sag and your mind loses all will to fight as you stand in awe of this mighty being.
485,Nether hound,Z,G,51,2,120,60d10,330.0,600,30,100,0,5000,4,CLAW:HURT:2d12,CLAW:HURT:2d12,BITE:HURT:2d12,BITE:HURT:2d12,96,,5,BR_NETH,FORCE_SLEEP|FRIENDS|OPEN_DOOR|BASH_DOOR|ANIMAL|NO_CONF|NO_SLEEP,0,6959,"You feel a soul-tearing chill upon viewing this beast, a ghostly form of darkness in the shape of a large dog."
486,Time hound,Z,B,51,2,130,60d10,330.0,600,30,100,0,5000,4,CLAW:HURT:2d12,CLAW:HURT:2d12,BITE:HURT:2d12,BITE:HURT:2d12,96,,5,BR_TIME,FORCE_SLEEP|FRIENDS|OPEN_DOOR|BASH_DOOR|ANIMAL|NO_CONF|NO_SLEEP,0,6976,"You get a terrible sense of deja vu, or is it a premonition?  All at once you see a little puppy and a toothless old dog.  Perhaps you should give up and go to bed."
487,Plasma hound,Z,R,51,2,120,60d10,330.0,600,30,100,0,5000,4,CLAW:HURT:2d12,CLAW:HURT:2d12,BITE:HURT:2d12,BITE:HURT:2d12,96,,5,BR_PLAS,FORCE_SLEEP|FRIENDS|OPEN_DOOR|BASH_DOOR|ANIMAL|IM_FIRE|IM_ELEC|NO_CONF|NO_SLEEP|RES_PLAS,0,6994,The very air warps as pure elemental energy stalks towards you in the shape of a giant hound.  Your hair stands on end and your palms itch as you sense trouble.
488,Demonic quylthulg,Q,r,45,1,120,48d10,480,480,20,1,0,3000,0,,,,,0,,2,BLINK|TPORT|S_DEMON,FORCE_SLEEP|FORCE_MAXHP|NEVER_MOVE|NEVER_BLOW|INVISIBLE|EMPTY_MIND|ANIMAL|NO_CONF|NO_SLEEP|NO_FEAR,0,7012,A pile of pulsing flesh that glows with an inner hellish fire.  The world itself seems to cry out against it.
489,Great Storm Wyrm,D,b,63,2,120,35d100,3500,3500,30,150,80,20000,4,CLAW:HURT:4d12,CLAW:HURT:4d12,BITE:ELEC:6d14,BITE:ELEC:6d14,264,ELEC,4,BLIND|CONF|SCARE|BR_ELEC,FORCE_SLEEP|FORCE_MAXHP|ONLY_ITEM|DROP_2D2|DROP_3D2|DROP_4D2|DROP_GOOD|SMART|BASH_DOOR|POWERFUL|MOVE_BODY|EVIL|DRAGON|IM_ELEC|NO_CONF|NO_SLEEP,0,7025,A vast dragon of power.  Storms and lightning crash around its titanic form.  Deep blue scales reflect the flashes and highlight the creature's great muscles.  It regards you with contempt.
490,Baphomet the Minotaur Lord,H,v,58,4,130,47d100,4700,4700,30,120,30,24000,4,BUTT:HURT:12d13,BUTT:HURT:12d13,HIT:HURT:10d10,HIT:HURT:10d10,512,,6,SLOW|ARROW_4|BO_MANA|BO_PLAS|BA_ELEC|BR_WALL,UNIQUE|MALE|FORCE_SLEEP|FORCE_MAXHP|ONLY_ITEM|DROP_1D2|DROP_4D2|DROP_GOOD|BASH_DOOR|EVIL|IM_FIRE|IM_POIS|NO_CONF|NO_SLEEP,1,7044,"A fearsome bull-headed monster, Baphomet swings a mighty axe as he curses all that defy him."
491,Harowen the Black Hand,p,B,51,3,140,25d100,2500,2500,40,90,0,20000,4,TOUCH:EAT_GOLD:5d5,TOUCH:EAT_ITEM:5d5,HIT:BLIND:10d5,HIT:POISON:8d5,140,BLIND|EAT_GOLD|EAT_ITEM|POISON,6,TRAPS,UNIQUE|MALE|FORCE_SLEEP|FORCE_MAXHP|ONLY_ITEM|DROP_1D2|DROP_4D2|DROP_GOOD|TAKE_ITEM|OPEN_DOOR|BASH_DOOR|IM_POIS|NO_CONF|NO_SLEEP,1,7063,"He is a master of disguise, an expert of stealth, a genius at traps, and moves with blinding speed.  Check your pockets!"
492,Hoarmurath of Dir,W,D,64,3,120,45d100,4500,4500,90,100,10,30000,4,HIT:HURT:9d9,HIT:HURT:9d9,TOUCH:EXP_80:6d7,WAIL:TERRIFY:6d7,246,EXP_80|TERRIFY,3,BLIND|HOLD|SCARE|CAUSE_3|CAUSE_4|MIND_BLAST|BO_COLD|BA_COLD|BA_NETH|S_UNDEAD,UNIQUE|MALE|FORCE_SLEEP|FORCE_MAXHP|SMART|ONLY_ITEM|DROP_2D2|DROP_4D2|DROP_GOOD|COLD_BLOOD|OPEN_DOOR|BASH_DOOR|MOVE_BODY|EVIL|UNDEAD|IM_COLD|IM_POIS|HURT_LITE|NO_CONF|NO_SLEEP,1,7081,"A Ringwraith powerful in fell sorcery, he yearns for the life he has lost for an unlife of everlasting torment."
493,Grand master mystic,p,o,57,3,130,22d100,2200,2200,30,80,5,15000,4,KICK:HURT:20d2,KICK:HURT:10d2,HIT:POISON:20d1,HIT:PARALYZE:15d1,95,PARALYZE|POISON,3,HEAL|MIND_BLAST|S_SPIDER|S_HOUND|S_ANIMAL,MALE|FORCE_SLEEP|FORCE_MAXHP|ONLY_ITEM|DROP_4D2|INVISIBLE|OPEN_DOOR|BASH_DOOR|IM_ACID|IM_FIRE|IM_COLD|IM_ELEC|IM_POIS|NO_CONF|NO_SLEEP,0,7102,"He is one of the few true masters of the art, being extremely skillful in all forms of unarmed combat and controlling the world's natural creatures with disdainful ease."
494,"Khamul, the Black Easterling",W,D,72,3,120,50d100,5000,5000,90,100,10,40000,4,HIT:HURT:9d10,HIT:HURT:9d10,TOUCH:EXP_40:7d7,TOUCH:EXP_40:7d7,278,EXP_40,2,TELE_LEVEL|BLIND|HOLD|SCARE|CAUSE_3|CAUSE_4|BO_MANA|BA_FIRE|BA_COLD|BA_NETH|S_HI_UNDEAD,UNIQUE|MALE|FORCE_SLEEP|FORCE_MAXHP|ONLY_ITEM|DROP_3D2|DROP_4D2|DROP_GOOD|SMART|COLD_BLOOD|OPEN_DOOR|BASH_DOOR|MOVE_BODY|EVIL|UNDEAD|IM_ACID|IM_FIRE|IM_COLD|IM_POIS|HURT_LITE|NO_CONF|NO_SLEEP,1,7121,"A warrior-king of the East.  Khamul is a powerful opponent, his skill in combat awesome and his form twisted by evil cunning."
495,Ethereal hound,Z,G,59,3,120,60d15,480.0,900,30,100,0,7000,4,CLAW:HURT:2d12,CLAW:HURT:2d12,BITE:HURT:2d12,BITE:HURT:2d12,96,,5,BR_NETH,FORCE_SLEEP|FRIENDS|INVISIBLE|PASS_WALL|ANIMAL|NO_CONF|NO_SLEEP,0,7141,A pale green hound.  Pulsing red lines and strange fluorescent light hints at internal organs best left to the imagination.
496,Great Ice Wyrm,D,w,63,2,120,35d100,3500,3500,30,150,80,20000,4,CLAW:HURT:4d12,CLAW:HURT:4d12,BITE:COLD:6d14,BITE:COLD:6d14,264,COLD,4,BLIND|CONF|SCARE|BR_COLD,FORCE_SLEEP|FORCE_MAXHP|ONLY_ITEM|DROP_2D2|DROP_3D2|DROP_4D2|DROP_GOOD|SMART|BASH_DOOR|POWERFUL|MOVE_BODY|EVIL|DRAGON|IM_COLD|NO_CONF|NO_SLEEP,0,7157,"An immense dragon capable of awesome destruction.  You have never felt such extreme cold, or witnessed such an icy stare.  Begone quickly or feel its wrath!"
497,The Phoenix,B,r,54,3,120,36d100,3600,3600,60,130,0,40000,4,BITE:FIRE:12d6,BITE:FIRE:12d6,HIT:FIRE:9d12,HIT:FIRE:9d12,360,FIRE,3,BO_FIRE|BO_PLAS|BA_FIRE|BR_FIRE|BR_LITE|BR_PLAS|S_KIN,UNIQUE|FORCE_SLEEP|FORCE_MAXHP|ONLY_ITEM|DROP_2D2|DROP_GOOD|OPEN_DOOR|BASH_DOOR|ANIMAL|IM_ACID|IM_FIRE|IM_ELEC|IM_POIS|NO_CONF|NO_SLEEP|RES_PLAS,1,7176,A massive glowing eagle bathed in flames.  The searing heat chars your skin and melts your armour.
498,Nightcrawler,W,D,69,3,120,80d60,2440.0,4800,20,160,10,15000,4,STING:LOSE_CON:8d8,STING:LOSE_CON:8d8,BITE:ACID:10d10,BITE:ACID:10d10,328,ACID|LOSE_CON,4,BLIND|SCARE|BRAIN_SMASH|BO_MANA|BO_NETH|BA_NETH|BR_NETH|S_UNDEAD,FORCE_SLEEP|SMART|ONLY_ITEM|DROP_1D2|DROP_2D2|DROP_GOOD|COLD_BLOOD|OPEN_DOOR|BASH_DOOR|EVIL|UNDEAD|IM_FIRE|IM_COLD|IM_POIS|HURT_LITE|NO_CONF|NO_SLEEP,0,7196,"This intensely evil creature bears the form of a gargantuan black worm. Its gaping maw is a void of blackness, acid drips from its steely hide. It is like nothing you have ever seen before, and a terrible chill runs down your spine as you face it."
499,Hand druj,s,y,57,2,130,60d10,600,600,20,110,10,12000,0,,,,,0,,1,TELE_AWAY|BLIND|CONF|SCARE|CAUSE_3|FORGET|DARKNESS|BO_FIRE|BO_ACID|BO_COLD|BO_ELEC,FORCE_SLEEP|FORCE_MAXHP|NEVER_MOVE|NEVER_BLOW|SMART|COLD_BLOOD|EVIL|UNDEAD|IM_COLD|IM_POIS|NO_CONF|NO_SLEEP|NO_FEAR,0,7218,"A skeletal hand floating in the air, motionless except for its flexing fingers."
500,Eye druj,s,r,58,2,130,10d100,1000,1000,20,90,10,15000,0,,,,,0,,1,BO_MANA|BO_NETH|BA_NETH|BRAIN_SMASH|S_UNDEAD,FORCE_SLEEP|FORCE_MAXHP|NEVER_MOVE|NEVER_BLOW|SMART|COLD_BLOOD|EVIL|UNDEAD|IM_FIRE|IM_COLD|IM_POIS|NO_CONF|NO_SLEEP|NO_FEAR,0,7232,"A bloodshot eyeball floating in the air, you'd be forgiven for assuming it harmless."
501,Skull druj,s,o,59,2,130,14d100,1400,1400,20,120,10,18000,0,,,,,0,,1,SLOW|CAUSE_4|MIND_BLAST|BRAIN_SMASH|TRAPS|BO_PLAS|BO_NETH|BA_WATE|S_UNDEAD,FORCE_SLEEP|FORCE_MAXHP|NEVER_MOVE|NEVER_BLOW|SMART|COLD_BLOOD|EVIL|UNDEAD|IM_FIRE|IM_COLD|IM_POIS|NO_CONF|NO_SLEEP|NO_FEAR,0,7247,"A glowing skull possessed by sorcerous power.  It need not move, but merely blast you with mighty magic as it speaks the words of power."
502,Chaos vortex,v,v,53,3,120,30d20,315.0,600,100,80,0,4000,4,ENGULF:CONFUSE:5d5,ENGULF:CONFUSE:5d5,ENGULF:CONFUSE:5d5,ENGULF:HALLU:5d5,100,CONFUSE|HALLU,6,BR_CHAO,ATTR_MULTI|FORCE_SLEEP|RAND_50|RAND_25|EMPTY_MIND|BASH_DOOR|POWERFUL|NO_CONF|NO_SLEEP|NO_FEAR,0,7263,"Void, nothingness, spinning destructively."
503,Aether vortex,v,v,60,4,130,40d20,420.0,800,100,40,0,5000,4,ENGULF:ELEC:5d5,ENGULF:FIRE:5d5,ENGULF:ACID:5d5,ENGULF:COLD:5d5,100,ACID|COLD|ELEC|FIRE,6,BR_ACID|BR_FIRE|BR_COLD|BR_ELEC|BR_POIS|BR_LITE|BR_DARK|BR_SOUN|BR_CONF|BR_CHAO|BR_SHAR|BR_NETH|BR_WALL|BR_INER|BR_TIME|BR_GRAV|BR_PLAS|BR_NEXU,ATTR_MULTI|FORCE_SLEEP|RAND_50|RAND_25|EMPTY_MIND|BASH_DOOR|POWERFUL|RES_PLAS|RES_NEXUS|IM_ACID|IM_FIRE|IM_COLD|IM_ELEC|IM_POIS|NO_CONF|NO_SLEEP|NO_FEAR,0,7279,"An awesome vortex of pure magic, power radiates from its frame."
504,The Lernaean Hydra,M,v,57,2,120,45d100,4500,4500,20,140,20,20000,4,BITE:POISON:8d6,BITE:POISON:8d6,BITE:FIRE:12d6,BITE:FIRE:12d6,240,FIRE|POISON,3,SCARE|BO_FIRE|BO_PLAS|BA_FIRE|BA_POIS|BR_FIRE|BR_POIS|S_HYDRA|S_KIN,UNIQUE|FORCE_SLEEP|FORCE_MAXHP|SMART|ONLY_GOLD|DROP_3D2|DROP_4D2|OPEN_DOOR|BASH_DOOR|KILL_BODY|POWERFUL|ANIMAL|IM_FIRE|IM_POIS|NO_CONF|NO_SLEEP|REGENERATE,1,7300,A massive legendary hydra.  It has twelve powerful heads.  Its many eyes stare at you as clouds of smoke and poisonous vapour rise from its seething form.  And it grows new heads as fast as you chop them off.
505,"Thuringwethil, the Vampire Messenger",V,v,67,4,130,50d100,5000,5000,20,145,10,23000,4,BITE:EXP_80:6d6,BITE:EXP_80:6d6,HIT:CONFUSE:6d6,HIT:CONFUSE:6d6,144,CONFUSE|EXP_80,3,BLIND|HOLD|SCARE|CAUSE_3|CAUSE_4|DRAIN_MANA|BRAIN_SMASH|BA_NETH|S_KIN|S_HI_UNDEAD,UNIQUE|FEMALE|FORCE_SLEEP|FORCE_MAXHP|SMART|ONLY_ITEM|DROP_2D2|DROP_3D2|DROP_4D2|DROP_GOOD|COLD_BLOOD|OPEN_DOOR|BASH_DOOR|REGENERATE|EVIL|UNDEAD|IM_COLD|IM_POIS|HURT_LITE|NO_CONF|NO_SLEEP,1,7322,"Chief messenger between Sauron and Morgoth, she is surely the most deadly of her vampire race.  At first she is charming to meet, but her wings and eyes give away her true form."
506,Great Hell Wyrm,D,r,67,2,120,38d100,3800,3800,30,150,80,23000,4,CLAW:HURT:4d12,CLAW:HURT:4d12,BITE:FIRE:6d14,BITE:FIRE:6d14,264,FIRE,4,BLIND|CONF|SCARE|BR_FIRE,FORCE_SLEEP|FORCE_MAXHP|ONLY_ITEM|DROP_2D2|DROP_3D2|DROP_4D2|DROP_GOOD|SMART|BASH_DOOR|POWERFUL|MOVE_BODY|EVIL|DRAGON|IM_FIRE|NO_CONF|NO_SLEEP,0,7342,"A vast dragon of immense power.  Fire leaps continuously from its huge form.  The air around it scalds you.  Its slightest glance burns you, and you truly realize how insignificant you are."
507,Draconic quylthulg,Q,g,45,1,120,48d10,480,480,20,1,0,3000,0,,,,,0,,2,BLINK|TPORT|S_DRAGON,FORCE_SLEEP|FORCE_MAXHP|NEVER_MOVE|NEVER_BLOW|INVISIBLE|EMPTY_MIND|ANIMAL|NO_CONF|NO_SLEEP|NO_FEAR,0,7361,"It looks like it was once a dragon corpse, now deeply infected with magical bacteria that make it pulse in a foul and degrading way."
508,Fundin Bluecloak,h,B,59,2,130,50d100,5000,5000,25,195,10,20000,4,HIT:HURT:8d8,HIT:HURT:8d8,HIT:HURT:8d8,HIT:HURT:8d8,256,,4,HEAL|BLIND|CONF|SCARE|CAUSE_3|CAUSE_4|BRAIN_SMASH|FORGET|S_MONSTERS|S_ANIMAL,UNIQUE|MALE|FORCE_SLEEP|FORCE_MAXHP|ONLY_ITEM|DROP_1D2|DROP_4D2|DROP_GOOD|OPEN_DOOR|BASH_DOOR|IM_ACID|IM_FIRE|IM_COLD|IM_ELEC|IM_POIS|NO_CONF|NO_SLEEP,1,7374,"He is one of the greatest dwarven priests to walk the earth.  Fundin has earned a high position in the church, and his skill with both weapon and spell only justify his position further.  His combination of both dwarven strength and priestly wisdom are a true match for any adventurer."
509,"Uriel, Angel of Fire",A,R,61,3,130,55d100,5500,5500,40,160,10,25000,4,HIT:FIRE:4d12,HIT:FIRE:4d12,HIT:HURT:10d10,HIT:HURT:10d10,296,FIRE,2,TELE_TO|BLIND|BO_FIRE|BO_MANA|BO_PLAS|BA_FIRE|BR_FIRE|BR_PLAS|S_ANGEL,UNIQUE|MALE|FORCE_SLEEP|FORCE_MAXHP|ONLY_ITEM|DROP_3D2|DROP_4D2|DROP_GOOD|SMART|TAKE_ITEM|OPEN_DOOR|BASH_DOOR|POWERFUL|MOVE_BODY|IM_ACID|IM_FIRE|IM_COLD|IM_ELEC|IM_POIS|RES_PLAS,1,7395,"A creature of godly appearance, you dare not challenge Uriel's supremacy. Those who stood against him before are but a memory, cremated by his mastery of elemental fire."
510,"Azriel, Angel of Death",A,D,62,3,130,60d100,6000,6000,40,170,10,30000,4,HIT:EXP_80:10d5,HIT:EXP_80:10d5,HIT:HURT:10d10,HIT:HURT:10d10,300,EXP_80,2,TELE_TO|BLIND|BO_MANA|BO_NETH|BA_NETH|BR_NETH|S_ANGEL,UNIQUE|MALE|FORCE_SLEEP|FORCE_MAXHP|SMART|ONLY_ITEM|DROP_3D2|DROP_4D2|DROP_GOOD|TAKE_ITEM|OPEN_DOOR|BASH_DOOR|POWERFUL|MOVE_BODY|IM_ACID|IM_FIRE|IM_COLD|IM_ELEC|IM_POIS,1,7418,"Azriel commands awesome power, his visage holy enough to shrivel your soul.  You shriek with disbelief as his mastery of death draws you to your grave.  It is truly beyond all but the mightiest of warriors to stand against him and live."
511,Ancalagon the Black,D,D,85,3,130,100d100,10000,10000,40,170,70,45000,4,CLAW:HURT:6d12,CLAW:HURT:6d12,BITE:HURT:10d14,BITE:HURT:10d14,424,,3,BR_ACID|BR_FIRE|BR_COLD|BR_ELEC|BR_POIS|S_HI_DRAGON|S_KIN,UNIQUE|MALE|FORCE_SLEEP|FORCE_MAXHP|ESCORT|ONLY_ITEM|DROP_2D2|DROP_3D2|DROP_4D2|DROP_GOOD|DROP_GREAT|SMART|BASH_DOOR|POWERFUL|MOVE_BODY|EVIL|DRAGON|IM_ACID|IM_FIRE|IM_COLD|IM_ELEC|IM_POIS|NO_CONF|NO_SLEEP,1,7440,"""Rushing Jaws"" is his name, and death is his game; the greatest and most terrible of all dragonkind, his power dismayed even the Valar for a time."
512,Nightwalker,W,D,73,3,130,50d65,1650.0,3250,20,175,10,20000,4,HIT:UN_BONUS:10d10,HIT:UN_BONUS:10d10,HIT:UN_BONUS:8d8,HIT:UN_BONUS:8d8,328,UN_BONUS,4,BLIND|SCARE|BRAIN_SMASH|BO_MANA|BO_NETH|BA_NETH|S_UNDEAD,FORCE_SLEEP|ONLY_ITEM|DROP_4D2|DROP_GOOD|SMART|COLD_BLOOD|OPEN_DOOR|BASH_DOOR|EVIL|UNDEAD|IM_FIRE|IM_COLD|IM_ELEC|IM_POIS|HURT_LITE|NO_CONF|NO_SLEEP,0,7460,"A huge giant garbed in black, more massive than a titan and stronger than a dragon.  With terrible blows, it breaks your armour from your back, leaving you defenseless against its evil wrath.  It can smell your fear, and you in turn smell the awful stench of death as this ghastly figure strides towards you menacingly."
513,"Gabriel, the Messenger",A,w,64,3,130,75d100,7500,7500,40,180,10,35000,4,HIT:UN_BONUS:6d8,HIT:FIRE:6d8,HIT:BLIND:10d10,HIT:BLIND:10d10,296,BLIND|FIRE|UN_BONUS,2,TELE_TO|BLIND|BO_MANA|S_KIN,UNIQUE|MALE|FORCE_SLEEP|FORCE_MAXHP|SMART|ESCORT|ONLY_ITEM|DROP_3D2|DROP_4D2|DROP_GOOD|TAKE_ITEM|OPEN_DOOR|BASH_DOOR|POWERFUL|MOVE_BODY|IM_ACID|IM_FIRE|IM_COLD|IM_ELEC|IM_POIS,1,7483,"Commanding a legion of angels, Gabriel will destroy you for your sins.  He will crush you like the pitiful insignificant being he sees you to be. Your very soul will be taken into judgement by his supreme authority as he cleanses the world of evil."
514,Saruman of Many Colours,p,v,60,1,120,50d100,5000,5000,100,100,0,35000,4,HIT:UN_BONUS:6d8,HIT:UN_BONUS:6d8,HIT:HURT:5d5,HIT:HURT:5d5,146,UN_BONUS,2,HEAL|HASTE|TPORT|TELE_AWAY|BLIND|MIND_BLAST|SCARE|CAUSE_4|FORGET|TRAPS|BO_ICEE|BA_ACID|BA_FIRE|BA_COLD|BA_WATE|S_UNDEAD|S_DEMON|S_HI_DRAGON|S_MONSTERS|S_ANIMAL,UNIQUE|MALE|ATTR_MULTI|FORCE_SLEEP|FORCE_MAXHP|ONLY_ITEM|DROP_2D2|DROP_3D2|DROP_4D2|DROP_GOOD|DROP_GREAT|SMART|OPEN_DOOR|BASH_DOOR|EVIL|IM_FIRE|IM_COLD|IM_ELEC|IM_POIS|NO_CONF|NO_SLEEP,1,7504,"Originally known as the White, Saruman fell prey to Sauron's wiles.  He seeks to emulate him and breeds orcs and trolls to fight for him.  He searches forever for the One Ring, to become a mighty Sorcerer-King of the world."
515,Dreadlord,G,r,62,2,120,30d100,3000,3000,20,150,10,20000,4,HIT:EXP_40:6d6,HIT:EXP_40:6d6,HIT:LOSE_STR:4d6,HIT:LOSE_STR:4d6,120,EXP_40|LOSE_STR,4,BLIND|HOLD|CONF|DRAIN_MANA|BA_NETH|S_UNDEAD|TELE_TO|TPORT|BLINK|BRAIN_SMASH,FORCE_SLEEP|FORCE_MAXHP|ONLY_ITEM|DROP_2D2|DROP_3D2|DROP_4D2|INVISIBLE|COLD_BLOOD|TAKE_ITEM|PASS_WALL|EVIL|UNDEAD|IM_COLD|IM_POIS|NO_CONF|NO_SLEEP,0,7528,"It is a massive form of animated death, its colour deeper than black.  It drinks in light, and space around it is twisted and torn by the weight of its evil.  It is unlife and it knows nothing but the stealing of souls and the stench of death.  Flee its hunger!"
516,The Cat Lord,f,v,66,3,130,48d100,4800,4800,100,200,0,30000,4,CLAW:CONFUSE:12d12,CLAW:LOSE_DEX:2d12,CLAW:BLIND:10d5,BITE:PARALYZE:15d1,233,BLIND|CONFUSE|LOSE_DEX|PARALYZE,3,TELE_TO|S_KIN,UNIQUE|MALE|FORCE_SLEEP|FORCE_MAXHP|ESCORT|ESCORTS|ONLY_ITEM|DROP_4D2|DROP_GOOD|INVISIBLE|OPEN_DOOR|BASH_DOOR|IM_FIRE|IM_COLD|IM_POIS|NO_CONF|NO_SLEEP,1,7549,"Master of all things feline, the Cat Lord moves with unsurpassed stealth."
517,Jabberwock,H,v,68,3,130,32d100,3200,3200,35,125,255,19000,4,CLAW:HURT:10d10,CLAW:HURT:10d10,BITE:HURT:10d10,BITE:HURT:10d10,400,,5,CAUSE_4|BR_CHAO,ATTR_MULTI|FORCE_SLEEP|FORCE_MAXHP|ONLY_ITEM|DROP_60|DROP_90|BASH_DOOR|ANIMAL,0,7567,"""Beware the Jabberwock, my son! The jaws that bite, the claws that catch!"" Run and run quickly, for death incarnate chases behind you!"
518,Chaos hound,Z,v,64,2,120,60d30,930.0,1800,30,100,0,10000,4,CLAW:HURT:2d12,CLAW:HURT:2d12,BITE:HURT:2d12,BITE:HURT:2d12,96,,5,BR_CHAO,ATTR_MULTI|FORCE_SLEEP|FRIENDS|BASH_DOOR|ANIMAL|NO_CONF|NO_SLEEP,0,7586,"A constantly changing canine form, this hound rushes towards you as if expecting mayhem and chaos ahead.  It appears to have an almost kamikaze relish for combat.  You suspect all may not be as it seems."
519,Great Wyrm of Chaos,D,v,75,2,120,45d100,4500,4500,40,170,100,29000,4,CLAW:HURT:5d12,CLAW:HURT:5d12,BITE:HURT:7d14,BITE:HURT:7d14,316,,4,BLIND|CONF|SCARE|BR_CHAO|BR_DISE|S_DRAGON|S_HI_DRAGON,ATTR_MULTI|FORCE_SLEEP|FORCE_MAXHP|ONLY_ITEM|DROP_2D2|DROP_3D2|DROP_4D2|DROP_GOOD|SMART|BASH_DOOR|POWERFUL|MOVE_BODY|EVIL|DRAGON|NO_CONF|NO_SLEEP|IM_FIRE|RES_DISE,0,7605,"A massive dragon of changing form.  As you watch, it appears first fair and then foul.  Its body is twisted by chaotic forces as it strives to stay real.  Its very existence distorts the universe around it."
520,Great Wyrm of Law,D,B,75,2,120,45d100,4500,4500,40,170,100,29000,4,CLAW:HURT:5d12,CLAW:HURT:5d12,BITE:HURT:7d14,BITE:HURT:7d14,316,,4,BLIND|CONF|SCARE|BR_SOUN|BR_SHAR|S_DRAGON|S_HI_DRAGON,FORCE_SLEEP|FORCE_MAXHP|ONLY_ITEM|DROP_2D2|DROP_3D2|DROP_4D2|DROP_GOOD|SMART|BASH_DOOR|POWERFUL|MOVE_BODY|EVIL|DRAGON|NO_CONF|NO_SLEEP|IM_COLD,0,7627,A massive dragon of powerful intellect.  It seeks to dominate the universe and despises all other life.  It sees all who do not obey it as mere insects to be crushed underfoot.
521,Great Wyrm of Balance,D,v,79,2,120,50d100,5000,5000,40,170,100,31000,4,CLAW:HURT:5d12,CLAW:HURT:5d12,BITE:HURT:7d14,BITE:HURT:7d14,316,,4,BLIND|CONF|SCARE|BR_SOUN|BR_CHAO|BR_SHAR|BR_DISE|S_DRAGON|S_HI_DRAGON,FORCE_SLEEP|FORCE_MAXHP|ONLY_ITEM|DROP_2D2|DROP_3D2|DROP_4D2|DROP_GOOD|SMART|BASH_DOOR|POWERFUL|MOVE_BODY|EVIL|DRAGON|NO_CONF|NO_SLEEP|IM_FIRE|IM_COLD|RES_DISE,0,7647,"A massive dragon, one of the mightiest of dragonkind.  It is thousands of years old and seeks to maintain the Cosmic Balance.  It sees you as an upstart troublemaker without the wisdom to control your actions.  It will destroy you."
522,"Tselakus, the Dreadlord",G,R,68,2,130,65d100,6500,6500,20,150,10,35000,4,HIT:HURT:10d10,HIT:HURT:10d10,HIT:LOSE_STR:4d6,HIT:LOSE_STR:4d6,248,LOSE_STR,3,BLIND|HOLD|CONF|BA_DARK|BA_NETH|S_WRAITH|S_HI_UNDEAD|S_KIN,UNIQUE|MALE|FORCE_SLEEP|FORCE_MAXHP|ONLY_ITEM|DROP_3D2|DROP_4D2|DROP_GOOD|INVISIBLE|COLD_BLOOD|PASS_WALL|EVIL|UNDEAD|IM_COLD|IM_POIS|NO_CONF|NO_SLEEP,1,7669,"This huge affront to existence twists and tears at the fabric of space.  A master of mighty magic, Tselakus hungers for your tender flesh.  Darkness itself recoils from the touch of Tselakus as he leaves a trail of death and destruction.  Tselakus is a being of sneering contempt, laughing at your pitiful efforts to defy him.  Mighty claws rend reality as he annihilates all in his path to your soul!"
523,Great Wyrm of Many Colours,D,v,79,2,120,50d100,5000,5000,40,170,100,31000,4,CLAW:HURT:5d12,CLAW:HURT:5d12,BITE:HURT:7d14,BITE:HURT:7d14,316,,4,BR_POIS|BR_ELEC|BR_ACID|BR_FIRE|BR_COLD|CONF|SCARE|BLIND|S_DRAGON|S_HI_DRAGON,ATTR_MULTI|FORCE_SLEEP|FORCE_MAXHP|IM_FIRE|IM_ACID|IM_POIS|IM_COLD|IM_ELEC|ONLY_ITEM|DROP_2D2|DROP_3D2|DROP_4D2|DROP_GOOD|SMART|BASH_DOOR|POWERFUL|MOVE_BODY|EVIL|DRAGON|NO_CONF|NO_SLEEP,0,7694,A gigantic dragon whose scales shimmer in myriad hues.
524,Black reaver,L,D,74,3,120,45d100,4500,4500,20,170,50,23000,4,HIT:UN_BONUS:6d8,HIT:UN_BONUS:6d8,HIT:LOSE_STR:4d6,HIT:LOSE_STR:4d6,144,LOSE_STR|UN_BONUS,3,TELE_TO|BLIND|HOLD|CONF|CAUSE_3|CAUSE_4|DRAIN_MANA|BRAIN_SMASH|BA_MANA|BA_NETH|S_UNDEAD,FORCE_SLEEP|FORCE_MAXHP|SMART|ONLY_ITEM|DROP_1D2|DROP_2D2|DROP_GOOD|COLD_BLOOD|OPEN_DOOR|BASH_DOOR|EVIL|UNDEAD|IM_COLD|IM_POIS|NO_CONF|NO_SLEEP|KILL_WALL,0,7714,"A humanoid form,  black as night, advancing steadily and unstoppably, even the very rock of the dungeon cannot prevent it reaching you."
525,Greater demonic quylthulg,Q,R,71,2,120,15d100,1500,1500,20,1,0,10500,0,,,,,0,,2,BLINK|TELE_TO|S_HI_DEMON,FORCE_SLEEP|FORCE_MAXHP|NEVER_MOVE|NEVER_BLOW|INVISIBLE|EMPTY_MIND|ANIMAL|NO_CONF|NO_SLEEP|NO_FEAR,0,7734,"A massive pulsating mound of flesh, glowing with a hellish light."
526,Greater draconic quylthulg,Q,G,71,2,120,15d100,1500,1500,20,1,0,10500,0,,,,,0,,2,BLINK|TELE_TO|S_HI_DRAGON,FORCE_SLEEP|FORCE_MAXHP|NEVER_MOVE|NEVER_BLOW|INVISIBLE|EMPTY_MIND|ANIMAL|NO_CONF|NO_SLEEP|NO_FEAR,0,7746,"A massive mound of scaled flesh, throbbing and pulsating with multi-hued light."
527,Greater rotting quylthulg,Q,U,71,2,120,15d100,1500,1500,20,1,0,10500,0,,,,,0,,2,BLINK|TELE_TO|S_HI_UNDEAD,FORCE_SLEEP|FORCE_MAXHP|NEVER_MOVE|NEVER_BLOW|INVISIBLE|EMPTY_MIND|ANIMAL|NO_CONF|NO_SLEEP|NO_FEAR,0,7759,A massive pile of rotting flesh.  A disgusting stench fills the air as it throbs and writhes.
528,"Feagwath, the Undead Sorcerer",L,y,77,2,130,50d100,5000,5000,20,85,50,30000,4,TOUCH:EXP_80:6d12,TOUCH:UN_POWER:6d12,TOUCH:LOSE_DEX:6d12,TOUCH:LOSE_DEX:6d12,288,EXP_80|LOSE_DEX|UN_POWER,2,BLINK|TELE_TO|BLIND|HOLD|SCARE|CAUSE_4|BRAIN_SMASH|TRAPS|BA_MANA|BO_MANA|BA_NETH|S_KIN|S_MONSTERS|S_UNDEAD,UNIQUE|MALE|FORCE_SLEEP|FORCE_MAXHP|ESCORT|ONLY_ITEM|DROP_2D2|DROP_4D2|DROP_GOOD|DROP_GREAT|SMART|COLD_BLOOD|OPEN_DOOR|BASH_DOOR|EVIL|UNDEAD|IM_COLD|IM_POIS|NO_CONF|NO_SLEEP,1,7772,"A stench of corruption and decay surrounds this sorcerer, who has clearly risen from the dead to continue his foul plots and schemes."
529,"Omarax, the Eye Tyrant",e,v,73,3,130,65d100,6500,6500,30,80,10,25000,4,GAZE:UN_BONUS:6d6,GAZE:UN_POWER:6d6,GAZE:LOSE_INT:6d6,BITE:EXP_80:8d8,172,EXP_80|LOSE_INT|UN_BONUS|UN_POWER,2,BLIND|CONF|FORGET|SCARE|DRAIN_MANA|BRAIN_SMASH|BA_DARK|BO_MANA|BA_NETH|BA_ACID|BA_FIRE|BA_COLD|S_KIN,UNIQUE|MALE|FORCE_SLEEP|FORCE_MAXHP|SMART|BASH_DOOR|EVIL|IM_POIS|IM_FIRE|IM_COLD|IM_ACID|NO_CONF|NO_SLEEP,1,7794,"A beholder of great size and age, floating in the air.  His gaze seems to shred your soul and his spells crush your will.  He is ancient, his history steeped in forgotten evils, his atrocities numerous and sickening."
530,"Ungoliant, the Unlight",S,D,75,1,130,130d100,13000,13000,40,160,80,35000,4,CLAW:POISON:8d6,CLAW:POISON:8d6,BITE:PARALYZE:8d10,STING:LOSE_STR:8d4,208,LOSE_STR|PARALYZE|POISON,3,HEAL|BLIND|SLOW|CONF|SCARE|DARKNESS|BA_DARK|BR_POIS|BR_DARK|S_KIN,UNIQUE|FEMALE|FORCE_SLEEP|FORCE_MAXHP|ONLY_ITEM|DROP_4D2|DROP_GOOD|SMART|BASH_DOOR|ANIMAL|EVIL|IM_POIS|IM_ACID|HURT_LITE|NO_CONF|NO_SLEEP,1,7815,"This enormous, hideous spirit of void is in the form of a spider of immense proportions.  She is surrounded by a cloud of Unlight as she sucks in all living light into her bloated body, and breathes out the blackest of darkness.  She is always ravenously hungry and would even eat herself to avoid starvation."
531,Aether hound,Z,v,74,3,120,60d40,1230.0,2400,30,100,0,10000,4,CLAW:HURT:3d12,CLAW:HURT:3d12,BITE:HURT:3d12,BITE:HURT:3d12,144,,5,BR_ACID|BR_FIRE|BR_COLD|BR_ELEC|BR_POIS|BR_LITE|BR_DARK|BR_SOUN|BR_CONF|BR_CHAO|BR_SHAR|BR_NETH|BR_DISE|BR_WALL|BR_INER|BR_TIME|BR_GRAV|BR_PLAS|BR_NEXU,ATTR_MULTI|FORCE_SLEEP|FRIENDS|BASH_DOOR|ANIMAL|IM_ACID|IM_FIRE|IM_COLD|IM_ELEC|IM_POIS|NO_CONF|NO_SLEEP|RES_PLAS|RES_NEXUS|RES_DISE,0,7837,"A shifting, swirling form.  It seems to be all colours and sizes and shapes, though the dominant form is that of a huge dog.  You feel very uncertain all of a sudden."
532,The Mouth of Sauron,p,v,65,3,130,70d100,7000,7000,60,100,10,38000,4,HIT:UN_BONUS:6d8,HIT:UN_BONUS:6d8,HIT:UN_POWER:5d5,HIT:UN_POWER:5d5,146,UN_BONUS|UN_POWER,2,TELE_TO|HOLD|CAUSE_3|TRAPS|BO_PLAS|BA_DARK|BA_MANA|BA_FIRE|BA_WATE|BA_NETH|S_HI_DEMON|S_HI_UNDEAD,UNIQUE|MALE|FORCE_SLEEP|FORCE_MAXHP|SMART|ONLY_ITEM|DROP_1D2|DROP_4D2|DROP_GOOD|INVISIBLE|OPEN_DOOR|BASH_DOOR|EVIL|IM_FIRE|IM_COLD|IM_ELEC|NO_CONF|NO_SLEEP,1,7861,"The Mouth of Sauron is a mighty spell caster.  So old that even he cannot remember his own name, his power and evil are undeniable.  He believes unshakably that he is unbeatable and laughs as he weaves his awesome spells."
533,Master quylthulg,Q,B,76,2,120,30d100,3000,3000,30,1,0,15000,0,,,,,0,,1,S_ANIMAL|S_MONSTERS|S_HI_UNDEAD|S_HI_DRAGON|S_HI_DEMON|BLINK|TELE_TO,FORCE_SLEEP|FORCE_MAXHP|NEVER_MOVE|NEVER_BLOW|INVISIBLE|EMPTY_MIND|ANIMAL|NO_CONF|NO_SLEEP|NO_FEAR,0,7884,"A giant seething mass of flesh, overwhelming you with monster after monster."
534,"Qlzqqlzuup, the Emperor Quylthulg",Q,v,79,3,130,50d100,5000,5000,30,1,0,20000,0,,,,,0,,1,S_ANIMAL|S_MONSTERS|S_ANGEL|S_HOUND|S_HYDRA|S_SPIDER|S_HI_UNDEAD|S_HI_DRAGON|S_HI_DEMON|S_WRAITH|S_UNIQUE|S_KIN,UNIQUE|ATTR_MULTI|FORCE_SLEEP|FORCE_MAXHP|NEVER_MOVE|NEVER_BLOW|ONLY_ITEM|DROP_4D2|INVISIBLE|EMPTY_MIND|ANIMAL|NO_CONF|NO_SLEEP|NO_FEAR,1,7896,"A gigantic seething mass of flesh, Qlzqqlzuup changes colours in front of your eyes.  Pulsating first one colour then the next, it knows only it must bring help to protect itself."
535,The Witch-King of Angmar,W,D,80,3,130,60d100,6000,6000,90,120,10,60000,4,HIT:HURT:10d10,HIT:HURT:10d10,HIT:EXP_80:7d7,HIT:EXP_80:7d7,298,EXP_80,2,TELE_AWAY|BLIND|HOLD|SCARE|CAUSE_3|BO_MANA|BA_NETH|BRAIN_SMASH|S_MONSTERS|S_WRAITH|S_HI_UNDEAD|S_HI_DRAGON|S_HI_DEMON|S_KIN,UNIQUE|MALE|FORCE_SLEEP|FORCE_MAXHP|SMART|ONLY_ITEM|DROP_3D2|DROP_4D2|DROP_GOOD|DROP_GREAT|COLD_BLOOD|OPEN_DOOR|BASH_DOOR|MOVE_BODY|EVIL|UNDEAD|IM_COLD|IM_POIS|HURT_LITE|NO_CONF|NO_SLEEP,1,7913,"The Chief of the Ringwraiths.  A fell being of devastating power.  His spells are lethal and his combat blows crushingly hard.  He moves at speed, and commands legions of evil to do his bidding.  It is said that he is fated never to die by the hand of mortal man."
536,"Pazuzu, Lord of Air",U,b,82,2,140,55d100,5500,5500,40,125,10,30000,4,HIT:ELEC:12d12,HIT:ELEC:12d12,HIT:ELEC:12d12,HIT:ELEC:12d12,576,ELEC,3,MIND_BLAST|BO_ELEC|BO_MANA|BA_ELEC|S_HI_DEMON,UNIQUE|MALE|FORCE_SLEEP|FORCE_MAXHP|ONLY_ITEM|DROP_4D2|DROP_GOOD|INVISIBLE|OPEN_DOOR|BASH_DOOR|EVIL|DEMON|IM_ACID|IM_FIRE|IM_COLD|IM_ELEC|IM_POIS|NO_CONF|NO_SLEEP,1,7936,"A winged humanoid demon from the Planes of Hell, Pazuzu grins inhumanely at you as he decides your fate."
537,Hellhound,C,r,78,2,120,40d10,400,400,25,80,30,600,3,BITE:FIRE:3d12,BITE:FIRE:3d12,BITE:FIRE:3d12,,108,FIRE,5,BR_FIRE,FORCE_SLEEP|FORCE_MAXHP|RAND_25|FRIENDS|BASH_DOOR|MOVE_BODY|ANIMAL|EVIL|IM_FIRE,0,7955,It is a giant dog that glows with heat.  Flames pour from its nostrils.
538,"Cantoras, the Skeletal Lord",s,v,84,2,140,75d100,7500,7500,20,120,80,45000,4,GAZE:EXP_80:5d5,GAZE:EXP_80:5d5,TOUCH:POISON:5d5,TOUCH:POISON:5d5,100,EXP_80|POISON,2,TELE_TO|SLOW|SCARE|CAUSE_4|BRAIN_SMASH|BO_ICEE|BO_MANA|BA_WATE|BA_NETH|S_HI_UNDEAD,UNIQUE|MALE|FORCE_SLEEP|FORCE_MAXHP|ONLY_ITEM|DROP_2D2|DROP_3D2|DROP_4D2|DROP_GOOD|DROP_GREAT|SMART|COLD_BLOOD|OPEN_DOOR|BASH_DOOR|EVIL|UNDEAD|IM_FIRE|IM_COLD|IM_POIS|NO_CONF|NO_SLEEP|NO_FEAR,1,7970,A legion of evil undead druj animating the skeleton of a once mighty sorcerer.  His power is devastating and his speed unmatched in the underworld.  Flee his wrath!
539,The Tarrasque,R,v,86,2,130,85d100,8500,8500,50,185,20,35000,4,HIT:HURT:10d10,HIT:HURT:10d10,TOUCH:UN_POWER,TOUCH:UN_POWER,200,UN_POWER,2,BR_FIRE|BR_COLD|BR_DISE,UNIQUE|ATTR_MULTI|FORCE_SLEEP|FORCE_MAXHP|ONLY_ITEM|DROP_2D2|DROP_4D2|DROP_GOOD|OPEN_DOOR|BASH_DOOR|POWERFUL|MOVE_BODY|ANIMAL|IM_FIRE|IM_COLD|NO_CONF|NO_SLEEP|RES_DISE,1,7992,"The Tarrasque is a massive reptile of legend, rumoured to be unkillable and immune to magic.  Fear its anger, for its devastation is unmatched!"
540,"Lungorthin, the Balrog of White Fire",U,v,88,2,130,70d100,7000,7000,20,125,80,37000,4,HIT:FIRE:8d12,HIT:FIRE:8d12,CRUSH:HURT:8d12,TOUCH:UN_POWER,288,FIRE|UN_POWER,4,BLIND|CONF|SCARE|BR_FIRE|BR_PLAS|S_HI_DEMON|S_UNDEAD,UNIQUE|MALE|FORCE_SLEEP|FORCE_MAXHP|ESCORT|ESCORTS|ONLY_ITEM|DROP_2D2|DROP_3D2|DROP_4D2|DROP_GOOD|OPEN_DOOR|BASH_DOOR|POWERFUL|MOVE_BODY|EVIL|DEMON|IM_FIRE|NO_CONF|NO_SLEEP|RES_PLAS,1,8011,A massive form cloaked in flame.  Lungorthin stares balefully at you with eyes that smoulder red.  The dungeon floor where he stands is scorched by the heat of his body.
541,"Draugluin, Sire of All Werewolves",C,u,83,2,130,70d100,7000,7000,80,90,90,40000,4,CLAW:HURT:6d8,CLAW:HURT:6d8,BITE:POISON:6d6,BITE:POISON:6d6,168,POISON,3,SCARE|S_MONSTERS|S_HOUND,UNIQUE|MALE|FORCE_SLEEP|FORCE_MAXHP|ESCORT|ESCORTS|RAND_25|ONLY_ITEM|DROP_1D2|DROP_GOOD|TAKE_ITEM|OPEN_DOOR|BASH_DOOR|MOVE_BODY|ANIMAL|EVIL|IM_POIS,1,8035,Draugluin provides Sauron with a fearsome personal guard.  He is an enormous wolf inhabited with a human spirit.  He is chief of all his kind.
542,"Vecna, the Emperor Lich",L,v,92,3,130,60d100,6000,6000,100,100,0,45000,4,HIT:EXP_80:7d12,HIT:LOSE_DEX:7d12,HIT:UN_POWER:7d12,HIT:UN_POWER:7d12,336,EXP_80|LOSE_DEX|UN_POWER,2,TPORT|BLIND|SCARE|CAUSE_4|BRAIN_SMASH|BA_MANA|BO_MANA|BA_FIRE|BA_NETH|S_MONSTERS|S_HI_DEMON|S_HI_UNDEAD|S_KIN,UNIQUE|MALE|FORCE_SLEEP|FORCE_MAXHP|ESCORT|ONLY_ITEM|DROP_2D2|DROP_3D2|DROP_4D2|DROP_GOOD|DROP_GREAT|SMART|COLD_BLOOD|OPEN_DOOR|BASH_DOOR|EVIL|UNDEAD|IM_FIRE|IM_COLD|IM_ELEC|IM_POIS|NO_CONF|NO_SLEEP,1,8055,"The greatest of all undead sorcerers, even the gods once feared him.  This ancient shadow of death wilts every living thing it passes."
543,"Huan, Wolfhound of the Valar",C,W,90,1,130,80d100,8000,8000,50,160,10,40000,4,CLAW:COLD:9d12,CLAW:COLD:9d12,BITE:COLD:9d12,BITE:COLD:9d12,432,COLD,5,BR_COLD|BR_SHAR|BR_SOUN|BR_LITE,UNIQUE|MALE|FORCE_SLEEP|FORCE_MAXHP|ONLY_ITEM|DROP_4D2|DROP_GOOD|SMART|OPEN_DOOR|BASH_DOOR|KILL_BODY|ANIMAL|NO_CONF|NO_SLEEP|NO_FEAR|IM_COLD|IM_ACID|IM_ELEC,1,8077,"The wolfhound of the Valar, Huan has served many masters in his time, from Celegorm son of Feanor to Beren son of Barahir: but now he runs wild and acknowledges no master save himself, as he hunts alone for his nemesis - Carcharoth, the terrible wolf of Angband."
544,"Carcharoth, the Jaws of Thirst",C,r,90,1,130,80d100,8000,8000,50,160,10,40000,4,CLAW:FIRE:9d12,CLAW:FIRE:9d12,BITE:FIRE:9d12,BITE:FIRE:9d12,432,FIRE,3,BR_DARK|BR_POIS|BR_FIRE|BR_NETH|S_HOUND,UNIQUE|MALE|FORCE_SLEEP|FORCE_MAXHP|ONLY_ITEM|DROP_4D2|DROP_GOOD|SMART|OPEN_DOOR|BASH_DOOR|MOVE_BODY|ANIMAL|EVIL|IM_FIRE|IM_POIS|NO_CONF|NO_SLEEP,1,8098,"The first guard of Angband, Carcharoth, also known as 'The Red Maw', is the greatest wolf to ever walk the earth.  He is highly intelligent and a deadly opponent in combat."
545,"Gothmog, the High Captain of Balrogs",U,v,95,1,130,80d100,8000,8000,100,140,0,43000,4,HIT:FIRE:9d12,HIT:FIRE:9d12,CRUSH:HURT:8d12,TOUCH:UN_POWER,312,FIRE|UN_POWER,3,BLIND|CONF|SCARE|BR_FIRE|BR_PLAS|S_HI_DEMON|S_HI_UNDEAD,UNIQUE|MALE|FORCE_SLEEP|FORCE_MAXHP|ESCORT|ESCORTS|ONLY_ITEM|DROP_2D2|DROP_3D2|DROP_4D2|DROP_GOOD|DROP_GREAT|OPEN_DOOR|BASH_DOOR|POWERFUL|MOVE_BODY|EVIL|DEMON|IM_FIRE|IM_ELEC|NO_CONF|NO_SLEEP|RES_PLAS,1,8119,"Gothmog is the Chief Balrog in Morgoth's personal guard.  He is renowned for slaying Feanor and Fingon, two of the High Kings of the Noldor Elves, and has never been defeated in combat.  With his whip of flame and awesome fiery breath he saved his master from Ungoliant's rage."
546,"Sauron, the Sorcerer",p,v,99,1,130,105d100,10500,10500,100,160,0,50000,4,HIT:UN_BONUS:10d12,HIT:UN_BONUS:10d12,HIT:UN_POWER:8d12,HIT:UN_POWER:8d12,432,UN_BONUS|UN_POWER,2,TPORT|TELE_LEVEL|BLIND|SCARE|CAUSE_4|BO_ICEE|BO_MANA|BO_PLAS|BRAIN_SMASH|FORGET|BA_MANA|BA_FIRE|BA_WATE|BA_NETH|BA_DARK|S_MONSTERS|S_HI_DEMON|S_HI_UNDEAD|S_HI_DRAGON|S_WRAITH|S_UNIQUE,UNIQUE|QUESTOR|MALE|FORCE_SLEEP|FORCE_MAXHP|FORCE_DEPTH|ONLY_ITEM|DROP_2D2|DROP_3D2|DROP_4D2|DROP_GOOD|DROP_GREAT|SMART|OPEN_DOOR|BASH_DOOR|MOVE_BODY|REGENERATE|EVIL|IM_FIRE|IM_COLD|IM_ELEC|IM_POIS|NO_CONF|NO_SLEEP|NO_FEAR,1,8147,"He is Morgoth's most powerful servant.  Mighty in spells and enchantments, he created the One Ring.  His eyes glow with power and his gaze seeks to destroy your soul.  He has many servants, and rarely fights without them."
547,"Morgoth, Lord of Darkness",P,D,100,1,140,200d100,20000,20000,100,150,0,60000,4,HIT:SHATTER:20d10,HIT:SHATTER:20d10,HIT:LOSE_ALL:10d12,TOUCH:UN_POWER,520,LOSE_ALL|SHATTER|UN_POWER,3,BA_MANA|BO_MANA|BA_NETH|BRAIN_SMASH|S_MONSTERS|S_UNIQUE|S_WRAITH|S_HI_UNDEAD|S_HI_DRAGON|S_HI_DEMON,UNIQUE|QUESTOR|MALE|FORCE_SLEEP|FORCE_MAXHP|FORCE_DEPTH|ONLY_ITEM|DROP_1D2|DROP_2D2|DROP_3D2|DROP_4D2|DROP_GOOD|DROP_GREAT|DROP_CHOSEN|SMART|KILL_WALL|MOVE_BODY|REGENERATE|EVIL|IM_ACID|IM_FIRE|IM_COLD|IM_ELEC|IM_POIS|NO_CONF|NO_SLEEP|NO_FEAR,1,8174,"He is the Master of the Pits of Angband.  His figure is like a black mountain crowned with lightning.  He rages with everlasting anger, his body scarred by Fingolfin's eight mighty wounds.  He can never rest from his pain, but seeks forever to dominate all that is light and good in the world.  He is the origin of man's fear of darkness and created many foul creatures with his evil powers.  Orcs, Dragons, and Trolls are his most foul corruptions, causing much pain and suffering in the world to please him.  His disgusting visage, twisted with evil, is crowned with iron, the two remaining Silmarils forever burning him.  Grond, the mighty Hammer of the Underworld, cries defiance as he strides towards you to crush you to a pulp!"
548,Silver mouse,r,W,4,1,110,1d3,2.0,3,8,4,20,1,1,BITE:EAT_LITE:1d2,,,,2,EAT_LITE,,,RAND_50|MULTIPLY|ANIMAL,0,8205,"It is about three feet long with large teeth.  As the light of your lamp falls on it, it seems to grow stronger."
549,Rot jelly,j,u,5,1,120,20d8,90.0,160,2,30,99,15,2,TOUCH:EAT_FOOD:2d3,TOUCH:LOSE_CHR:2d3,,,12,EAT_FOOD|LOSE_CHR,,,NEVER_MOVE|STUPID|EMPTY_MIND|HURT_LITE|IM_POIS|NO_CONF|NO_SLEEP|NO_FEAR,0,8216,"It is a large pile of rotting flesh, whose touch spoils your food.  The terrible smell it exudes is also very hard to get rid of..."
550,Giant tan bat,b,U,15,2,130,3d8,13.5,24,12,20,50,18,3,BITE:TERRIFY:1d3,CLAW:HURT:1d2,CLAW:HURT:1d2,,7,TERRIFY,,,FORCE_SLEEP|RAND_50|ANIMAL,0,8229,"A giant bat, the beating of whose wings produces a strangely unnerving noise."
551,Giant silver ant,a,W,23,1,110,9d8,40.5,72,10,38,40,45,1,BITE:ACID:4d4,,,,16,ACID,,,RAND_25|WEIRD_MIND|BASH_DOOR|ANIMAL,0,8239,A giant silver ant with a caustic bite.
552,Giant brown tick,S,u,25,2,110,18d8,81.0,144,12,50,20,47,2,BITE:POISON:2d6,STING:BLIND:1d1,,,13,BLIND|POISON,,,WEIRD_MIND|BASH_DOOR|ANIMAL|IM_POIS,0,8249,It is moving slowly towards you.
553,Disenchanter bat,b,v,26,4,130,6d8,27.0,48,12,28,50,75,1,HIT:UN_BONUS,,,,0,UN_BONUS,,,FORCE_SLEEP|RAND_50|ANIMAL|ATTR_MULTI|RES_DISE,0,8259,A giant bat which feeds on raw magical energy.
554,Shimmering mold,m,b,27,1,110,32d8,144.0,256,2,24,70,140,2,SPORE:ELEC:5d4,SPORE:ELEC:5d4,,,40,ELEC,,,NEVER_MOVE|STUPID|EMPTY_MIND|IM_ELEC|IM_POIS|NO_CONF|NO_SLEEP|NO_FEAR,0,8267,"It is a strange growth on the dungeon floor, glowing and crackling with sparks."
555,Wyvern,d,g,22,2,120,5d80,202.5,400,20,66,60,250,3,BITE:HURT:2d6,BITE:HURT:2d6,STING:POISON:2d6,,36,POISON,,,FORCE_SLEEP|ONLY_GOLD|DROP_2D2|IM_POIS|OPEN_DOOR|BASH_DOOR|MOVE_BODY|ANIMAL|EVIL|DRAGON,0,8279,A fast-moving and deadly draconian animal.  Beware its poisonous sting!
556,Chest mimic,~,s,35,4,110,15d40,307.5,600,30,40,0,250,4,BITE:POISON:4d4,BITE:POISON:4d4,BUTT:CONFUSE:4d4,SPIT:BLIND:4d4,64,BLIND|CONFUSE|POISON,5,BLIND|CONF|SCARE|CAUSE_2|BA_POIS|S_MONSTER,CHAR_MULTI|FORCE_SLEEP|NEVER_MOVE|DROP_2D2|EMPTY_MIND|COLD_BLOOD|NO_CONF|NO_SLEEP|NO_FEAR,0,8292,A strange creature that disguises itself as a chest to lure unsuspecting adventurers within reach of its venomous claws.  The first that most adventurers realise of the deception is when the seemingly invitingly open lid of the chest suddenly grows teeth and then slams shut on the adventurer's hand...
557,Demilich,L,U,54,2,120,32d100,3200,3200,20,100,50,12500,4,TOUCH:EXP_80,TOUCH:UN_POWER,TOUCH:LOSE_DEX:4d12,TOUCH:LOSE_DEX:4d12,96,EXP_80|LOSE_DEX|UN_POWER,3,BLINK|TELE_TO|BLIND|HOLD|CONF|SCARE|CAUSE_3|CAUSE_4|DRAIN_MANA|BRAIN_SMASH|S_UNDEAD|S_DEMON|FORGET|TPORT|HEAL,FORCE_SLEEP|FORCE_MAXHP|SMART|ONLY_ITEM|DROP_2D2|DROP_3D2|DROP_GOOD|COLD_BLOOD|OPEN_DOOR|BASH_DOOR|EVIL|UNDEAD|IM_COLD|IM_POIS|NO_CONF|NO_SLEEP,0,8313,"A lich who is partially immaterial, on its way to a new, ethereal form."
558,Archlich,L,B,64,2,120,40d100,4000,4000,20,120,50,20000,4,TOUCH:EXP_80,TOUCH:UN_POWER,TOUCH:LOSE_DEX:8d12,TOUCH:LOSE_DEX:8d12,192,EXP_80|LOSE_DEX|UN_POWER,3,BLINK|TELE_TO|SCARE|HOLD|CAUSE_4|DRAIN_MANA|BRAIN_SMASH|FORGET|TPORT|HEAL|S_HI_UNDEAD|S_DEMON|BA_NETH,FORCE_SLEEP|FORCE_MAXHP|SMART|ONLY_ITEM|DROP_4D2|DROP_2D2|DROP_GOOD|COLD_BLOOD|OPEN_DOOR|BASH_DOOR|PASS_WALL|EVIL|UNDEAD|IM_COLD|IM_POIS|NO_CONF|NO_SLEEP,0,8331,A lich who has reached its ultimate evolutionary stage:  a completely immaterial state.
559,Crow,B,s,2,2,120,3d5,9.0,15,40,12,0,8,2,BITE:HURT:1d3,BITE:HURT:1d3,,,6,,,,ANIMAL,0,8350,"It is a hooded crow, gray except for the black wings and head."
560,Raven,B,D,4,2,120,4d5,12.0,20,40,12,0,10,2,BITE:HURT:1d4,BITE:HURT:1d4,,,8,,,,ANIMAL,0,8359,"Larger than a crow, and pitch black."
561,Crebain,B,D,16,4,120,3d5,9.0,15,40,12,0,20,2,CLAW:HURT:1d4,CLAW:HURT:1d4,,,8,,8,SHRIEK,ANIMAL|FRIENDS,0,8368,"A type of crow, specially bred by the forces of evil as spies; their rudimentary intelligence guided by an evil mind has tracked you down, and now they seek to alert other evil creatures to your presence."
562,Winged Horror,B,D,48,3,120,25d80,1012.5,2000,30,80,5,4000,4,CLAW:HURT:3d8,CLAW:HURT:3d8,BITE:EXP_40:4d6,BITE:EXP_40:4d6,96,EXP_40,6,BR_NETH|BR_DARK|BR_POIS,ANIMAL|IM_COLD|IM_POIS,0,8380,"A terrifying sight:  a winged creature greater than any bird you have ever seen, and with no feathers on its horrid black leathery wings.  Descended from a creature of an older world perhaps, bred by Sauron to be a winged steed for his Ringwraiths."
563,Cave bear,q,u,9,1,110,8d8,36.0,64,10,35,10,25,3,CLAW:HURT:1d6,CLAW:HURT:1d6,BITE:HURT:1d8,,20,,,,BASH_DOOR|ANIMAL|RAND_25,0,8396,"A large bear appears to have made its home in this cave.  It is hungry, and you are trespassing in its territory."
564,Grizzly bear,q,U,16,2,110,12d12,78.0,144,10,35,10,55,4,CLAW:HURT:1d8,CLAW:HURT:1d8,BITE:HURT:1d12,CRUSH:HURT:1d10,38,,,,BASH_DOOR|ANIMAL,0,8407,"A huge, beastly bear, more savage than most of its kind."
565,Werebear,q,D,24,2,110,25d25,325.0,625,20,50,20,200,4,CLAW:HURT:1d10,CLAW:HURT:1d10,BITE:HURT:2d8,CRUSH:HURT:2d6,48,,,,BASH_DOOR|OPEN_DOOR|ANIMAL|EVIL|DROP_1D2,0,8418,"In the eyes of this bear, there glimmers the faintest light of intelligence. And then its form begins to change... The combination of animal cunning, human intelligence and the great physical strength of the bear makes for a dangerous enemy."
566,"Beorn, the Shape-Changer",q,D,28,3,120,20d70,1400,1400,25,60,25,1000,4,CLAW:HURT:2d10,CLAW:HURT:2d10,BITE:HURT:4d8,CRUSH:HURT:3d6,90,,,,UNIQUE|MALE|FORCE_MAXHP|FORCE_SLEEP|BASH_DOOR|ANIMAL|ESCORT|MOVE_BODY|SMART|ONLY_ITEM|DROP_2D2|DROP_GOOD,1,8433,"Beorn is only occasionally seen in human form these days, preferring to appear in the shape of a giant black bear:  he also prefers the company of beasts to that of humans.  He has never taken kindly to strangers, even in human form - and still less when in bear's shape, as he is now."
567,Barbazu,U,G,55,4,120,80d10,800,800,25,60,80,3000,4,HIT:HURT:4d10,HIT:HURT:4d10,HIT:LOSE_CON:10d2,STING:POISON:5d5,125,LOSE_CON|POISON,10,SCARE|S_DEMON,FORCE_SLEEP|FORCE_MAXHP|FRIENDS|ONLY_ITEM|DROP_1D2|OPEN_DOOR|BASH_DOOR|POWERFUL|EVIL|DEMON|IM_POIS|NO_CONF|NO_SLEEP,0,8449,"A foul, humanoid creature with a long tail, clawed hands and feet, and a disgusting, wiry, snaky beard.  They are the elite shock troops of the hells, capable of a terrifying berserk fury."
568,Bile Demon,U,R,61,2,120,28d100,2800,2800,40,90,80,12000,3,HIT:HURT:8d8,HIT:HURT:8d8,CRUSH:ACID:9d9,,209,ACID,6,BR_POIS|BR_ACID|S_DEMON|BLIND|CONF|ARROW_4,FORCE_SLEEP|FORCE_MAXHP|ONLY_ITEM|DROP_3D2|DROP_GOOD|OPEN_DOOR|BASH_DOOR|POWERFUL|EVIL|DEMON|IM_POIS|IM_ACID|NO_CONF|NO_SLEEP,0,8467,It's big.  It's fat.  It's red.  It's ugly.  It's got a severe attack of highly poisonous flatulence.  And its insides are corrosive.  All of which go together to make the single most repulsive sight - and smell - you have ever experienced.
569,Osyluth,U,W,65,2,130,26d100,2600,2600,20,75,80,13000,4,HIT:LOSE_CHR:6d6,HIT:LOSE_CHR:6d6,BITE:POISON:8d8,STING:LOSE_STR:5d5,161,LOSE_CHR|LOSE_STR|POISON,6,BA_ELEC|BA_COLD|BO_ICEE|SCARE|S_DEMON,FORCE_SLEEP|FORCE_MAXHP|ONLY_ITEM|DROP_3D2|DROP_GOOD|OPEN_DOOR|BASH_DOOR|POWERFUL|MOVE_BODY|EVIL|DEMON|NO_CONF|NO_SLEEP|INVISIBLE|IM_ACID|IM_ELEC|IM_POIS|IM_COLD|IM_FIRE,0,8485,"It is a demon made almost entirely out of bones.  It is humanoid, but with a large tail similar to that of a giant scorpion, and emits a foul smell of decay and rot.  They are despised even in the hells."
570,Gelugon,U,w,69,3,130,35d100,3500,3500,20,100,80,14000,4,CLAW:COLD:6d8,CLAW:COLD:6d8,BITE:COLD:9d9,HIT:PARALYZE:5d5,202,COLD|PARALYZE,6,BR_COLD|BR_SHAR|BA_COLD|BO_ICEE|S_HI_DEMON|SLOW|SCARE|HOLD,FORCE_SLEEP|FORCE_MAXHP|ONLY_ITEM|DROP_GOOD|DROP_4D2|OPEN_DOOR|BASH_DOOR|POWERFUL|REGENERATE|EVIL|DEMON|IM_COLD|NO_CONF|NO_SLEEP,0,8504,"This demon from the ice planes is a truly terrifying sight.  It has an extremely large, insect-like body towering a full twelve feet tall, with great claws on its hands and pincers on its mouth, and its head bulges with great multi-faceted eyes.  Its tail is covered with razor-sharp spikes."
571,Horned Reaper,U,B,72,3,130,38d100,3800,3800,40,120,80,18000,4,HIT:HURT:11d11,HIT:HURT:11d11,HIT:HURT:11d11,HIT:HURT:11d11,484,,5,HASTE|SLOW|SCARE|S_HI_DEMON,FORCE_SLEEP|FORCE_MAXHP|REGENERATE|ONLY_ITEM|DROP_GOOD|DROP_4D2|DROP_2D2|OPEN_DOOR|BASH_DOOR|KILL_BODY|POWERFUL|EVIL|DEMON|NO_CONF|NO_SLEEP|IM_FIRE|IM_COLD|IM_POIS|IM_ACID|IM_ELEC,0,8525,"A giant humanoid demon wielding a massive, heavy and sharp scythe.  Feared by foes and friends alike when it flies into one of its berserk rages, the Horned Reaper will cut down anything in its path between it and you - even the minions it has just summoned."
572,Pit Fiend,U,o,77,3,130,40d100,4000,4000,30,120,75,22000,4,CLAW:FIRE:6d10,CLAW:FIRE:6d10,BITE:POISON:5d10,BITE:LOSE_CON:5d10,220,FIRE|LOSE_CON|POISON,5,S_HI_DEMON|S_HI_DRAGON|BR_FIRE|BR_POIS|BR_CHAO|SCARE|BA_FIRE|CAUSE_4,FORCE_SLEEP|FORCE_MAXHP|REGENERATE|ONLY_ITEM|DROP_GOOD|DROP_4D2|DROP_2D2|OPEN_DOOR|BASH_DOOR|MOVE_BODY|POWERFUL|EVIL|DEMON|IM_FIRE|IM_POIS|NO_CONF|NO_SLEEP,0,8545,"Appearing as a giant, clawed and winged humanoid with a scaly red body and massive fangs dripping a foul green liquid, the Pit Fiend is a dreadful enemy from the lowest depths of the hells.  They are often the commanders of vast demon armies."
573,Greater Balrog,U,v,79,3,130,50d100,5000,5000,40,140,80,25000,4,HIT:FIRE:8d12,HIT:FIRE:8d12,CRUSH:HURT:7d12,TOUCH:UN_POWER,276,FIRE|UN_POWER,3,CONF|SCARE|BR_FIRE|BR_PLAS|BO_PLAS|BA_FIRE|S_UNDEAD|S_DEMON|S_HI_DEMON,FORCE_SLEEP|FORCE_MAXHP|ONLY_ITEM|DROP_3D2|DROP_4D2|DROP_GOOD|OPEN_DOOR|BASH_DOOR|POWERFUL|MOVE_BODY|EVIL|DEMON|IM_FIRE|IM_ELEC|IM_POIS|NO_CONF|NO_SLEEP|RES_PLAS,0,8565,"Originally of the semi-divine Maiar, this evil spirit swore allegiance to Morgoth at the beginning of time and is now one of his most terrible demonic servants.  With its flaming whip and sword it seeks to destroy you."
574,Baby bronze dragon,d,U,9,2,110,10d10,100,100,20,30,70,35,3,CLAW:HURT:1d3,CLAW:HURT:1d3,BITE:HURT:1d5,,11,,12,BR_CONF,FORCE_MAXHP|FORCE_SLEEP|ONLY_GOLD|DROP_60|DROP_1D2|OPEN_DOOR|BASH_DOOR|EVIL|DRAGON|NO_CONF,0,8587,"This hatchling dragon is still soft, its eyes unaccustomed to light and its scales a dull bronze."
575,Baby gold dragon,d,y,9,2,110,10d10,100,100,20,30,70,35,3,CLAW:HURT:1d3,CLAW:HURT:1d3,BITE:HURT:1d5,,11,,12,BR_SOUN,FORCE_MAXHP|FORCE_SLEEP|ONLY_GOLD|DROP_60|DROP_1D2|OPEN_DOOR|BASH_DOOR|EVIL|DRAGON,0,8603,"This hatchling dragon is still soft, its eyes unaccustomed to light and its scales a pale gold."
576,Great Swamp Wyrm,D,g,63,2,120,35d100,3500,3500,30,150,80,20000,4,CLAW:HURT:4d12,CLAW:HURT:4d12,BITE:POISON:6d14,BITE:POISON:6d14,264,POISON,4,BLIND|CONF|SCARE|BR_POIS,FORCE_SLEEP|FORCE_MAXHP|ONLY_ITEM|DROP_2D2|DROP_3D2|DROP_4D2|DROP_GOOD|SMART|BASH_DOOR|POWERFUL|MOVE_BODY|EVIL|DRAGON|IM_POIS|NO_CONF|NO_SLEEP,0,8619,"A truly enormous dragon with great powers.  The foul gases issuing from the beast nearly make you vomit; and while you may try to hold your breath as you fight it, it sees no reason to do likewise."
577,Great Wyrm of Perplexity,D,U,63,2,120,35d100,3500,3500,30,150,80,20000,4,CLAW:HURT:4d12,CLAW:HURT:4d12,BITE:CONFUSE:6d14,BITE:CONFUSE:6d14,264,CONFUSE,4,BLIND|CONF|SCARE|BR_CONF,FORCE_SLEEP|FORCE_MAXHP|ONLY_ITEM|DROP_2D2|DROP_3D2|DROP_4D2|DROP_GOOD|SMART|BASH_DOOR|POWERFUL|MOVE_BODY|EVIL|DRAGON|NO_CONF|NO_SLEEP,0,8638,"A dragon of great size and power.  Its polished bronze scales reflect the light in strange and confusing patterns, and you find it hard to keep your mind on the job of fighting for your life."
578,Great Bile Wyrm,D,s,67,2,120,35d100,3500,3500,30,150,80,23000,4,CLAW:HURT:4d12,CLAW:HURT:4d12,BITE:ACID:6d14,BITE:ACID:6d14,264,ACID,4,BLIND|CONF|SCARE|BR_ACID,FORCE_SLEEP|FORCE_MAXHP|ONLY_ITEM|DROP_2D2|DROP_3D2|DROP_4D2|DROP_GOOD|BASH_DOOR|POWERFUL|MOVE_BODY|EVIL|DRAGON|IM_ACID|NO_CONF|NO_SLEEP,0,8657,A huge and very powerful dragon.  Great steaming pools of acid drip from its form onto the ground.  You shudder when you see the acid eating away the very stones of the dungeon - what could it do to you?
579,Great Wyrm of Thunder,D,y,67,2,120,35d100,3500,3500,30,150,80,23000,4,CLAW:HURT:4d12,CLAW:HURT:4d12,BITE:HURT:6d14,BITE:HURT:6d14,264,,4,BLIND|CONF|SCARE|BR_SOUN,FORCE_SLEEP|FORCE_MAXHP|ONLY_ITEM|DROP_2D2|DROP_3D2|DROP_4D2|DROP_GOOD|BASH_DOOR|POWERFUL|MOVE_BODY|EVIL|DRAGON|NO_CONF|NO_SLEEP,0,8676,"A dragon of gigantic proportions, with destructive abilities to match.  The sheer loudness of its roar leaves you stunned and unable to think clearly enough to defend yourself adequately."
580,Ranger,p,W,20,1,110,15d11,90.0,165,20,40,40,55,2,HIT:HURT:5d4,HIT:HURT:5d4,,,40,,4,S_ANIMAL|ARROW_2|MISSILE|BO_COLD|BO_ELEC|BLINK,MALE|DROP_1D2|TAKE_ITEM|OPEN_DOOR|BASH_DOOR,0,8695,"A warrior who is at one with nature.  A master of both bow and sword, with minor spellcasting skills, and animals come to do his bidding."
581,Paladin,p,w,20,1,110,15d11,90.0,165,20,40,40,55,2,HIT:HURT:4d5,HIT:HURT:4d5,,,40,,4,HEAL|CAUSE_2|SLOW|SCARE|BLIND,MALE|DROP_1D2|TAKE_ITEM|OPEN_DOOR|BASH_DOOR,0,8710,"A warrior for a holy cause.  Unfortunately, his god is not yours, and there is rivalry even between the various gods of Good, so he is your enemy."
582,Ranger Chieftain,p,W,41,2,120,50d20,1000,1000,20,60,10,1600,3,HIT:HURT:5d5,HIT:HURT:5d5,HIT:HURT:5d5,,75,,4,S_ANIMAL|ARROW_2|ARROW_3|ARROW_4|MISSILE|BO_FIRE|BO_ELEC|BA_COLD|HASTE|BLINK,MALE|INVISIBLE|FORCE_MAXHP|ONLY_ITEM|DROP_2D2|TAKE_ITEM|OPEN_DOOR|BASH_DOOR|NO_CONF|NO_SLEEP|IM_FIRE|IM_ELEC|IM_COLD|IM_POIS,0,8724,"A chieftain among the Rangers.  His understanding of nature gives him powerful elemental spells to use against you, in addition to his skills as an archer and a warrior.  Furthermore, he is a master of camouflage, so you will need magically enhanced seeing to spot him."
583,Berserker,p,u,45,2,120,60d25,1500,1500,20,80,10,2500,3,HIT:HURT:6d6,HIT:HURT:6d6,HIT:HURT:6d6,,108,,4,HASTE|SCARE,MALE|FORCE_MAXHP|ONLY_ITEM|DROP_90|DROP_2D2|BASH_DOOR|KILL_BODY|NO_CONF|NO_SLEEP|NO_FEAR,0,8745,"Even the strongest of normal human warriors fears the Berserker - the one who can drive himself into such a terrible battle-frenzy that he can survive blows which should kill him, and still apparently feel no pain.  He tramples weaker creatures underfoot in his eagerness to get to his real enemy, and his battle-cry strikes terror into his foes."
584,Cyclops,P,u,45,2,120,60d20,1200,1200,20,120,20,1500,2,HIT:HURT:9d9,HIT:HURT:9d9,,,162,,8,BOULDER,FORCE_SLEEP|FORCE_MAXHP|DROP_1D2|TAKE_ITEM|BASH_DOOR|OPEN_DOOR|MOVE_BODY|EVIL|IM_POIS|IM_ACID|IM_FIRE|IM_COLD|GIANT,0,8763,A gigantic ugly humanoid with but one eye and very thick skin.
585,"Polyphemus, the Blind Cyclops",P,g,69,3,130,53d100,5300,5300,40,140,40,29000,3,HIT:HURT:11d10,HIT:HURT:11d10,HIT:SHATTER:11d10,,330,SHATTER,5,BOULDER|BO_WATE|BA_WATE|BO_ICEE|BA_ACID,UNIQUE|MALE|FORCE_SLEEP|FORCE_MAXHP|RAND_25|DROP_2D2|DROP_3D2|DROP_GOOD|ONLY_ITEM|KILL_ITEM|BASH_DOOR|KILL_BODY|EVIL|GIANT|IM_ACID|IM_POIS|IM_FIRE|IM_COLD,1,8777,"No ordinary cyclops, but the son of a sea-god:  he wields the powers of elemental water as well as the considerable strength of a cyclops.  His one eye was blinded long ago by the warrior Odysseus, but he has trained himself to hear so well that it nearly makes up for his disability."
586,"Atlas, the Titan",P,s,76,3,120,60d100,6000,6000,30,160,15,37000,4,HIT:SHATTER:13d13,HIT:CONFUSE:13d13,HIT:SHATTER:13d13,HIT:CONFUSE:13d13,676,CONFUSE|SHATTER,5,BOULDER,UNIQUE|MALE|FORCE_SLEEP|FORCE_MAXHP|ONLY_ITEM|DROP_GOOD|DROP_4D2|KILL_BODY|KILL_WALL|SMART|TAKE_ITEM|OPEN_DOOR|BASH_DOOR|EVIL|GIANT|HURT_ROCK|IM_FIRE|IM_COLD|IM_ACID|IM_ELEC|IM_POIS,1,8796,The strongest of all the Titans.  Legend has it that he used to hold the sky on his shoulders; and the mountain range that now does so is named after him.
587,"Kronos, Lord of the Titans",P,v,87,3,120,70d100,7000,7000,30,150,15,42000,4,HIT:CONFUSE:12d12,HIT:CONFUSE:12d12,HIT:CONFUSE:12d12,HIT:CONFUSE:12d12,576,CONFUSE,3,BOULDER|BR_FIRE|BR_COLD|BR_SHAR|BR_SOUN|S_MONSTERS|S_KIN|TELE_TO|HEAL,UNIQUE|MALE|FORCE_SLEEP|FORCE_MAXHP|MOVE_BODY|ONLY_ITEM|DROP_4D2|DROP_3D2|DROP_GOOD|SMART|TAKE_ITEM|BASH_DOOR|EVIL|GIANT|ESCORT|IM_FIRE|IM_COLD|IM_ACID|IM_POIS|IM_ELEC,1,8815,"The lord of the Titans, he has broken loose from his confinement in the nether hells to seek revenge on the world."
588,Evil eye,e,g,18,3,110,15d8,67.5,120,2,6,10,80,2,GAZE:EXP_10,GAZE:EXP_10,,,0,EXP_10,7,HOLD|TELE_TO,NEVER_MOVE|EVIL|HURT_LITE|NO_FEAR,0,8835,"A huge disembodied eye.  As you stare into the black nothingness of its pupil, you feel your will and vitality draining away, and are unable to do anything except approach it in horrified fascination."
589,Spectator,e,B,28,2,110,15d13,195,195,30,1,5,150,3,GAZE:PARALYZE:1d4,GAZE:CONFUSE:1d4,BITE:HURT:1d8,,16,CONFUSE|PARALYZE,6,FORGET|CAUSE_2|HOLD|SLOW,FORCE_SLEEP|FORCE_MAXHP|NO_CONF|NO_SLEEP|NO_FEAR,0,8849,"A lesser relative of the beholder:  a globular body with a large toothy mouth, a large central eye, and four smaller eyes on stalks protruding from the top of its body."
590,Gauth,e,D,36,2,110,15d20,300,300,20,50,20,600,4,GAZE:UN_BONUS:5d2,GAZE:UN_BONUS:5d2,GAZE:UN_POWER:5d2,GAZE:UN_POWER:5d2,40,UN_BONUS|UN_POWER,5,CAUSE_2|TELE_AWAY|BA_COLD|BO_ELEC|HOLD|DRAIN_MANA,FORCE_SLEEP|FORCE_MAXHP|BASH_DOOR|EVIL,0,8864,"Another lesser relative of the beholder, this six-eyed creature feeds on magic."
591,Beholder hive-mother,e,b,67,3,120,35d100,3500,3500,30,80,10,17000,4,BITE:EXP_80:6d6,GAZE:PARALYZE:5d5,GAZE:LOSE_INT:5d5,GAZE:UN_POWER:5d5,111,EXP_80|LOSE_INT|PARALYZE|UN_POWER,2,BLIND|CONF|FORGET|SCARE|DRAIN_MANA|BRAIN_SMASH|BA_DARK|BO_MANA|BA_ACID|BA_FIRE|BA_COLD|BO_NETH|S_KIN,FORCE_SLEEP|FORCE_MAXHP|FEMALE|EVIL|SMART|BASH_DOOR|NO_CONF|NO_SLEEP|IM_POIS,0,8878,"A hive mother of the race of beholders, she can summon her brood to her aid whenever she wishes."
592,Neekerbreeker,I,D,19,4,120,3d2,4.5,6,8,18,10,4,1,BITE:POISON:2d2,,,,4,POISON,12,SHRIEK,RAND_50|RAND_25|MULTIPLY|WEIRD_MIND|ANIMAL|EVIL,0,8897,"Believed to be an evil relative of the cricket, this creature gets its name from its incessant squeaking, which can best be described as ""neek-breek, neek-breek"".  The noise can drive people frantic, and worse still, can be heard for quite some distance, alerting other monsters to your presence."
593,Giant firefly,I,r,24,4,120,3d2,4.5,6,8,18,10,4,1,BITE:BLIND:1d2,,,,2,BLIND,,,RAND_50|RAND_25|MULTIPLY|WEIRD_MIND|ANIMAL,0,8911,Clouds of these monsters light up the dungeon - so brightly that you can barely see through them.
594,"Eol, the Dark Elf",h,D,49,2,130,80d30,2400,2400,20,100,60,25000,3,HIT:HURT:3d8,HIT:HURT:3d8,HIT:HURT:3d8,,72,,2,HEAL|BLINK|TELE_TO|BLIND|CONF|CAUSE_4|DARKNESS|BA_NETH|BA_ELEC|BA_ACID|BA_FIRE|BA_COLD|BO_MANA|S_MONSTERS|S_UNDEAD|S_DRAGON|S_DEMON,UNIQUE|MALE|FORCE_SLEEP|FORCE_MAXHP|ONLY_ITEM|DROP_2D2|DROP_4D2|DROP_GOOD|SMART|OPEN_DOOR|BASH_DOOR|HURT_LITE|EVIL|IM_POIS|IM_FIRE|IM_COLD|NO_CONF|NO_SLEEP,1,8921,"A lord of the Teleri, Eol is a mighty metalsmith, the only one to ever forge weapons of meteorite iron.  The mortal enemy of the Eldar, he is currently fleeing their wrath, following the murder of Princess Aredhel of Gondolin."
595,"Maeglin, the Traitor of Gondolin",h,D,81,2,130,60d100,6000,6000,70,120,20,35000,4,HIT:HURT:8d8,HIT:HURT:8d8,HIT:HURT:8d8,HIT:HURT:8d8,256,,6,S_ANIMAL|S_MONSTERS|S_WRAITH|S_HI_UNDEAD|S_HI_DRAGON|S_HI_DEMON|S_UNIQUE,UNIQUE|MALE|FORCE_SLEEP|FORCE_MAXHP|ONLY_ITEM|DROP_3D2|DROP_4D2|DROP_GOOD|DROP_GREAT|OPEN_DOOR|BASH_DOOR|KILL_WALL|MOVE_BODY|EVIL|IM_POIS|IM_FIRE|IM_COLD|NO_CONF|NO_SLEEP,1,8942,"The son of Eol the Dark Elf, Maeglin is every bit as evil as his father and more.  His greed for gold led him to betray the Hidden Kingdom of Gondolin to Morgoth's forces.  He is a mighty warrior himself, and some of Morgoth's greatest servants answer to his call."
596,Elder vampire,V,r,54,3,120,30d100,3000,3000,20,90,10,4500,4,HIT:HURT:4d6,HIT:HURT:4d6,BITE:EXP_80:5d6,BITE:EXP_80:5d6,108,EXP_80,5,HOLD|SCARE|CAUSE_3|CAUSE_4|DRAIN_MANA|BRAIN_SMASH|DARKNESS|BO_NETH|S_UNDEAD,FORCE_SLEEP|FORCE_MAXHP|DROP_60|DROP_4D2|DROP_GOOD|COLD_BLOOD|OPEN_DOOR|BASH_DOOR|REGENERATE|INVISIBLE|PASS_WALL|EVIL|UNDEAD|IM_COLD|IM_POIS|IM_FIRE|HURT_LITE|NO_CONF|NO_SLEEP,0,8963,"A terrible robed undead figure, this creature has existed in its unlife for many centuries by stealing the life of others.  It can summon the very shades of its victims from beyond the grave to come enslaved to its aid."
597,Silent watcher,g,r,35,3,110,80d25,1040.0,2000,42,80,10,800,4,GAZE:TERRIFY,GAZE:PARALYZE,GAZE:LOSE_STR,GAZE:HALLU,0,HALLU|LOSE_STR|PARALYZE|TERRIFY,6,SHRIEK|S_MONSTER|S_MONSTERS|HOLD|CONF|MIND_BLAST|DRAIN_MANA,EMPTY_MIND|NEVER_MOVE|EVIL|IM_FIRE|IM_COLD|IM_ELEC|IM_POIS|HURT_ROCK|COLD_BLOOD|HURT_LITE|NO_CONF|NO_SLEEP|NO_FEAR,0,8985,"A figure carved from stone, with three vulture faces whose eyes glow with a malevolent light."
598,Nighthawk,B,u,8,2,120,8d8,36.0,64,30,25,10,22,3,CLAW:HURT:1d3,CLAW:HURT:1d3,BITE:HURT:1d4,,10,,,,ANIMAL|NO_FEAR,0,9002,Trained to hunt and kill without fear.
599,Ghoul,z,U,26,2,110,15d10,82.5,150,30,30,20,95,3,CLAW:PARALYZE:1d4,CLAW:PARALYZE:1d4,BITE:POISON:1d6,,14,PARALYZE|POISON,9,SCARE|HOLD,DROP_60|OPEN_DOOR|BASH_DOOR|EVIL|UNDEAD|FRIENDS|IM_POIS|IM_COLD|NO_CONF|NO_SLEEP|COLD_BLOOD|HURT_LITE,0,9012,Flesh is falling off in chunks from this decaying abomination.
600,Ghast,z,u,30,3,120,30d10,165.0,300,30,50,20,130,4,CLAW:PARALYZE:2d4,CLAW:PARALYZE:2d4,BITE:LOSE_CON:2d4,BITE:LOSE_CHR:2d4,32,LOSE_CHR|LOSE_CON|PARALYZE,7,SCARE|HOLD,DROP_60|OPEN_DOOR|BASH_DOOR|EVIL|UNDEAD|ESCORT|IM_POIS|IM_COLD|NO_CONF|NO_SLEEP|COLD_BLOOD|HURT_LITE,0,9026,"This vile abomination is a relative of ghouls, and often leads packs of them. It smells foul, and its bite carries a rotting disease."
601,Greater basilisk,R,D,45,2,120,20d100,1010.0,2000,25,100,15,10000,4,GAZE:PARALYZE:3d12,GAZE:PARALYZE:3d12,BITE:POISON:2d12,BITE:POISON:2d12,120,PARALYZE|POISON,8,BR_POIS|BR_DARK|BR_NEXU,ONLY_ITEM|DROP_1D2|DROP_GOOD|POWERFUL|OPEN_DOOR|BASH_DOOR|EVIL|IM_POIS|ANIMAL|NO_CONF|NO_SLEEP|RES_NEXUS,0,9042,"A large basilisk, whose shape resembles that of a great wyrm."
602,Aranea,S,R,38,3,110,30d10,300,300,20,45,50,250,4,CLAW:POISON:2d8,CLAW:POISON:2d8,BITE:POISON:2d6,BITE:POISON:2d6,56,POISON,6,BO_FIRE|SLOW|HOLD|CAUSE_3|MISSILE,FORCE_MAXHP|FRIENDS|FORCE_SLEEP|OPEN_DOOR|BASH_DOOR|HURT_LITE|ANIMAL|EVIL|IM_POIS|SMART,0,9057,An intelligent arachnid whose hairy legs weave spells in the air.
603,Elder aranea,S,r,48,5,120,60d20,1200,1200,20,65,50,2500,4,CLAW:POISON:5d8,CLAW:POISON:5d8,BITE:POISON:5d6,BITE:POISON:5d6,140,POISON,6,SLOW|HOLD|DRAIN_MANA|MIND_BLAST|HEAL|BA_FIRE|BO_FIRE|CAUSE_3|S_SPIDER|S_KIN,FORCE_MAXHP|FORCE_SLEEP|ESCORT|OPEN_DOOR|BASH_DOOR|HURT_LITE|SMART|ANIMAL|EVIL|IM_FIRE|IM_POIS,0,9072,"A vast, bloated arachnid, master of its brood: among the more terrible of Ungoliant's descendants, this is a monster such as those who haunted the dread valley of Nan Dungortheb long ago."
604,Kobold shaman,k,r,3,1,110,3d6,10.5,18,20,16,10,15,1,HIT:HURT:1d8,,,,8,,5,MISSILE|CAUSE_1|HEAL|CONF,DROP_60|OPEN_DOOR|BASH_DOOR|EVIL|IM_POIS,0,9090,It is a kobold dressed in skins and gesturing wildly.
605,Bat of Gorgoroth,b,g,28,3,120,20d10,110.0,200,20,30,30,100,2,BITE:POISON:1d10,CLAW:HURT:1d4,,,14,POISON,8,SCARE|BR_POIS|BR_DARK,DROP_60|RAND_25|MOVE_BODY|BASH_DOOR|WEIRD_MIND|ANIMAL|IM_POIS|FRIENDS,0,9101,"Fed with horrid meats and grown to enormous size, this slavering creature seeks livelier prey."
606,Doombat,b,R,32,2,120,24d14,180.0,336,16,75,30,250,3,BITE:FIRE:5d4,BITE:FIRE:5d4,BITE:FIRE:5d4,,60,FIRE,,,WEIRD_MIND|BASH_DOOR|IM_FIRE|ANIMAL,0,9115,"It is a fast moving creature of chaos, a gigantic black bat surrounded by flickering bright red flames."
607,Wolf chieftain,C,D,26,5,120,22d22,484,484,20,20,5,120,4,CLAW:HURT:2d6,CLAW:HURT:2d6,BITE:HURT:2d10,WAIL:TERRIFY,44,TERRIFY,8,DARKNESS,ESCORTS|FORCE_MAXHP|IM_COLD|IM_ACID|SMART|ESCORT|ANIMAL|EVIL|OPEN_DOOR|BASH_DOOR|NO_FEAR|MALE,0,9127,"A great wolf-chieftain whose pack is in the service of the Dark Lord, and whose howls strike fear into even the boldest heart."
608,Bone golem,g,D,68,3,120,35d100,3500,3500,20,170,50,23000,4,HIT:UN_BONUS:8d8,HIT:UN_BONUS:8d8,HIT:LOSE_STR:6d6,HIT:LOSE_STR:6d6,200,LOSE_STR|UN_BONUS,8,TELE_TO|CAUSE_4|DRAIN_MANA|BRAIN_SMASH|BA_NETH|S_UNDEAD,FORCE_SLEEP|FORCE_MAXHP|EMPTY_MIND|COLD_BLOOD|OPEN_DOOR|BASH_DOOR|UNDEAD|IM_COLD|IM_POIS|IM_FIRE|IM_ELEC|NO_CONF|NO_SLEEP|NO_FEAR,0,9142,"A skeletal form, black as night, constructed from the bones of its previous victims."
609,Bronze golem,g,o,75,3,120,40d100,4000,4000,20,170,50,26000,4,HIT:HURT:10d10,HIT:HURT:10d10,HIT:HURT:10d10,HIT:HURT:10d10,400,,8,BO_PLAS|BA_FIRE|BR_FIRE|BA_ELEC|S_DEMON|TELE_TO,FORCE_MAXHP|FORCE_SLEEP|EMPTY_MIND|COLD_BLOOD|OPEN_DOOR|BASH_DOOR|IM_FIRE|IM_ELEC|IM_POIS|IM_ACID|NO_CONF|NO_SLEEP|NO_FEAR|DEMON,0,9160,"A gigantic four-armed animated bronze statue of demonic shape, glowing with great heat."
610,Ogre chieftain,O,b,30,5,120,30d15,240.0,450,20,55,30,600,4,HIT:HURT:3d8,HIT:HURT:3d8,HIT:HURT:3d8,HIT:HURT:3d8,96,,,,FORCE_SLEEP|ONLY_ITEM|DROP_90|MOVE_BODY|OPEN_DOOR|BASH_DOOR|EVIL|MALE|GIANT|ESCORT,0,9176,"This ogre is leader of his tribe.  He sneers at you as he advances towards you, wielding a huge club and pushing his own followers rudely aside."
611,Ar-Pharazon the Golden,p,y,55,1,130,40d100,4000,4000,30,45,255,32500,4,HIT:HURT:8d8,HIT:HURT:8d8,HIT:HURT:8d8,HIT:HURT:8d8,256,,6,HEAL|TELE_AWAY|S_MONSTERS|S_KIN,FORCE_SLEEP|FORCE_MAXHP|UNIQUE|EVIL|MALE|ONLY_ITEM|DROP_1D2|DROP_3D2|DROP_GOOD|DROP_GREAT|SMART|TAKE_ITEM|OPEN_DOOR|BASH_DOOR|MOVE_BODY|IM_FIRE|IM_ELEC|IM_POIS,1,9191,"Last and proudest king of ancient Numenor. Corrupted by power and avarice, he fell victim to Sauron's wiles, tried to fight the Valar themselves, and condemned Numenor to oblivion."
612,Troll chieftain,T,v,40,5,120,30d30,900,900,30,50,20,3000,4,HIT:HURT:2d12,HIT:HURT:2d12,BITE:HURT:3d6,BITE:HURT:3d6,84,,,,FORCE_MAXHP|ESCORT|OPEN_DOOR|DROP_1D2|SMART|BASH_DOOR|TAKE_ITEM|REGENERATE|MOVE_BODY|EVIL|TROLL|IM_POIS|NO_FEAR,0,9209,This troll's great strength and size have won it the place of chieftain of its tribe. It fears nothing.
613,Shardstorm,v,u,37,1,120,32d10,176.0,320,40,12,0,800,1,ENGULF:HURT:6d6,,,,36,,4,BR_SHAR,FORCE_SLEEP|RAND_50|EMPTY_MIND|BASH_DOOR|POWERFUL|NO_FEAR|NO_CONF|NO_SLEEP,0,9223,"A howling blast of razor-sharp mountain fragments, kept intact by perilous magics."
614,Storm of Unmagic,v,v,53,3,120,30d20,315.0,600,50,40,0,4000,2,ENGULF:UN_POWER:5d5,ENGULF:UN_BONUS:5d5,,,50,UN_BONUS|UN_POWER,6,BR_DISE,ATTR_MULTI|FORCE_SLEEP|RAND_50|RAND_25|EMPTY_MIND|BASH_DOOR|POWERFUL|NO_CONF|NO_SLEEP|NO_FEAR|RES_DISE,0,9236,"Howling through the disintegrating dungeon, this whirlpool of Unmagic rips the enchantments from everything it touches."
615,Greater mummy,z,y,36,5,110,34d10,340,340,30,68,255,800,4,CLAW:LOSE_CON:3d6,CLAW:LOSE_CON:3d6,GAZE:EXP_40:3d4,GAZE:TERRIFY:3d4,60,EXP_40|LOSE_CON|TERRIFY,3,HEAL|HASTE|BLIND|SCARE|S_UNDEAD|BA_POIS|BO_NETH|BA_COLD|DRAIN_MANA|MIND_BLAST|CAUSE_3|DARKNESS|FORGET,FORCE_SLEEP|FORCE_MAXHP|NO_FEAR|EVIL|UNDEAD|COLD_BLOOD|ONLY_ITEM|DROP_1D2|DROP_2D2|SMART|TAKE_ITEM|OPEN_DOOR|BASH_DOOR|ESCORT|MOVE_BODY|IM_ACID|IM_COLD|IM_ELEC|IM_POIS|NO_CONF|NO_SLEEP,0,9251,"Once a powerful ruler, now an even more powerful undead menace."
616,Multi-hued hound,Z,v,43,5,110,40d10,220.0,400,25,40,0,600,4,CLAW:HURT:2d8,CLAW:HURT:2d8,BITE:HURT:4d4,BITE:HURT:4d4,64,,5,BR_ACID|BR_POIS|BR_COLD|BR_FIRE|BR_ELEC,FORCE_SLEEP|FRIENDS|BASH_DOOR|ATTR_MULTI|ANIMAL|NO_CONF|NO_SLEEP|IM_ELEC|IM_POIS|IM_ACID|IM_FIRE|IM_COLD,0,9270,"Shimmering in rainbow hues, this hound is beautiful and deadly."
