id,file,line,text,event,audience,pilot_relevance,regex,condition,notes,source
420,melee1.c,292,<monster> is repelled.,defense.protevil_repel,self,high,^(?P<mon>.+?)\ is\ repelled\.$,"melee blow that would have hit; player has protection from evil, monster is EVIL, plr lev >= monster lev, randint0(100)+lev>50; blow skipped, no damage (melee1.c:292)",,M1
421:HIT,melee1.c,480,<monster> hits you.,attack.melee.hit,self,high,^(?P<mon>.+?)\ hits\ you\.$,"blow lands (effect==0 or check_hit) with method RBM_HIT; not repelled (melee1.c:276-296,480)","RBM_HIT act string at melee1.c:308; printed by melee1.c:480 for every landed blow. Method may add cut or stun (50/50) (do_cut/do_stun, monster_critical) -> later set_cut/set_stun messages. Printed whether or not the monster is visible: unseen attacker renders ""It ..."". Effect message(s) for the blow effect follow (see RBE rows).",M1
421:TOUCH,melee1.c,480,<monster> touches you.,attack.melee.hit,self,high,^(?P<mon>.+?)\ touches\ you\.$,"blow lands (effect==0 or check_hit) with method RBM_TOUCH; not repelled (melee1.c:276-296,480)","RBM_TOUCH act string at melee1.c:316; printed by melee1.c:480 for every landed blow. Printed whether or not the monster is visible: unseen attacker renders ""It ..."". Effect message(s) for the blow effect follow (see RBE rows).",M1
421:PUNCH,melee1.c,480,<monster> punches you.,attack.melee.hit,self,high,^(?P<mon>.+?)\ punches\ you\.$,"blow lands (effect==0 or check_hit) with method RBM_PUNCH; not repelled (melee1.c:276-296,480)","RBM_PUNCH act string at melee1.c:323; printed by melee1.c:480 for every landed blow. Method may add stun (do_cut/do_stun, monster_critical) -> later set_cut/set_stun messages. No monster in lib/edit/monster.txt uses this method (B: lines), so effectively never seen. Printed whether or not the monster is visible: unseen attacker renders ""It ..."". Effect message(s) for the blow effect follow (see RBE rows).",M1
421:KICK,melee1.c,480,<monster> kicks you.,attack.melee.hit,self,high,^(?P<mon>.+?)\ kicks\ you\.$,"blow lands (effect==0 or check_hit) with method RBM_KICK; not repelled (melee1.c:276-296,480)","RBM_KICK act string at melee1.c:331; printed by melee1.c:480 for every landed blow. Method may add stun (do_cut/do_stun, monster_critical) -> later set_cut/set_stun messages. Printed whether or not the monster is visible: unseen attacker renders ""It ..."". Effect message(s) for the blow effect follow (see RBE rows).",M1
421:CLAW,melee1.c,480,<monster> claws you.,attack.melee.hit,self,high,^(?P<mon>.+?)\ claws\ you\.$,"blow lands (effect==0 or check_hit) with method RBM_CLAW; not repelled (melee1.c:276-296,480)","RBM_CLAW act string at melee1.c:339; printed by melee1.c:480 for every landed blow. Method may add cut (do_cut/do_stun, monster_critical) -> later set_cut/set_stun messages. Printed whether or not the monster is visible: unseen attacker renders ""It ..."". Effect message(s) for the blow effect follow (see RBE rows).",M1
421:BITE,melee1.c,480,<monster> bites you.,attack.melee.hit,self,high,^(?P<mon>.+?)\ bites\ you\.$,"blow lands (effect==0 or check_hit) with method RBM_BITE; not repelled (melee1.c:276-296,480)","RBM_BITE act string at melee1.c:347; printed by melee1.c:480 for every landed blow. Method may add cut (do_cut/do_stun, monster_critical) -> later set_cut/set_stun messages. Printed whether or not the monster is visible: unseen attacker renders ""It ..."". Effect message(s) for the blow effect follow (see RBE rows).",M1
421:STING,melee1.c,480,<monster> stings you.,attack.melee.hit,self,high,^(?P<mon>.+?)\ stings\ you\.$,"blow lands (effect==0 or check_hit) with method RBM_STING; not repelled (melee1.c:276-296,480)","RBM_STING act string at melee1.c:355; printed by melee1.c:480 for every landed blow. Printed whether or not the monster is visible: unseen attacker renders ""It ..."". Effect message(s) for the blow effect follow (see RBE rows).",M1
421:XXX1,melee1.c,480,<monster> XXX1's you.,attack.melee.hit,self,high,^(?P<mon>.+?)\ XXX1\'s\ you\.$,"blow lands (effect==0 or check_hit) with method RBM_XXX1; not repelled (melee1.c:276-296,480)","RBM_XXX1 act string at melee1.c:362; printed by melee1.c:480 for every landed blow. No monster in lib/edit/monster.txt uses this method (B: lines), so effectively never seen. Printed whether or not the monster is visible: unseen attacker renders ""It ..."". Effect message(s) for the blow effect follow (see RBE rows).",M1
421:BUTT,melee1.c,480,<monster> butts you.,attack.melee.hit,self,high,^(?P<mon>.+?)\ butts\ you\.$,"blow lands (effect==0 or check_hit) with method RBM_BUTT; not repelled (melee1.c:276-296,480)","RBM_BUTT act string at melee1.c:368; printed by melee1.c:480 for every landed blow. Method may add stun (do_cut/do_stun, monster_critical) -> later set_cut/set_stun messages. Printed whether or not the monster is visible: unseen attacker renders ""It ..."". Effect message(s) for the blow effect follow (see RBE rows).",M1
421:CRUSH,melee1.c,480,<monster> crushes you.,attack.melee.hit,self,high,^(?P<mon>.+?)\ crushes\ you\.$,"blow lands (effect==0 or check_hit) with method RBM_CRUSH; not repelled (melee1.c:276-296,480)","RBM_CRUSH act string at melee1.c:376; printed by melee1.c:480 for every landed blow. Method may add stun (do_cut/do_stun, monster_critical) -> later set_cut/set_stun messages. Printed whether or not the monster is visible: unseen attacker renders ""It ..."". Effect message(s) for the blow effect follow (see RBE rows).",M1
421:ENGULF,melee1.c,480,<monster> engulfs you.,attack.melee.hit,self,high,^(?P<mon>.+?)\ engulfs\ you\.$,"blow lands (effect==0 or check_hit) with method RBM_ENGULF; not repelled (melee1.c:276-296,480)","RBM_ENGULF act string at melee1.c:384; printed by melee1.c:480 for every landed blow. Printed whether or not the monster is visible: unseen attacker renders ""It ..."". Effect message(s) for the blow effect follow (see RBE rows).",M1
421:XXX2,melee1.c,480,<monster> XXX2's you.,attack.melee.hit,self,high,^(?P<mon>.+?)\ XXX2\'s\ you\.$,"blow lands (effect==0 or check_hit) with method RBM_XXX2; not repelled (melee1.c:276-296,480)","RBM_XXX2 act string at melee1.c:391; printed by melee1.c:480 for every landed blow. No monster in lib/edit/monster.txt uses this method (B: lines), so effectively never seen. Printed whether or not the monster is visible: unseen attacker renders ""It ..."". Effect message(s) for the blow effect follow (see RBE rows).",M1
421:CRAWL,melee1.c,480,<monster> crawls on you.,attack.melee.hit,self,high,^(?P<mon>.+?)\ crawls\ on\ you\.$,"blow lands (effect==0 or check_hit) with method RBM_CRAWL; not repelled (melee1.c:276-296,480)","RBM_CRAWL act string at melee1.c:397; printed by melee1.c:480 for every landed blow. Printed whether or not the monster is visible: unseen attacker renders ""It ..."". Effect message(s) for the blow effect follow (see RBE rows).",M1
421:DROOL,melee1.c,480,<monster> drools on you.,attack.melee.hit,self,high,^(?P<mon>.+?)\ drools\ on\ you\.$,"blow lands (effect==0 or check_hit) with method RBM_DROOL; not repelled (melee1.c:276-296,480)","RBM_DROOL act string at melee1.c:404; printed by melee1.c:480 for every landed blow. Printed whether or not the monster is visible: unseen attacker renders ""It ..."". Effect message(s) for the blow effect follow (see RBE rows).",M1
421:SPIT,melee1.c,480,<monster> spits on you.,attack.melee.hit,self,high,^(?P<mon>.+?)\ spits\ on\ you\.$,"blow lands (effect==0 or check_hit) with method RBM_SPIT; not repelled (melee1.c:276-296,480)","RBM_SPIT act string at melee1.c:411; printed by melee1.c:480 for every landed blow. Printed whether or not the monster is visible: unseen attacker renders ""It ..."". Effect message(s) for the blow effect follow (see RBE rows).",M1
421:XXX3,melee1.c,480,<monster> XXX3's on you.,attack.melee.hit,self,high,^(?P<mon>.+?)\ XXX3\'s\ on\ you\.$,"blow lands (effect==0 or check_hit) with method RBM_XXX3; not repelled (melee1.c:276-296,480)","RBM_XXX3 act string at melee1.c:418; printed by melee1.c:480 for every landed blow. No monster in lib/edit/monster.txt uses this method (B: lines), so effectively never seen. Printed whether or not the monster is visible: unseen attacker renders ""It ..."". Effect message(s) for the blow effect follow (see RBE rows).",M1
421:GAZE,melee1.c,480,<monster> gazes at you.,attack.melee.hit,self,high,^(?P<mon>.+?)\ gazes\ at\ you\.$,"blow lands (effect==0 or check_hit) with method RBM_GAZE; not repelled (melee1.c:276-296,480)","RBM_GAZE act string at melee1.c:424; printed by melee1.c:480 for every landed blow. Printed whether or not the monster is visible: unseen attacker renders ""It ..."". Effect message(s) for the blow effect follow (see RBE rows).",M1
421:WAIL,melee1.c,480,<monster> wails at you.,attack.melee.hit,self,high,^(?P<mon>.+?)\ wails\ at\ you\.$,"blow lands (effect==0 or check_hit) with method RBM_WAIL; not repelled (melee1.c:276-296,480)","RBM_WAIL act string at melee1.c:431; printed by melee1.c:480 for every landed blow. Printed whether or not the monster is visible: unseen attacker renders ""It ..."". Effect message(s) for the blow effect follow (see RBE rows).",M1
421:SPORE,melee1.c,480,<monster> releases spores at you.,attack.melee.hit,self,high,^(?P<mon>.+?)\ releases\ spores\ at\ you\.$,"blow lands (effect==0 or check_hit) with method RBM_SPORE; not repelled (melee1.c:276-296,480)","RBM_SPORE act string at melee1.c:438; printed by melee1.c:480 for every landed blow. Printed whether or not the monster is visible: unseen attacker renders ""It ..."". Effect message(s) for the blow effect follow (see RBE rows).",M1
421:XXX4,melee1.c,480,<monster> projects XXX4's at you.,attack.melee.hit,self,high,^(?P<mon>.+?)\ projects\ XXX4\'s\ at\ you\.$,"blow lands (effect==0 or check_hit) with method RBM_XXX4; not repelled (melee1.c:276-296,480)","RBM_XXX4 act string at melee1.c:445; printed by melee1.c:480 for every landed blow. No monster in lib/edit/monster.txt uses this method (B: lines), so effectively never seen. Printed whether or not the monster is visible: unseen attacker renders ""It ..."". Effect message(s) for the blow effect follow (see RBE rows).",M1
421:BEG,melee1.c,480,<monster> begs you for money.,attack.melee.harmless,self,low,^(?P<mon>.+?)\ begs\ you\ for\ money\.$,"blow lands (effect==0 or check_hit) with method RBM_BEG; not repelled (melee1.c:276-296,480)","RBM_BEG act string at melee1.c:451; printed by melee1.c:480 for every landed blow. Printed whether or not the monster is visible: unseen attacker renders ""It ..."". Effect message(s) for the blow effect follow (see RBE rows).",M1
421:XXX5,melee1.c,480,<monster> XXX5's you.,attack.melee.hit,self,high,^(?P<mon>.+?)\ XXX5\'s\ you\.$,"blow lands (effect==0 or check_hit) with method RBM_XXX5; not repelled (melee1.c:276-296,480)","RBM_XXX5 act string at melee1.c:472; printed by melee1.c:480 for every landed blow. No monster in lib/edit/monster.txt uses this method (B: lines), so effectively never seen. Printed whether or not the monster is visible: unseen attacker renders ""It ..."". Effect message(s) for the blow effect follow (see RBE rows).",M1
421:INSULT0,melee1.c,480,<monster> insults you!,attack.melee.harmless,self,low,^(?P<mon>.+?)\ insults\ you\!$,"RBM_INSULT, desc_insult[0] (melee1.c:134-144, 458-463)",harmless flavour; INSULT blows have no effect and 0 damage. Used by 5 monster blows in monster.txt.,M1
421:INSULT1,melee1.c,480,<monster> insults your mother!,attack.melee.harmless,self,low,^(?P<mon>.+?)\ insults\ your\ mother\!$,"RBM_INSULT, desc_insult[1] (melee1.c:134-144, 458-463)",harmless flavour; INSULT blows have no effect and 0 damage. Used by 5 monster blows in monster.txt.,M1
421:INSULT2,melee1.c,480,<monster> gives you the finger!,attack.melee.harmless,self,low,^(?P<mon>.+?)\ gives\ you\ the\ finger\!$,"RBM_INSULT, desc_insult[2] (melee1.c:134-144, 458-463)",harmless flavour; INSULT blows have no effect and 0 damage. Used by 5 monster blows in monster.txt.,M1
421:INSULT3,melee1.c,480,<monster> humiliates you!,attack.melee.harmless,self,low,^(?P<mon>.+?)\ humiliates\ you\!$,"RBM_INSULT, desc_insult[3] (melee1.c:134-144, 458-463)",harmless flavour; INSULT blows have no effect and 0 damage. Used by 5 monster blows in monster.txt.,M1
421:INSULT4,melee1.c,480,<monster> defiles you!,attack.melee.harmless,self,low,^(?P<mon>.+?)\ defiles\ you\!$,"RBM_INSULT, desc_insult[4] (melee1.c:134-144, 458-463)",harmless flavour; INSULT blows have no effect and 0 damage. Used by 5 monster blows in monster.txt.,M1
421:INSULT5,melee1.c,480,<monster> dances around you!,attack.melee.harmless,self,low,^(?P<mon>.+?)\ dances\ around\ you\!$,"RBM_INSULT, desc_insult[5] (melee1.c:134-144, 458-463)",harmless flavour; INSULT blows have no effect and 0 damage. Used by 5 monster blows in monster.txt.,M1
421:INSULT6,melee1.c,480,<monster> makes obscene gestures!,attack.melee.harmless,self,low,^(?P<mon>.+?)\ makes\ obscene\ gestures\!$,"RBM_INSULT, desc_insult[6] (melee1.c:134-144, 458-463)",harmless flavour; INSULT blows have no effect and 0 damage. Used by 5 monster blows in monster.txt.,M1
421:INSULT7,melee1.c,480,<monster> moons you!!!,attack.melee.harmless,self,low,^(?P<mon>.+?)\ moons\ you\!\!\!$,"RBM_INSULT, desc_insult[7] (melee1.c:134-144, 458-463)",harmless flavour; INSULT blows have no effect and 0 damage. Used by 5 monster blows in monster.txt.,M1
421:MOAN0,melee1.c,480,<monster> seems sad about something.,attack.melee.harmless,self,low,^(?P<mon>.+?)\ seems\ sad\ about\ something\.$,"RBM_MOAN, desc_moan[0] (melee1.c:151-157, 465-470)","harmless flavour (2 MOAN blows in monster.txt). NOTE ""mumbles something about mushrooms."" is NOT the blind spell text ""<monster> mumbles."" (regexes differ by the tail).",M1
421:MOAN1,melee1.c,480,<monster> asks if you have seen his dogs.,attack.melee.harmless,self,low,^(?P<mon>.+?)\ asks\ if\ you\ have\ seen\ his\ dogs\.$,"RBM_MOAN, desc_moan[1] (melee1.c:151-157, 465-470)","harmless flavour (2 MOAN blows in monster.txt). NOTE ""mumbles something about mushrooms."" is NOT the blind spell text ""<monster> mumbles."" (regexes differ by the tail).",M1
421:MOAN2,melee1.c,480,<monster> tells you to get off his land.,attack.melee.harmless,self,low,^(?P<mon>.+?)\ tells\ you\ to\ get\ off\ his\ land\.$,"RBM_MOAN, desc_moan[2] (melee1.c:151-157, 465-470)","harmless flavour (2 MOAN blows in monster.txt). NOTE ""mumbles something about mushrooms."" is NOT the blind spell text ""<monster> mumbles."" (regexes differ by the tail).",M1
421:MOAN3,melee1.c,480,<monster> mumbles something about mushrooms.,attack.melee.harmless,self,low,^(?P<mon>.+?)\ mumbles\ something\ about\ mushrooms\.$,"RBM_MOAN, desc_moan[3] (melee1.c:151-157, 465-470)","harmless flavour (2 MOAN blows in monster.txt). NOTE ""mumbles something about mushrooms."" is NOT the blind spell text ""<monster> mumbles."" (regexes differ by the tail).",M1
422,melee1.c,579,Energy drains from your pack!,item.drained_charges,self,medium,^Energy\ drains\ from\ your\ pack\!$,RBE_UN_POWER hit; a random pack slot (10 tries) holding a staff/wand with pval>0 is emptied (melee1.c:556-604); monster heals rlev*pval (melee1.c:579),wand/staff charges set to 0; damage message comes separately from take_hit,M1
423,melee1.c,623,You quickly protect your money pouch!,item.stolen.saved,self,medium,^You\ quickly\ protect\ your\ money\ pouch\!$,"RBE_EAT_GOLD hit, player not paralyzed and randint0(100) < adj_dex_safe+lev (melee1.c:617-627) (melee1.c:623)","Monster may still blink away (2/3): ""There is a puff of smoke!"" follows",M1
424,melee1.c,639,Nothing was stolen.,gold.stolen.none,self,medium,^Nothing\ was\ stolen\.$,"RBE_EAT_GOLD, save failed, computed gold<=0 (melee1.c:637-640) (melee1.c:639)",,M1
425,melee1.c,643,Your purse feels lighter.,gold.stolen,self,high,^Your\ purse\ feels\ lighter\.$,"RBE_EAT_GOLD save failed, gold>0 and player still has gold left (melee1.c:641-645); followed by ""<n> coins were stolen!""; monster then blinks (blinked=2 -> ""There is a puff of smoke!"") (melee1.c:643)",,M1
426,melee1.c,644,<n> coins were stolen!,gold.stolen,self,high,^(?P<n>\d+)\ coins\ were\ stolen\!$,"follows ""Your purse feels lighter."" when gold remains (melee1.c:644) (melee1.c:644)","Message uses %ld number of coins. Format has no ""gold""; matches ""N coins were stolen!""",M1
427,melee1.c,648,Your purse feels lighter.,gold.stolen,self,high,^Your\ purse\ feels\ lighter\.$,"RBE_EAT_GOLD when the theft takes all gold (melee1.c:646-648); followed by ""All of your coins were stolen!"" (melee1.c:648)",Same text as row 425; distinguish by the follow-up line.,M1
428,melee1.c,649,All of your coins were stolen!,gold.stolen.all,self,high,^All\ of\ your\ coins\ were\ stolen\!$,RBE_EAT_GOLD took every coin (melee1.c:649) (melee1.c:649),,M1
429,melee1.c,676,You grab hold of your backpack!,item.stolen.saved,self,medium,^You\ grab\ hold\ of\ your\ backpack\!$,"RBE_EAT_ITEM hit, player not paralyzed and randint0(100)<adj_dex_safe+lev (melee1.c:670-686); monster blinks away anyway (blinked=2) -> ""There is a puff of smoke!"" (melee1.c:676)",,M1
430,melee1.c,726,Your <item> (<c>) was stolen!,item.stolen,self,high,^(?:One of y|Y)our (?P<item>.+?) \((?P<c>[a-z])\) was stolen!$,"RBE_EAT_ITEM hit, save failed, 10 random pack-slot tries; non-artifact item found (melee1.c:688-748)","Second alternate text ""One of your <item> (<c>) was stolen!"" when the stack had >1 (row 430:many). Item description is o_name with count 1 (mode 3). Monster blinks (puff of smoke) afterwards. Nothing printed if 10 tries all miss.",M1
430:many,melee1.c,726,One of your <item> (<c>) was stolen!,item.stolen,self,high,^One of your (?P<item>.+?) \((?P<c>[a-z])\) was stolen!$,"same, o_ptr->number>1 (melee1.c:727)",,M1
431,melee1.c,777,Your <item> (<c>) was eaten!,item.eaten,self,medium,^(?:One of y|Y)our (?P<item>.+?) \((?P<c>[a-z])\) was eaten!$,RBE_EAT_FOOD hit; a random TV_FOOD pack item chosen in 10 tries (melee1.c:759-790),"Same ""One of your ..."" variant if stack>1.",M1
432,melee1.c,813,Your light dims.,light.drained,self,medium,^Your\ light\ dims\.$,"RBE_EAT_LITE hit; light source has pval>0 and sval<SV_LITE_DWARVEN (i.e. torch/lantern-class), player not blind (melee1.c:801-815) (melee1.c:813)",fuel reduced 250-500 turns; not shown when blind,M1
433,melee1.c,830,You are covered in acid!,attack.melee.effect.acid,self,high,^You\ are\ covered\ in\ acid\!$,RBE_ACID hit; always printed before acid_dam (melee1.c:824-833) (melee1.c:830),Printed regardless of resist; acid_dam may then damage armour (see spells1.c:990) and print item-damage messages. Damage taken via take_hit.,M1
434,melee1.c,847,You are struck by electricity!,attack.melee.effect.elec,self,high,^You\ are\ struck\ by\ electricity\!$,"RBE_ELEC hit, printed before elec_dam (melee1.c:841-850) (melee1.c:847)",elec_dam may destroy rings/wands (item.destroyed msgs elsewhere),M1
435,melee1.c,864,You are enveloped in flames!,attack.melee.effect.fire,self,high,^You\ are\ enveloped\ in\ flames\!$,"RBE_FIRE hit, printed before fire_dam (melee1.c:858-867) (melee1.c:864)",fire_dam may burn scrolls/staffs/etc.,M1
436,melee1.c,881,You are covered with frost!,attack.melee.effect.cold,self,high,^You\ are\ covered\ with\ frost\!$,"RBE_COLD hit, printed before cold_dam (melee1.c:875-884) (melee1.c:881)",cold_dam may shatter potions,M1
437,melee1.c,940,You stand your ground!,resist.fear,self,high,^You\ stand\ your\ ground\!$,RBE_TERRIFY hit and p_ptr->resist_fear (melee1.c:938-941) (melee1.c:940),SAME text as row 438 (saving throw); distinguish only by knowing your own protection from fear,M1
438,melee1.c,945,You stand your ground!,resist.fear,self,high,^You\ stand\ your\ ground\!$,"RBE_TERRIFY hit, no resist_fear but randint0(100) < skill_sav (melee1.c:943-946) (melee1.c:945)",,M1
439,melee1.c,970,You are unaffected!,resist.free_action,self,high,^You\ are\ unaffected\!$,RBE_PARALYZE hit and p_ptr->free_act (melee1.c:968-971) (melee1.c:970),"Free action: paralysis blocked. Other sources of ""You are unaffected!"": spells (blind/hold/slow/nexus)",M1
440,melee1.c,975,You resist the effects!,resist.save,self,high,^You\ resist\ the\ effects\!$,"RBE_PARALYZE hit, no free_act, randint0(100)<skill_sav (melee1.c:973-976) (melee1.c:975)",Same text is used for every saving-throw success (many spells). Paralysis did not start.,M1
441,melee1.c,1104,You keep hold of your life force!,exp.drain.resisted,self,high,^You\ keep\ hold\ of\ your\ life\ force\!$,"RBE_EXP_10 hit, hold_life and randint0(100)<95 (melee1.c:1102-1104) (melee1.c:1104)",No experience lost this blow (damage from take_hit still applies),M1
442,melee1.c,1111,You feel your life slipping away!,exp.drain.partial,self,high,^You\ feel\ your\ life\ slipping\ away\!$,"RBE_EXP_10 hit, hold_life but the 5% roll failed: lose_exp(d/10) (melee1.c:1111) (melee1.c:1111)",Exp loss is 1/10 of full; see lose_exp() in xtra2.c:1915 for follow-up messages (not read here),M1
443,melee1.c,1116,You feel your life draining away!,exp.drain,self,high,^You\ feel\ your\ life\ draining\ away\!$,"RBE_EXP_10 hit, no hold_life: lose_exp(d) full (melee1.c:1116) (melee1.c:1116)","d = damroll(N,6)+exp/100*MON_DRAIN_LIFE",M1
444,melee1.c,1133,You keep hold of your life force!,exp.drain.resisted,self,high,^You\ keep\ hold\ of\ your\ life\ force\!$,"RBE_EXP_20 hit, hold_life and randint0(100)<90 (melee1.c:1131-1133) (melee1.c:1133)",No experience lost this blow (damage from take_hit still applies),M1
445,melee1.c,1140,You feel your life slipping away!,exp.drain.partial,self,high,^You\ feel\ your\ life\ slipping\ away\!$,"RBE_EXP_20 hit, hold_life but the 10% roll failed: lose_exp(d/10) (melee1.c:1140) (melee1.c:1140)",Exp loss is 1/10 of full; see lose_exp() in xtra2.c:1915 for follow-up messages (not read here),M1
446,melee1.c,1145,You feel your life draining away!,exp.drain,self,high,^You\ feel\ your\ life\ draining\ away\!$,"RBE_EXP_20 hit, no hold_life: lose_exp(d) full (melee1.c:1145) (melee1.c:1145)","d = damroll(N,6)+exp/100*MON_DRAIN_LIFE",M1
447,melee1.c,1162,You keep hold of your life force!,exp.drain.resisted,self,high,^You\ keep\ hold\ of\ your\ life\ force\!$,"RBE_EXP_40 hit, hold_life and randint0(100)<75 (melee1.c:1160-1162) (melee1.c:1162)",No experience lost this blow (damage from take_hit still applies),M1
448,melee1.c,1169,You feel your life slipping away!,exp.drain.partial,self,high,^You\ feel\ your\ life\ slipping\ away\!$,"RBE_EXP_40 hit, hold_life but the 25% roll failed: lose_exp(d/10) (melee1.c:1169) (melee1.c:1169)",Exp loss is 1/10 of full; see lose_exp() in xtra2.c:1915 for follow-up messages (not read here),M1
449,melee1.c,1174,You feel your life draining away!,exp.drain,self,high,^You\ feel\ your\ life\ draining\ away\!$,"RBE_EXP_40 hit, no hold_life: lose_exp(d) full (melee1.c:1174) (melee1.c:1174)","d = damroll(N,6)+exp/100*MON_DRAIN_LIFE",M1
450,melee1.c,1191,You keep hold of your life force!,exp.drain.resisted,self,high,^You\ keep\ hold\ of\ your\ life\ force\!$,"RBE_EXP_80 hit, hold_life and randint0(100)<50 (melee1.c:1189-1191) (melee1.c:1191)",No experience lost this blow (damage from take_hit still applies),M1
451,melee1.c,1198,You feel your life slipping away!,exp.drain.partial,self,high,^You\ feel\ your\ life\ slipping\ away\!$,"RBE_EXP_80 hit, hold_life but the 50% roll failed: lose_exp(d/10) (melee1.c:1198) (melee1.c:1198)",Exp loss is 1/10 of full; see lose_exp() in xtra2.c:1915 for follow-up messages (not read here),M1
452,melee1.c,1203,You feel your life draining away!,exp.drain,self,high,^You\ feel\ your\ life\ draining\ away\!$,"RBE_EXP_80 hit, no hold_life: lose_exp(d) full (melee1.c:1203) (melee1.c:1203)","d = damroll(N,6)+exp/100*MON_DRAIN_LIFE",M1
453,melee1.c,1320,<monster> misses you.,attack.melee.miss,self,medium,^(?P<mon>.+?)\ misses\ you\.$,"blow fails check_hit; method is one of HIT,TOUCH,PUNCH,KICK,CLAW,BITE,STING,XXX1,BUTT,CRUSH,ENGULF,XXX2 AND monster is visible (melee1.c:1296-1323) (melee1.c:1320)",NO miss message for unseen monsters or for CRAWL/DROOL/SPIT/GAZE/WAIL/SPORE/BEG/INSULT/MOAN blows (silent miss). So an unseen attacker that misses is invisible in the log.,M1
454,melee1.c,1349,There is a puff of smoke!,monster.thief.teleport,self,high,^There\ is\ a\ puff\ of\ smoke\!$,"after all blows, blinked==2 (EAT_GOLD stolen or saved-with-2/3, EAT_ITEM stolen/saved): monster teleported MAX_SIGHT*2+5 away (melee1.c:1346-1351) (melee1.c:1349)",Thief is gone; confirms theft attempt finished,M1
455,melee1.c,1354,<monster> blinks away.,monster.blink,self,medium,^(?P<mon>.+?)\ blinks\ away\.$,"blinked==1: RBE_PARALYZE succeeded from a level-1 monster (level-1 monsters whose paralyze blow succeeds) (melee1.c:984-985,1352-1355) (melee1.c:1354)",Same text as spell RF6_BLINK (melee2.c:1578),M1
456,melee2.c,570,<monster> makes a high pitched shriek.,attack.spell.shriek,self,high,^(?P<mon>.+?)\ makes\ a\ high\ pitched\ shriek\.$,RF4_SHRIEK case; if (!direct) break; (melee2.c:570),aggravate_monsters(): wakes/hastes nearby monsters,M1
457,melee2.c,598,<monster> makes a strange noise.,attack.ranged.unseen,self,high,^(?P<mon>.+?)\ makes\ a\ strange\ noise\.$,RF4_ARROW_1 case; unconditional in case (melee2.c:598),BLIND variant (p_ptr->blind).,M1
458,melee2.c,599,<monster> fires an arrow.,attack.ranged.arrow,self,high,^(?P<mon>.+?)\ fires\ an\ arrow\.$,"RF4_ARROW_1 case; if (blind) msg_format(p_ptr, ""%^s makes a strange noise."", m_name); (melee2.c:599)",visible variant. bolt(); damage via take_hit; arrow can miss/be dodged (check_hit in spells) - see M-files for that,M1
459,melee2.c,608,<monster> makes a strange noise.,attack.ranged.unseen,self,high,^(?P<mon>.+?)\ makes\ a\ strange\ noise\.$,RF4_ARROW_2 case; unconditional in case (melee2.c:608),BLIND variant (p_ptr->blind).,M1
460,melee2.c,609,<monster> fires an arrow!,attack.ranged.arrow,self,high,^(?P<mon>.+?)\ fires\ an\ arrow\!$,"RF4_ARROW_2 case; if (blind) msg_format(p_ptr, ""%^s makes a strange noise."", m_name); (melee2.c:609)",visible variant. bolt(); damage via take_hit; arrow can miss/be dodged (check_hit in spells) - see M-files for that,M1
461,melee2.c,618,<monster> makes a strange noise.,attack.ranged.unseen,self,high,^(?P<mon>.+?)\ makes\ a\ strange\ noise\.$,RF4_ARROW_3 case; unconditional in case (melee2.c:618),BLIND variant (p_ptr->blind).,M1
462,melee2.c,619,<monster> fires a missile.,attack.ranged.missile,self,high,^(?P<mon>.+?)\ fires\ a\ missile\.$,"RF4_ARROW_3 case; if (blind) msg_format(p_ptr, ""%^s makes a strange noise."", m_name); (melee2.c:619)",visible variant. bolt(); damage via take_hit; arrow can miss/be dodged (check_hit in spells) - see M-files for that,M1
463,melee2.c,628,<monster> makes a strange noise.,attack.ranged.unseen,self,high,^(?P<mon>.+?)\ makes\ a\ strange\ noise\.$,RF4_ARROW_4 case; unconditional in case (melee2.c:628),BLIND variant (p_ptr->blind).,M1
464,melee2.c,629,<monster> fires a missile!,attack.ranged.missile,self,high,^(?P<mon>.+?)\ fires\ a\ missile\!$,"RF4_ARROW_4 case; if (blind) msg_format(p_ptr, ""%^s makes a strange noise."", m_name); (melee2.c:629)",visible variant. bolt(); damage via take_hit; arrow can miss/be dodged (check_hit in spells) - see M-files for that,M1
465,melee2.c,639,<monster> breathes.,attack.breath.unknown,self,high,^(?P<mon>.+?)\ breathes\.$,RF4_BR_ACID case; unconditional in case (melee2.c:639),BLIND variant (p_ptr->blind).,M1
466,melee2.c,640,<monster> breathes acid.,attack.breath.acid,self,high,^(?P<mon>.+?)\ breathes\ acid\.$,"RF4_BR_ACID case; if (blind) msg_format(p_ptr, ""%^s breathes."", m_name); (melee2.c:640)",,M1
467,melee2.c,652,<monster> breathes.,attack.breath.unknown,self,high,^(?P<mon>.+?)\ breathes\.$,RF4_BR_ELEC case; unconditional in case (melee2.c:652),BLIND variant (p_ptr->blind).,M1
468,melee2.c,653,<monster> breathes lightning.,attack.breath.elec,self,high,^(?P<mon>.+?)\ breathes\ lightning\.$,"RF4_BR_ELEC case; if (blind) msg_format(p_ptr, ""%^s breathes."", m_name); (melee2.c:653)",,M1
469,melee2.c,665,<monster> breathes.,attack.breath.unknown,self,high,^(?P<mon>.+?)\ breathes\.$,RF4_BR_FIRE case; unconditional in case (melee2.c:665),BLIND variant (p_ptr->blind).,M1
470,melee2.c,666,<monster> breathes fire.,attack.breath.fire,self,high,^(?P<mon>.+?)\ breathes\ fire\.$,"RF4_BR_FIRE case; if (blind) msg_format(p_ptr, ""%^s breathes."", m_name); (melee2.c:666)",,M1
471,melee2.c,678,<monster> breathes.,attack.breath.unknown,self,high,^(?P<mon>.+?)\ breathes\.$,RF4_BR_COLD case; unconditional in case (melee2.c:678),BLIND variant (p_ptr->blind).,M1
472,melee2.c,679,<monster> breathes frost.,attack.breath.frost,self,high,^(?P<mon>.+?)\ breathes\ frost\.$,"RF4_BR_COLD case; if (blind) msg_format(p_ptr, ""%^s breathes."", m_name); (melee2.c:679)",,M1
473,melee2.c,691,<monster> breathes.,attack.breath.unknown,self,high,^(?P<mon>.+?)\ breathes\.$,RF4_BR_POIS case; unconditional in case (melee2.c:691),BLIND variant (p_ptr->blind).,M1
474,melee2.c,692,<monster> breathes gas.,attack.breath.poison,self,high,^(?P<mon>.+?)\ breathes\ gas\.$,"RF4_BR_POIS case; if (blind) msg_format(p_ptr, ""%^s breathes."", m_name); (melee2.c:692)",,M1
475,melee2.c,704,<monster> breathes.,attack.breath.unknown,self,high,^(?P<mon>.+?)\ breathes\.$,RF4_BR_NETH case; unconditional in case (melee2.c:704),BLIND variant (p_ptr->blind).,M1
476,melee2.c,705,<monster> breathes nether.,attack.breath.nether,self,high,^(?P<mon>.+?)\ breathes\ nether\.$,"RF4_BR_NETH case; if (blind) msg_format(p_ptr, ""%^s breathes."", m_name); (melee2.c:705)",,M1
477,melee2.c,717,<monster> breathes.,attack.breath.unknown,self,high,^(?P<mon>.+?)\ breathes\.$,RF4_BR_LITE case; unconditional in case (melee2.c:717),BLIND variant (p_ptr->blind).,M1
478,melee2.c,718,<monster> breathes light.,attack.breath.light,self,high,^(?P<mon>.+?)\ breathes\ light\.$,"RF4_BR_LITE case; if (blind) msg_format(p_ptr, ""%^s breathes."", m_name); (melee2.c:718)",,M1
479,melee2.c,730,<monster> breathes.,attack.breath.unknown,self,high,^(?P<mon>.+?)\ breathes\.$,RF4_BR_DARK case; unconditional in case (melee2.c:730),BLIND variant (p_ptr->blind).,M1
480,melee2.c,731,<monster> breathes darkness.,attack.breath.darkness,self,high,^(?P<mon>.+?)\ breathes\ darkness\.$,"RF4_BR_DARK case; if (blind) msg_format(p_ptr, ""%^s breathes."", m_name); (melee2.c:731)",,M1
481,melee2.c,743,<monster> breathes.,attack.breath.unknown,self,high,^(?P<mon>.+?)\ breathes\.$,RF4_BR_CONF case; unconditional in case (melee2.c:743),BLIND variant (p_ptr->blind).,M1
482,melee2.c,744,<monster> breathes confusion.,attack.breath.confusion,self,high,^(?P<mon>.+?)\ breathes\ confusion\.$,"RF4_BR_CONF case; if (blind) msg_format(p_ptr, ""%^s breathes."", m_name); (melee2.c:744)",,M1
483,melee2.c,756,<monster> breathes.,attack.breath.unknown,self,high,^(?P<mon>.+?)\ breathes\.$,RF4_BR_SOUN case; unconditional in case (melee2.c:756),BLIND variant (p_ptr->blind).,M1
484,melee2.c,757,<monster> breathes sound.,attack.breath.sound,self,high,^(?P<mon>.+?)\ breathes\ sound\.$,"RF4_BR_SOUN case; if (blind) msg_format(p_ptr, ""%^s breathes."", m_name); (melee2.c:757)",,M1
485,melee2.c,769,<monster> breathes.,attack.breath.unknown,self,high,^(?P<mon>.+?)\ breathes\.$,RF4_BR_CHAO case; unconditional in case (melee2.c:769),BLIND variant (p_ptr->blind).,M1
486,melee2.c,770,<monster> breathes chaos.,attack.breath.chaos,self,high,^(?P<mon>.+?)\ breathes\ chaos\.$,"RF4_BR_CHAO case; if (blind) msg_format(p_ptr, ""%^s breathes."", m_name); (melee2.c:770)",,M1
487,melee2.c,782,<monster> breathes.,attack.breath.unknown,self,high,^(?P<mon>.+?)\ breathes\.$,RF4_BR_DISE case; unconditional in case (melee2.c:782),BLIND variant (p_ptr->blind).,M1
488,melee2.c,783,<monster> breathes disenchantment.,attack.breath.disenchantment,self,high,^(?P<mon>.+?)\ breathes\ disenchantment\.$,"RF4_BR_DISE case; if (blind) msg_format(p_ptr, ""%^s breathes."", m_name); (melee2.c:783)",,M1
489,melee2.c,795,<monster> breathes.,attack.breath.unknown,self,high,^(?P<mon>.+?)\ breathes\.$,RF4_BR_NEXU case; unconditional in case (melee2.c:795),BLIND variant (p_ptr->blind).,M1
490,melee2.c,796,<monster> breathes nexus.,attack.breath.nexus,self,high,^(?P<mon>.+?)\ breathes\ nexus\.$,"RF4_BR_NEXU case; if (blind) msg_format(p_ptr, ""%^s breathes."", m_name); (melee2.c:796)",,M1
491,melee2.c,808,<monster> breathes.,attack.breath.unknown,self,high,^(?P<mon>.+?)\ breathes\.$,RF4_BR_TIME case; unconditional in case (melee2.c:808),BLIND variant (p_ptr->blind).,M1
492,melee2.c,809,<monster> breathes time.,attack.breath.time,self,high,^(?P<mon>.+?)\ breathes\ time\.$,"RF4_BR_TIME case; if (blind) msg_format(p_ptr, ""%^s breathes."", m_name); (melee2.c:809)",,M1
493,melee2.c,820,<monster> breathes.,attack.breath.unknown,self,high,^(?P<mon>.+?)\ breathes\.$,RF4_BR_INER case; unconditional in case (melee2.c:820),BLIND variant (p_ptr->blind).,M1
494,melee2.c,821,<monster> breathes inertia.,attack.breath.inertia,self,high,^(?P<mon>.+?)\ breathes\ inertia\.$,"RF4_BR_INER case; if (blind) msg_format(p_ptr, ""%^s breathes."", m_name); (melee2.c:821)",,M1
495,melee2.c,832,<monster> breathes.,attack.breath.unknown,self,high,^(?P<mon>.+?)\ breathes\.$,RF4_BR_GRAV case; unconditional in case (melee2.c:832),BLIND variant (p_ptr->blind).,M1
496,melee2.c,833,<monster> breathes gravity.,attack.breath.gravity,self,high,^(?P<mon>.+?)\ breathes\ gravity\.$,"RF4_BR_GRAV case; if (blind) msg_format(p_ptr, ""%^s breathes."", m_name); (melee2.c:833)",,M1
497,melee2.c,844,<monster> breathes.,attack.breath.unknown,self,high,^(?P<mon>.+?)\ breathes\.$,RF4_BR_SHAR case; unconditional in case (melee2.c:844),BLIND variant (p_ptr->blind).,M1
498,melee2.c,845,<monster> breathes shards.,attack.breath.shards,self,high,^(?P<mon>.+?)\ breathes\ shards\.$,"RF4_BR_SHAR case; if (blind) msg_format(p_ptr, ""%^s breathes."", m_name); (melee2.c:845)",,M1
499,melee2.c,857,<monster> breathes.,attack.breath.unknown,self,high,^(?P<mon>.+?)\ breathes\.$,RF4_BR_PLAS case; unconditional in case (melee2.c:857),BLIND variant (p_ptr->blind).,M1
500,melee2.c,858,<monster> breathes plasma.,attack.breath.plasma,self,high,^(?P<mon>.+?)\ breathes\ plasma\.$,"RF4_BR_PLAS case; if (blind) msg_format(p_ptr, ""%^s breathes."", m_name); (melee2.c:858)",,M1
501,melee2.c,869,<monster> breathes.,attack.breath.unknown,self,high,^(?P<mon>.+?)\ breathes\.$,RF4_BR_WALL case; unconditional in case (melee2.c:869),BLIND variant (p_ptr->blind).,M1
502,melee2.c,870,<monster> breathes force.,attack.breath.force,self,high,^(?P<mon>.+?)\ breathes\ force\.$,"RF4_BR_WALL case; if (blind) msg_format(p_ptr, ""%^s breathes."", m_name); (melee2.c:870)",,M1
503,melee2.c,905,You hear something grunt with exertion.,attack.ranged.unseen,self,high,^You\ hear\ something\ grunt\ with\ exertion\.$,RF4_BOULDER case; unconditional in case (melee2.c:905),BLIND variant (p_ptr->blind). Format has a stray m_name arg; text has no monster name.,M1
504,melee2.c,906,<monster> hurls a boulder at you!,attack.ranged.boulder,self,high,^(?P<mon>.+?)\ hurls\ a\ boulder\ at\ you\!$,"RF4_BOULDER case; if (blind) msg_format(p_ptr, ""You hear something grunt with exertion."", m_name); (melee2.c:906)",,M1
505,melee2.c,917,<monster> mumbles.,attack.spell.unknown,self,high,^(?P<mon>.+?)\ mumbles\.$,RF5_BA_ACID case; unconditional in case (melee2.c:917),BLIND variant (p_ptr->blind) shared by ~45 spells/summons (RF5_BA_ACID here); says nothing about which spell. Damage/effect messages follow if any.,M1
506,melee2.c,918,<monster> casts an acid ball.,attack.spell.ball.acid,self,high,^(?P<mon>.+?)\ casts\ an\ acid\ ball\.$,"RF5_BA_ACID case; if (blind) msg_format(p_ptr, ""%^s mumbles."", m_name); (melee2.c:918)",,M1
507,melee2.c,929,<monster> mumbles.,attack.spell.unknown,self,high,^(?P<mon>.+?)\ mumbles\.$,RF5_BA_ELEC case; unconditional in case (melee2.c:929),BLIND variant (p_ptr->blind) shared by ~45 spells/summons (RF5_BA_ELEC here); says nothing about which spell. Damage/effect messages follow if any.,M1
508,melee2.c,930,<monster> casts a lightning ball.,attack.spell.ball.elec,self,high,^(?P<mon>.+?)\ casts\ a\ lightning\ ball\.$,"RF5_BA_ELEC case; if (blind) msg_format(p_ptr, ""%^s mumbles."", m_name); (melee2.c:930)",,M1
509,melee2.c,941,<monster> mumbles.,attack.spell.unknown,self,high,^(?P<mon>.+?)\ mumbles\.$,RF5_BA_FIRE case; unconditional in case (melee2.c:941),BLIND variant (p_ptr->blind) shared by ~45 spells/summons (RF5_BA_FIRE here); says nothing about which spell. Damage/effect messages follow if any.,M1
510,melee2.c,942,<monster> casts a fire ball.,attack.spell.ball.fire,self,high,^(?P<mon>.+?)\ casts\ a\ fire\ ball\.$,"RF5_BA_FIRE case; if (blind) msg_format(p_ptr, ""%^s mumbles."", m_name); (melee2.c:942)",,M1
511,melee2.c,953,<monster> mumbles.,attack.spell.unknown,self,high,^(?P<mon>.+?)\ mumbles\.$,RF5_BA_COLD case; unconditional in case (melee2.c:953),BLIND variant (p_ptr->blind) shared by ~45 spells/summons (RF5_BA_COLD here); says nothing about which spell. Damage/effect messages follow if any.,M1
512,melee2.c,954,<monster> casts a frost ball.,attack.spell.ball.frost,self,high,^(?P<mon>.+?)\ casts\ a\ frost\ ball\.$,"RF5_BA_COLD case; if (blind) msg_format(p_ptr, ""%^s mumbles."", m_name); (melee2.c:954)",,M1
513,melee2.c,965,<monster> mumbles.,attack.spell.unknown,self,high,^(?P<mon>.+?)\ mumbles\.$,RF5_BA_POIS case; unconditional in case (melee2.c:965),BLIND variant (p_ptr->blind) shared by ~45 spells/summons (RF5_BA_POIS here); says nothing about which spell. Damage/effect messages follow if any.,M1
514,melee2.c,966,<monster> casts a stinking cloud.,attack.spell.ball.poison,self,high,^(?P<mon>.+?)\ casts\ a\ stinking\ cloud\.$,"RF5_BA_POIS case; if (blind) msg_format(p_ptr, ""%^s mumbles."", m_name); (melee2.c:966)",,M1
515,melee2.c,977,<monster> mumbles.,attack.spell.unknown,self,high,^(?P<mon>.+?)\ mumbles\.$,RF5_BA_NETH case; unconditional in case (melee2.c:977),BLIND variant (p_ptr->blind) shared by ~45 spells/summons (RF5_BA_NETH here); says nothing about which spell. Damage/effect messages follow if any.,M1
516,melee2.c,978,<monster> casts a nether ball.,attack.spell.ball.nether,self,high,^(?P<mon>.+?)\ casts\ a\ nether\ ball\.$,"RF5_BA_NETH case; if (blind) msg_format(p_ptr, ""%^s mumbles."", m_name); (melee2.c:978)",,M1
517,melee2.c,989,<monster> mumbles.,attack.spell.unknown,self,high,^(?P<mon>.+?)\ mumbles\.$,RF5_BA_WATE case; unconditional in case (melee2.c:989),BLIND variant (p_ptr->blind) shared by ~45 spells/summons (RF5_BA_WATE here); says nothing about which spell. Damage/effect messages follow if any.,M1
518,melee2.c,990,<monster> gestures fluidly.,attack.spell.ball.water,self,high,^(?P<mon>.+?)\ gestures\ fluidly\.$,"RF5_BA_WATE case; if (blind) msg_format(p_ptr, ""%^s mumbles."", m_name); (melee2.c:990)",,M1
519,melee2.c,991,You are engulfed in a whirlpool.,attack.spell.ball.water,self,high,^You\ are\ engulfed\ in\ a\ whirlpool\.$,"RF5_BA_WATE case; if (blind) msg_format(p_ptr, ""%^s mumbles."", m_name); / else msg_format(p_ptr, ""%^s gestures fluidly."", m_name); (melee2.c:991)","second line after ""gestures fluidly""/""mumbles""; others see ""<Player> is engulfed in a whirlpool."" (msg_format_monster line 992)",M1
520,melee2.c,1006,<monster> mumbles powerfully.,attack.spell.mana_or_dark_storm,self,high,^(?P<mon>.+?)\ mumbles\ powerfully\.$,RF5_BA_MANA case; unconditional in case (melee2.c:1006),BLIND variant for BA_MANA and BA_DARK,M1
521,melee2.c,1007,<monster> invokes a mana storm.,attack.spell.ball.mana,self,high,^(?P<mon>.+?)\ invokes\ a\ mana\ storm\.$,"RF5_BA_MANA case; if (blind) msg_format(p_ptr, ""%^s mumbles powerfully."", m_name); (melee2.c:1007)",,M1
522,melee2.c,1017,<monster> mumbles powerfully.,attack.spell.mana_or_dark_storm,self,high,^(?P<mon>.+?)\ mumbles\ powerfully\.$,RF5_BA_DARK case; unconditional in case (melee2.c:1017),BLIND variant for BA_MANA and BA_DARK,M1
523,melee2.c,1018,<monster> invokes a darkness storm.,attack.spell.ball.darkness,self,high,^(?P<mon>.+?)\ invokes\ a\ darkness\ storm\.$,"RF5_BA_DARK case; if (blind) msg_format(p_ptr, ""%^s mumbles powerfully."", m_name); (melee2.c:1018)",,M1
524,melee2.c,1037,<monster> draws psychic energy from you!,attack.spell.drain_mana,self,high,^(?P<mon>.+?)\ draws\ psychic\ energy\ from\ you\!$,RF5_DRAIN_MANA: player csp>0 (melee2.c:1037),message shown whether or not blind (no blind branch) ; only when csp>0,M1
525,melee2.c,1075,<monster> appears healthier.,monster.heal,self,medium,^(?P<mon>.+?)\ appears\ healthier\.$,RF5_DRAIN_MANA case; if (seen) (melee2.c:1075),monster healed by draining your mana (seen only),M1
526,melee2.c,1090,You feel something focusing on your mind.,attack.spell.mind_blast,self,high,^You\ feel\ something\ focusing\ on\ your\ mind\.$,RF5_MIND_BLAST case; if (!seen) (melee2.c:1090),"""!seen"" variant: printed when player blind OR monster not visible",M1
527,melee2.c,1094,<monster> gazes deep into your eyes.,attack.spell.mind_blast,self,high,^(?P<mon>.+?)\ gazes\ deep\ into\ your\ eyes\.$,RF5_MIND_BLAST case; if (!seen) / else (melee2.c:1094),,M1
528,melee2.c,1099,You resist the effects!,resist.save,self,high,^You\ resist\ the\ effects\!$,RF5_MIND_BLAST: saving throw succeeded (randint0(100) < skill_sav); if (randint0(100) < p_ptr->skill_sav) (melee2.c:1099),Same text as other spells saves; only the preceding cast message identifies the spell.,M1
529,melee2.c,1103,Your mind is blasted by psionic energy.,attack.spell.mind_blast.hit,self,high,^Your\ mind\ is\ blasted\ by\ psionic\ energy\.$,"RF5_MIND_BLAST: saving throw failed; followed by take_hit (8d8), then confusion (mind blast) or blind+confuse+paralyze+slow (brain smash, each subject to resist/free_act) (melee2.c:1103)",confirms the psi damage landed; see status messages that follow,M1
530,melee2.c,1120,You feel something focusing on your mind.,attack.spell.brain_smash,self,high,^You\ feel\ something\ focusing\ on\ your\ mind\.$,RF5_BRAIN_SMASH case; if (!seen) (melee2.c:1120),"""!seen"" variant: printed when player blind OR monster not visible",M1
531,melee2.c,1124,<monster> looks deep into your eyes.,attack.spell.brain_smash,self,high,^(?P<mon>.+?)\ looks\ deep\ into\ your\ eyes\.$,RF5_BRAIN_SMASH case; if (!seen) / else (melee2.c:1124),,M1
532,melee2.c,1128,You resist the effects!,resist.save,self,high,^You\ resist\ the\ effects\!$,RF5_BRAIN_SMASH: saving throw succeeded (randint0(100) < skill_sav); if (randint0(100) < p_ptr->skill_sav) (melee2.c:1128),Same text as other spells saves; only the preceding cast message identifies the spell.,M1
533,melee2.c,1132,Your mind is blasted by psionic energy.,attack.spell.brain_smash.hit,self,high,^Your\ mind\ is\ blasted\ by\ psionic\ energy\.$,"RF5_BRAIN_SMASH: saving throw failed; followed by take_hit (12d15), then confusion (mind blast) or blind+confuse+paralyze+slow (brain smash, each subject to resist/free_act) (melee2.c:1132)",confirms the psi damage landed; see status messages that follow,M1
534,melee2.c,1156,<monster> mumbles.,attack.spell.unknown,self,high,^(?P<mon>.+?)\ mumbles\.$,RF5_CAUSE_1 case; if (!direct) break; (melee2.c:1156),BLIND variant (p_ptr->blind) shared by ~45 spells/summons (RF5_CAUSE_1 here); says nothing about which spell. Damage/effect messages follow if any.,M1
535,melee2.c,1157,<monster> points at you and curses.,attack.spell.cause_1,self,high,^(?P<mon>.+?)\ points\ at\ you\ and\ curses\.$,"RF5_CAUSE_1 case; if (blind) msg_format(p_ptr, ""%^s mumbles."", m_name); (melee2.c:1157)",,M1
536,melee2.c,1160,You resist the effects!,resist.save,self,high,^You\ resist\ the\ effects\!$,RF5_CAUSE_1: saving throw succeeded (randint0(100) < skill_sav); if (randint0(100) < p_ptr->skill_sav) (melee2.c:1160),Same text as other spells saves; only the preceding cast message identifies the spell.,M1
537,melee2.c,1174,<monster> mumbles.,attack.spell.unknown,self,high,^(?P<mon>.+?)\ mumbles\.$,RF5_CAUSE_2 case; if (!direct) break; (melee2.c:1174),BLIND variant (p_ptr->blind) shared by ~45 spells/summons (RF5_CAUSE_2 here); says nothing about which spell. Damage/effect messages follow if any.,M1
538,melee2.c,1175,<monster> points at you and curses horribly.,attack.spell.cause_2,self,high,^(?P<mon>.+?)\ points\ at\ you\ and\ curses\ horribly\.$,"RF5_CAUSE_2 case; if (blind) msg_format(p_ptr, ""%^s mumbles."", m_name); (melee2.c:1175)",,M1
539,melee2.c,1178,You resist the effects!,resist.save,self,high,^You\ resist\ the\ effects\!$,RF5_CAUSE_2: saving throw succeeded (randint0(100) < skill_sav); if (randint0(100) < p_ptr->skill_sav) (melee2.c:1178),Same text as other spells saves; only the preceding cast message identifies the spell.,M1
540,melee2.c,1192,<monster> mumbles loudly.,attack.spell.cause_3,self,high,^(?P<mon>.+?)\ mumbles\ loudly\.$,RF5_CAUSE_3 case; if (!direct) break; (melee2.c:1192),BLIND variant (p_ptr->blind).,M1
541,melee2.c,1193,"<monster> points at you, incanting terribly!",attack.spell.cause_3,self,high,"^(?P<mon>.+?)\ points\ at\ you\,\ incanting\ terribly\!$","RF5_CAUSE_3 case; if (blind) msg_format(p_ptr, ""%^s mumbles loudly."", m_name); (melee2.c:1193)",,M1
542,melee2.c,1196,You resist the effects!,resist.save,self,high,^You\ resist\ the\ effects\!$,RF5_CAUSE_3: saving throw succeeded (randint0(100) < skill_sav); if (randint0(100) < p_ptr->skill_sav) (melee2.c:1196),Same text as other spells saves; only the preceding cast message identifies the spell.,M1
543,melee2.c,1210,<monster> screams the word 'DIE!',attack.spell.cause_4,self,high,^(?P<mon>.+?)\ screams\ the\ word\ \'DIE\!\'$,RF5_CAUSE_4 case; if (!direct) break; (melee2.c:1210),,M1
544,melee2.c,1211,"<monster> points at you, screaming the word DIE!",attack.spell.cause_4,self,high,"^(?P<mon>.+?)\ points\ at\ you\,\ screaming\ the\ word\ DIE\!$","RF5_CAUSE_4 case; if (blind) msg_format(p_ptr, ""%^s screams the word 'DIE!'"", m_name); (melee2.c:1211)",,M1
545,melee2.c,1214,You resist the effects!,resist.save,self,high,^You\ resist\ the\ effects\!$,RF5_CAUSE_4: saving throw succeeded (randint0(100) < skill_sav); if (randint0(100) < p_ptr->skill_sav) (melee2.c:1214),Same text as other spells saves; only the preceding cast message identifies the spell.,M1
546,melee2.c,1228,<monster> mumbles.,attack.spell.unknown,self,high,^(?P<mon>.+?)\ mumbles\.$,RF5_BO_ACID case; unconditional in case (melee2.c:1228),BLIND variant (p_ptr->blind) shared by ~45 spells/summons (RF5_BO_ACID here); says nothing about which spell. Damage/effect messages follow if any.,M1
547,melee2.c,1229,<monster> casts a acid bolt.,attack.spell.bolt.acid,self,high,^(?P<mon>.+?)\ casts\ a\ acid\ bolt\.$,"RF5_BO_ACID case; if (blind) msg_format(p_ptr, ""%^s mumbles."", m_name); (melee2.c:1229)",,M1
548,melee2.c,1240,<monster> mumbles.,attack.spell.unknown,self,high,^(?P<mon>.+?)\ mumbles\.$,RF5_BO_ELEC case; unconditional in case (melee2.c:1240),BLIND variant (p_ptr->blind) shared by ~45 spells/summons (RF5_BO_ELEC here); says nothing about which spell. Damage/effect messages follow if any.,M1
549,melee2.c,1241,<monster> casts a lightning bolt.,attack.spell.bolt.elec,self,high,^(?P<mon>.+?)\ casts\ a\ lightning\ bolt\.$,"RF5_BO_ELEC case; if (blind) msg_format(p_ptr, ""%^s mumbles."", m_name); (melee2.c:1241)",,M1
550,melee2.c,1252,<monster> mumbles.,attack.spell.unknown,self,high,^(?P<mon>.+?)\ mumbles\.$,RF5_BO_FIRE case; unconditional in case (melee2.c:1252),BLIND variant (p_ptr->blind) shared by ~45 spells/summons (RF5_BO_FIRE here); says nothing about which spell. Damage/effect messages follow if any.,M1
551,melee2.c,1253,<monster> casts a fire bolt.,attack.spell.bolt.fire,self,high,^(?P<mon>.+?)\ casts\ a\ fire\ bolt\.$,"RF5_BO_FIRE case; if (blind) msg_format(p_ptr, ""%^s mumbles."", m_name); (melee2.c:1253)",,M1
552,melee2.c,1264,<monster> mumbles.,attack.spell.unknown,self,high,^(?P<mon>.+?)\ mumbles\.$,RF5_BO_COLD case; unconditional in case (melee2.c:1264),BLIND variant (p_ptr->blind) shared by ~45 spells/summons (RF5_BO_COLD here); says nothing about which spell. Damage/effect messages follow if any.,M1
553,melee2.c,1265,<monster> casts a frost bolt.,attack.spell.bolt.frost,self,high,^(?P<mon>.+?)\ casts\ a\ frost\ bolt\.$,"RF5_BO_COLD case; if (blind) msg_format(p_ptr, ""%^s mumbles."", m_name); (melee2.c:1265)",,M1
554,melee2.c,1283,<monster> mumbles.,attack.spell.unknown,self,high,^(?P<mon>.+?)\ mumbles\.$,RF5_BO_NETH case; unconditional in case (melee2.c:1283),BLIND variant (p_ptr->blind) shared by ~45 spells/summons (RF5_BO_NETH here); says nothing about which spell. Damage/effect messages follow if any.,M1
555,melee2.c,1284,<monster> casts a nether bolt.,attack.spell.bolt.nether,self,high,^(?P<mon>.+?)\ casts\ a\ nether\ bolt\.$,"RF5_BO_NETH case; if (blind) msg_format(p_ptr, ""%^s mumbles."", m_name); (melee2.c:1284)",,M1
556,melee2.c,1295,<monster> mumbles.,attack.spell.unknown,self,high,^(?P<mon>.+?)\ mumbles\.$,RF5_BO_WATE case; unconditional in case (melee2.c:1295),BLIND variant (p_ptr->blind) shared by ~45 spells/summons (RF5_BO_WATE here); says nothing about which spell. Damage/effect messages follow if any.,M1
557,melee2.c,1296,<monster> casts a water bolt.,attack.spell.bolt.water,self,high,^(?P<mon>.+?)\ casts\ a\ water\ bolt\.$,"RF5_BO_WATE case; if (blind) msg_format(p_ptr, ""%^s mumbles."", m_name); (melee2.c:1296)",,M1
558,melee2.c,1306,<monster> mumbles.,attack.spell.unknown,self,high,^(?P<mon>.+?)\ mumbles\.$,RF5_BO_MANA case; unconditional in case (melee2.c:1306),BLIND variant (p_ptr->blind) shared by ~45 spells/summons (RF5_BO_MANA here); says nothing about which spell. Damage/effect messages follow if any.,M1
559,melee2.c,1307,<monster> casts a mana bolt.,attack.spell.bolt.mana,self,high,^(?P<mon>.+?)\ casts\ a\ mana\ bolt\.$,"RF5_BO_MANA case; if (blind) msg_format(p_ptr, ""%^s mumbles."", m_name); (melee2.c:1307)",,M1
560,melee2.c,1317,<monster> mumbles.,attack.spell.unknown,self,high,^(?P<mon>.+?)\ mumbles\.$,RF5_BO_PLAS case; unconditional in case (melee2.c:1317),BLIND variant (p_ptr->blind) shared by ~45 spells/summons (RF5_BO_PLAS here); says nothing about which spell. Damage/effect messages follow if any.,M1
561,melee2.c,1318,<monster> casts a plasma bolt.,attack.spell.bolt.plasma,self,high,^(?P<mon>.+?)\ casts\ a\ plasma\ bolt\.$,"RF5_BO_PLAS case; if (blind) msg_format(p_ptr, ""%^s mumbles."", m_name); (melee2.c:1318)",,M1
562,melee2.c,1328,<monster> mumbles.,attack.spell.unknown,self,high,^(?P<mon>.+?)\ mumbles\.$,RF5_BO_ICEE case; unconditional in case (melee2.c:1328),BLIND variant (p_ptr->blind) shared by ~45 spells/summons (RF5_BO_ICEE here); says nothing about which spell. Damage/effect messages follow if any.,M1
563,melee2.c,1329,<monster> casts an ice bolt.,attack.spell.bolt.ice,self,high,^(?P<mon>.+?)\ casts\ an\ ice\ bolt\.$,"RF5_BO_ICEE case; if (blind) msg_format(p_ptr, ""%^s mumbles."", m_name); (melee2.c:1329)",,M1
564,melee2.c,1340,<monster> mumbles.,attack.spell.unknown,self,high,^(?P<mon>.+?)\ mumbles\.$,RF5_MISSILE case; unconditional in case (melee2.c:1340),BLIND variant (p_ptr->blind) shared by ~45 spells/summons (RF5_MISSILE here); says nothing about which spell. Damage/effect messages follow if any.,M1
565,melee2.c,1341,<monster> casts a magic missile.,attack.spell.missile,self,high,^(?P<mon>.+?)\ casts\ a\ magic\ missile\.$,"RF5_MISSILE case; if (blind) msg_format(p_ptr, ""%^s mumbles."", m_name); (melee2.c:1341)",,M1
566,melee2.c,1353,"<monster> mumbles, and you hear scary noises.",attack.spell.scare,self,high,"^(?P<mon>.+?)\ mumbles\,\ and\ you\ hear\ scary\ noises\.$",RF5_SCARE case; if (!direct) break; (melee2.c:1353),BLIND variant (p_ptr->blind).,M1
567,melee2.c,1354,<monster> casts a fearful illusion.,attack.spell.scare,self,high,^(?P<mon>.+?)\ casts\ a\ fearful\ illusion\.$,"RF5_SCARE case; if (blind) msg_format(p_ptr, ""%^s mumbles, and you hear scary noises."", m_name); (melee2.c:1354)",,M1
568,melee2.c,1357,You refuse to be frightened.,resist.fear,self,high,^You\ refuse\ to\ be\ frightened\.$,RF5_SCARE: resist_fear or saving throw; if (p_ptr->resist_fear) (melee2.c:1357),Same text as other spells saves; only the preceding cast message identifies the spell.,M1
569,melee2.c,1361,You refuse to be frightened.,resist.fear,self,high,^You\ refuse\ to\ be\ frightened\.$,RF5_SCARE: resist_fear or saving throw; if (p_ptr->resist_fear) / else if (randint0(100) < p_ptr->skill_sav) (melee2.c:1361),Same text as other spells saves; only the preceding cast message identifies the spell.,M1
570,melee2.c,1376,<monster> mumbles.,attack.spell.unknown,self,high,^(?P<mon>.+?)\ mumbles\.$,RF5_BLIND case; if (!direct) break; (melee2.c:1376),BLIND variant (p_ptr->blind) shared by ~45 spells/summons (RF5_BLIND here); says nothing about which spell. Damage/effect messages follow if any.,M1
571,melee2.c,1377,"<monster> casts a spell, burning your eyes!",attack.spell.blind,self,high,"^(?P<mon>.+?)\ casts\ a\ spell\,\ burning\ your\ eyes\!$","RF5_BLIND case; if (blind) msg_format(p_ptr, ""%^s mumbles."", m_name); (melee2.c:1377)",,M1
572,melee2.c,1380,You are unaffected!,resist.blind,self,high,^You\ are\ unaffected\!$,RF5_BLIND: immunity (free_act / resist_blind / resist_nexus per spell); if (p_ptr->resist_blind) (melee2.c:1380),Same text as other spells saves; only the preceding cast message identifies the spell.,M1
573,melee2.c,1384,You resist the effects!,resist.save,self,high,^You\ resist\ the\ effects\!$,RF5_BLIND: saving throw succeeded (randint0(100) < skill_sav); if (p_ptr->resist_blind) / else if (randint0(100) < p_ptr->skill_sav) (melee2.c:1384),Same text as other spells saves; only the preceding cast message identifies the spell.,M1
574,melee2.c,1399,"<monster> mumbles, and you hear puzzling noises.",attack.spell.conf,self,high,"^(?P<mon>.+?)\ mumbles\,\ and\ you\ hear\ puzzling\ noises\.$",RF5_CONF case; if (!direct) break; (melee2.c:1399),BLIND variant (p_ptr->blind).,M1
575,melee2.c,1400,<monster> creates a mesmerising illusion.,attack.spell.conf,self,high,^(?P<mon>.+?)\ creates\ a\ mesmerising\ illusion\.$,"RF5_CONF case; if (blind) msg_format(p_ptr, ""%^s mumbles, and you hear puzzling noises."", m_name); (melee2.c:1400)",,M1
576,melee2.c,1403,You disbelieve the feeble spell.,resist.confuse,self,high,^You\ disbelieve\ the\ feeble\ spell\.$,RF5_CONF: resist_conf or saving throw; if (p_ptr->resist_conf) (melee2.c:1403),Same text as other spells saves; only the preceding cast message identifies the spell.,M1
577,melee2.c,1407,You disbelieve the feeble spell.,resist.confuse,self,high,^You\ disbelieve\ the\ feeble\ spell\.$,RF5_CONF: resist_conf or saving throw; if (p_ptr->resist_conf) / else if (randint0(100) < p_ptr->skill_sav) (melee2.c:1407),Same text as other spells saves; only the preceding cast message identifies the spell.,M1
578,melee2.c,1422,<monster> drains power from your muscles!,attack.spell.slow,self,high,^(?P<mon>.+?)\ drains\ power\ from\ your\ muscles\!$,RF5_SLOW case; if (!direct) break; (melee2.c:1422),no blind branch; save/free_act may follow,M1
579,melee2.c,1425,You are unaffected!,resist.free_action,self,high,^You\ are\ unaffected\!$,RF5_SLOW: immunity (free_act / resist_blind / resist_nexus per spell); if (p_ptr->free_act) (melee2.c:1425),Same text as other spells saves; only the preceding cast message identifies the spell.,M1
580,melee2.c,1429,You resist the effects!,resist.save,self,high,^You\ resist\ the\ effects\!$,RF5_SLOW: saving throw succeeded (randint0(100) < skill_sav); if (p_ptr->free_act) / else if (randint0(100) < p_ptr->skill_sav) (melee2.c:1429),Same text as other spells saves; only the preceding cast message identifies the spell.,M1
581,melee2.c,1444,<monster> mumbles.,attack.spell.unknown,self,high,^(?P<mon>.+?)\ mumbles\.$,RF5_HOLD case; if (!direct) break; (melee2.c:1444),BLIND variant (p_ptr->blind) shared by ~45 spells/summons (RF5_HOLD here); says nothing about which spell. Damage/effect messages follow if any.,M1
582,melee2.c,1445,<monster> stares deep into your eyes!,attack.spell.hold,self,high,^(?P<mon>.+?)\ stares\ deep\ into\ your\ eyes\!$,"RF5_HOLD case; if (blind) msg_format(p_ptr, ""%^s mumbles."", m_name); (melee2.c:1445)",,M1
583,melee2.c,1448,You are unaffected!,resist.free_action,self,high,^You\ are\ unaffected\!$,RF5_HOLD: immunity (free_act / resist_blind / resist_nexus per spell); if (p_ptr->free_act) (melee2.c:1448),Same text as other spells saves; only the preceding cast message identifies the spell.,M1
584,melee2.c,1452,You resist the effects!,resist.save,self,high,^You\ resist\ the\ effects\!$,RF5_HOLD: saving throw succeeded (randint0(100) < skill_sav); if (p_ptr->free_act) / else if (randint0(100) < p_ptr->skill_sav) (melee2.c:1452),Same text as other spells saves; only the preceding cast message identifies the spell. (uses msg_format with no args; text unchanged),M1
585,melee2.c,1470,<monster> mumbles.,attack.spell.unknown,self,high,^(?P<mon>.+?)\ mumbles\.$,RF6_HASTE case; if (blind) (melee2.c:1470),BLIND variant (p_ptr->blind) shared by ~45 spells/summons (RF6_HASTE here); says nothing about which spell. Damage/effect messages follow if any.,M1
586,melee2.c,1474,<monster> concentrates on <his> body.,monster.haste,self,medium,^(?P<mon>.+?)\ concentrates\ on\ (?P<poss>his|her|its)\ body\.$,RF6_HASTE case; if (blind) / else (melee2.c:1474),,M1
587,melee2.c,1480,<monster> starts moving faster.,monster.haste,self,medium,^(?P<mon>.+?)\ starts\ moving\ faster\.$,RF6_HASTE case; if (m_ptr->mspeed < r_ptr->speed + 10) (melee2.c:1480),no blind branch: printed even when blind; first check mspeed<base+10 (+10 speed) else <base+20 (+2),M1
588,melee2.c,1487,<monster> starts moving faster.,monster.haste,self,medium,^(?P<mon>.+?)\ starts\ moving\ faster\.$,RF6_HASTE case; else if (m_ptr->mspeed < r_ptr->speed + 20) (melee2.c:1487),no blind branch: printed even when blind; first check mspeed<base+10 (+10 speed) else <base+20 (+2),M1
589,melee2.c,1511,<monster> mumbles.,attack.spell.unknown,self,high,^(?P<mon>.+?)\ mumbles\.$,RF6_HEAL case; if (blind) (melee2.c:1511),BLIND variant (p_ptr->blind) shared by ~45 spells/summons (RF6_HEAL here); says nothing about which spell. Damage/effect messages follow if any.,M1
590,melee2.c,1515,<monster> concentrates on <his> wounds.,monster.heal,self,medium,^(?P<mon>.+?)\ concentrates\ on\ (?P<poss>his|her|its)\ wounds\.$,RF6_HEAL case; if (blind) / else (melee2.c:1515),,M1
591,melee2.c,1530,<monster> looks REALLY healthy!,monster.heal,self,medium,^(?P<mon>.+?)\ looks\ REALLY\ healthy\!$,RF6_HEAL case; if (seen) (melee2.c:1530),"""looks"" = seen, ""sounds"" = not seen (blind/invisible)",M1
592,melee2.c,1534,<monster> sounds REALLY healthy!,monster.heal,self,medium,^(?P<mon>.+?)\ sounds\ REALLY\ healthy\!$,RF6_HEAL case; if (seen) / else (melee2.c:1534),"""looks"" = seen, ""sounds"" = not seen (blind/invisible)",M1
593,melee2.c,1544,<monster> looks healthier.,monster.heal,self,medium,^(?P<mon>.+?)\ looks\ healthier\.$,RF6_HEAL case; if (seen) (melee2.c:1544),"""looks"" = seen, ""sounds"" = not seen (blind/invisible)",M1
594,melee2.c,1548,<monster> sounds healthier.,monster.heal,self,medium,^(?P<mon>.+?)\ sounds\ healthier\.$,RF6_HEAL case; if (seen) / else (melee2.c:1548),"""looks"" = seen, ""sounds"" = not seen (blind/invisible)",M1
595,melee2.c,1562,<monster> recovers <his> courage.,monster.recover_courage,self,medium,^(?P<mon>.+?)\ recovers\ (?P<poss>his|her|its)\ courage\.$,RF6_HEAL case; if (m_ptr->monfear) (melee2.c:1562),,M1
596,melee2.c,1578,<monster> blinks away.,monster.blink,self,medium,^(?P<mon>.+?)\ blinks\ away\.$,RF6_BLINK case; unconditional in case (melee2.c:1578),"no blind branch; printed even if blind (""It blinks away.""). Same text as thief blink melee1.c:1354",M1
597,melee2.c,1587,<monster> teleports away.,monster.teleport,self,medium,^(?P<mon>.+?)\ teleports\ away\.$,RF6_TPORT case; unconditional in case (melee2.c:1587),no blind branch,M1
598,melee2.c,1609,<monster> commands you to return.,escape.teleport_to.forced,self,high,^(?P<mon>.+?)\ commands\ you\ to\ return\.$,RF6_TELE_TO case; if (!direct) break; (melee2.c:1609),RF6_TELE_TO: teleport_player_to(); no blind branch. Player is pulled next to the monster.,M1
599,melee2.c,1619,<monster> teleports you away.,escape.teleport.forced,self,high,^(?P<mon>.+?)\ teleports\ you\ away\.$,RF6_TELE_AWAY case; if (!direct) break; (melee2.c:1619),"RF6_TELE_AWAY: teleport_player(100); no blind branch; others see ""<mon> teleports <player> away.""",M1
600,melee2.c,1633,<monster> mumbles strangely.,attack.spell.tele_level,self,high,^(?P<mon>.+?)\ mumbles\ strangely\.$,RF6_TELE_LEVEL case; if (!direct) break; (melee2.c:1633),"BLIND variant (p_ptr->blind). If save fails, teleport_player_level() -> level change messages elsewhere.",M1
601,melee2.c,1634,<monster> gestures at your feet.,attack.spell.tele_level,self,high,^(?P<mon>.+?)\ gestures\ at\ your\ feet\.$,"RF6_TELE_LEVEL case; if (blind) msg_format(p_ptr, ""%^s mumbles strangely."", m_name); (melee2.c:1634)","If save fails, teleport_player_level() -> level change messages elsewhere.",M1
602,melee2.c,1637,You are unaffected!,resist.nexus,self,high,^You\ are\ unaffected\!$,RF6_TELE_LEVEL: immunity (free_act / resist_blind / resist_nexus per spell); if (p_ptr->resist_nexus) (melee2.c:1637),Same text as other spells saves; only the preceding cast message identifies the spell.,M1
603,melee2.c,1641,You resist the effects!,resist.save,self,high,^You\ resist\ the\ effects\!$,RF6_TELE_LEVEL: saving throw succeeded (randint0(100) < skill_sav); if (p_ptr->resist_nexus) / else if (randint0(100) < p_ptr->skill_sav) (melee2.c:1641),Same text as other spells saves; only the preceding cast message identifies the spell.,M1
604,melee2.c,1662,<monster> mumbles.,attack.spell.unknown,self,high,^(?P<mon>.+?)\ mumbles\.$,RF6_DARKNESS case; if (!direct) break; (melee2.c:1662),BLIND variant (p_ptr->blind) shared by ~45 spells/summons (RF6_DARKNESS here); says nothing about which spell. Damage/effect messages follow if any.,M1
605,melee2.c,1663,<monster> gestures in shadow.,attack.spell.darkness,self,high,^(?P<mon>.+?)\ gestures\ in\ shadow\.$,"RF6_DARKNESS case; if (blind) msg_format(p_ptr, ""%^s mumbles."", m_name); (melee2.c:1663)","unlite_area(0,3): darkens room, may blind (message ""You are blind!""?) if not resist - check spells2.c:4562",M1
606,melee2.c,1674,"<monster> mumbles, and then cackles evilly.",attack.spell.traps,self,high,"^(?P<mon>.+?)\ mumbles\,\ and\ then\ cackles\ evilly\.$",RF6_TRAPS case; if (!direct) break; (melee2.c:1674),trap_creation(): traps appear around player,M1
607,melee2.c,1675,<monster> casts a spell and cackles evilly.,attack.spell.traps,self,high,^(?P<mon>.+?)\ casts\ a\ spell\ and\ cackles\ evilly\.$,"RF6_TRAPS case; if (blind) msg_format(p_ptr, ""%^s mumbles, and then cackles evilly."", m_name); (melee2.c:1675)",trap_creation(): traps appear around player,M1
608,melee2.c,1685,<monster> tries to blank your mind.,attack.spell.forget,self,high,^(?P<mon>.+?)\ tries\ to\ blank\ your\ mind\.$,RF6_FORGET case; if (!direct) break; (melee2.c:1685),no blind branch,M1
609,melee2.c,1689,You resist the effects!,resist.save,self,high,^You\ resist\ the\ effects\!$,RF6_FORGET: saving throw succeeded (randint0(100) < skill_sav); if (randint0(100) < p_ptr->skill_sav) (melee2.c:1689),Same text as other spells saves; only the preceding cast message identifies the spell.,M1
610,melee2.c,1693,Your memories fade away.,status.forget,self,high,^Your\ memories\ fade\ away\.$,RF6_FORGET: save failed and lose_all_info() true (melee2.c:1693),,M1
611,melee2.c,1709,<monster> mumbles.,attack.spell.unknown,self,high,^(?P<mon>.+?)\ mumbles\.$,RF6_S_KIN case; unconditional in case (melee2.c:1709),BLIND variant (p_ptr->blind) shared by ~45 spells/summons (RF6_S_KIN here); says nothing about which spell. Damage/effect messages follow if any.,M1
612,melee2.c,1710,<monster> magically summons <his> <minions|kin>.,summon.kin,self,high,^(?P<mon>.+?)\ magically\ summons\ (?P<poss>his|her|its)\ (?:minions|kin)\.$,"RF6_S_KIN case; if (blind) msg_format(p_ptr, ""%^s mumbles."", m_name); (melee2.c:1710)","""minions"" if summoner is UNIQUE else ""kin"" (melee2.c:1710-1712); summons same-letter monsters",M1
613,melee2.c,1722,You hear many things appear nearby.,summon.heard,self,high,^You\ hear\ many\ things\ appear\ nearby\.$,RF6_S_KIN case; if (blind && count) (melee2.c:1722),only when player blind AND count>0 (monsters actually created); this is the ONLY confirmation of a summon while blind,M1
614,melee2.c,1732,<monster> mumbles.,attack.spell.unknown,self,high,^(?P<mon>.+?)\ mumbles\.$,RF6_S_HI_DEMON case; unconditional in case (melee2.c:1732),BLIND variant (p_ptr->blind) shared by ~45 spells/summons (RF6_S_HI_DEMON here); says nothing about which spell. Damage/effect messages follow if any.,M1
615,melee2.c,1733,<monster> magically summons greater demons!,summon.hi_demon,self,high,^(?P<mon>.+?)\ magically\ summons\ greater\ demons\!$,"RF6_S_HI_DEMON case; if (blind) msg_format(p_ptr, ""%^s mumbles."", m_name); (melee2.c:1733)",summons happen around the PLAYER (x=p_ptr->px); spell result not verified by the message (count may be 0),M1
616,melee2.c,1740,You hear many evil things appear nearby.,summon.heard,self,high,^You\ hear\ many\ evil\ things\ appear\ nearby\.$,RF6_S_HI_DEMON case; if (blind && count) (melee2.c:1740),only when player blind AND count>0 (monsters actually created); this is the ONLY confirmation of a summon while blind,M1
617,melee2.c,1750,<monster> mumbles.,attack.spell.unknown,self,high,^(?P<mon>.+?)\ mumbles\.$,RF6_S_MONSTER case; unconditional in case (melee2.c:1750),BLIND variant (p_ptr->blind) shared by ~45 spells/summons (RF6_S_MONSTER here); says nothing about which spell. Damage/effect messages follow if any.,M1
618,melee2.c,1751,<monster> magically summons help!,summon.monster,self,high,^(?P<mon>.+?)\ magically\ summons\ help\!$,"RF6_S_MONSTER case; if (blind) msg_format(p_ptr, ""%^s mumbles."", m_name); (melee2.c:1751)",summons happen around the PLAYER (x=p_ptr->px); spell result not verified by the message (count may be 0),M1
619,melee2.c,1756,You hear something appear nearby.,summon.heard,self,high,^You\ hear\ something\ appear\ nearby\.$,"RF6_S_MONSTER case; if (blind) msg_format(p_ptr, ""%^s mumbles."", m_name); / else msg_format(p_ptr, ""%^s magically summons help!"", m_name); (melee2.c:1756)",only when player blind AND count>0 (monsters actually created); this is the ONLY confirmation of a summon while blind,M1
620,melee2.c,1765,<monster> mumbles.,attack.spell.unknown,self,high,^(?P<mon>.+?)\ mumbles\.$,RF6_S_MONSTERS case; unconditional in case (melee2.c:1765),BLIND variant (p_ptr->blind) shared by ~45 spells/summons (RF6_S_MONSTERS here); says nothing about which spell. Damage/effect messages follow if any.,M1
621,melee2.c,1766,<monster> magically summons monsters!,summon.monsters,self,high,^(?P<mon>.+?)\ magically\ summons\ monsters\!$,"RF6_S_MONSTERS case; if (blind) msg_format(p_ptr, ""%^s mumbles."", m_name); (melee2.c:1766)",summons happen around the PLAYER (x=p_ptr->px); spell result not verified by the message (count may be 0),M1
622,melee2.c,1771,You hear many things appear nearby.,summon.heard,self,high,^You\ hear\ many\ things\ appear\ nearby\.$,"RF6_S_MONSTERS case; if (blind) msg_format(p_ptr, ""%^s mumbles."", m_name); / else msg_format(p_ptr, ""%^s magically summons monsters!"", m_name); (melee2.c:1771)",only when player blind AND count>0 (monsters actually created); this is the ONLY confirmation of a summon while blind,M1
623,melee2.c,1780,<monster> mumbles.,attack.spell.unknown,self,high,^(?P<mon>.+?)\ mumbles\.$,RF6_S_ANIMAL case; unconditional in case (melee2.c:1780),BLIND variant (p_ptr->blind) shared by ~45 spells/summons (RF6_S_ANIMAL here); says nothing about which spell. Damage/effect messages follow if any.,M1
624,melee2.c,1781,<monster> magically summons animals.,summon.animal,self,high,^(?P<mon>.+?)\ magically\ summons\ animals\.$,"RF6_S_ANIMAL case; if (blind) msg_format(p_ptr, ""%^s mumbles."", m_name); (melee2.c:1781)",summons happen around the PLAYER (x=p_ptr->px); spell result not verified by the message (count may be 0),M1
625,melee2.c,1786,You hear many things appear nearby.,summon.heard,self,high,^You\ hear\ many\ things\ appear\ nearby\.$,"RF6_S_ANIMAL case; if (blind) msg_format(p_ptr, ""%^s mumbles."", m_name); / else msg_format(p_ptr, ""%^s magically summons animals."", m_name); (melee2.c:1786)",only when player blind AND count>0 (monsters actually created); this is the ONLY confirmation of a summon while blind,M1
626,melee2.c,1795,<monster> mumbles.,attack.spell.unknown,self,high,^(?P<mon>.+?)\ mumbles\.$,RF6_S_SPIDER case; unconditional in case (melee2.c:1795),BLIND variant (p_ptr->blind) shared by ~45 spells/summons (RF6_S_SPIDER here); says nothing about which spell. Damage/effect messages follow if any.,M1
627,melee2.c,1796,<monster> magically summons spiders.,summon.spider,self,high,^(?P<mon>.+?)\ magically\ summons\ spiders\.$,"RF6_S_SPIDER case; if (blind) msg_format(p_ptr, ""%^s mumbles."", m_name); (melee2.c:1796)",summons happen around the PLAYER (x=p_ptr->px); spell result not verified by the message (count may be 0),M1
628,melee2.c,1801,You hear many things appear nearby.,summon.heard,self,high,^You\ hear\ many\ things\ appear\ nearby\.$,"RF6_S_SPIDER case; if (blind) msg_format(p_ptr, ""%^s mumbles."", m_name); / else msg_format(p_ptr, ""%^s magically summons spiders."", m_name); (melee2.c:1801)",only when player blind AND count>0 (monsters actually created); this is the ONLY confirmation of a summon while blind,M1
629,melee2.c,1810,<monster> mumbles.,attack.spell.unknown,self,high,^(?P<mon>.+?)\ mumbles\.$,RF6_S_HOUND case; unconditional in case (melee2.c:1810),BLIND variant (p_ptr->blind) shared by ~45 spells/summons (RF6_S_HOUND here); says nothing about which spell. Damage/effect messages follow if any.,M1
630,melee2.c,1811,<monster> magically summons hounds.,summon.hound,self,high,^(?P<mon>.+?)\ magically\ summons\ hounds\.$,"RF6_S_HOUND case; if (blind) msg_format(p_ptr, ""%^s mumbles."", m_name); (melee2.c:1811)",summons happen around the PLAYER (x=p_ptr->px); spell result not verified by the message (count may be 0),M1
631,melee2.c,1816,You hear many things appear nearby.,summon.heard,self,high,^You\ hear\ many\ things\ appear\ nearby\.$,"RF6_S_HOUND case; if (blind) msg_format(p_ptr, ""%^s mumbles."", m_name); / else msg_format(p_ptr, ""%^s magically summons hounds."", m_name); (melee2.c:1816)",only when player blind AND count>0 (monsters actually created); this is the ONLY confirmation of a summon while blind,M1
632,melee2.c,1825,<monster> mumbles.,attack.spell.unknown,self,high,^(?P<mon>.+?)\ mumbles\.$,RF6_S_HYDRA case; unconditional in case (melee2.c:1825),BLIND variant (p_ptr->blind) shared by ~45 spells/summons (RF6_S_HYDRA here); says nothing about which spell. Damage/effect messages follow if any.,M1
633,melee2.c,1826,<monster> magically summons hydras.,summon.hydra,self,high,^(?P<mon>.+?)\ magically\ summons\ hydras\.$,"RF6_S_HYDRA case; if (blind) msg_format(p_ptr, ""%^s mumbles."", m_name); (melee2.c:1826)",summons happen around the PLAYER (x=p_ptr->px); spell result not verified by the message (count may be 0),M1
634,melee2.c,1831,You hear many things appear nearby.,summon.heard,self,high,^You\ hear\ many\ things\ appear\ nearby\.$,"RF6_S_HYDRA case; if (blind) msg_format(p_ptr, ""%^s mumbles."", m_name); / else msg_format(p_ptr, ""%^s magically summons hydras."", m_name); (melee2.c:1831)",only when player blind AND count>0 (monsters actually created); this is the ONLY confirmation of a summon while blind,M1
635,melee2.c,1840,<monster> mumbles.,attack.spell.unknown,self,high,^(?P<mon>.+?)\ mumbles\.$,RF6_S_ANGEL case; unconditional in case (melee2.c:1840),BLIND variant (p_ptr->blind) shared by ~45 spells/summons (RF6_S_ANGEL here); says nothing about which spell. Damage/effect messages follow if any.,M1
636,melee2.c,1841,<monster> magically summons an angel!,summon.angel,self,high,^(?P<mon>.+?)\ magically\ summons\ an\ angel\!$,"RF6_S_ANGEL case; if (blind) msg_format(p_ptr, ""%^s mumbles."", m_name); (melee2.c:1841)",summons happen around the PLAYER (x=p_ptr->px); spell result not verified by the message (count may be 0),M1
637,melee2.c,1846,You hear something appear nearby.,summon.heard,self,high,^You\ hear\ something\ appear\ nearby\.$,"RF6_S_ANGEL case; if (blind) msg_format(p_ptr, ""%^s mumbles."", m_name); / else msg_format(p_ptr, ""%^s magically summons an angel!"", m_name); (melee2.c:1846)",only when player blind AND count>0 (monsters actually created); this is the ONLY confirmation of a summon while blind,M1
638,melee2.c,1855,<monster> mumbles.,attack.spell.unknown,self,high,^(?P<mon>.+?)\ mumbles\.$,RF6_S_DEMON case; unconditional in case (melee2.c:1855),BLIND variant (p_ptr->blind) shared by ~45 spells/summons (RF6_S_DEMON here); says nothing about which spell. Damage/effect messages follow if any.,M1
639,melee2.c,1856,<monster> magically summons a hellish adversary!,summon.demon,self,high,^(?P<mon>.+?)\ magically\ summons\ a\ hellish\ adversary\!$,"RF6_S_DEMON case; if (blind) msg_format(p_ptr, ""%^s mumbles."", m_name); (melee2.c:1856)",summons happen around the PLAYER (x=p_ptr->px); spell result not verified by the message (count may be 0),M1
640,melee2.c,1861,You hear something appear nearby.,summon.heard,self,high,^You\ hear\ something\ appear\ nearby\.$,"RF6_S_DEMON case; if (blind) msg_format(p_ptr, ""%^s mumbles."", m_name); / else msg_format(p_ptr, ""%^s magically summons a hellish adversary!"", m_name); (melee2.c:1861)",only when player blind AND count>0 (monsters actually created); this is the ONLY confirmation of a summon while blind,M1
641,melee2.c,1870,<monster> mumbles.,attack.spell.unknown,self,high,^(?P<mon>.+?)\ mumbles\.$,RF6_S_UNDEAD case; unconditional in case (melee2.c:1870),BLIND variant (p_ptr->blind) shared by ~45 spells/summons (RF6_S_UNDEAD here); says nothing about which spell. Damage/effect messages follow if any.,M1
642,melee2.c,1871,<monster> magically summons an undead adversary!,summon.undead,self,high,^(?P<mon>.+?)\ magically\ summons\ an\ undead\ adversary\!$,"RF6_S_UNDEAD case; if (blind) msg_format(p_ptr, ""%^s mumbles."", m_name); (melee2.c:1871)",summons happen around the PLAYER (x=p_ptr->px); spell result not verified by the message (count may be 0),M1
643,melee2.c,1876,You hear something appear nearby.,summon.heard,self,high,^You\ hear\ something\ appear\ nearby\.$,"RF6_S_UNDEAD case; if (blind) msg_format(p_ptr, ""%^s mumbles."", m_name); / else msg_format(p_ptr, ""%^s magically summons an undead adversary!"", m_name); (melee2.c:1876)",only when player blind AND count>0 (monsters actually created); this is the ONLY confirmation of a summon while blind,M1
644,melee2.c,1885,<monster> mumbles.,attack.spell.unknown,self,high,^(?P<mon>.+?)\ mumbles\.$,RF6_S_DRAGON case; unconditional in case (melee2.c:1885),BLIND variant (p_ptr->blind) shared by ~45 spells/summons (RF6_S_DRAGON here); says nothing about which spell. Damage/effect messages follow if any.,M1
645,melee2.c,1886,<monster> magically summons a dragon!,summon.dragon,self,high,^(?P<mon>.+?)\ magically\ summons\ a\ dragon\!$,"RF6_S_DRAGON case; if (blind) msg_format(p_ptr, ""%^s mumbles."", m_name); (melee2.c:1886)",summons happen around the PLAYER (x=p_ptr->px); spell result not verified by the message (count may be 0),M1
646,melee2.c,1891,You hear something appear nearby.,summon.heard,self,high,^You\ hear\ something\ appear\ nearby\.$,"RF6_S_DRAGON case; if (blind) msg_format(p_ptr, ""%^s mumbles."", m_name); / else msg_format(p_ptr, ""%^s magically summons a dragon!"", m_name); (melee2.c:1891)",only when player blind AND count>0 (monsters actually created); this is the ONLY confirmation of a summon while blind,M1
647,melee2.c,1900,<monster> mumbles.,attack.spell.unknown,self,high,^(?P<mon>.+?)\ mumbles\.$,RF6_S_HI_UNDEAD case; unconditional in case (melee2.c:1900),BLIND variant (p_ptr->blind) shared by ~45 spells/summons (RF6_S_HI_UNDEAD here); says nothing about which spell. Damage/effect messages follow if any.,M1
648,melee2.c,1901,<monster> magically summons greater undead!,summon.hi_undead,self,high,^(?P<mon>.+?)\ magically\ summons\ greater\ undead\!$,"RF6_S_HI_UNDEAD case; if (blind) msg_format(p_ptr, ""%^s mumbles."", m_name); (melee2.c:1901)",summons happen around the PLAYER (x=p_ptr->px); spell result not verified by the message (count may be 0),M1
649,melee2.c,1908,You hear many creepy things appear nearby.,summon.heard,self,high,^You\ hear\ many\ creepy\ things\ appear\ nearby\.$,RF6_S_HI_UNDEAD case; if (blind && count) (melee2.c:1908),only when player blind AND count>0 (monsters actually created); this is the ONLY confirmation of a summon while blind,M1
650,melee2.c,1918,<monster> mumbles.,attack.spell.unknown,self,high,^(?P<mon>.+?)\ mumbles\.$,RF6_S_HI_DRAGON case; unconditional in case (melee2.c:1918),BLIND variant (p_ptr->blind) shared by ~45 spells/summons (RF6_S_HI_DRAGON here); says nothing about which spell. Damage/effect messages follow if any.,M1
651,melee2.c,1919,<monster> magically summons ancient dragons!,summon.hi_dragon,self,high,^(?P<mon>.+?)\ magically\ summons\ ancient\ dragons\!$,"RF6_S_HI_DRAGON case; if (blind) msg_format(p_ptr, ""%^s mumbles."", m_name); (melee2.c:1919)",summons happen around the PLAYER (x=p_ptr->px); spell result not verified by the message (count may be 0),M1
652,melee2.c,1926,You hear many powerful things appear nearby.,summon.heard,self,high,^You\ hear\ many\ powerful\ things\ appear\ nearby\.$,RF6_S_HI_DRAGON case; if (blind && count) (melee2.c:1926),only when player blind AND count>0 (monsters actually created); this is the ONLY confirmation of a summon while blind,M1
653,melee2.c,1936,<monster> mumbles.,attack.spell.unknown,self,high,^(?P<mon>.+?)\ mumbles\.$,RF6_S_WRAITH case; unconditional in case (melee2.c:1936),BLIND variant (p_ptr->blind) shared by ~45 spells/summons (RF6_S_WRAITH here); says nothing about which spell. Damage/effect messages follow if any.,M1
654,melee2.c,1937,<monster> magically summons mighty undead opponents!,summon.wraith,self,high,^(?P<mon>.+?)\ magically\ summons\ mighty\ undead\ opponents\!$,"RF6_S_WRAITH case; if (blind) msg_format(p_ptr, ""%^s mumbles."", m_name); (melee2.c:1937)",summons happen around the PLAYER (x=p_ptr->px); spell result not verified by the message (count may be 0),M1
655,melee2.c,1948,You hear many creepy things appear nearby.,summon.heard,self,high,^You\ hear\ many\ creepy\ things\ appear\ nearby\.$,RF6_S_WRAITH case; if (blind && count) (melee2.c:1948),only when player blind AND count>0 (monsters actually created); this is the ONLY confirmation of a summon while blind,M1
656,melee2.c,1958,<monster> mumbles.,attack.spell.unknown,self,high,^(?P<mon>.+?)\ mumbles\.$,RF6_S_UNIQUE case; unconditional in case (melee2.c:1958),BLIND variant (p_ptr->blind) shared by ~45 spells/summons (RF6_S_UNIQUE here); says nothing about which spell. Damage/effect messages follow if any.,M1
657,melee2.c,1959,<monster> magically summons special opponents!,summon.unique,self,high,^(?P<mon>.+?)\ magically\ summons\ special\ opponents\!$,"RF6_S_UNIQUE case; if (blind) msg_format(p_ptr, ""%^s mumbles."", m_name); (melee2.c:1959)",summons happen around the PLAYER (x=p_ptr->px); spell result not verified by the message (count may be 0),M1
658,melee2.c,1970,You hear many powerful things appear nearby.,summon.heard,self,high,^You\ hear\ many\ powerful\ things\ appear\ nearby\.$,RF6_S_UNIQUE case; if (blind && count) (melee2.c:1970),only when player blind AND count>0 (monsters actually created); this is the ONLY confirmation of a summon while blind,M1
X992,melee2.c,992,<player> is engulfed in a whirlpool.,attack.spell.ball.water,others,low,^(?P<player>.+?)\ is\ engulfed\ in\ a\ whirlpool\.$,RF5_BA_WATE cast at another player: msg_format_monster to nearby players (melee2.c:992-996),Not in input CSV (call name msg_format_monster). fmt args = target name.,M1
X1620,melee2.c,1620,<monster> teleports <player> away.,escape.teleport.forced,others,low,^(?P<mon>.+?)\ teleports\ (?P<player>.+?)\ away\.$,RF6_TELE_AWAY seen by other nearby players (melee2.c:1620-1623),"Not in input CSV. Unseen: ""It teleports <player> away.""",M1
X2946,melee2.c,2946,You hear door burst open!,door.burst,others,low,^You hear door burst open!$,monster bashes a door open; other nearby players get this (melee2.c:2946-2948),"Not in input CSV. NOTE missing ""a"": self version (row 663) reads ""You hear a door burst open!""",M1
X3198,melee2.c,3198,"<monster> tries to pick up <item>, but fails.",monster.pickup.fail,others,low,"^(?P<mon>.+?)\ tries\ to\ pick\ up\ (?P<item>.+?)\,\ but\ fails\.$",RF2_TAKE_ITEM monster cannot take artifact/slayed item; no message if unseen (fmt_inv NULL) (melee2.c:3198-3202),Not in input CSV.,M1
X3215,melee2.c,3215,<monster> picks up <item>.,monster.pickup,others,low,^(?P<mon>.+?)\ picks\ up\ (?P<item>.+?)\.$,RF2_TAKE_ITEM monster picks up item (melee2.c:3215-3219),Not in input CSV.,M1
X3243,melee2.c,3243,<monster> crushes <item>.,monster.crush_item,others,low,^(?P<mon>.+?)\ crushes\ (?P<item>.+?)\.$,KILL_ITEM monster destroys item on floor (melee2.c:3243-3246),Not in input CSV.,M1
659,melee2.c,2549,<monster> wakes up.,monster.wake,self,medium,^(?P<mon>.+?)\ wakes\ up\.$,sleeping monster wakes and is visible (melee2.c:2540-2551) (melee2.c:2549),,M1
660,melee2.c,2599,<monster> is no longer stunned.,monster.stun.off,self,low,^(?P<mon>.+?)\ is\ no\ longer\ stunned\.$,visible monster stun timer ends (melee2.c:2590-2600) (melee2.c:2599),,M1
661,melee2.c,2639,<monster> is no longer confused.,monster.confuse.off,self,low,^(?P<mon>.+?)\ is\ no\ longer\ confused\.$,visible monster confusion ends (melee2.c:2630-2640) (melee2.c:2639),,M1
662,melee2.c,2674,<monster> recovers <his> courage.,monster.recover_courage,self,medium,^(?P<mon>.+?)\ recovers\ (?P<poss>his|her|its)\ courage\.$,visible monster fear timer ends (melee2.c:2660-2675) (melee2.c:2674),Same text as heal-spell version (melee2.c:1562),M1
663,melee2.c,2945,You hear a door burst open!,door.burst,self,medium,^You\ hear\ a\ door\ burst\ open\!$,"monster bashes door open (RF2_BASH_DOOR) (melee2.c:2945); other players get the version without ""a"" (melee2.c:2945)",An unseen monster is coming; also shown when door out of view (msg_print goes to p_ptr regardless),M1
664,melee2.c,2998,The rune of protection is broken!,glyph.broken,others,medium,^The\ rune\ of\ protection\ is\ broken\!$,"monster breaks glyph of warding on grid ny,nx marked (CAVE_MARK) for that player (melee2.c:2990-3000; sent to every player on the level who has the grid marked) (melee2.c:2998)","audience: every player at this depth with the grid in memory, not only p_ptr",M1
665,melee2.c,3333,<monster> turns to fight!,monster.fear.off,self,medium,^(?P<mon>.+?)\ turns\ to\ fight\!$,frightened visible monster is cornered (!do_turn && !do_move && monfear) (melee2.c:3319-3336) (melee2.c:3333),,M1
666,monster1.c,1466,(empty),dead_code,none,none,^$(?!),never executes: screen_text_out body is in #if 0; monster1.c:1466 never executes,Dead code: the msg_* call is inside a /* comment */ or #if 0. Pilot should ignore.,M1
667,monster2.c,1857,Deep Unique (<name>).,dead_code,none,none,^$(?!),never executes: commented out (cheat_hear) at monster2.c:1857,Dead code: the msg_* call is inside a /* comment */ or #if 0. Pilot should ignore.,M1
668,monster2.c,1867,Deep Monster (<name>).,dead_code,none,none,^$(?!),never executes: commented out at monster2.c:1867,Dead code: the msg_* call is inside a /* comment */ or #if 0. Pilot should ignore.,M1
669,monster2.c,1878,Unique (<name>).,dead_code,none,none,^$(?!),never executes: commented out at monster2.c:1878,Dead code: the msg_* call is inside a /* comment */ or #if 0. Pilot should ignore.,M1
670,monster2.c,2731,<monster> is unharmed.,monster.pain,self,medium,^(?P<mon>.+?)\ is\ unharmed\.$,"message_pain(): all classes: dam==0; monster hp% after hit in damage 0 (monster2.c:2731). Sent for any dam>0 that did not kill, from melee/missile/spell damage, even if monster unseen (name ""It"")",,M1
671,monster2.c,2746,<monster> barely notices.,monster.pain,self,medium,^(?P<mon>.+?)\ barely\ notices\.$,"message_pain(): jelly/mold/vortex/Q (d_char in ""jmvQ""); monster hp% after hit in >95% (monster2.c:2746). Sent for any dam>0 that did not kill, from melee/missile/spell damage, even if monster unseen (name ""It"")",,M1
672,monster2.c,2748,<monster> flinches.,monster.pain,self,medium,^(?P<mon>.+?)\ flinches\.$,"message_pain(): jelly/mold/vortex/Q (d_char in ""jmvQ""); monster hp% after hit in 76-95% (monster2.c:2748). Sent for any dam>0 that did not kill, from melee/missile/spell damage, even if monster unseen (name ""It"")",,M1
673,monster2.c,2750,<monster> squelches.,monster.pain,self,medium,^(?P<mon>.+?)\ squelches\.$,"message_pain(): jelly/mold/vortex/Q (d_char in ""jmvQ""); monster hp% after hit in 51-75% (monster2.c:2750). Sent for any dam>0 that did not kill, from melee/missile/spell damage, even if monster unseen (name ""It"")",,M1
674,monster2.c,2752,<monster> quivers in pain.,monster.pain,self,medium,^(?P<mon>.+?)\ quivers\ in\ pain\.$,"message_pain(): jelly/mold/vortex/Q (d_char in ""jmvQ""); monster hp% after hit in 36-50% (monster2.c:2752). Sent for any dam>0 that did not kill, from melee/missile/spell damage, even if monster unseen (name ""It"")",,M1
675,monster2.c,2754,<monster> writhes about.,monster.pain,self,medium,^(?P<mon>.+?)\ writhes\ about\.$,"message_pain(): jelly/mold/vortex/Q (d_char in ""jmvQ""); monster hp% after hit in 21-35% (monster2.c:2754). Sent for any dam>0 that did not kill, from melee/missile/spell damage, even if monster unseen (name ""It"")",,M1
676,monster2.c,2756,<monster> writhes in agony.,monster.pain,self,medium,^(?P<mon>.+?)\ writhes\ in\ agony\.$,"message_pain(): jelly/mold/vortex/Q (d_char in ""jmvQ""); monster hp% after hit in 11-20% (monster2.c:2756). Sent for any dam>0 that did not kill, from melee/missile/spell damage, even if monster unseen (name ""It"")",,M1
677,monster2.c,2758,<monster> jerks limply.,monster.pain,self,medium,^(?P<mon>.+?)\ jerks\ limply\.$,"message_pain(): jelly/mold/vortex/Q (d_char in ""jmvQ""); monster hp% after hit in <=10% (monster2.c:2758). Sent for any dam>0 that did not kill, from melee/missile/spell damage, even if monster unseen (name ""It"")",,M1
678,monster2.c,2765,<monster> shrugs off the attack.,monster.pain,self,medium,^(?P<mon>.+?)\ shrugs\ off\ the\ attack\.$,"message_pain(): C and Z (dogs, hounds); monster hp% after hit in >95% (monster2.c:2765). Sent for any dam>0 that did not kill, from melee/missile/spell damage, even if monster unseen (name ""It"")",,M1
679,monster2.c,2767,<monster> snarls with pain.,monster.pain,self,medium,^(?P<mon>.+?)\ snarls\ with\ pain\.$,"message_pain(): C and Z (dogs, hounds); monster hp% after hit in 76-95% (monster2.c:2767). Sent for any dam>0 that did not kill, from melee/missile/spell damage, even if monster unseen (name ""It"")",,M1
680,monster2.c,2769,<monster> yelps in pain.,monster.pain,self,medium,^(?P<mon>.+?)\ yelps\ in\ pain\.$,"message_pain(): C and Z (dogs, hounds); monster hp% after hit in 51-75% (monster2.c:2769). Sent for any dam>0 that did not kill, from melee/missile/spell damage, even if monster unseen (name ""It"")",,M1
681,monster2.c,2771,<monster> howls in pain.,monster.pain,self,medium,^(?P<mon>.+?)\ howls\ in\ pain\.$,"message_pain(): C and Z (dogs, hounds); monster hp% after hit in 36-50% (monster2.c:2771). Sent for any dam>0 that did not kill, from melee/missile/spell damage, even if monster unseen (name ""It"")",,M1
682,monster2.c,2773,<monster> howls in agony.,monster.pain,self,medium,^(?P<mon>.+?)\ howls\ in\ agony\.$,"message_pain(): C and Z (dogs, hounds); monster hp% after hit in 21-35% (monster2.c:2773). Sent for any dam>0 that did not kill, from melee/missile/spell damage, even if monster unseen (name ""It"")",,M1
683,monster2.c,2775,<monster> writhes in agony.,monster.pain,self,medium,^(?P<mon>.+?)\ writhes\ in\ agony\.$,"message_pain(): C and Z (dogs, hounds); monster hp% after hit in 11-20% (monster2.c:2775). Sent for any dam>0 that did not kill, from melee/missile/spell damage, even if monster unseen (name ""It"")",,M1
684,monster2.c,2777,<monster> yelps feebly.,monster.pain,self,medium,^(?P<mon>.+?)\ yelps\ feebly\.$,"message_pain(): C and Z (dogs, hounds); monster hp% after hit in <=10% (monster2.c:2777). Sent for any dam>0 that did not kill, from melee/missile/spell damage, even if monster unseen (name ""It"")",,M1
685,monster2.c,2784,<monster> ignores the attack.,monster.pain,self,medium,^(?P<mon>.+?)\ ignores\ the\ attack\.$,"message_pain(): d_char in ""FIKMRSXabclqrst""; monster hp% after hit in >95% (monster2.c:2784). Sent for any dam>0 that did not kill, from melee/missile/spell damage, even if monster unseen (name ""It"")",,M1
686,monster2.c,2786,<monster> grunts with pain.,monster.pain,self,medium,^(?P<mon>.+?)\ grunts\ with\ pain\.$,"message_pain(): d_char in ""FIKMRSXabclqrst""; monster hp% after hit in 76-95% (monster2.c:2786). Sent for any dam>0 that did not kill, from melee/missile/spell damage, even if monster unseen (name ""It"")",,M1
687,monster2.c,2788,<monster> squeals in pain.,monster.pain,self,medium,^(?P<mon>.+?)\ squeals\ in\ pain\.$,"message_pain(): d_char in ""FIKMRSXabclqrst""; monster hp% after hit in 51-75% (monster2.c:2788). Sent for any dam>0 that did not kill, from melee/missile/spell damage, even if monster unseen (name ""It"")",,M1
688,monster2.c,2790,<monster> shrieks in pain.,monster.pain,self,medium,^(?P<mon>.+?)\ shrieks\ in\ pain\.$,"message_pain(): d_char in ""FIKMRSXabclqrst""; monster hp% after hit in 36-50% (monster2.c:2790). Sent for any dam>0 that did not kill, from melee/missile/spell damage, even if monster unseen (name ""It"")",,M1
689,monster2.c,2792,<monster> shrieks in agony.,monster.pain,self,medium,^(?P<mon>.+?)\ shrieks\ in\ agony\.$,"message_pain(): d_char in ""FIKMRSXabclqrst""; monster hp% after hit in 21-35% (monster2.c:2792). Sent for any dam>0 that did not kill, from melee/missile/spell damage, even if monster unseen (name ""It"")",,M1
690,monster2.c,2794,<monster> writhes in agony.,monster.pain,self,medium,^(?P<mon>.+?)\ writhes\ in\ agony\.$,"message_pain(): d_char in ""FIKMRSXabclqrst""; monster hp% after hit in 11-20% (monster2.c:2794). Sent for any dam>0 that did not kill, from melee/missile/spell damage, even if monster unseen (name ""It"")",,M1
691,monster2.c,2796,<monster> cries out feebly.,monster.pain,self,medium,^(?P<mon>.+?)\ cries\ out\ feebly\.$,"message_pain(): d_char in ""FIKMRSXabclqrst""; monster hp% after hit in <=10% (monster2.c:2796). Sent for any dam>0 that did not kill, from melee/missile/spell damage, even if monster unseen (name ""It"")",,M1
692,monster2.c,2803,<monster> shrugs off the attack.,monster.pain,self,medium,^(?P<mon>.+?)\ shrugs\ off\ the\ attack\.$,"message_pain(): all other monsters; monster hp% after hit in >95% (monster2.c:2803). Sent for any dam>0 that did not kill, from melee/missile/spell damage, even if monster unseen (name ""It"")",,M1
693,monster2.c,2805,<monster> grunts with pain.,monster.pain,self,medium,^(?P<mon>.+?)\ grunts\ with\ pain\.$,"message_pain(): all other monsters; monster hp% after hit in 76-95% (monster2.c:2805). Sent for any dam>0 that did not kill, from melee/missile/spell damage, even if monster unseen (name ""It"")",,M1
694,monster2.c,2807,<monster> cries out in pain.,monster.pain,self,medium,^(?P<mon>.+?)\ cries\ out\ in\ pain\.$,"message_pain(): all other monsters; monster hp% after hit in 51-75% (monster2.c:2807). Sent for any dam>0 that did not kill, from melee/missile/spell damage, even if monster unseen (name ""It"")",,M1
695,monster2.c,2809,<monster> screams in pain.,monster.pain,self,medium,^(?P<mon>.+?)\ screams\ in\ pain\.$,"message_pain(): all other monsters; monster hp% after hit in 36-50% (monster2.c:2809). Sent for any dam>0 that did not kill, from melee/missile/spell damage, even if monster unseen (name ""It"")",,M1
696,monster2.c,2811,<monster> screams in agony.,monster.pain,self,medium,^(?P<mon>.+?)\ screams\ in\ agony\.$,"message_pain(): all other monsters; monster hp% after hit in 21-35% (monster2.c:2811). Sent for any dam>0 that did not kill, from melee/missile/spell damage, even if monster unseen (name ""It"")",,M1
697,monster2.c,2813,<monster> writhes in agony.,monster.pain,self,medium,^(?P<mon>.+?)\ writhes\ in\ agony\.$,"message_pain(): all other monsters; monster hp% after hit in 11-20% (monster2.c:2813). Sent for any dam>0 that did not kill, from melee/missile/spell damage, even if monster unseen (name ""It"")",,M1
698,monster2.c,2815,<monster> cries out feebly.,monster.pain,self,medium,^(?P<mon>.+?)\ cries\ out\ feebly\.$,"message_pain(): all other monsters; monster hp% after hit in <=10% (monster2.c:2815). Sent for any dam>0 that did not kill, from melee/missile/spell damage, even if monster unseen (name ""It"")",,M1
750,spells1.c,374,Nothing happens.,escape.teleport_level.fail,self,high,^Nothing happens\.$,teleport_player_level(): ironman server (cfg_ironman) or player in arena; spells1.c:371-375,Deep Descent/teleport-level/nexus-6 has no effect; no level change follows. Same text as set_recall ironman refusal (spells2.c:1143) and generic fizzles.,M2
751,spells1.c,439,You sink through the floor.,escape.teleport_level,self,high,^You sink through the floor\.$,"teleport_player_level(): depth 0 (town) or 50% roll and not max depth/quest level -> new_depth=Depth+1; spells1.c:378-384,439","Level change follows. In town always ""sink"".",M2
751,spells1.c,439,You rise up through the ceiling.,escape.teleport_level,self,high,^You rise up through the ceiling\.$,"teleport_player_level(): dungeon, else-branch -> Depth-1; spells1.c:386-391,439",Level change follows.,M2
751,spells1.c,439,A gust of wind blows you north.,escape.teleport_level.wild,self,high,^A gust of wind blows you north\.$,"teleport_player_level() while in the wilderness (Depth<0): random neighbouring wilderness tile; spells1.c:396-431,439",Wilderness only; Pilot normally in dungeon.,M2
751,spells1.c,439,A gust of wind blows you east.,escape.teleport_level.wild,self,high,^A gust of wind blows you east\.$,"teleport_player_level() while in the wilderness (Depth<0): random neighbouring wilderness tile; spells1.c:396-431,439",Wilderness only; Pilot normally in dungeon.,M2
751,spells1.c,439,A gust of wind blows you south.,escape.teleport_level.wild,self,high,^A gust of wind blows you south\.$,"teleport_player_level() while in the wilderness (Depth<0): random neighbouring wilderness tile; spells1.c:396-431,439",Wilderness only; Pilot normally in dungeon.,M2
751,spells1.c,439,A gust of wind blows you west.,escape.teleport_level.wild,self,high,^A gust of wind blows you west\.$,"teleport_player_level() while in the wilderness (Depth<0): random neighbouring wilderness tile; spells1.c:396-431,439",Wilderness only; Pilot normally in dungeon.,M2
752,spells1.c,625,*** LOW HITPOINT WARNING! ***,danger.low_hp,self,high,^\*\*\* LOW HITPOINT WARNING! \*\*\*$,"take_hit(): player option ALERT_HITPOINT on, chp <= warning threshold and old_chp > warning (first crossing only); spells1.c:620-628","Fires once per crossing, only if the option is set; not a reliable signal (can be off). Followed by msg_print(NULL) (row 753).",M2
753,spells1.c,627,"(flush / -more- prompt, no text)",system.flush,self,none,^(?!)$,"msg_print(p_ptr,NULL) right after the low-HP warning; spells1.c:627","NULL msg = flush/ ""-more-"" hack; sends no visible text.",M2
754,spells1.c,892,<qty> <item> (<lbl>) <was|were> destroyed!,item.destroyed,self,medium,^(?P<qty>Your|One of your|Some of your|All of your) (?P<item>.+?) \((?P<lbl>.)\) (?:was|were) destroyed!$,"inven_damage(): elemental attack (acid/fire/cold/elec) destroys inventory items, per-item chance perc; skips artifacts; spells1.c:870-900","qty = ""Your"" (stack of 1), ""One of your"", ""Some of your"", ""All of your""; verb ""were"" if amt>1 else ""was"". o_name includes count. Attack itself is shown elsewhere (melee2.c/melee1.c).",M2
755,spells1.c,962,Your <item> is unaffected!,item.damage.acid.ignore,self,low,^Your (?P<item>.+?) is unaffected!$,minus_ac(): acid hits armour that has IGNORE_ACID; spells1.c:960-964,,M2
756,spells1.c,968,Your <item> is damaged!,item.damage.acid,self,medium,^Your (?P<item>.+?) is damaged!$,minus_ac(): acid reduces armour AC; spells1.c:968,AC loss (permanent).,M2
757,spells1.c,1352,Your <item> (<lbl>) resist(s) disenchantment!,resist.disenchant.item,self,low,^Your (?P<item>.+?) \((?P<lbl>.)\) resists? disenchantment!$,apply_disenchant(): artifact passes its 60% resist roll; spells1.c:1345-1353,"""resist"" if number!=1 else ""resists"".",M2
758,spells1.c,1379,Your <item> (<lbl>) <was|were> disenchanted!,item.disenchant,self,medium,^Your (?P<item>.+?) \((?P<lbl>.)\) (?:was|were) disenchanted!$,apply_disenchant(): to-hit/dam/ac reduced; spells1.c:1379,Only if item had a positive enchantment.,M2
759,spells1.c,1422,You resist the effects!,resist.nexus.save,self,medium,^You resist the effects!$,apply_nexus() case 6 (teleport level): saving throw randint0(100)<skill_sav; spells1.c:1420-1423,"Same text used by 760,763,765,839,843,850 - all are saving throws (different effects).",M2
760,spells1.c,1435,You resist the effects!,resist.nexus.save,self,medium,^You resist the effects!$,apply_nexus() case 7 (stat scramble): saving throw; spells1.c:1433-1436,,M2
761,spells1.c,1439,Your body starts to scramble...,stat.scramble,self,high,^Your body starts to scramble\.\.\.$,"apply_nexus() case 7, save failed: swaps two stats (max and cur); spells1.c:1439",Nexus-breath/spell effect. Stats swapped silently afterwards.,M2
762,spells1.c,1479,You resist the effects!,dead_code,self,none,^You resist the effects!$,apply_morph(): line is inside a comment /*case 1: ... */; spells1.c:1479,NOT SENT: commented out.,M2
763,spells1.c,1484,You resist the effects!,resist.morph.save,self,medium,^You resist the effects!$,apply_morph() case 1: randint0(40+power*2)<skill_sav; spells1.c:1483-1485,,M2
764,spells1.c,1488,Your body starts to scramble...,stat.scramble,self,high,^Your body starts to scramble\.\.\.$,"apply_morph() case 1, save failed; spells1.c:1488","Only player-cast polymorph (GF_OLD_POLY, PvP).",M2
765,spells1.c,1515,You resist the effects!,resist.morph.save,self,medium,^You resist the effects!$,"apply_morph() case 2, player not yet a fruit bat, save succeeded; spells1.c:1513-1516",,M2
766,spells1.c,1521,You have been turned into a fruit bat!,player.death.fruitbat,self,high,^You have been turned into a fruit bat!$,"apply_morph() case 2, save failed: sets fruit_bat=-1 and calls player_death(); spells1.c:1521-1525",Permanent-death-like (killed via died_from=killer). PvP only (see GF_OLD_POLY).,M2
767,spells1.c,1529,You have been restored!,player.restored,self,medium,^You have been restored!$,apply_morph() case 2 when already a fruit bat; spells1.c:1527-1531,,M2
768,spells1.c,1614,The tree burns to the ground!,terrain.tree_burn,self,low,^The tree burns to the ground\!$,"project_f() GF_FIRE on a tree grid the player can see, not quiet; spells1.c:1606-1616",,M2
769,spells1.c,1664,There is a bright flash of light!,terrain.trap_destroy,self,low,^There is a bright flash of light\!$,"project_f() GF_KILL_TRAP: trap/invisible-trap grid destroyed, seen by player, not quiet; spells1.c:1642-1665","Also used for KILL_DOOR (row 772). Two different effects, same text.",M2
770,spells1.c,1668,There is a bright flash of light!,terrain.trap_destroy,others,low,^There is a bright flash of light\!$,project_f() GF_KILL_TRAP: msg_print_near to other nearby players when a trap is destroyed; spells1.c:1668,,M2
771,spells1.c,1687,Click!,terrain.door_unlock,self,low,^Click\!$,"project_f() GF_KILL_TRAP: locked door unlocked, player in LOS; spells1.c:1673-1690",Same text as chest disarm (781).,M2
772,spells1.c,1710,There is a bright flash of light!,terrain.door_destroy,self,low,^There is a bright flash of light\!$,project_f() GF_KILL_DOOR: door/trap destroyed; spells1.c:1696-1712,,M2
773,spells1.c,1739,The wall turns into mud!,terrain.wall_mud,self,low,^The wall turns into mud\!$,"project_f() GF_KILL_WALL on granite, grid known (CAVE_MARK); spells1.c:1725-1741",Stone to Mud.,M2
774,spells1.c,1759,The vein turns into mud!,terrain.vein_mud,self,low,^The vein turns into mud\!$,"project_f() GF_KILL_WALL, magma/quartz with treasure; spells1.c:1752-1760","Followed by ""You have found something!"" (775). Note: this branch does not call cave_set_feat (vein with treasure left in place).",M2
775,spells1.c,1760,You have found something!,terrain.treasure_found,self,low,^You have found something\!$,"project_f() GF_KILL_WALL, treasure vein; spells1.c:1760",,M2
776,spells1.c,1783,The vein turns into mud!,terrain.vein_mud,self,low,^The vein turns into mud\!$,"project_f() GF_KILL_WALL, plain magma/quartz; spells1.c:1776-1785",,M2
777,spells1.c,1803,The rubble turns into mud!,terrain.rubble_mud,self,low,^The rubble turns into mud\!$,"project_f() GF_KILL_WALL, rubble; spells1.c:1796-1805",,M2
778,spells1.c,1822,There was something buried in the rubble!,terrain.rubble_object,self,low,^There was something buried in the rubble\!$,"project_f() GF_KILL_WALL rubble, 10% chance an object is placed and grid seen; spells1.c:1817-1823",,M2
779,spells1.c,1837,The door resists.,terrain.door_resist,self,low,^The door resists\.$,project_f() GF_KILL_WALL vs house door; spells1.c:1830-1839,,M2
780,spells1.c,1848,The door turns into mud!,terrain.door_mud,self,low,^The door turns into mud\!$,project_f() GF_KILL_WALL vs ordinary door/secret door; spells1.c:1842-1850,,M2
781,spells1.c,2190,Click!,terrain.chest_disarm,self,low,^Click\!$,"project_i() GF_KILL_TRAP on a trapped/locked chest on floor, visible; spells1.c:2178-2192",,M2
782,spells1.c,2217,The <item> is/are unaffected!,item.floor.resist,self,low,^The (?P<item>.+?) (?:is|are) unaffected!$,"project_i(): floor object hit by element but artifact or IGNORE_x, visible, not quiet; spells1.c:2211-2218","verb ""are"" if stack.",M2
783,spells1.c,2228,The <item> <melts!|burns up!|shatters!|is destroyed!|...>,item.floor.destroyed,self,low,^The (?P<item>.+?) (?P<note>melts?!|burns? up!|shatters?!|(?:is|are) destroyed!)$,"project_i(): visible floor object destroyed by acid/fire/cold/elec/shards etc.; note_kill strings at spells1.c:2059-2166: "" melt(s)!"", "" burn(s) up!"", "" shatter(s)!"", "" is/are destroyed!""; spells1.c:2224-2229","Floor items only, not pack (pack loss is 754).",M2
784,spells1.c,3405,<Monster><note>,monster.death.spell_by_monster,self,low,^(?P<mon>[A-Z].*?)(?P<note>(?: resists a lot\.| resists somewhat\.| resists\.| is immune\.| is unaffected!| spawns!| looks healthier\.| starts moving faster\.| starts moving slower\.| falls asleep!| cringes from the light!| shrivels away in the light!| loses some skin!| dissolves!| shudders\.| changes!| disappears!| is more dazed\.| is dazed\.| looks more confused\.| looks confused\.| dies\.| is destroyed\.))$,"project_m(): monster killed by ANOTHER monster's projection (who>0), note (death note e.g. "" dies."", "" is destroyed."", "" dissolves!"", "" shrivels away in the light!""); spells1.c:3382-3406",Monster-vs-monster kills seen by the player; not a player kill.,M2
785,spells1.c,3412,<Monster><note>,monster.effect.spell_by_monster,self,low,^(?P<mon>[A-Z].*?)(?P<note>(?: resists a lot\.| resists somewhat\.| resists\.| is immune\.| is unaffected!| spawns!| looks healthier\.| starts moving faster\.| starts moving slower\.| falls asleep!| cringes from the light!| shrivels away in the light!| loses some skin!| dissolves!| shudders\.| changes!| disappears!| is more dazed\.| is dazed\.| looks more confused\.| looks confused\.| dies\.| is destroyed\.))$,"project_m(): monster damaged (not killed) by another monster's projection, note set and monster seen; spells1.c:3408-3413","note list: "" resists a lot."", "" resists."", "" is immune."", "" shudders."", "" is unaffected!"" etc. (spells1.c:2423-3363).",M2
786,spells1.c,3437,<Monster><note>,monster.effect.player_spell,self,medium,^(?P<mon>[A-Z].*?)(?P<note>(?: resists a lot\.| resists somewhat\.| resists\.| is immune\.| is unaffected!| spawns!| looks healthier\.| starts moving faster\.| starts moving slower\.| falls asleep!| cringes from the light!| shrivels away in the light!| loses some skin!| dissolves!| shudders\.| changes!| disappears!| is more dazed\.| is dazed\.| looks more confused\.| looks confused\.| dies\.| is destroyed\.))$,project_m(): monster hit but not killed by the player's own bolt/ball/spell; note set and monster seen; spells1.c:3430-3438,"Tells whether wand/spell affected it: "" resists a lot."", "" resists somewhat."", "" resists."", "" is immune."", "" is unaffected!"", "" falls asleep!"", "" looks confused."", "" is dazed."", "" starts moving slower."", "" changes!"" (polymorph), "" disappears!"" (teleport away), "" looks healthier."" etc. Note strings at spells1.c:2423-3363.",M2
787,spells1.c,3449,<Monster> flees in terror!,monster.flee,self,medium,^(?P<mon>.+?) flees in terror!$,"project_m(): player hit monster, fear set (fear/do_fear), monster visible, not RF2_WANDERER; spells1.c:3441-3449",,M2
788,spells1.c,3617,You are hit by acid!,attack.unseen.hit.acid,self,high,^You\ are\ hit\ by\ acid\!$,project_p() GF_ACID: player is BLIND (fuzzy) and hit by a projected spell/breath from a monster or PvP; spells1.c:3617,"Only sent when blind; when the player can see, the attack is announced elsewhere (monster spell/breath message in melee2.c) and no text is sent here. Text does not identify most elements: ""something"" is GF_MISSILE/SOUND/CONFUSION/FORCE/LITE/DARK/MANA/METEOR/HOLY_ORB/PLASMA/WATER; ""something sharp"" is ARROW/SHARDS/ICE; ""something strange"" is NETHER/CHAOS/DISENCHANT/NEXUS/INERT/TIME/GRAVITY. Damage taken is applied silently; resist gives NO message.",M2
789,spells1.c,3623,You are hit by fire!,attack.unseen.hit.fire,self,high,^You\ are\ hit\ by\ fire\!$,project_p() GF_FIRE: player is BLIND (fuzzy) and hit by a projected spell/breath from a monster or PvP; spells1.c:3623,"Only sent when blind; when the player can see, the attack is announced elsewhere (monster spell/breath message in melee2.c) and no text is sent here. Text does not identify most elements: ""something"" is GF_MISSILE/SOUND/CONFUSION/FORCE/LITE/DARK/MANA/METEOR/HOLY_ORB/PLASMA/WATER; ""something sharp"" is ARROW/SHARDS/ICE; ""something strange"" is NETHER/CHAOS/DISENCHANT/NEXUS/INERT/TIME/GRAVITY. Damage taken is applied silently; resist gives NO message.",M2
790,spells1.c,3629,You are hit by cold!,attack.unseen.hit.cold,self,high,^You\ are\ hit\ by\ cold\!$,project_p() GF_COLD: player is BLIND (fuzzy) and hit by a projected spell/breath from a monster or PvP; spells1.c:3629,"Only sent when blind; when the player can see, the attack is announced elsewhere (monster spell/breath message in melee2.c) and no text is sent here. Text does not identify most elements: ""something"" is GF_MISSILE/SOUND/CONFUSION/FORCE/LITE/DARK/MANA/METEOR/HOLY_ORB/PLASMA/WATER; ""something sharp"" is ARROW/SHARDS/ICE; ""something strange"" is NETHER/CHAOS/DISENCHANT/NEXUS/INERT/TIME/GRAVITY. Damage taken is applied silently; resist gives NO message.",M2
791,spells1.c,3635,You are hit by lightning!,attack.unseen.hit.elec,self,high,^You\ are\ hit\ by\ lightning\!$,project_p() GF_ELEC: player is BLIND (fuzzy) and hit by a projected spell/breath from a monster or PvP; spells1.c:3635,"Only sent when blind; when the player can see, the attack is announced elsewhere (monster spell/breath message in melee2.c) and no text is sent here. Text does not identify most elements: ""something"" is GF_MISSILE/SOUND/CONFUSION/FORCE/LITE/DARK/MANA/METEOR/HOLY_ORB/PLASMA/WATER; ""something sharp"" is ARROW/SHARDS/ICE; ""something strange"" is NETHER/CHAOS/DISENCHANT/NEXUS/INERT/TIME/GRAVITY. Damage taken is applied silently; resist gives NO message.",M2
792,spells1.c,3641,You are hit by poison!,attack.unseen.hit.pois,self,high,^You\ are\ hit\ by\ poison\!$,project_p() GF_POIS: player is BLIND (fuzzy) and hit by a projected spell/breath from a monster or PvP; spells1.c:3641,"Only sent when blind; when the player can see, the attack is announced elsewhere (monster spell/breath message in melee2.c) and no text is sent here. Text does not identify most elements: ""something"" is GF_MISSILE/SOUND/CONFUSION/FORCE/LITE/DARK/MANA/METEOR/HOLY_ORB/PLASMA/WATER; ""something sharp"" is ARROW/SHARDS/ICE; ""something strange"" is NETHER/CHAOS/DISENCHANT/NEXUS/INERT/TIME/GRAVITY. Damage taken is applied silently; resist gives NO message.",M2
793,spells1.c,3653,You are hit by something!,attack.unseen.hit.missile,self,high,^You\ are\ hit\ by\ something\!$,project_p() GF_MISSILE: player is BLIND (fuzzy) and hit by a projected spell/breath from a monster or PvP; spells1.c:3653,"Only sent when blind; when the player can see, the attack is announced elsewhere (monster spell/breath message in melee2.c) and no text is sent here. Text does not identify most elements: ""something"" is GF_MISSILE/SOUND/CONFUSION/FORCE/LITE/DARK/MANA/METEOR/HOLY_ORB/PLASMA/WATER; ""something sharp"" is ARROW/SHARDS/ICE; ""something strange"" is NETHER/CHAOS/DISENCHANT/NEXUS/INERT/TIME/GRAVITY. Damage taken is applied silently; resist gives NO message.",M2
794,spells1.c,3659,You are hit by something!,attack.unseen.hit.holy_orb,self,high,^You\ are\ hit\ by\ something\!$,project_p() GF_HOLY_ORB: player is BLIND (fuzzy) and hit by a projected spell/breath from a monster or PvP; spells1.c:3659,"Only sent when blind; when the player can see, the attack is announced elsewhere (monster spell/breath message in melee2.c) and no text is sent here. Text does not identify most elements: ""something"" is GF_MISSILE/SOUND/CONFUSION/FORCE/LITE/DARK/MANA/METEOR/HOLY_ORB/PLASMA/WATER; ""something sharp"" is ARROW/SHARDS/ICE; ""something strange"" is NETHER/CHAOS/DISENCHANT/NEXUS/INERT/TIME/GRAVITY. Damage taken is applied silently; resist gives NO message.",M2
795,spells1.c,3666,You are hit by something sharp!,attack.unseen.hit.arrow,self,high,^You\ are\ hit\ by\ something\ sharp\!$,project_p() GF_ARROW: player is BLIND (fuzzy) and hit by a projected spell/breath from a monster or PvP; spells1.c:3666,"Only sent when blind; when the player can see, the attack is announced elsewhere (monster spell/breath message in melee2.c) and no text is sent here. Text does not identify most elements: ""something"" is GF_MISSILE/SOUND/CONFUSION/FORCE/LITE/DARK/MANA/METEOR/HOLY_ORB/PLASMA/WATER; ""something sharp"" is ARROW/SHARDS/ICE; ""something strange"" is NETHER/CHAOS/DISENCHANT/NEXUS/INERT/TIME/GRAVITY. Damage taken is applied silently; resist gives NO message.",M2
796,spells1.c,3672,You are hit by something!,attack.unseen.hit.plasma,self,high,^You\ are\ hit\ by\ something\!$,project_p() GF_PLASMA: player is BLIND (fuzzy) and hit by a projected spell/breath from a monster or PvP; spells1.c:3672,"Only sent when blind; when the player can see, the attack is announced elsewhere (monster spell/breath message in melee2.c) and no text is sent here. Text does not identify most elements: ""something"" is GF_MISSILE/SOUND/CONFUSION/FORCE/LITE/DARK/MANA/METEOR/HOLY_ORB/PLASMA/WATER; ""something sharp"" is ARROW/SHARDS/ICE; ""something strange"" is NETHER/CHAOS/DISENCHANT/NEXUS/INERT/TIME/GRAVITY. Damage taken is applied silently; resist gives NO message.",M2
797,spells1.c,3683,You are hit by something strange!,attack.unseen.hit.nether,self,high,^You\ are\ hit\ by\ something\ strange\!$,project_p() GF_NETHER: player is BLIND (fuzzy) and hit by a projected spell/breath from a monster or PvP; spells1.c:3683,"Only sent when blind; when the player can see, the attack is announced elsewhere (monster spell/breath message in melee2.c) and no text is sent here. Text does not identify most elements: ""something"" is GF_MISSILE/SOUND/CONFUSION/FORCE/LITE/DARK/MANA/METEOR/HOLY_ORB/PLASMA/WATER; ""something sharp"" is ARROW/SHARDS/ICE; ""something strange"" is NETHER/CHAOS/DISENCHANT/NEXUS/INERT/TIME/GRAVITY. Damage taken is applied silently; resist gives NO message.",M2
798,spells1.c,3692,You keep hold of your life force!,resist.exp_drain,self,high,^You keep hold of your life force!$,project_p() GF_NETHER: player has hold_life and randint0(100)<75; spells1.c:3692,GF_NETHER (798) / GF_CHAOS (803). Experience NOT lost. Chaos also sets confusion/hallucination separately.,M2
799,spells1.c,3696,You feel your life slipping away!,exp.drain.small,self,high,^You feel your life slipping away!$,project_p() GF_NETHER: hold_life but 25% roll failed: lose_exp(200+... nether / 500+... chaos); spells1.c:3696,Lose exp even with hold life.,M2
800,spells1.c,3701,You feel your life draining away!,exp.drain,self,high,^You feel your life draining away!$,project_p() GF_NETHER: no hold_life (and no resist_neth for chaos/nether): lose_exp(200+exp/100*... nether; 5000+... chaos); spells1.c:3701,Sent whether or not player is blind (not conditioned on fuzzy).,M2
801,spells1.c,3710,You are hit by something!,attack.unseen.hit.water,self,high,^You\ are\ hit\ by\ something\!$,project_p() GF_WATER: player is BLIND (fuzzy) and hit by a projected spell/breath from a monster or PvP; spells1.c:3710,"Only sent when blind; when the player can see, the attack is announced elsewhere (monster spell/breath message in melee2.c) and no text is sent here. Text does not identify most elements: ""something"" is GF_MISSILE/SOUND/CONFUSION/FORCE/LITE/DARK/MANA/METEOR/HOLY_ORB/PLASMA/WATER; ""something sharp"" is ARROW/SHARDS/ICE; ""something strange"" is NETHER/CHAOS/DISENCHANT/NEXUS/INERT/TIME/GRAVITY. Damage taken is applied silently; resist gives NO message.",M2
802,spells1.c,3724,You are hit by something strange!,attack.unseen.hit.chaos,self,high,^You\ are\ hit\ by\ something\ strange\!$,project_p() GF_CHAOS: player is BLIND (fuzzy) and hit by a projected spell/breath from a monster or PvP; spells1.c:3724,"Only sent when blind; when the player can see, the attack is announced elsewhere (monster spell/breath message in melee2.c) and no text is sent here. Text does not identify most elements: ""something"" is GF_MISSILE/SOUND/CONFUSION/FORCE/LITE/DARK/MANA/METEOR/HOLY_ORB/PLASMA/WATER; ""something sharp"" is ARROW/SHARDS/ICE; ""something strange"" is NETHER/CHAOS/DISENCHANT/NEXUS/INERT/TIME/GRAVITY. Damage taken is applied silently; resist gives NO message.",M2
803,spells1.c,3741,You keep hold of your life force!,resist.exp_drain,self,high,^You keep hold of your life force!$,project_p() GF_CHAOS: player has hold_life and randint0(100)<75; spells1.c:3741,GF_NETHER (798) / GF_CHAOS (803). Experience NOT lost. Chaos also sets confusion/hallucination separately.,M2
804,spells1.c,3745,You feel your life slipping away!,exp.drain.small,self,high,^You feel your life slipping away!$,project_p() GF_CHAOS: hold_life but 25% roll failed: lose_exp(200+... nether / 500+... chaos); spells1.c:3745,Lose exp even with hold life.,M2
805,spells1.c,3750,You feel your life draining away!,exp.drain,self,high,^You feel your life draining away!$,project_p() GF_CHAOS: no hold_life (and no resist_neth for chaos/nether): lose_exp(200+exp/100*... nether; 5000+... chaos); spells1.c:3750,Sent whether or not player is blind (not conditioned on fuzzy).,M2
806,spells1.c,3759,You are hit by something sharp!,attack.unseen.hit.shards,self,high,^You\ are\ hit\ by\ something\ sharp\!$,project_p() GF_SHARDS: player is BLIND (fuzzy) and hit by a projected spell/breath from a monster or PvP; spells1.c:3759,"Only sent when blind; when the player can see, the attack is announced elsewhere (monster spell/breath message in melee2.c) and no text is sent here. Text does not identify most elements: ""something"" is GF_MISSILE/SOUND/CONFUSION/FORCE/LITE/DARK/MANA/METEOR/HOLY_ORB/PLASMA/WATER; ""something sharp"" is ARROW/SHARDS/ICE; ""something strange"" is NETHER/CHAOS/DISENCHANT/NEXUS/INERT/TIME/GRAVITY. Damage taken is applied silently; resist gives NO message.",M2
807,spells1.c,3773,You are hit by something!,attack.unseen.hit.sound,self,high,^You\ are\ hit\ by\ something\!$,project_p() GF_SOUND: player is BLIND (fuzzy) and hit by a projected spell/breath from a monster or PvP; spells1.c:3773,"Only sent when blind; when the player can see, the attack is announced elsewhere (monster spell/breath message in melee2.c) and no text is sent here. Text does not identify most elements: ""something"" is GF_MISSILE/SOUND/CONFUSION/FORCE/LITE/DARK/MANA/METEOR/HOLY_ORB/PLASMA/WATER; ""something sharp"" is ARROW/SHARDS/ICE; ""something strange"" is NETHER/CHAOS/DISENCHANT/NEXUS/INERT/TIME/GRAVITY. Damage taken is applied silently; resist gives NO message.",M2
808,spells1.c,3788,You are hit by something!,attack.unseen.hit.confusion,self,high,^You\ are\ hit\ by\ something\!$,project_p() GF_CONFUSION: player is BLIND (fuzzy) and hit by a projected spell/breath from a monster or PvP; spells1.c:3788,"Only sent when blind; when the player can see, the attack is announced elsewhere (monster spell/breath message in melee2.c) and no text is sent here. Text does not identify most elements: ""something"" is GF_MISSILE/SOUND/CONFUSION/FORCE/LITE/DARK/MANA/METEOR/HOLY_ORB/PLASMA/WATER; ""something sharp"" is ARROW/SHARDS/ICE; ""something strange"" is NETHER/CHAOS/DISENCHANT/NEXUS/INERT/TIME/GRAVITY. Damage taken is applied silently; resist gives NO message.",M2
809,spells1.c,3802,You are hit by something strange!,attack.unseen.hit.disenchant,self,high,^You\ are\ hit\ by\ something\ strange\!$,project_p() GF_DISENCHANT: player is BLIND (fuzzy) and hit by a projected spell/breath from a monster or PvP; spells1.c:3802,"Only sent when blind; when the player can see, the attack is announced elsewhere (monster spell/breath message in melee2.c) and no text is sent here. Text does not identify most elements: ""something"" is GF_MISSILE/SOUND/CONFUSION/FORCE/LITE/DARK/MANA/METEOR/HOLY_ORB/PLASMA/WATER; ""something sharp"" is ARROW/SHARDS/ICE; ""something strange"" is NETHER/CHAOS/DISENCHANT/NEXUS/INERT/TIME/GRAVITY. Damage taken is applied silently; resist gives NO message.",M2
810,spells1.c,3816,You are hit by something strange!,attack.unseen.hit.nexus,self,high,^You\ are\ hit\ by\ something\ strange\!$,project_p() GF_NEXUS: player is BLIND (fuzzy) and hit by a projected spell/breath from a monster or PvP; spells1.c:3816,"Only sent when blind; when the player can see, the attack is announced elsewhere (monster spell/breath message in melee2.c) and no text is sent here. Text does not identify most elements: ""something"" is GF_MISSILE/SOUND/CONFUSION/FORCE/LITE/DARK/MANA/METEOR/HOLY_ORB/PLASMA/WATER; ""something sharp"" is ARROW/SHARDS/ICE; ""something strange"" is NETHER/CHAOS/DISENCHANT/NEXUS/INERT/TIME/GRAVITY. Damage taken is applied silently; resist gives NO message.",M2
811,spells1.c,3830,You are hit by something!,attack.unseen.hit.force,self,high,^You\ are\ hit\ by\ something\!$,project_p() GF_FORCE: player is BLIND (fuzzy) and hit by a projected spell/breath from a monster or PvP; spells1.c:3830,"Only sent when blind; when the player can see, the attack is announced elsewhere (monster spell/breath message in melee2.c) and no text is sent here. Text does not identify most elements: ""something"" is GF_MISSILE/SOUND/CONFUSION/FORCE/LITE/DARK/MANA/METEOR/HOLY_ORB/PLASMA/WATER; ""something sharp"" is ARROW/SHARDS/ICE; ""something strange"" is NETHER/CHAOS/DISENCHANT/NEXUS/INERT/TIME/GRAVITY. Damage taken is applied silently; resist gives NO message.",M2
812,spells1.c,3840,You are hit by something strange!,attack.unseen.hit.inert,self,high,^You\ are\ hit\ by\ something\ strange\!$,project_p() GF_INERT: player is BLIND (fuzzy) and hit by a projected spell/breath from a monster or PvP; spells1.c:3840,"Only sent when blind; when the player can see, the attack is announced elsewhere (monster spell/breath message in melee2.c) and no text is sent here. Text does not identify most elements: ""something"" is GF_MISSILE/SOUND/CONFUSION/FORCE/LITE/DARK/MANA/METEOR/HOLY_ORB/PLASMA/WATER; ""something sharp"" is ARROW/SHARDS/ICE; ""something strange"" is NETHER/CHAOS/DISENCHANT/NEXUS/INERT/TIME/GRAVITY. Damage taken is applied silently; resist gives NO message.",M2
813,spells1.c,3847,You are hit by something!,attack.unseen.hit.lite,self,high,^You\ are\ hit\ by\ something\!$,project_p() GF_LITE: player is BLIND (fuzzy) and hit by a projected spell/breath from a monster or PvP; spells1.c:3847,"Only sent when blind; when the player can see, the attack is announced elsewhere (monster spell/breath message in melee2.c) and no text is sent here. Text does not identify most elements: ""something"" is GF_MISSILE/SOUND/CONFUSION/FORCE/LITE/DARK/MANA/METEOR/HOLY_ORB/PLASMA/WATER; ""something sharp"" is ARROW/SHARDS/ICE; ""something strange"" is NETHER/CHAOS/DISENCHANT/NEXUS/INERT/TIME/GRAVITY. Damage taken is applied silently; resist gives NO message.",M2
814,spells1.c,3861,You are hit by something!,attack.unseen.hit.dark,self,high,^You\ are\ hit\ by\ something\!$,project_p() GF_DARK: player is BLIND (fuzzy) and hit by a projected spell/breath from a monster or PvP; spells1.c:3861,"Only sent when blind; when the player can see, the attack is announced elsewhere (monster spell/breath message in melee2.c) and no text is sent here. Text does not identify most elements: ""something"" is GF_MISSILE/SOUND/CONFUSION/FORCE/LITE/DARK/MANA/METEOR/HOLY_ORB/PLASMA/WATER; ""something sharp"" is ARROW/SHARDS/ICE; ""something strange"" is NETHER/CHAOS/DISENCHANT/NEXUS/INERT/TIME/GRAVITY. Damage taken is applied silently; resist gives NO message.",M2
815,spells1.c,3875,You are hit by something strange!,attack.unseen.hit.time,self,high,^You\ are\ hit\ by\ something\ strange\!$,project_p() GF_TIME: player is BLIND (fuzzy) and hit by a projected spell/breath from a monster or PvP; spells1.c:3875,"Only sent when blind; when the player can see, the attack is announced elsewhere (monster spell/breath message in melee2.c) and no text is sent here. Text does not identify most elements: ""something"" is GF_MISSILE/SOUND/CONFUSION/FORCE/LITE/DARK/MANA/METEOR/HOLY_ORB/PLASMA/WATER; ""something sharp"" is ARROW/SHARDS/ICE; ""something strange"" is NETHER/CHAOS/DISENCHANT/NEXUS/INERT/TIME/GRAVITY. Damage taken is applied silently; resist gives NO message.",M2
816,spells1.c,3879,You feel life has clocked back.,exp.drain.time,self,high,^You feel life has clocked back\.$,project_p() GF_TIME randint1(10)<=5: lose_exp(100+exp/100*...); spells1.c:3877-3881,Time attack effect.,M2
817,spells1.c,3895,You're not as <adj> as you used to be...,stat.drain.time,self,high,^You're not as (?P<adj>strong|bright|wise|agile|hale|beautiful) as you used to be\.\.\.$,project_p() GF_TIME randint1(10) in 6-9: one stat cur *=3/4 (min 3); adj by stat: strong(STR) bright(INT) wise(WIS) agile(DEX) hale(CON) beautiful(CHR); spells1.c:3883-3897,"Different vocabulary from do_dec_stat (""You feel very weak."") and not blockable by sustain. Regex covers all six.",M2
818,spells1.c,3904,You're not as powerful as you used to be...,stat.drain.all,self,high,^You're not as powerful as you used to be\.\.\.$,project_p() GF_TIME randint1(10)==10: all six stats cur *=3/4; spells1.c:3899-3908,,M2
819,spells1.c,3919,You are hit by something strange!,attack.unseen.hit.gravity,self,high,^You\ are\ hit\ by\ something\ strange\!$,project_p() GF_GRAVITY: player is BLIND (fuzzy) and hit by a projected spell/breath from a monster or PvP; spells1.c:3919,"Only sent when blind; when the player can see, the attack is announced elsewhere (monster spell/breath message in melee2.c) and no text is sent here. Text does not identify most elements: ""something"" is GF_MISSILE/SOUND/CONFUSION/FORCE/LITE/DARK/MANA/METEOR/HOLY_ORB/PLASMA/WATER; ""something sharp"" is ARROW/SHARDS/ICE; ""something strange"" is NETHER/CHAOS/DISENCHANT/NEXUS/INERT/TIME/GRAVITY. Damage taken is applied silently; resist gives NO message.",M2
820,spells1.c,3920,Gravity warps around you.,attack.gravity,self,high,^Gravity warps around you\.$,"project_p() GF_GRAVITY, always sent (not conditional on blind); then maybe teleport 5, slow, stun; spells1.c:3920","Gravity breath: expect slow, stun and short teleport to follow.",M2
821,spells1.c,3936,You are hit by something!,attack.unseen.hit.mana,self,high,^You\ are\ hit\ by\ something\!$,project_p() GF_MANA: player is BLIND (fuzzy) and hit by a projected spell/breath from a monster or PvP; spells1.c:3936,"Only sent when blind; when the player can see, the attack is announced elsewhere (monster spell/breath message in melee2.c) and no text is sent here. Text does not identify most elements: ""something"" is GF_MISSILE/SOUND/CONFUSION/FORCE/LITE/DARK/MANA/METEOR/HOLY_ORB/PLASMA/WATER; ""something sharp"" is ARROW/SHARDS/ICE; ""something strange"" is NETHER/CHAOS/DISENCHANT/NEXUS/INERT/TIME/GRAVITY. Damage taken is applied silently; resist gives NO message.",M2
822,spells1.c,3942,You are hit by something!,attack.unseen.hit.meteor,self,high,^You\ are\ hit\ by\ something\!$,project_p() GF_METEOR: player is BLIND (fuzzy) and hit by a projected spell/breath from a monster or PvP; spells1.c:3942,"Only sent when blind; when the player can see, the attack is announced elsewhere (monster spell/breath message in melee2.c) and no text is sent here. Text does not identify most elements: ""something"" is GF_MISSILE/SOUND/CONFUSION/FORCE/LITE/DARK/MANA/METEOR/HOLY_ORB/PLASMA/WATER; ""something sharp"" is ARROW/SHARDS/ICE; ""something strange"" is NETHER/CHAOS/DISENCHANT/NEXUS/INERT/TIME/GRAVITY. Damage taken is applied silently; resist gives NO message.",M2
823,spells1.c,3948,You are hit by something sharp!,attack.unseen.hit.ice,self,high,^You\ are\ hit\ by\ something\ sharp\!$,project_p() GF_ICE: player is BLIND (fuzzy) and hit by a projected spell/breath from a monster or PvP; spells1.c:3948,"Only sent when blind; when the player can see, the attack is announced elsewhere (monster spell/breath message in melee2.c) and no text is sent here. Text does not identify most elements: ""something"" is GF_MISSILE/SOUND/CONFUSION/FORCE/LITE/DARK/MANA/METEOR/HOLY_ORB/PLASMA/WATER; ""something sharp"" is ARROW/SHARDS/ICE; ""something strange"" is NETHER/CHAOS/DISENCHANT/NEXUS/INERT/TIME/GRAVITY. Damage taken is applied silently; resist gives NO message.",M2
824,spells1.c,3962,You feel you are somewhere else.,escape.teleport.by_monster,self,high,^You feel you are somewhere else\.$,"project_p() GF_AWAY_ALL, player blind (fuzzy); then teleport_player(200); spells1.c:3960-3964",Teleport-away spell (PvP or monster GF_AWAY_ALL).,M2
825,spells1.c,3963,<killer> teleports you away.,escape.teleport.by_monster,self,high,^(?P<killer>.+?) teleports you away\.$,"project_p() GF_AWAY_ALL, player can see; spells1.c:3963",,M2
826,spells1.c,3970,You are hit by something good!,pvp.heal_received,self,low,^You are hit by something good\!$,"project_p() GF_HEAL_PLAYER, blind; spells1.c:3970",MAngband-specific: another player heals you.,M2
827,spells1.c,3971,<killer> heals you!,pvp.heal_received,self,low,^(?P<killer>.+?) heals you!$,"project_p() GF_HEAL_PLAYER, seeing; spells1.c:3971",,M2
828,spells1.c,3982,You are hit by something good!,pvp.spell_received,self,low,^You are hit by something good\!$,"project_p() GF_PROJECT_SPELL, blind; spells1.c:3982",,M2
829,spells1.c,3983,<killer> does something to you!,pvp.spell_received,self,low,^(?P<killer>.+?) does something to you!$,project_p() GF_PROJECT_SPELL; spells1.c:3983,,M2
830,spells1.c,3993,You are hit by something good!,pvp.prayer_received,self,low,^You are hit by something good\!$,"project_p() GF_PROJECT_PRAYER, blind; spells1.c:3993",,M2
831,spells1.c,3994,<killer> prays on your behalf!,pvp.prayer_received,self,low,^(?P<killer>.+?) prays on your behalf!$,project_p() GF_PROJECT_PRAYER; spells1.c:3994,,M2
832,spells1.c,4003,You hear puzzling noises!,attack.unseen.confuse,self,high,^You hear puzzling noises\!$,"project_p() GF_OLD_CONF (player-cast Confuse spell only, x-spell.c:1383), blind; spells1.c:4003","GF_OLD_* are cast by PLAYERS, not monsters (no use in melee2.c): PvP.",M2
833,spells1.c,4004,<killer> creates a mesmerising illusion!,attack.spell.confuse,self,high,^(?P<killer>.+?) creates a mesmerising illusion!$,"project_p() GF_OLD_CONF, seeing; spells1.c:4004",PvP only.,M2
834,spells1.c,4008,You disbelieve the feeble spell.,resist.confuse,self,high,^You disbelieve the feeble spell\.$,"project_p() GF_OLD_CONF, player has resist_conf; spells1.c:4006-4008",No status follows.,M2
835,spells1.c,4012,You disbelieve the feeble spell.,resist.confuse.save,self,high,^You disbelieve the feeble spell\.$,"project_p() GF_OLD_CONF, saving throw randint0(100+dam*6)<skill_sav; spells1.c:4010-4012",Identical text to 834 (resist vs save).,M2
836,spells1.c,4020,Something drains power from your muscles!,attack.unseen.slow,self,high,^Something drains power from your muscles\!$,"project_p() GF_OLD_SLOW, blind; spells1.c:4020",PvP.,M2
837,spells1.c,4021,<killer> drains power from your muscles!,attack.spell.slow,self,high,^(?P<killer>.+?) drains power from your muscles!$,project_p() GF_OLD_SLOW; spells1.c:4021,PvP.,M2
838,spells1.c,4025,You are unaffected!,resist.slow.free_act,self,high,^You are unaffected\!$,"project_p() GF_OLD_SLOW / OLD_SLEEP, player has free_act; spells1.c:4023-4025 and 4040-4042 (row 842)",Same text as 842.,M2
839,spells1.c,4029,You resist the effects!,resist.slow.save,self,high,^You resist the effects\!$,"project_p() GF_OLD_SLOW, saving throw; spells1.c:4027-4029",,M2
840,spells1.c,4037,Something makes you very sleepy!,attack.unseen.sleep,self,high,^Something makes you very sleepy\!$,"project_p() GF_OLD_SLEEP, blind; spells1.c:4037",PvP.,M2
841,spells1.c,4038,<killer> makes you very sleepy!,attack.spell.sleep,self,high,^(?P<killer>.+?) makes you very sleepy!$,project_p() GF_OLD_SLEEP; spells1.c:4038,PvP.,M2
842,spells1.c,4042,You are unaffected!,resist.sleep.free_act,self,high,^You are unaffected\!$,"project_p() GF_OLD_SLEEP, free_act; spells1.c:4040-4042",,M2
843,spells1.c,4046,You resist the effects!,resist.sleep.save,self,high,^You resist the effects\!$,"project_p() GF_OLD_SLEEP, saving throw; spells1.c:4044-4046","On failure set_paralyzed() runs: ""You are paralyzed!"".",M2
844,spells1.c,4054,"Something mumbles, and you hear scary noises!",attack.unseen.scare,self,high,"^Something mumbles\, and you hear scary noises\!$","project_p() GF_TURN_ALL, blind; spells1.c:4054",PvP.,M2
845,spells1.c,4055,<killer> casts a fearful illusion!,attack.spell.scare,self,high,^(?P<killer>.+?) casts a fearful illusion!$,project_p() GF_TURN_ALL; spells1.c:4055,PvP.,M2
846,spells1.c,4059,You refuse to be frightened.,resist.fear,self,high,^You refuse to be frightened\.$,"project_p() GF_TURN_ALL, resist_fear; spells1.c:4057-4059",,M2
847,spells1.c,4063,You refuse to be frightened.,resist.fear.save,self,high,^You refuse to be frightened\.$,"project_p() GF_TURN_ALL, save; spells1.c:4061-4063",Same text as 846.,M2
848,spells1.c,4074,You feel bizzare!,attack.unseen.polymorph,self,high,^You feel bizzare\!$,"project_p() GF_OLD_POLY, blind; spells1.c:4074","(sic ""bizzare""). PvP.",M2
849,spells1.c,4075,<killer> polymorphs you!,attack.spell.polymorph,self,high,^(?P<killer>.+?) polymorphs you!$,project_p() GF_OLD_POLY; spells1.c:4075,PvP; can lead to fruit-bat death (766).,M2
850,spells1.c,4078,You resist the effects!,resist.polymorph,self,high,^You resist the effects\!$,project_p() GF_OLD_POLY with resist_nexus; spells1.c:4076-4078,,M2
851,spells2.c,128,You feel a little better.,heal.small,self,high,^You feel a little better\.$,"hp_player(): chp<mhp before healing and num/5 == 0, i.e. heal amount < 5; spells2.c:96-128","Only sent if the player was below max HP. Amount thresholds (num=amount/5): <3 -> ""a little better"" (0) / ""better"" (1-2); <7 -> ""much better""; else ""very good"". Confirms a healing potion/spell worked (postmortem section 1).",M2
852,spells2.c,132,You feel better.,heal.medium,self,high,^You feel better\.$,hp_player(): num/5 in 1..2 (heal 5-14); spells2.c:130-132,,M2
853,spells2.c,139,You feel much better.,heal.large,self,high,^You feel much better\.$,hp_player(): num/5 in 3..6 (heal 15-34); spells2.c:136-139,,M2
854,spells2.c,143,You feel very good.,heal.huge,self,high,^You feel very good\.$,hp_player(): num/5 >= 7 (heal >= 35); spells2.c:141-143,No message at all if HP already full (hp_player returns FALSE).,M2
855,spells2.c,209,The very soil of the Town prevents you.,spell.fail.town,self,low,^The very soil of the Town prevents you\.$,warding_glyph(): in town; spells2.c:205-210,,M2
856,spells2.c,217,The object resists the spell.,spell.fail.grid,self,low,^The object resists the spell\.$,warding_glyph(): grid not clean (object/feature); spells2.c:213-218,Same text as stair_creation (878).,M2
857,spells2.c,227,The floor of the house resists your spell.,spell.fail.house,self,low,^The floor of the house resists your spell\.$,warding_glyph(): inside a house in wilderness; spells2.c:224-228,,M2
858,spells2.c,290,"You feel <weak|stupid|naive|clumsy|sickly|ugly> for a moment, but the feeling passes.",stat.sustain,self,high,"^You feel (?P<adj>weak|stupid|naive|clumsy|sickly|ugly) for a moment, but the feeling passes\.$",do_dec_stat(): a drain was attempted and the player has the sustain for that stat; spells2.c:271-292; adj from desc_stat_neg[] = weak(STR) stupid(INT) naive(WIS) clumsy(DEX) sickly(CON) ugly(CHR),"SUSTAINED: stat not lost. Brief's example said ""...for a moment, but it passes.""; actual text ends ""but the feeling passes."".",M2
859,spells2.c,301,You feel very <weak|stupid|naive|clumsy|sickly|ugly>.,stat.drain,self,high,^You feel very (?P<adj>weak|stupid|naive|clumsy|sickly|ugly)\.$,"do_dec_stat(): dec_stat(stat,10,FALSE) succeeded (stat actually reduced); spells2.c:296-303","STAT DRAINED. If the stat is already at minimum dec_stat fails and NO message is sent (do_dec_stat returns FALSE). Same adj map as 858: weak=STR, stupid=INT, naive=WIS, clumsy=DEX, sickly=CON, ugly=CHR. Also used for potions of Ruination, traps (cmd1.c), etc.",M2
860,spells2.c,322,You feel less <weak|stupid|naive|clumsy|sickly|ugly>.,stat.restore,self,high,^You feel less (?P<adj>weak|stupid|naive|clumsy|sickly|ugly)\.$,do_res_stat(): res_stat() restored a drained stat (restore potion/level-up effect); spells2.c:315-324,Sent only if the stat was actually below max. Same text as 862 (restore inside do_inc_stat).,M2
861,spells2.c,347,Wow!  You feel very <strong|smart|wise|dextrous|healthy|cute>!,stat.gain,self,medium,^Wow!  You feel very (?P<adj>strong|smart|wise|dextrous|healthy|cute)!$,do_inc_stat(): inc_stat() succeeded (potion of Strength etc.); spells2.c:338-349; adj from desc_stat_pos[] = strong smart wise dextrous healthy cute,"Two spaces after ""Wow!"".",M2
862,spells2.c,357,You feel less <weak|stupid|naive|clumsy|sickly|ugly>.,stat.restore,self,high,^You feel less (?P<adj>weak|stupid|naive|clumsy|sickly|ugly)\.$,do_inc_stat(): stat could not be increased but res_stat() restored it; spells2.c:352-359,Identical to 860.,M2
863,spells2.c,491,You feel your life energies returning.,exp.restore,self,medium,^You feel your life energies returning\.$,"restore_level(): exp < max_exp, restores exp; spells2.c:485-492",,M2
864,spells2.c,1143,Nothing happens.,escape.recall.fail,self,high,^Nothing happens\.$,set_recall(): cfg_ironman and not total_winner; spells2.c:1140-1144,Recall scroll/rod does nothing on ironman server. Same text as 750.,M2
865,spells2.c,1192,The air about you becomes charged...,escape.recall_start,self,high,^The air about you becomes charged\.\.\.$,"set_recall(): word_recall was 0, now set to 15+randint0(20) player turns; spells2.c:1146-1193",Recall activation takes 15-34 game turns at normal speed. Escape verification for Word of Recall. Same text emitted by DM (row 1348).,M2
866,spells2.c,1193,The air about <name> becomes charged...,escape.recall_start,others,low,^The air about (?P<name>.+?) becomes charged\.\.\.$,set_recall(): msg_format_complex_near MSG_PY_MISC to others in view; spells2.c:1193,,M2
867,spells2.c,1198,A tension leaves the air around you...,escape.recall_cancel,self,high,^A tension leaves the air around you\.\.\.$,set_recall(): word_recall already active -> cancelled (reading a second scroll CANCELS recall!); spells2.c:1195-1198,DANGER for Pilot: a second read cancels the first.,M2
868,spells2.c,1199,A tension leaves the air around <name>...,escape.recall_cancel,others,low,^A tension leaves the air around (?P<name>.+?)\.\.\.$,set_recall(): others; spells2.c:1199,,M2
869,spells2.c,1388,You sense the presence of buried treasure!,detect.treasure,self,low,^You sense the presence of buried treasure\!$,detect_treasure(): something detected; spells2.c:1383-1388,"Also sends ""<name> senses the presence of buried treasure!"" to party members near (party_msg_format_near, not in this CSV).",M2
870,spells2.c,1609,You sense the presence of invisible creatures!,detect.invisible,self,medium,^You sense the presence of invisible creatures\!$,detect_invisible(): at least one detected; spells2.c:1605-1610,"followed by msg_print(NULL) flush (871). Others in party see ""<name> senses the presence of invisible creatures!"" (party_msg_format_near, spells2.c:1608).",M2
871,spells2.c,1610,"(flush, no text)",system.flush,self,none,^(?!)$,"msg_print(p_ptr,NULL) after detect message; spells2.c:1610",,M2
872,spells2.c,1692,You sense the presence of evil creatures!,detect.evil,self,medium,^You sense the presence of evil creatures\!$,detect_evil(): evil monster found; spells2.c:1692,,M2
873,spells2.c,1693,"(flush, no text)",system.flush,self,none,^(?!)$,spells2.c:1693,,M2
874,spells2.c,1801,You sense the presence of creatures!,detect.creatures,self,medium,^You sense the presence of creatures\!$,detect_creatures(): monsters found; spells2.c:1801,Same text as 876.,M2
875,spells2.c,1802,"(flush, no text)",system.flush,self,none,^(?!)$,spells2.c:1802,,M2
876,spells2.c,1842,You sense the presence of creatures!,detect.creatures,self,medium,^You sense the presence of creatures\!$,detection() (Detection/Clairvoyance combo): monsters found; spells2.c:1842,,M2
877,spells2.c,1843,"(flush, no text)",system.flush,self,none,^(?!)$,spells2.c:1843,,M2
878,spells2.c,2097,The object resists the spell.,spell.fail.grid,self,low,^The object resists the spell\.$,stair_creation(): grid not valid (perma/artifact/house); spells2.c:2092-2098,Nothing appears. Same text as 856.,M2
879,spells2.c,2205,"A terrible black aura tries to surround your armor, but your <item> resists the effects!",curse.armor.resisted,self,medium,"^A terrible black aura tries to surround your armor, but your (?P<item>.+?) resists the effects!$",curse_armor(): artifact body armour passes 50% save; spells2.c:2200-2206,,M2
880,spells2.c,2213,A terrible black aura blasts your <item>!,curse.armor,self,medium,^A terrible black aura blasts your (?P<item>.+?)!$,curse_armor(): not artifact or failed save; armour is cursed/ruined; spells2.c:2213,,M2
881,spells2.c,2276,"A terrible black aura tries to surround your weapon, but your <item> resists the effects!",curse.weapon.resisted,self,medium,"^A terrible black aura tries to surround your weapon, but your (?P<item>.+?) resists the effects!$",curse_weapon(): artifact save; spells2.c:2276,,M2
882,spells2.c,2284,A terrible black aura blasts your <item>!,curse.weapon,self,medium,^A terrible black aura blasts your (?P<item>.+?)!$,curse_weapon(): weapon cursed; spells2.c:2284,Same text as 880 (armour vs weapon).,M2
883,spells2.c,2361,A <flaming|frosty|sickly|...> aura surrounds the <item>.,item.brand,self,low,^A (?P<act>\w+) aura surrounds the (?P<item>.+?)\.$,brand_object()/brand_ammo(): brand succeeded; act by ego brand; spells2.c:2361,,M2
884,spells2.c,2375,The Branding failed.,item.brand.fail,self,low,^The Branding failed\.$,brand_object(): failed; spells2.c:2375,,M2
885,spells2.c,2425,There's nothing on the floor.,item.use.nothing_floor,self,low,^There's nothing on the floor\.$,brand_ammo(): no floor object; spells2.c:2425,"Same text used in 890,892,896,900.",M2
886,spells2.c,2432,You cannot brand that!,item.use.invalid_target,self,low,^You cannot brand that\!$,brand_ammo(): not ammo; spells2.c:2432,,M2
887,spells2.c,2563,The curse is broken!,item.curse_broken,self,low,^The curse is broken\!$,"enchant(): to-hit (2555-2565) raised to >=0 on cursed non-PERMA_CURSE item, 25% roll; spells2.c:2563",,M2
888,spells2.c,2588,The curse is broken!,item.curse_broken,self,low,^The curse is broken\!$,"enchant(): to-dam (2575-2590) raised to >=0 on cursed non-PERMA_CURSE item, 25% roll; spells2.c:2588",,M2
889,spells2.c,2613,The curse is broken!,item.curse_broken,self,low,^The curse is broken\!$,"enchant(): to-AC (2600-2615) raised to >=0 on cursed non-PERMA_CURSE item, 25% roll; spells2.c:2613",,M2
890,spells2.c,2677,There's nothing on the floor.,item.use.nothing_floor,self,low,^There's nothing on the floor\.$,create_artifact_aux(): no floor object; spells2.c:2677,,M2
891,spells2.c,2715,<Your|The> <item> glow(s) brightly!,item.artifact_created,self,low,^(?:Your|The) (?P<item>.+?) glows? brightly!$,"create_artifact_aux(): randart made; ""Your"" if in pack else ""The""; spells2.c:2715",,M2
892,spells2.c,2796,There's nothing on the floor.,item.use.nothing_floor,self,low,^There's nothing on the floor\.$,enchant_spell_aux(): no floor object; spells2.c:2796,,M2
893,spells2.c,2805,"Sorry, you cannot enchant that item.",item.use.invalid_target,self,low,"^Sorry\, you cannot enchant that item\.$",enchant_spell_aux(): item tester fails; spells2.c:2805,,M2
894,spells2.c,2813,<Your|The> <item> glow(s) brightly!,item.enchant.start,self,medium,^(?:Your|The) (?P<item>.+?) glows? brightly!$,enchant_spell_aux(): sent BEFORE the roll (scroll of Enchant used); spells2.c:2813,Sent even if the enchantment then fails (895).,M2
895,spells2.c,2829,The enchantment failed.,item.enchant.fail,self,low,^The enchantment failed\.$,enchant_spell_aux(): no stat improved; spells2.c:2826-2829,,M2
896,spells2.c,2878,There's nothing on the floor.,item.use.nothing_floor,self,low,^There's nothing on the floor\.$,ident_spell_aux(): no floor object; spells2.c:2878,,M2
897,spells2.c,2930,<Use>: <item> (<lbl>).,item.identify,self,low,^(?P<use>[A-Z][^:]+): (?P<item>.+) \((?P<lbl>.)\)\.$,"ident_spell_aux(): identified an EQUIPPED item; describe_use() words e.g. ""Attacking monsters with"", ""Wearing on your body""; spells2.c:2927-2931",,M2
898,spells2.c,2935,In your pack: <item> (<lbl>).,item.identify,self,low,^In your pack: (?P<item>.+) \((?P<lbl>.)\)\.$,ident_spell_aux(): pack item; spells2.c:2933-2936,,M2
899,spells2.c,2940,On the ground: <item>.,item.identify,self,low,^On the ground: (?P<item>.+)\.$,ident_spell_aux(): floor item; spells2.c:2938-2941,,M2
900,spells2.c,2983,There's nothing on the floor.,item.use.nothing_floor,self,low,^There's nothing on the floor\.$,identify_fully_item(): spells2.c:2983,,M2
901,spells2.c,3024,<Use>: <item> (<lbl>).,item.identify_full,self,low,^(?P<use>[A-Z][^:]+): (?P<item>.+) \((?P<lbl>.)\)\.$,identify_fully_item(): equipped; spells2.c:3024,,M2
902,spells2.c,3029,In your pack: <item> (<lbl>).,item.identify_full,self,low,^In your pack: (?P<item>.+) \((?P<lbl>.)\)\.$,identify_fully_item(): pack; spells2.c:3029,,M2
903,spells2.c,3034,On the ground: <item>.,item.identify_full,self,low,^On the ground: (?P<item>.+)\.$,identify_fully_item(): floor; spells2.c:3034,,M2
904,spells2.c,3114,You cannot recharge that item.,item.use.invalid_target,self,low,^You cannot recharge that item\.$,recharge_aux(): item not wand/staff; spells2.c:3114,,M2
905,spells2.c,3130,The recharge backfires!,item.recharge.backfire,self,medium,^The recharge backfires\!$,recharge_aux(): fail roll (i<=1 or one_in_(i)); one charge removed; spells2.c:3127-3131,Followed by 906 unless cfg_safe_recharge.,M2
906,spells2.c,3137,There is a bright flash of light.,item.recharge.destroy,self,medium,^There is a bright flash of light\.$,"recharge_aux(): backfire and !cfg_safe_recharge, item destroyed; spells2.c:3134-3137","Note period (vs ""!"" in 769).",M2
907,spells2.c,3364,You feel a sudden stirring nearby!,monster.aggravate.speedup,self,high,^You feel a sudden stirring nearby\!$,aggravate_monsters(): at least one monster in range hasted (speed+10) and woken; spells2.c:3362-3365,"If any speed-up, this message; else sleepers only give 908.",M2
908,spells2.c,3365,You hear a sudden stirring in the distance!,monster.aggravate.wake,self,high,^You hear a sudden stirring in the distance\!$,aggravate_monsters(): monsters woken but none hasted; spells2.c:3365,,M2
909,spells2.c,3582,Probing...,probe.start,self,low,^Probing\.\.\.$,probing(): first monster in LOS found; spells2.c:3582,,M2
910,spells2.c,3588,<Monster> has <n> hit points.,probe.hp,self,medium,^(?P<mon>.+?) has (?P<n>\d+) hit points\.$,probing(): per monster in LOS; monster_desc mode 0x04; spells2.c:3585-3588,Gives exact HP of every monster in sight.,M2
911,spells2.c,3600,That's all.,probe.end,self,low,^That's all\.$,probing(): after at least one monster; spells2.c:3598-3600,,M2
912,spells2.c,3672,There is a searing blast of light!,attack.destroy_area,self,high,^There is a searing blast of light\!$,destroy_area() (Banishment-like/Destruction): player within radius; also blinds unless resist; spells2.c:3665-3672,"Blindness follows via set_blind (""You are blind!"") unless resist_blind/resist_lite.",M2
913,spells2.c,3984,The cave ceiling collapses!,attack.earthquake,self,high,^The cave ceiling collapses\!$,earthquake(): randint1(3)==1; spells2.c:3984,Earthquake centred near player. One of 3 random intro texts (913-915).,M2
914,spells2.c,3989,The cave floor twists in an unnatural way!,attack.earthquake,self,high,^The cave floor twists in an unnatural way\!$,earthquake(): randint1(3)==2; spells2.c:3989,,M2
915,spells2.c,3994,The cave quakes!,attack.earthquake,self,high,^The cave quakes\!$,"earthquake(): randint1(3)==3 (default), followed by 916; spells2.c:3994",,M2
916,spells2.c,3995,You are pummeled with debris!,attack.earthquake,self,high,^You are pummeled with debris\!$,earthquake(): after 915; spells2.c:3995,,M2
917,spells2.c,4004,You are severely crushed!,damage.earthquake.crush,self,high,^You are severely crushed\!$,earthquake(): no safe adjacent grid (sn==0): 300 damage; spells2.c:4001-4004,Likely fatal (300 dmg).,M2
918,spells2.c,4016,You nimbly dodge the blast!,damage.earthquake.dodge,self,high,^You nimbly dodge the blast\!$,"earthquake(): safe grid exists, randint1(3)==1: no damage; spells2.c:4014-4018",,M2
919,spells2.c,4022,You are bashed by rubble!,damage.earthquake,self,high,^You are bashed by rubble\!$,earthquake(): randint1(3)==2: 10d4 damage + stun; spells2.c:4020-4025,,M2
920,spells2.c,4029,You are crushed between the floor and ceiling!,damage.earthquake,self,high,^You are crushed between the floor and ceiling\!$,earthquake(): randint1(3)==3: 10d4 damage + stun; spells2.c:4027-4032,,M2
921,spells2.c,4119,<Monster> wails out in pain!,monster.earthquake.hurt,self,low,^(?P<mon>.+?) wails out in pain!$,"earthquake(): monster damaged by quake, visible to players; spells2.c:4119",,M2
922,spells2.c,4146,<Monster> is embedded in the rock!,monster.earthquake.death,self,low,^(?P<mon>.+?) is embedded in the rock!$,"earthquake(): monster killed by quake (deleted, no XP); spells2.c:4146",,M2
923,spells2.c,4355,<Monster> wakes up.,monster.wake,self,medium,^(?P<mon>.+?) wakes up\.$,"cave_temp_room_lite(): sleeping monster in room being lit wakes with chance 25% (10% RF2_STUPID, 100% RF2_SMART) and is visible to the player; spells2.c:4330-4355",Only for lighting spells (Light Room etc.).,M2
924,spells2.c,4544,You are surrounded by a white light.,light.area,self,low,^You are surrounded by a white light\.$,lite_area(): lighting spell/effect cast; spells2.c:4544,,M2
925,spells2.c,4569,Darkness surrounds you.,light.darkness,self,low,^Darkness surrounds you\.$,unlite_area(): darkness spell/effect; spells2.c:4569,,M2
926,spells2.c,4810,You hear a loud crackling sound.,spell.clone,self,low,^You hear a loud crackling sound\.$,clone_monster(): player level >= 10; spells2.c:4805-4810,Clone monster wand effect is reduced in this server.,M2
927,spells2.c,4860,<name> sustains reality.,spell.alter_reality.fail,self,low,^(?P<name>.+?) sustains reality\.$,alter_reality(): another player on level saves (skill_fos check) and blocks caster; spells2.c:4860,"name = ""Someone"" if not in LOS.",M2
928,spells2.c,4861,You resist <name>'s attempt to alter reality.,spell.alter_reality.resisted,self,low,^You resist (?P<name>.+?)'s attempt to alter reality\.$,alter_reality(): sent to the blocking player; spells2.c:4861,"name = ""someone"" if not in LOS.",M2
929,spells2.c,4877,The world changes!,level.change.alter_reality,self,high,^The world changes\!$,alter_reality(): every player on the depth (q_ptr) gets new level (LEVEL_RAND); spells2.c:4872-4878,Level regenerates around the player; also hits other players on the level.,M2
930,spells2.c,4963,Your bolts are covered in a fiery aura!,item.brand,self,low,^Your bolts are covered in a fiery aura\!$,brand_bolts(): 25% per stack of plain bolts; spells2.c:4963,,M2
931,spells2.c,4985,The fiery enchantment failed.,item.brand.fail,self,low,^The fiery enchantment failed\.$,brand_bolts(): no bolt stack chosen; spells2.c:4985,,M2
932,spells2.c,5004,You are surrounded by a malignant aura.,stat.drain.all.ring_of_power,self,high,^You are surrounded by a malignant aura\.$,"ring_of_power() randint1(10) in 1-2: all six stats drained permanently (dec_stat 50,TRUE) and 1/4 exp lost; spells2.c:5001-5020",No per-stat message.,M2
933,spells2.c,5025,You are surrounded by a powerful aura.,spell.dispel,self,medium,^You are surrounded by a powerful aura\.$,ring_of_power() case 3: dispel monsters 1000; spells2.c:5022-5027,,M2
1204,xtra1.c,1686,You have forgotten the <spell|prayer|...> of <name>.,spell.forget,self,low,^You have forgotten the (?P<kind>\w+) of (?P<name>.+?)\.$,"calc_spells(): first loop (forget spells which are too hard) (spell level > char level, e.g. level drain); p = ""spell""/""prayer""; xtra1.c:1660-1687",Casters only.,M2
1205,xtra1.c,1718,You have forgotten the <spell|prayer> of <name>.,spell.forget,self,low,^You have forgotten the (?P<kind>\w+) of (?P<name>.+?)\.$,"calc_spells(): second loop (forget spells if we know too many) (new_spells<0, e.g. INT/WIS loss); spell name from spell_names[mtype]; xtra1.c:1697-1718",,M2
1206,xtra1.c,1756,You have remembered the <spell|prayer> of <name>.,spell.remember,self,low,^You have remembered the (?P<kind>\w+) of (?P<name>.+?)\.$,calc_spells(): forgotten spell relearned; xtra1.c:1756,,M2
1207,xtra1.c,1795,You can learn some new <spell|prayer>s now.,spell.can_learn,self,low,^You can learn some new (?P<kind>\w+)s now\.$,calc_spells(): new_spells>0 and old_spells==0; xtra1.c:1791-1795,Level-up / stat gain notification (caster).,M2
1208,xtra1.c,1950,Your covered hands feel unsuitable for spellcasting.,equip.gloves.encumber,self,low,^Your covered hands feel unsuitable for spellcasting\.$,calc_mana(): cumber_glove turned on (gloves worn by arcane caster); xtra1.c:1950,,M2
1209,xtra1.c,1954,Your hands feel more suitable for spellcasting.,equip.gloves.ok,self,low,^Your hands feel more suitable for spellcasting\.$,calc_mana(): glove state off; xtra1.c:1954,,M2
1210,xtra1.c,1968,The weight of your armor encumbers your movement.,equip.armor.encumber,self,medium,^The weight of your armor encumbers your movement\.$,calc_mana(): cumber_armor turned on (mana reduced); xtra1.c:1968,,M2
1211,xtra1.c,1972,You feel able to move more freely.,equip.armor.ok,self,low,^You feel able to move more freely\.$,calc_mana(): armor state off; xtra1.c:1972,,M2
1212,xtra1.c,3058,You have trouble wielding such a heavy bow.,equip.bow.heavy,self,medium,^You have trouble wielding such a heavy bow\.$,calc_bonuses(): heavy_shoot turned on; xtra1.c:3058,Shooting penalty.,M2
1213,xtra1.c,3062,You have no trouble wielding your bow.,equip.bow.ok,self,low,^You have no trouble wielding your bow\.$,calc_bonuses(): heavy_shoot off with bow still equipped; xtra1.c:3062,,M2
1214,xtra1.c,3066,You feel relieved to put down your heavy bow.,equip.bow.removed,self,low,^You feel relieved to put down your heavy bow\.$,calc_bonuses(): heavy bow removed; xtra1.c:3066,,M2
1215,xtra1.c,3079,You have trouble wielding such a heavy weapon.,equip.weapon.heavy,self,medium,^You have trouble wielding such a heavy weapon\.$,calc_bonuses(): heavy_wield on; xtra1.c:3079,Melee penalty.,M2
1216,xtra1.c,3083,You have no trouble wielding your weapon.,equip.weapon.ok,self,low,^You have no trouble wielding your weapon\.$,calc_bonuses(): xtra1.c:3083,,M2
1217,xtra1.c,3087,You feel relieved to put down your heavy weapon.,equip.weapon.removed,self,low,^You feel relieved to put down your heavy weapon\.$,calc_bonuses(): xtra1.c:3087,,M2
1218,xtra1.c,3100,You do not feel comfortable with your weapon.,equip.weapon.uncomfortable,self,medium,^You do not feel comfortable with your weapon\.$,calc_bonuses(): priest wielding pointed/non-blessed weapon (icky_wield on); xtra1.c:3100,Priest penalty.,M2
1219,xtra1.c,3104,You feel comfortable with your weapon.,equip.weapon.comfortable,self,low,^You feel comfortable with your weapon\.$,calc_bonuses(): xtra1.c:3104,,M2
1220,xtra1.c,3108,You feel more comfortable after removing your weapon.,equip.weapon.removed,self,low,^You feel more comfortable after removing your weapon\.$,calc_bonuses(): xtra1.c:3108,,M2
1221,xtra1.c,3268,"(flush, no text)",system.flush,self,none,^(?!)$,"redraw_stuff(): PR_WIPE -> msg_print(p_ptr,NULL); xtra1.c:3268",,M2
1222,xtra2.c,28,Nobody to use the power with.,system.dm.get_player,self,none,^Nobody to use the power with\.$,get_player(): DM power with no other player; xtra2.c:28,DM-only.,M2
1223,xtra2.c,54,Player is not on.,system.dm.get_player,self,none,^Player is not on\.$,get_player(): DM names offline player; xtra2.c:54,DM-only.,M2
1224,xtra2.c,105,<name> gropes around blindly!,status.blind.on,others,low,^(?P<name>.+?) gropes around blindly!$,set_blind(v>0) when p_ptr->blind==0; xtra2.c:105,Sent only on the transition (status was off -> on). Re-applying while already active is SILENT.,M2
1225,xtra2.c,106,You are blind!,status.blind.on,self,high,^You are blind\!$,set_blind(v>0) when p_ptr->blind==0; xtra2.c:106,Sent only on the transition (status was off -> on). Re-applying while already active is SILENT. Not for DM_INVULNERABLE admin (xtra2.c:98).,M2
1226,xtra2.c,117,<name> can see again.,status.blind.off,others,low,^(?P<name>.+?) can see again\.$,set_blind(0) when blind; xtra2.c:117,"Sent only on the transition (status was on -> off), i.e. when the timer reaches 0 or a cure is applied while active.",M2
1227,xtra2.c,118,You can see again.,status.blind.off,self,high,^You can see again\.$,set_blind(0) when blind; xtra2.c:118,"Sent only on the transition (status was on -> off), i.e. when the timer reaches 0 or a cure is applied while active.",M2
1228,xtra2.c,174,<name> appears confused!,status.confused.on,others,low,^(?P<name>.+?) appears confused!$,set_confused(v>0) when not confused; xtra2.c:174,Sent only on the transition (status was off -> on). Re-applying while already active is SILENT.,M2
1229,xtra2.c,175,You are confused!,status.confused.on,self,high,^You are confused\!$,set_confused(v>0) when not confused; xtra2.c:175,Sent only on the transition (status was off -> on). Re-applying while already active is SILENT.,M2
1230,xtra2.c,186,You feel less confused now.,status.confused.off,self,high,^You feel less confused now\.$,set_confused(0) when confused; xtra2.c:186,"Sent only on the transition (status was on -> off), i.e. when the timer reaches 0 or a cure is applied while active. (no ""others"" message for the off transition).",M2
1231,xtra2.c,227,You are poisoned!,status.poisoned.on,self,high,^You are poisoned\!$,set_poisoned(v>0) when not poisoned; xtra2.c:227,Sent only on the transition (status was off -> on). Re-applying while already active is SILENT.,M2
1232,xtra2.c,238,You are no longer poisoned.,status.poisoned.off,self,high,^You are no longer poisoned\.$,set_poisoned(0) when poisoned; xtra2.c:238,"Sent only on the transition (status was on -> off), i.e. when the timer reaches 0 or a cure is applied while active.",M2
1233,xtra2.c,279,<name> cowers in fear!,status.afraid.on,others,low,^(?P<name>.+?) cowers in fear!$,set_afraid(v>0) when not afraid; xtra2.c:279,Sent only on the transition (status was off -> on). Re-applying while already active is SILENT.,M2
1234,xtra2.c,280,You are terrified!,status.afraid.on,self,high,^You are terrified\!$,set_afraid(v>0) when not afraid; xtra2.c:280,Sent only on the transition (status was off -> on). Re-applying while already active is SILENT. Afraid = cannot melee.,M2
1235,xtra2.c,291,<name> appears bolder now.,status.afraid.off,others,low,^(?P<name>.+?) appears bolder now\.$,set_afraid(0) when afraid; xtra2.c:291,"Sent only on the transition (status was on -> off), i.e. when the timer reaches 0 or a cure is applied while active.",M2
1236,xtra2.c,292,You feel bolder now.,status.afraid.off,self,high,^You feel bolder now\.$,set_afraid(0) when afraid; xtra2.c:292,"Sent only on the transition (status was on -> off), i.e. when the timer reaches 0 or a cure is applied while active.",M2
1237,xtra2.c,333,<name> becomes rigid!,status.paralyzed.on,others,low,^(?P<name>.+?) becomes rigid!$,set_paralyzed(v>0) when not paralyzed; xtra2.c:333,Sent only on the transition (status was off -> on). Re-applying while already active is SILENT.,M2
1238,xtra2.c,334,You are paralyzed!,status.paralyzed.on,self,high,^You are paralyzed\!$,set_paralyzed(v>0) when not paralyzed; xtra2.c:334,Sent only on the transition (status was off -> on). Re-applying while already active is SILENT. Player cannot act; commands are lost.,M2
1239,xtra2.c,345,<name> can move again.,status.paralyzed.off,others,low,^(?P<name>.+?) can move again\.$,set_paralyzed(0) when paralyzed; xtra2.c:345,"Sent only on the transition (status was on -> off), i.e. when the timer reaches 0 or a cure is applied while active.",M2
1240,xtra2.c,346,You can move again.,status.paralyzed.off,self,high,^You can move again\.$,set_paralyzed(0) when paralyzed; xtra2.c:346,"Sent only on the transition (status was on -> off), i.e. when the timer reaches 0 or a cure is applied while active.",M2
1241,xtra2.c,389,You feel drugged!,status.hallucinate.on,self,high,^You feel drugged\!$,set_image(v>0) when not hallucinating; xtra2.c:389,Sent only on the transition (status was off -> on). Re-applying while already active is SILENT. Monster names/glyphs become unreliable.,M2
1242,xtra2.c,400,You can see clearly again.,status.hallucinate.off,self,high,^You can see clearly again\.$,set_image(0) when hallucinating; xtra2.c:400,"Sent only on the transition (status was on -> off), i.e. when the timer reaches 0 or a cure is applied while active.",M2
1243,xtra2.c,450,<name> begins moving faster!,status.fast.on,others,low,^(?P<name>.+?) begins moving faster!$,set_fast(v>0) when not fast; xtra2.c:450,Sent only on the transition (status was off -> on). Re-applying while already active is SILENT.,M2
1244,xtra2.c,451,You feel yourself moving faster!,status.fast.on,self,high,^You feel yourself moving faster\!$,set_fast(v>0) when not fast; xtra2.c:451,Sent only on the transition (status was off -> on). Re-applying while already active is SILENT. Drinking speed while already hasted gives NO message (only the timer extends).,M2
1245,xtra2.c,462,<name> slows down.,status.fast.off,others,low,^(?P<name>.+?) slows down\.$,set_fast(0) when fast; xtra2.c:462,"Sent only on the transition (status was on -> off), i.e. when the timer reaches 0 or a cure is applied while active.",M2
1246,xtra2.c,463,You feel yourself slow down.,status.fast.off,self,high,^You feel yourself slow down\.$,set_fast(0) when fast; xtra2.c:463,"Sent only on the transition (status was on -> off), i.e. when the timer reaches 0 or a cure is applied while active.",M2
1247,xtra2.c,504,<name> begins moving slower!,status.slow.on,others,low,^(?P<name>.+?) begins moving slower!$,set_slow(v>0) when not slow; xtra2.c:504,Sent only on the transition (status was off -> on). Re-applying while already active is SILENT.,M2
1248,xtra2.c,505,You feel yourself moving slower!,status.slow.on,self,high,^You feel yourself moving slower\!$,set_slow(v>0) when not slow; xtra2.c:505,Sent only on the transition (status was off -> on). Re-applying while already active is SILENT.,M2
1249,xtra2.c,516,<name> speeds up.,status.slow.off,others,low,^(?P<name>.+?) speeds up\.$,set_slow(0) when slow; xtra2.c:516,"Sent only on the transition (status was on -> off), i.e. when the timer reaches 0 or a cure is applied while active.",M2
1250,xtra2.c,517,You feel yourself speed up.,status.slow.off,self,high,^You feel yourself speed up\.$,set_slow(0) when slow; xtra2.c:517,"Sent only on the transition (status was on -> off), i.e. when the timer reaches 0 or a cure is applied while active.",M2
1251,xtra2.c,558,A mystic shield forms around your body!,status.shield.on,self,medium,^A mystic shield forms around your body\!$,set_shield(v>0) when no shield; xtra2.c:558,Sent only on the transition (status was off -> on). Re-applying while already active is SILENT.,M2
1252,xtra2.c,569,Your mystic shield crumbles away.,status.shield.off,self,medium,^Your mystic shield crumbles away\.$,set_shield(0) when shielded; xtra2.c:569,"Sent only on the transition (status was on -> off), i.e. when the timer reaches 0 or a cure is applied while active.",M2
1253,xtra2.c,611,You feel righteous!,status.blessed.on,self,medium,^You feel righteous\!$,set_blessed(v>0) when not blessed; xtra2.c:611,Sent only on the transition (status was off -> on). Re-applying while already active is SILENT.,M2
1254,xtra2.c,622,The prayer has expired.,status.blessed.off,self,medium,^The prayer has expired\.$,set_blessed(0) when blessed; xtra2.c:622,"Sent only on the transition (status was on -> off), i.e. when the timer reaches 0 or a cure is applied while active.",M2
1255,xtra2.c,663,You feel like a hero!,status.hero.on,self,medium,^You feel like a hero\!$,set_hero(v>0) when not hero; xtra2.c:663,"Sent only on the transition (status was off -> on). Re-applying while already active is SILENT. Hero also cures fear (set_afraid(0) in use-obj/x-spell -> may add ""You feel bolder now."").",M2
1256,xtra2.c,674,The heroism wears off.,status.hero.off,self,medium,^The heroism wears off\.$,set_hero(0) when hero; xtra2.c:674,"Sent only on the transition (status was on -> off), i.e. when the timer reaches 0 or a cure is applied while active.",M2
1257,xtra2.c,718,You feel like a killing machine!,status.berserk.on,self,medium,^You feel like a killing machine\!$,set_shero(v>0) when not berserk; xtra2.c:718,Sent only on the transition (status was off -> on). Re-applying while already active is SILENT.,M2
1258,xtra2.c,729,You feel less Berserk.,status.berserk.off,self,medium,^You feel less Berserk\.$,set_shero(0) when berserk; xtra2.c:729,"Sent only on the transition (status was on -> off), i.e. when the timer reaches 0 or a cure is applied while active.",M2
1259,xtra2.c,773,You feel safe from evil!,status.protevil.on,self,medium,^You feel safe from evil\!$,set_protevil(v>0) when not protected; xtra2.c:773,Sent only on the transition (status was off -> on). Re-applying while already active is SILENT.,M2
1260,xtra2.c,784,You no longer feel safe from evil.,status.protevil.off,self,medium,^You no longer feel safe from evil\.$,set_protevil(0) when protected; xtra2.c:784,"Sent only on the transition (status was on -> off), i.e. when the timer reaches 0 or a cure is applied while active.",M2
1261,xtra2.c,822,You feel invulnerable!,status.invuln.on,self,medium,^You feel invulnerable\!$,set_invuln(v>0) when not invulnerable; xtra2.c:822,Sent only on the transition (status was off -> on). Re-applying while already active is SILENT.,M2
1262,xtra2.c,833,You feel vulnerable once more.,status.invuln.off,self,high,^You feel vulnerable once more\.$,set_invuln(0) when invulnerable; xtra2.c:833,"Sent only on the transition (status was on -> off), i.e. when the timer reaches 0 or a cure is applied while active. Loss of invulnerability is a danger cue.",M2
1263,xtra2.c,874,Your eyes feel very sensitive!,status.see_invis.on,self,medium,^Your eyes feel very sensitive\!$,set_tim_invis(v>0) when not active; xtra2.c:874,Sent only on the transition (status was off -> on). Re-applying while already active is SILENT.,M2
1264,xtra2.c,885,Your eyes feel less sensitive.,status.see_invis.off,self,medium,^Your eyes feel less sensitive\.$,set_tim_invis(0) when active; xtra2.c:885,"Sent only on the transition (status was on -> off), i.e. when the timer reaches 0 or a cure is applied while active.",M2
1265,xtra2.c,929,Your eyes begin to tingle!,status.infra.on,self,low,^Your eyes begin to tingle\!$,set_tim_infra(v>0) when not active; xtra2.c:929,Sent only on the transition (status was off -> on). Re-applying while already active is SILENT.,M2
1266,xtra2.c,940,Your eyes stop tingling.,status.infra.off,self,low,^Your eyes stop tingling\.$,set_tim_infra(0) when active; xtra2.c:940,"Sent only on the transition (status was on -> off), i.e. when the timer reaches 0 or a cure is applied while active.",M2
1267,xtra2.c,984,You feel resistant to acid!,status.oppose_acid.on,self,medium,^You feel resistant to acid\!$,set_oppose_acid(v>0) when not active; xtra2.c:984,Sent only on the transition (status was off -> on). Re-applying while already active is SILENT.,M2
1268,xtra2.c,995,You feel less resistant to acid.,status.oppose_acid.off,self,medium,^You feel less resistant to acid\.$,set_oppose_acid(0) when active; xtra2.c:995,"Sent only on the transition (status was on -> off), i.e. when the timer reaches 0 or a cure is applied while active.",M2
1269,xtra2.c,1035,You feel resistant to electricity!,status.oppose_elec.on,self,medium,^You feel resistant to electricity\!$,set_oppose_elec(v>0); xtra2.c:1035,Sent only on the transition (status was off -> on). Re-applying while already active is SILENT.,M2
1270,xtra2.c,1046,You feel less resistant to electricity.,status.oppose_elec.off,self,medium,^You feel less resistant to electricity\.$,set_oppose_elec(0); xtra2.c:1046,"Sent only on the transition (status was on -> off), i.e. when the timer reaches 0 or a cure is applied while active.",M2
1271,xtra2.c,1086,You feel resistant to fire!,status.oppose_fire.on,self,medium,^You feel resistant to fire\!$,set_oppose_fire(v>0); xtra2.c:1086,Sent only on the transition (status was off -> on). Re-applying while already active is SILENT.,M2
1272,xtra2.c,1097,You feel less resistant to fire.,status.oppose_fire.off,self,medium,^You feel less resistant to fire\.$,set_oppose_fire(0); xtra2.c:1097,"Sent only on the transition (status was on -> off), i.e. when the timer reaches 0 or a cure is applied while active.",M2
1273,xtra2.c,1137,You feel resistant to cold!,status.oppose_cold.on,self,medium,^You feel resistant to cold\!$,set_oppose_cold(v>0); xtra2.c:1137,Sent only on the transition (status was off -> on). Re-applying while already active is SILENT.,M2
1274,xtra2.c,1148,You feel less resistant to cold.,status.oppose_cold.off,self,medium,^You feel less resistant to cold\.$,set_oppose_cold(0); xtra2.c:1148,"Sent only on the transition (status was on -> off), i.e. when the timer reaches 0 or a cure is applied while active.",M2
1275,xtra2.c,1188,You feel resistant to poison!,status.oppose_pois.on,self,medium,^You feel resistant to poison\!$,set_oppose_pois(v>0); xtra2.c:1188,Sent only on the transition (status was off -> on). Re-applying while already active is SILENT.,M2
1276,xtra2.c,1199,You feel less resistant to poison.,status.oppose_pois.off,self,medium,^You feel less resistant to poison\.$,set_oppose_pois(0); xtra2.c:1199,"Sent only on the transition (status was on -> off), i.e. when the timer reaches 0 or a cure is applied while active.",M2
1277,xtra2.c,1298,<name> appears stunned.,status.stun.on,others,low,^(?P<name>.+?) appears stunned\.$,set_stun(): new level 1 > old level; xtra2.c:1298,"set_stun(): level-based; message only when the stun LEVEL changes (levels: >0 stun, >50 heavy, >100 knocked out); going down one level without reaching 0 is silent. DM_INVULNERABLE exempt (xtra2.c:1236).",M2
1278,xtra2.c,1299,You have been stunned.,status.stun.on,self,high,^You have been stunned\.$,set_stun(): 0 -> stun level 1 (or from 0); xtra2.c:1299,"set_stun(): level-based; message only when the stun LEVEL changes (levels: >0 stun, >50 heavy, >100 knocked out); going down one level without reaching 0 is silent. DM_INVULNERABLE exempt (xtra2.c:1236). Stun reduces to-hit.",M2
1279,xtra2.c,1305,<name> is very stunned.,status.stun.worse,others,low,^(?P<name>.+?) is very stunned\.$,set_stun(): new level 2 > old; xtra2.c:1305,"set_stun(): level-based; message only when the stun LEVEL changes (levels: >0 stun, >50 heavy, >100 knocked out); going down one level without reaching 0 is silent. DM_INVULNERABLE exempt (xtra2.c:1236).",M2
1280,xtra2.c,1306,You have been heavily stunned.,status.stun.worse,self,high,^You have been heavily stunned\.$,set_stun(): level 2 (stun >50) reached from lower level; xtra2.c:1306,"set_stun(): level-based; message only when the stun LEVEL changes (levels: >0 stun, >50 heavy, >100 knocked out); going down one level without reaching 0 is silent. DM_INVULNERABLE exempt (xtra2.c:1236).",M2
1281,xtra2.c,1312,<name> has been knocked out.,status.stun.worse,others,low,^(?P<name>.+?) has been knocked out\.$,set_stun(): level 3; xtra2.c:1312,"set_stun(): level-based; message only when the stun LEVEL changes (levels: >0 stun, >50 heavy, >100 knocked out); going down one level without reaching 0 is silent. DM_INVULNERABLE exempt (xtra2.c:1236).",M2
1282,xtra2.c,1313,You have been knocked out.,status.stun.worse,self,high,^You have been knocked out\.$,set_stun(): level 3 (stun >100) - player knocked out (cannot act); xtra2.c:1313,"set_stun(): level-based; message only when the stun LEVEL changes (levels: >0 stun, >50 heavy, >100 knocked out); going down one level without reaching 0 is silent. DM_INVULNERABLE exempt (xtra2.c:1236).",M2
1283,xtra2.c,1330,<name> is no longer stunned.,status.stun.off,others,low,^(?P<name>.+?) is no longer stunned\.$,set_stun(): new level 0 < old level; xtra2.c:1330,"set_stun(): level-based; message only when the stun LEVEL changes (levels: >0 stun, >50 heavy, >100 knocked out); going down one level without reaching 0 is silent. DM_INVULNERABLE exempt (xtra2.c:1236).",M2
1284,xtra2.c,1331,You are no longer stunned.,status.stun.off,self,high,^You are no longer stunned\.$,set_stun(): new level 0 < old level; xtra2.c:1331,"set_stun(): level-based; message only when the stun LEVEL changes (levels: >0 stun, >50 heavy, >100 knocked out); going down one level without reaching 0 is silent. DM_INVULNERABLE exempt (xtra2.c:1236).",M2
1285,xtra2.c,1482,You have been given a graze.,status.cut.on,self,medium,^You have been given a graze\.$,set_cut(): new level 1 (cut>0) reached and greater than old level; xtra2.c:1482,"set_cut(): level-based; one message per level ENTERED (rising only); falling but still cut is silent; only the fall to 0 says ""no longer bleeding"".",M2
1286,xtra2.c,1488,You have been given a light cut.,status.cut.worse,self,medium,^You have been given a light cut\.$,set_cut(): new level 2 (>10) reached and greater than old level; xtra2.c:1488,"set_cut(): level-based; one message per level ENTERED (rising only); falling but still cut is silent; only the fall to 0 says ""no longer bleeding"".",M2
1287,xtra2.c,1494,You have been given a bad cut.,status.cut.worse,self,medium,^You have been given a bad cut\.$,set_cut(): new level 3 (>25) reached and greater than old level; xtra2.c:1494,"set_cut(): level-based; one message per level ENTERED (rising only); falling but still cut is silent; only the fall to 0 says ""no longer bleeding"".",M2
1288,xtra2.c,1500,You have been given a nasty cut.,status.cut.worse,self,medium,^You have been given a nasty cut\.$,set_cut(): new level 4 (>50) reached and greater than old level; xtra2.c:1500,"set_cut(): level-based; one message per level ENTERED (rising only); falling but still cut is silent; only the fall to 0 says ""no longer bleeding"".",M2
1289,xtra2.c,1506,You have been given a severe cut.,status.cut.worse,self,high,^You have been given a severe cut\.$,set_cut(): new level 5 (>100) reached and greater than old level; xtra2.c:1506,"set_cut(): level-based; one message per level ENTERED (rising only); falling but still cut is silent; only the fall to 0 says ""no longer bleeding"".",M2
1290,xtra2.c,1512,You have been given a deep gash.,status.cut.worse,self,high,^You have been given a deep gash\.$,set_cut(): new level 6 (>200) reached and greater than old level; xtra2.c:1512,"set_cut(): level-based; one message per level ENTERED (rising only); falling but still cut is silent; only the fall to 0 says ""no longer bleeding"".",M2
1291,xtra2.c,1518,You have been given a mortal wound.,status.cut.worse,self,high,^You have been given a mortal wound\.$,set_cut(): new level 7 (>1000) reached and greater than old level; xtra2.c:1518,"set_cut(): level-based; one message per level ENTERED (rising only); falling but still cut is silent; only the fall to 0 says ""no longer bleeding"".",M2
1292,xtra2.c,1535,You are no longer bleeding.,status.cut.off,self,high,^You are no longer bleeding\.$,set_cut(): new level 0 < old; xtra2.c:1535,"set_cut(): level-based; one message per level ENTERED (rising only); falling but still cut is silent; only the fall to 0 says ""no longer bleeding"".",M2
1293,xtra2.c,1687,You are still weak.,hunger.weak.better,self,medium,^You are still weak\.$,set_food(): rising from Faint into Weak band; xtra2.c:1687,set_food(): only on change of hunger band. Ghosts get no hunger messages (xtra2.c:1655-1660).,M2
1294,xtra2.c,1692,You are still hungry.,hunger.hungry.better,self,medium,^You are still hungry\.$,set_food(): rising into Hungry band from Weak; xtra2.c:1692,set_food(): only on change of hunger band. Ghosts get no hunger messages (xtra2.c:1655-1660).,M2
1295,xtra2.c,1697,You are no longer hungry.,hunger.ok,self,medium,^You are no longer hungry\.$,set_food(): rising into Normal band; xtra2.c:1697,set_food(): only on change of hunger band. Ghosts get no hunger messages (xtra2.c:1655-1660). Confirms eating worked.,M2
1296,xtra2.c,1702,You are full!,hunger.full,self,medium,^You are full\!$,set_food(): rising into Full band; xtra2.c:1702,set_food(): only on change of hunger band. Ghosts get no hunger messages (xtra2.c:1655-1660).,M2
1297,xtra2.c,1707,You have gorged yourself!,hunger.gorged,self,medium,^You have gorged yourself\!$,set_food(): rising into Gorged band; xtra2.c:1707,set_food(): only on change of hunger band. Ghosts get no hunger messages (xtra2.c:1655-1660). Gorged makes the player slow in vanilla (calc_bonuses) [not checked].,M2
1298,xtra2.c,1723,You are getting faint from hunger!,hunger.faint,self,high,^You are getting faint from hunger\!$,set_food(): falling into Fainting band (food<PY_FOOD_FAINT); xtra2.c:1723,set_food(): only on change of hunger band. Ghosts get no hunger messages (xtra2.c:1655-1660). Fainting = random paralysis (dungeon.c) [not checked here].,M2
1299,xtra2.c,1729,You are getting weak from hunger!,hunger.weak,self,high,^You are getting weak from hunger\!$,set_food(): falling into Weak band; xtra2.c:1729,set_food(): only on change of hunger band. Ghosts get no hunger messages (xtra2.c:1655-1660).,M2
1300,xtra2.c,1735,You are getting hungry.,hunger.hungry,self,medium,^You are getting hungry\.$,set_food(): falling into Hungry band; xtra2.c:1735,set_food(): only on change of hunger band. Ghosts get no hunger messages (xtra2.c:1655-1660).,M2
1301,xtra2.c,1741,You are no longer full.,hunger.not_full,self,low,^You are no longer full\.$,set_food(): falling from Full to Normal; xtra2.c:1741,set_food(): only on change of hunger band. Ghosts get no hunger messages (xtra2.c:1655-1660).,M2
1302,xtra2.c,1747,You are no longer gorged.,hunger.not_gorged,self,low,^You are no longer gorged\.$,set_food(): falling from Gorged to Full; xtra2.c:1747,set_food(): only on change of hunger band. Ghosts get no hunger messages (xtra2.c:1655-1660).,M2
1303,xtra2.c,1826,Dropped back to level <n>.,exp.level_down,self,medium,^Dropped back to level (?P<n>\d+)\.$,check_experience(): exp below level threshold (exp drain); xtra2.c:1820-1826,Loops: one message per level lost.,M2
1304,xtra2.c,1828,<name> has dropped to level <n>.,exp.level_down,all,low,^(?P<name>.+?) has dropped to level (?P<n>\d+)\.$,check_experience(): msg_broadcast to every OTHER player (skips self); msg_type MSG_CHAT; xtra2.c:1827-1828,,M2
1305,xtra2.c,1862,Welcome to level <n>.,exp.level_up,self,medium,^Welcome to level (?P<n>\d+)\.$,check_experience(): level gained (one per level); xtra2.c:1862,,M2
1306,xtra2.c,1864,<name> has attained level <n>.,exp.level_up,all,low,^(?P<name>.+?) has attained level (?P<n>\d+)\.$,check_experience(): msg_broadcast to every other player; xtra2.c:1863-1864,,M2
1307,xtra2.c,2138,<unique> was slain by <name>.,monster.death.unique,self,high,^(?P<mon>.+?) was slain by (?P<name>.+?)\.$,monster_death(): killed monster is a unique; message to the killer (p_ptr); xtra2.c:2133-2138,Only for uniques. Text names the killer. Non-unique kills use rows 1332-1339.,M2
1308,xtra2.c,2149,<unique> was slain by <name|party>.,monster.death.unique,all,low,^(?P<mon>.+?) was slain by (?P<name>.+?)\.$,monster_death(): msg_broadcast (buf; if party total>1 the party name replaces the killer); xtra2.c:2141-2149,Broadcast excludes the killer; may reach the killer-party members as broadcast too.,M2
1309,xtra2.c,2234,*** CONGRATULATIONS ***,player.win,self,low,^\*\*\* CONGRATULATIONS \*\*\*$,monster_death(): Morgoth (DROP_CHOSEN) killed by a winner; xtra2.c:2234,,M2
1310,xtra2.c,2235,You have won the game!,player.win,self,low,^You have won the game\!$,monster_death(): xtra2.c:2235,,M2
1311,xtra2.c,2236,You may retire (commit suicide) when you are ready.,player.win,self,low,^You may retire \(commit suicide\) when you are ready\.$,monster_death(): xtra2.c:2236,,M2
1312,xtra2.c,2290,A magical stairway appears...,level.stairs_appear,self,medium,^A magical stairway appears\.\.\.$,"monster_death(): quest monster killed, stairs created; xtra2.c:2290",,M2
1313,xtra2.c,2401,You leave the arena.,arena.leave,self,low,^You leave the arena\.$,"access_arena(): player in arena, alone; xtra2.c:2401",,M2
1314,xtra2.c,2406,There is a wall blocking your way.,arena.blocked,self,low,^There is a wall blocking your way\.$,access_arena(): leaving while opponent present; xtra2.c:2406,Not a normal terrain wall message.,M2
1315,xtra2.c,2414,You enter an ancient fighting pit.,arena.enter,self,low,^You enter an ancient fighting pit\.$,access_arena(); xtra2.c:2414,,M2
1316,xtra2.c,2419,Arena is currently occupied.,arena.busy,self,low,^Arena is currently occupied\.$,access_arena(); xtra2.c:2419,,M2
1317,xtra2.c,2452,You knock <name> out.,arena.win,self,low,^You knock (?P<name>.+?) out\.$,evacuate_arena(): to the winner (q_ptr) about the loser (p_ptr); xtra2.c:2449-2452,buf built at xtra2.c:2449 via sprintf.,M2
1318,xtra2.c,2454,<name> was defeated by <name2>.,arena.result,all,low,^(?P<name>.+?) was defeated by (?P<name2>.+?)\.$,"evacuate_arena(): msg_broadcast(NULL,...) - to EVERYONE; xtra2.c:2453-2454",,M2
1319,xtra2.c,2455,You recover oneself outside the arena.,arena.lose,self,low,^You recover oneself outside the arena\.$,evacuate_arena(): to loser; xtra2.c:2455,(sic),M2
1320,xtra2.c,2456,You gloriously leave the arena.,arena.win,self,low,^You gloriously leave the arena\.$,evacuate_arena(): to winner; xtra2.c:2456,,M2
1321,xtra2.c,2516,<unique> rises from the dead!,monster.unique.resurrect,self,medium,^(?P<mon>.+?) rises from the dead!$,"ressurect_uniques(): on player death, killed uniques above 65% of max_dlv are un-killed; xtra2.c:2500-2516",Sent when player dies (arrives with death messages).,M2
1322,xtra2.c,2676,You lose consciousness.,player.arena_ko,self,medium,^You lose consciousness\.$,player_death(): death while in arena (no real death); xtra2.c:2672-2677,,M2
1323,xtra2.c,2695,You die.,player.death,self,high,^You die\.$,player_death(): real death of a living (non-ghost) player; xtra2.c:2692-2695,"Followed by flush, then (if not ironman/no-ghost) ""You have been killed by <killer>."" (1330).",M2
1324,xtra2.c,2696,"(flush, no text)",system.flush,self,none,^(?!)$,"player_death() after ""You die.""; xtra2.c:2696",,M2
1325,xtra2.c,2701,Your incorporeal body fades away - FOREVER.,player.death.ghost,self,high,^Your incorporeal body fades away - FOREVER\.$,player_death(): ghost destroyed; xtra2.c:2701,Permanent death.,M2
1326,xtra2.c,2702,"(flush, no text)",system.flush,self,none,^(?!)$,xtra2.c:2702,,M2
1327,xtra2.c,2720,"<name> committed suicide. / The unbeatable <name> has retired to a warm, sunny climate. / <name> was turned into a fruit bat by <killer>! / The brave hero <name> the level <n> <race> <class> was killed by <killer>. / <name> the level <n> <race> <class> was killed by <killer>.",player.death.announce,all,low,"^(?P<name>.+?) (?:committed suicide|was turned into a fruit bat by (?P<killer>.+?)!|the level (?P<n>\d+) (?P<race>.+?) (?P<cls>.+?) was killed by (?P<killer2>.+?))\.?$|^The unbeatable (?P<name2>.+?) has retired to a warm, sunny climate\.$|^The brave hero (?P<name3>.+?) the level (?P<n3>\d+) .+? was killed by .+?\.$","player_death(): msg_broadcast to every OTHER player; variants at xtra2.c:2709-2720 (suicide/retire) and 2745-2762 (normal death: fruit bat, brave/no-ghost, normal); hidden if DM SECRET_PRESENCE or level<2 suicide",Five distinct texts on one call site (2720 suicide/retired; 2762 the three death variants).,M2
1328,xtra2.c,2736,<name>'s ghost was destroyed by <killer>.,player.death.announce,all,low,^(?P<name>.+?)'s ghost was destroyed by (?P<killer>.+?)\.$,player_death(): broadcast when a ghost is destroyed; xtra2.c:2736,,M2
1329,xtra2.c,2762,(see 1327: normal-death announcements),player.death.announce,all,low,^(?!)$,player_death(): msg_broadcast(buf) at xtra2.c:2762,Same texts as row 1327 (three variants).,M2
1330,xtra2.c,2799,You have been killed by <killer>.,player.death.ghost_form,self,high,^You have been killed by (?P<killer>.+?)\.$,"player_death(): after death, if not ironman/no-ghost server option and not fruit bat: player becomes a ghost, teleported 200; xtra2.c:2797-2806",Not sent for ironman or NO_GHOST option (character deleted) and not for fruit bat. The text names the killer (monster or trap).,M2
1331,xtra2.c,2881,You feel life return to your body.,player.resurrect,self,medium,^You feel life return to your body\.$,resurrect_player(): ghost revived; xtra2.c:2881,,M2
1332,xtra2.c,2979,<Monster><note>,monster.death.note,others,low,^(?P<mon>[A-Z].*?)(?P<note>(?: resists a lot\.| resists somewhat\.| resists\.| is immune\.| is unaffected!| spawns!| looks healthier\.| starts moving faster\.| starts moving slower\.| falls asleep!| cringes from the light!| shrivels away in the light!| loses some skin!| dissolves!| shudders\.| changes!| disappears!| is more dazed\.| is dazed\.| looks more confused\.| looks confused\.| dies\.| is destroyed\.))$,"mon_take_hit(): kill by missile/spell with note (e.g. "" dies."", "" is destroyed."", "" dissolves!"", "" shrivels away in the light!""); msg_format_near to others; xtra2.c:2977-2979",Others see the kill without the player's name.,M2
1333,xtra2.c,2980,<Monster><note>,monster.death.note,self,high,^(?P<mon>[A-Z].*?)(?P<note>(?: resists a lot\.| resists somewhat\.| resists\.| is immune\.| is unaffected!| spawns!| looks healthier\.| starts moving faster\.| starts moving slower\.| falls asleep!| cringes from the light!| shrivels away in the light!| loses some skin!| dissolves!| shudders\.| changes!| disappears!| is more dazed\.| is dazed\.| looks more confused\.| looks confused\.| dies\.| is destroyed\.))$,"mon_take_hit(): killing blow by spell/missile with note (default note_dies "" dies."" from project_m spells1.c:2351; "" is destroyed."" for nonliving:2403); xtra2.c:2980","Kill confirmation for spells/arrows/wands. Melee kills say ""You have slain/destroyed/killed X."" (1335-1339).",M2
1334,xtra2.c,2986,<name> has killed <monster>.,monster.death.player_kill,others,low,^(?P<name>.+?) has killed (?P<mon>.+?)\.$,mon_take_hit(): melee kill of an unseen monster (mon_vis false); to others; xtra2.c:2986,,M2
1335,xtra2.c,2987,You have killed <monster>.,player.kill,self,medium,^You have killed (?P<mon>.+?)\.$,"mon_take_hit(): melee/no-note kill when the monster was NOT visible (name = ""it""); xtra2.c:2984-2987",,M2
1336,xtra2.c,2996,<name> has destroyed <monster>.,player.kill,others,low,^(?P<name>.+?) has destroyed (?P<mon>.+?)\.$,"mon_take_hit(): nonliving monster (RF3_DEMON/UNDEAD, RF2_STUPID, or char in ""Evg""); xtra2.c:2996",,M2
1337,xtra2.c,2997,You have destroyed <monster>.,player.kill,self,medium,^You have destroyed (?P<mon>.+?)\.$,mon_take_hit(): nonliving monster killed without note; xtra2.c:2997,,M2
1338,xtra2.c,3003,<name> has slain <monster>.,player.kill,others,low,^(?P<name>.+?) has slain (?P<mon>.+?)\.$,mon_take_hit(): living monster; xtra2.c:3003,,M2
1339,xtra2.c,3004,You have slain <monster>.,player.kill,self,medium,^You have slain (?P<mon>.+?)\.$,mon_take_hit(): living visible monster killed without note; xtra2.c:3004,"This or ""destroyed"" or ""killed"" = melee/no-note kill.",M2
1340,xtra2.c,4999,You are confused.,dead_code,self,none,^You are confused\.$,get_rep_dir(): inside a comment; xtra2.c:4999,"NOT SENT: commented out (/* msg_print(""You are confused.""); */).",M2
1341,xtra2.c,5041,You are confused.,dead_code,self,none,^You are confused\.$,confuse_dir(): inside a comment; xtra2.c:5041,NOT SENT: commented out. Confused aiming is silent: direction is randomised (75%) with no message.,M2
1342,xtra2.c,5736,"<social text: others_found with <name>, <victim>>",social.others,others,low,^.+$,do_cmd_social(): target is a monster; msg_format_complex_near MSG_SOCIAL from socials.txt; xtra2.c:5736,"Text comes from lib/edit/socials.txt, not fixed in code.",M2
1343,xtra2.c,5743,<social text: others_found>,social.others,others,low,^.+$,do_cmd_social(): target is a player; to bystanders; xtra2.c:5743,,M2
1344,xtra2.c,5746,<social text: vict_found>,social.victim,self,low,^.+$,do_cmd_social(): sent to the targeted player; xtra2.c:5746,,M2
1345,xtra2.c,5750,<social text: char_found>,social.self,self,low,^.+$,do_cmd_social(): to the actor when target found; xtra2.c:5750,,M2
1346,xtra2.c,5756,<social text: char_no_arg with direction>,social.self,self,low,^.+$,do_cmd_social(): no target; xtra2.c:5756,,M2
1347,xtra2.c,5758,<social text: others_no_arg>,social.others,others,low,^.+$,"do_cmd_social(): no target, to bystanders; xtra2.c:5758",,M2
1348,xtra2.c,6489,The air about you becomes charged...,dm.effect,self,low,^The air about you becomes charged\.\.\.$,do_cmd_dungeon_master(): DM recall command; xtra2.c:6489,Same text as set_recall (865): a DM could confuse a recall detector.,M2
1349,xtra2.c,6490,The air about <name> becomes charged...,dm.effect,others,low,^The air about (?P<name>.+?) becomes charged\.\.\.$,do_cmd_dungeon_master(): xtra2.c:6490,,M2
1350,xtra2.c,6551,Loading file '<x>',dm.file,self,none,^Loading file '(?P<x>.+?)'$,do_cmd_dungeon_master(): xtra2.c:6551,DM-only.,M2
1351,xtra2.c,6570,Saved file '<x>',dm.file,self,none,^Saved file '(?P<x>.+?)'$,do_cmd_dungeon_master(): xtra2.c:6570,DM-only.,M2
1352,xtra2.c,6879,Loading file '<x>',dm.file,self,none,^Loading file '(?P<x>.+?)'$,do_cmd_dungeon_master(): xtra2.c:6879,DM-only.,M2
305,cmd5.c,220,You cannot read books!,spell.cant.class_or_ghost,self,medium,^You\ cannot\ read\ books\!$,"do_cmd_browse(), if ( (p_ptr->ghost || p_ptr->fruit_bat) && !is_dm_p(p_ptr) ) (cmd5.c:218)",,M3
306,cmd5.c,227,You cannot read books!,spell.cant.class_or_ghost,self,medium,^You\ cannot\ read\ books\!$,"do_cmd_browse(), if (!p_ptr->cp_ptr->spell_book) (cmd5.c:225)",,M3
307,cmd5.c,235,You cannot see!,none.dead_code,self,none,^$,NOT SENT: commented out / #if 0 at cmd5.c:235,Compiled out; listed only because the extractor matched the call.,M3
308,cmd5.c,242,You are too confused!,none.dead_code,self,none,^$,NOT SENT: commented out / #if 0 at cmd5.c:242,Compiled out; listed only because the extractor matched the call.,M3
309,cmd5.c,264,There's nothing on the floor.,item.use.nothing_on_floor,self,low,^There\'s\ nothing\ on\ the\ floor\.$,"do_cmd_browse(), if (item == 0) { (cmd5.c:263)",,M3
310,cmd5.c,319,You cannot read books!,spell.cant.class_or_ghost,self,medium,^You\ cannot\ read\ books\!$,"do_cmd_study(), if ( (p_ptr->ghost || p_ptr->fruit_bat) && !is_dm_p(p_ptr) ) (cmd5.c:317)",,M3
311,cmd5.c,325,You cannot read books!,spell.cant.class_or_ghost,self,medium,^You\ cannot\ read\ books\!$,"do_cmd_study(), if (!p_ptr->cp_ptr->spell_book) (cmd5.c:323)",,M3
312,cmd5.c,331,You cannot see!,item.use.cant_blind,self,high,^You\ cannot\ see\!$,do_cmd_study(): p_ptr->blind || no_lite(p_ptr) (cmd5.c:331); no turn used,Sent for BLIND *or* no light (p_ptr->blind || no_lite) - same text for both.,M3
313,cmd5.c,337,You are too confused!,item.use.cant_confused,self,high,^You\ are\ too\ confused\!$,do_cmd_study(): p_ptr->confused (cmd5.c:337); no turn used,,M3
314,cmd5.c,343,You cannot learn any new spells!,spell.study.none_available,self,low,^You\ cannot\ learn\ any\ new\ spells\!$,do_cmd_study(): p_ptr->new_spells == 0 (cmd5.c:343); spell=book realm (cmd5.c:306),,M3
314,cmd5.c,343,You cannot learn any new prayers!,spell.study.none_available,self,low,^You\ cannot\ learn\ any\ new\ prayers\!$,do_cmd_study(): p_ptr->new_spells == 0 (cmd5.c:343); prayer=book realm (cmd5.c:306),,M3
315,cmd5.c,362,There's nothing on the floor.,item.use.nothing_on_floor,self,low,^There\'s\ nothing\ on\ the\ floor\.$,"do_cmd_study(), if (book == 0) { (cmd5.c:361)",,M3
316,cmd5.c,393,You cannot gain that spell!,spell.study.cant,self,low,^You\ cannot\ gain\ that\ spell\!$,"do_cmd_study(), if (!spell_okay(p_ptr, j, FALSE)) (cmd5.c:391)",,M3
317,cmd5.c,430,You cannot learn any spells in that book.,spell.study.none_in_book,self,low,^You\ cannot\ learn\ any\ spells\ in\ that\ book\.$,do_cmd_study(): j<0 (cmd5.c:430),,M3
317,cmd5.c,430,You cannot learn any prayers in that book.,spell.study.none_in_book,self,low,^You\ cannot\ learn\ any\ prayers\ in\ that\ book\.$,do_cmd_study(): j<0 (cmd5.c:430),,M3
318,cmd5.c,454,You have learned the <book> of <spell>.,spell.study.learned,self,low,^You\ have\ learned\ the\ (?P<book>spell|prayer)\ of\ (?P<spell>.+?)\.$,do_cmd_study() (cmd5.c:454); <book>=spell|prayer,,M3
319,cmd5.c,464,You can learn <n> more spells.,spell.study.remaining,self,low,^You\ can\ learn\ (?P<n>\d+)\ more\ spells\.$,do_cmd_study() new_spells>0 (cmd5.c:464),,M3
319,cmd5.c,464,You can learn <n> more prayers.,spell.study.remaining,self,low,^You\ can\ learn\ (?P<n>\d+)\ more\ prayers\.$,do_cmd_study() new_spells>0 (cmd5.c:464),,M3
320,cmd5.c,515,You cannot cast spells!,spell.cant.class_or_ghost,self,medium,^You\ cannot\ cast\ spells\!$,"do_cmd_cast(), if (p_ptr->cp_ptr->spell_book != TV_MAGIC_BOOK) (cmd5.c:513)",,M3
321,cmd5.c,522,You cannot cast spells!,spell.cant.class_or_ghost,self,medium,^You\ cannot\ cast\ spells\!$,"do_cmd_cast(), if ( (p_ptr->ghost || p_ptr->fruit_bat) && !is_dm_p(p_ptr) ) (cmd5.c:520)",,M3
322,cmd5.c,529,You cannot see!,item.use.cant_blind,self,high,^You\ cannot\ see\!$,do_cmd_cast(): p_ptr->blind || no_lite(p_ptr) (cmd5.c:529); no turn used,Sent for BLIND *or* no light (p_ptr->blind || no_lite) - same text for both.,M3
323,cmd5.c,536,You are too confused!,item.use.cant_confused,self,high,^You\ are\ too\ confused\!$,do_cmd_cast(): p_ptr->confused (cmd5.c:536); no turn used,,M3
324,cmd5.c,555,There's nothing on the floor.,item.use.nothing_on_floor,self,low,^There\'s\ nothing\ on\ the\ floor\.$,"do_cmd_cast(), if (book == 0) { (cmd5.c:554)",,M3
325,cmd5.c,590,You cannot project that spell.,spell.cant.project,self,low,^You\ cannot\ project\ that\ spell\.$,"do_cmd_cast(), if (!(get_spell_flag(o_ptr->tval, j, PY_SPELL_LEARNED, &item_tester) & PY_SPELL_PROJECT)) (cmd5.c:588)",,M3
326,cmd5.c,598,You cannot cast that spell.,spell.cant.not_learned,self,medium,^You\ cannot\ cast\ that\ spell\.$,"do_cmd_cast(), if (!spell_okay(p_ptr, j, 1)) (cmd5.c:596)",,M3
327,cmd5.c,608,You do not have enough mana.,spell.cant.no_mana,self,high,^You\ do\ not\ have\ enough\ mana\.$,"do_cmd_cast(), if (s_ptr->smana > p_ptr->csp) (cmd5.c:606)",,M3
328,cmd5.c,626,You failed to get the spell off!,spell.fail,self,high,^You\ failed\ to\ get\ the\ spell\ off\!$,do_cmd_cast(): randint0(100) < spell_chance (cmd5.c:626); mana spent and a turn used (do_cmd_cast_fin),,M3
329,cmd5.c,682,You faint from the effort!,status.paralyzed.on,self,high,^You\ faint\ from\ the\ effort\!$,"do_cmd_cast_fin(), else (cmd5.c:673)",,M3
330,cmd5.c,693,You have damaged your health!,stat.drain.con,self,high,^You\ have\ damaged\ your\ health\!$,"do_cmd_cast_fin(), if (randint0(100) < 50) (cmd5.c:688)",,M3
331,cmd5.c,742,Pray hard enough and your prayers may be answered.,spell.cant.class_or_ghost,self,medium,^Pray\ hard\ enough\ and\ your\ prayers\ may\ be\ answered\.$,"do_cmd_pray(), if (p_ptr->ghost || p_ptr->fruit_bat) (cmd5.c:740)",,M3
332,cmd5.c,749,Pray hard enough and your prayers may be answered.,spell.cant.class_or_ghost,self,medium,^Pray\ hard\ enough\ and\ your\ prayers\ may\ be\ answered\.$,"do_cmd_pray(), if (p_ptr->cp_ptr->spell_book != TV_PRAYER_BOOK) (cmd5.c:747)",,M3
333,cmd5.c,756,You cannot see!,item.use.cant_blind,self,high,^You\ cannot\ see\!$,do_cmd_pray(): p_ptr->blind || no_lite(p_ptr) (cmd5.c:756); no turn used,Sent for BLIND *or* no light (p_ptr->blind || no_lite) - same text for both.,M3
334,cmd5.c,763,You are too confused!,item.use.cant_confused,self,high,^You\ are\ too\ confused\!$,do_cmd_pray(): p_ptr->confused (cmd5.c:763); no turn used,,M3
335,cmd5.c,785,There's nothing on the floor.,item.use.nothing_on_floor,self,low,^There\'s\ nothing\ on\ the\ floor\.$,"do_cmd_pray(), if (item == 0) (cmd5.c:783)",,M3
336,cmd5.c,820,You cannot project that prayer.,spell.cant.project,self,low,^You\ cannot\ project\ that\ prayer\.$,"do_cmd_pray(), if (!(get_spell_flag(o_ptr->tval, j, PY_SPELL_LEARNED, &item_tester) & PY_SPELL_PROJECT)) (cmd5.c:818)",,M3
337,cmd5.c,828,You cannot pray that prayer.,spell.cant.not_learned,self,medium,^You\ cannot\ pray\ that\ prayer\.$,"do_cmd_pray(), if (!spell_okay(p_ptr, j, 1)) (cmd5.c:826)",,M3
338,cmd5.c,838,You do not have enough mana.,spell.cant.no_mana,self,high,^You\ do\ not\ have\ enough\ mana\.$,"do_cmd_pray(), if (s_ptr->smana > p_ptr->csp) (cmd5.c:836)",,M3
339,cmd5.c,856,You failed to concentrate hard enough!,spell.fail,self,high,^You\ failed\ to\ concentrate\ hard\ enough\!$,"do_cmd_pray(): randint0(100) < spell_chance (cmd5.c:856); mana spent, turn used",,M3
340,cmd5.c,924,You are too confused!,item.use.cant_confused,self,high,^You\ are\ too\ confused\!$,do_cmd_ghost_power(): p_ptr->confused (cmd5.c:924); no turn used,,M3
341,cmd5.c,944,You aren't powerful enough to use that ability.,spell.cant.ghost_level,self,low,^You\ aren\'t\ powerful\ enough\ to\ use\ that\ ability\.$,"do_cmd_ghost_power(), if (s_ptr->slevel > plev) (cmd5.c:941)",,M3
342,cmd6.c,78,You cannot eat food!,item.use.cant_ghost,self,medium,^You\ cannot\ eat\ food\!$,"do_cmd_eat_food(), if ( (p_ptr->ghost) && !(p_ptr->dm_flags & DM_GHOST_BODY) ) (cmd6.c:76)",,M3
343,cmd6.c,168,You cannot quaff potions!,item.use.cant_ghost,self,medium,^You\ cannot\ quaff\ potions\!$,"do_cmd_quaff_potion(), if ( (p_ptr->ghost || p_ptr->fruit_bat) && !(p_ptr->dm_flags & DM_GHOST_BODY) ) (cmd6.c:166)",,M3
344,cmd6.c,186,There's nothing on the floor.,item.use.nothing_on_floor,self,low,^There\'s\ nothing\ on\ the\ floor\.$,"do_cmd_quaff_potion(), if (item == 0) { (cmd6.c:185)",,M3
345,cmd6.c,272,You cannot read scrolls!,item.use.cant_ghost,self,medium,^You\ cannot\ read\ scrolls\!$,"do_cmd_read_scroll(), if ( (p_ptr->ghost || p_ptr->fruit_bat) && !(p_ptr->dm_flags & DM_GHOST_HANDS) ) (cmd6.c:270)",,M3
346,cmd6.c,277,You can't see anything.,item.use.cant_blind,self,high,^You\ can\'t\ see\ anything\.$,"do_cmd_read_scroll(): p_ptr->blind (cmd6.c:277); no turn used, scroll kept",,M3
347,cmd6.c,282,You have no light to read by.,item.use.cant_no_light,self,high,^You\ have\ no\ light\ to\ read\ by\.$,do_cmd_read_scroll(): no_lite(p_ptr) (cmd6.c:282); no turn used,,M3
348,cmd6.c,287,You are too confused!,item.use.cant_confused,self,high,^You\ are\ too\ confused\!$,do_cmd_read_scroll(): p_ptr->confused (cmd6.c:287); no turn used,,M3
349,cmd6.c,306,There's nothing on the floor.,item.use.nothing_on_floor,self,low,^There\'s\ nothing\ on\ the\ floor\.$,"do_cmd_read_scroll(), if (item == 0) { (cmd6.c:305)",,M3
350,cmd6.c,422,You cannot use staves!,item.use.cant_ghost,self,medium,^You\ cannot\ use\ staves\!$,"do_cmd_use_staff(), if ( (p_ptr->ghost || p_ptr->fruit_bat) && !(p_ptr->dm_flags & DM_GHOST_HANDS) ) (cmd6.c:420)",,M3
351,cmd6.c,440,There's nothing on the floor.,item.use.nothing_on_floor,self,low,^There\'s\ nothing\ on\ the\ floor\.$,"do_cmd_use_staff(), if (item == 0) { (cmd6.c:439)",,M3
352,cmd6.c,495,You failed to use the staff properly.,item.use.fail,self,high,^You\ failed\ to\ use\ the\ staff\ properly\.$,"do_cmd_use_staff(): device-skill roll failed (cmd6.c:490-496); turn used, no charge used; checked BEFORE the empty-charges test",,M3
353,cmd6.c,504,The staff has no charges left.,item.use.empty,self,high,^The\ staff\ has\ no\ charges\ left\.$,"do_cmd_use_staff(): o_ptr->pval <= 0, after the skill roll passed (cmd6.c:504); turn used; sets ID_EMPTY",,M3
354,cmd6.c,506,The staffs have no charges left.,item.use.empty,self,high,^The\ staffs\ have\ no\ charges\ left\.$,"do_cmd_use_staff(): o_ptr->pval <= 0, after the skill roll passed (cmd6.c:506); turn used; sets ID_EMPTY",,M3
355,cmd6.c,578,You unstack your staff.,item.unstack,self,low,^You\ unstack\ your\ staff\.$,"do_cmd_use_staff_discharge(), if ((item >= 0) && (o_ptr->number > 1)) (cmd6.c:563)",,M3
356,cmd6.c,635,You cannot aim wands!,item.use.cant_ghost,self,medium,^You\ cannot\ aim\ wands\!$,"do_cmd_aim_wand(), if ( (p_ptr->ghost || p_ptr->fruit_bat) && !(p_ptr->dm_flags & DM_GHOST_HANDS) ) (cmd6.c:633)",,M3
357,cmd6.c,653,There's nothing on the floor.,item.use.nothing_on_floor,self,low,^There\'s\ nothing\ on\ the\ floor\.$,"do_cmd_aim_wand(), if (item == 0) { (cmd6.c:652)",,M3
358,cmd6.c,733,You unstack your wand.,item.unstack,self,low,^You\ unstack\ your\ wand\.$,"do_cmd_aim_wand(), if ((item >= 0) && (o_ptr->number > 1)) (cmd6.c:718)",,M3
359,cmd6.c,788,You cannot zap rods!,item.use.cant_ghost,self,medium,^You\ cannot\ zap\ rods\!$,"do_cmd_zap_rod(), if ( (p_ptr->ghost || p_ptr->fruit_bat) && !(p_ptr->dm_flags & DM_GHOST_HANDS) ) (cmd6.c:786)",,M3
360,cmd6.c,806,There's nothing on the floor.,item.use.nothing_on_floor,self,low,^There\'s\ nothing\ on\ the\ floor\.$,"do_cmd_zap_rod(), if (item == 0) { (cmd6.c:805)",,M3
361,cmd6.c,898,You unstack your rod.,item.unstack,self,low,^You\ unstack\ your\ rod\.$,"do_cmd_zap_rod_discharge(), if ((item >= 0) && (o_ptr->number > 1)) (cmd6.c:883)",,M3
362,cmd6.c,946,You cannot activate items!,item.use.cant_ghost,self,medium,^You\ cannot\ activate\ items\!$,"do_cmd_activate(), if ( (p_ptr->ghost || p_ptr->fruit_bat) && !(p_ptr->dm_flags & DM_GHOST_BODY) ) (cmd6.c:944)",,M3
363,cmd6.c,961,There's nothing on the floor.,item.use.nothing_on_floor,self,low,^There\'s\ nothing\ on\ the\ floor\.$,"do_cmd_activate(), if (item == 0) { (cmd6.c:960)",,M3
364,cmd6.c,973,You cannot activate that item.,item.use.cant_activate,self,medium,^You\ cannot\ activate\ that\ item\.$,"do_cmd_activate(), if (!item_tester_hook_activate(p_ptr, o_ptr)) (cmd6.c:971)",,M3
365,cmd6.c,1005,You failed to activate it properly.,item.use.fail,self,high,^You\ failed\ to\ activate\ it\ properly\.$,"do_cmd_activate(), if ((chance < USE_DEVICE) || (randint1(chance) < USE_DEVICE)) (cmd6.c:1002)",,M3
366,cmd6.c,1043,You cannot refill potions!,item.use.cant_ghost,self,low,^You\ cannot\ refill\ potions\!$,"do_cmd_refill_potion(), if ( (p_ptr->ghost || p_ptr->fruit_bat) && !(p_ptr->dm_flags & DM_GHOST_BODY) ) (cmd6.c:1041)",,M3
367,cmd6.c,1061,There's nothing on the floor.,item.use.nothing_on_floor,self,low,^There\'s\ nothing\ on\ the\ floor\.$,"do_cmd_refill_potion(), if (item == 0) { (cmd6.c:1060)",,M3
368,cmd6.c,1128,The bottle shimmers and changes color.,item.refill_bottle,self,low,^The\ bottle\ shimmers\ and\ changes\ color\.$,"do_cmd_refill_potion(), else (cmd6.c:1124)",,M3
702,object2.c,2087,Artifact (<item>),none.dead_code,self,none,^$,NOT SENT: commented out / #if 0 at object2.c:2087,Compiled out; listed only because the extractor matched the call.,M3
703,object2.c,2094,Randart (<item>),none.dead_code,self,none,^$,NOT SENT: commented out / #if 0 at object2.c:2094,Compiled out; listed only because the extractor matched the call.,M3
704,object2.c,2101,Ego-item (<item>),none.dead_code,self,none,^$,NOT SENT: commented out / #if 0 at object2.c:2101,Compiled out; listed only because the extractor matched the call.,M3
705,object2.c,2108,Object (<item>),none.dead_code,self,none,^$,NOT SENT: commented out / #if 0 at object2.c:2108,Compiled out; listed only because the extractor matched the call.,M3
706,object2.c,3765,You feel something roll beneath your feet.,floor.item_under,self,medium,^You\ feel\ something\ roll\ beneath\ your\ feet\.$,"place_object(): an object is generated/dropped on the player's grid (object2.c:3765); in drop_near only if `chance` (i.e. monster drop, not player drop)",,M3
707,object2.c,3938,You feel something roll beneath your feet.,floor.item_under,self,medium,^You\ feel\ something\ roll\ beneath\ your\ feet\.$,"place_gold(): an object is generated/dropped on the player's grid (object2.c:3938); in drop_near only if `chance` (i.e. monster drop, not player drop)",,M3
708,object2.c,4062,The <item> crashes to the floor.,none.dead_code,self,none,^$,NOT SENT: commented out / #if 0 at object2.c:4062,Compiled out; listed only because the extractor matched the call.,M3
709,object2.c,4136,You feel something roll beneath your feet.,floor.item_under,self,medium,^You\ feel\ something\ roll\ beneath\ your\ feet\.$,"drop_near(): an object is generated/dropped on the player's grid (object2.c:4136); in drop_near only if `chance` (i.e. monster drop, not player drop)",,M3
710,object2.c,4151,The <item> disappear<item>.s,none.dead_code,self,none,^$,NOT SENT: commented out / #if 0 at object2.c:4151,Compiled out; listed only because the extractor matched the call.,M3
711,object2.c,4225,You have <n> charges remaining.,item.count.charges,self,medium,^You\ have\ (?P<n>\d+)\ charges\ remaining\.$,"inven_item_charges(), if (o_ptr->pval != 1) (object2.c:4222)",,M3
712,object2.c,4232,You have <n> charge remaining.,item.count.charges,self,medium,^You\ have\ (?P<n>\d+)\ charge\ remaining\.$,"inven_item_charges(), else (object2.c:4229)",,M3
713,object2.c,4250,You have <item>.,item.count,self,medium,^You\ have\ (?P<item>.+?)\.$,"inven_item_describe(), else (object2.c:4229)",,M3
714,object2.c,4393,There are <n> charges remaining.,none.dead_code,self,none,^$,NOT SENT: commented out / #if 0 at object2.c:4393,Compiled out; listed only because the extractor matched the call.,M3
715,object2.c,4400,There is <n> charge remaining.,none.dead_code,self,none,^$,NOT SENT: commented out / #if 0 at object2.c:4400,Compiled out; listed only because the extractor matched the call.,M3
716,object2.c,4415,You see <item>.,none.dead_code,self,none,^$,NOT SENT: commented out / #if 0 at object2.c:4415,Compiled out; listed only because the extractor matched the call.,M3
717,object2.c,4798,You combine some items in your pack.,inventory.combine,self,low,^You\ combine\ some\ items\ in\ your\ pack\.$,"combine_pack(), if (object_similar(p_ptr, j_ptr, o_ptr)) (object2.c:4761)",,M3
718,object2.c,4905,You reorder some items in your pack.,inventory.reorder,self,low,^You\ reorder\ some\ items\ in\ your\ pack\.$,"reorder_pack(), if (j >= i) continue; (object2.c:4879)",,M3
719,object2.c,5299,There is nothing on the floor.,item.use.nothing_on_floor,self,low,^There\ is\ nothing\ on\ the\ floor\.$,"player_get_item(), if (o_idx == 0) (object2.c:5297)",,M3
934,store.c,33,Okay.,store.haggle,self,low,^Okay\.$,say_comment_1() random of comment_1[] (store.c:33); the function is not called anywhere else in the extracted rows,Text is a random pick of 6.,M3
934,store.c,33,Fine.,store.haggle,self,low,^Fine\.$,say_comment_1() random of comment_1[] (store.c:33); the function is not called anywhere else in the extracted rows,Text is a random pick of 6.,M3
934,store.c,33,Accepted!,store.haggle,self,low,^Accepted\!$,say_comment_1() random of comment_1[] (store.c:33); the function is not called anywhere else in the extracted rows,Text is a random pick of 6.,M3
934,store.c,33,Agreed!,store.haggle,self,low,^Agreed\!$,say_comment_1() random of comment_1[] (store.c:33); the function is not called anywhere else in the extracted rows,Text is a random pick of 6.,M3
934,store.c,33,Done!,store.haggle,self,low,^Done\!$,say_comment_1() random of comment_1[] (store.c:33); the function is not called anywhere else in the extracted rows,Text is a random pick of 6.,M3
934,store.c,33,Taken!,store.haggle,self,low,^Taken\!$,say_comment_1() random of comment_1[] (store.c:33); the function is not called anywhere else in the extracted rows,Text is a random pick of 6.,M3
935,store.c,89,Arrgghh!,store.comment.worthless,self,low,^Arrgghh\!$,"store.c message() via purchase_analyze() (store.c:89, arrays store.c:42-76): price vs value comment ""worthless""",Type MSG_STORE1..4 by category.,M3
935,store.c,89,You bastard!,store.comment.worthless,self,low,^You\ bastard\!$,"store.c message() via purchase_analyze() (store.c:89, arrays store.c:42-76): price vs value comment ""worthless""",Type MSG_STORE1..4 by category.,M3
935,store.c,89,You hear someone sobbing...,store.comment.worthless,self,low,^You\ hear\ someone\ sobbing\.\.\.$,"store.c message() via purchase_analyze() (store.c:89, arrays store.c:42-76): price vs value comment ""worthless""",Type MSG_STORE1..4 by category.,M3
935,store.c,89,The shopkeeper howls in agony!,store.comment.worthless,self,low,^The\ shopkeeper\ howls\ in\ agony\!$,"store.c message() via purchase_analyze() (store.c:89, arrays store.c:42-76): price vs value comment ""worthless""",Type MSG_STORE1..4 by category.,M3
935,store.c,89,The shopkeeper wails in anguish!,store.comment.worthless,self,low,^The\ shopkeeper\ wails\ in\ anguish\!$,"store.c message() via purchase_analyze() (store.c:89, arrays store.c:42-76): price vs value comment ""worthless""",Type MSG_STORE1..4 by category.,M3
935,store.c,89,The shopkeeper beats his head against the counter.,store.comment.worthless,self,low,^The\ shopkeeper\ beats\ his\ head\ against\ the\ counter\.$,"store.c message() via purchase_analyze() (store.c:89, arrays store.c:42-76): price vs value comment ""worthless""",Type MSG_STORE1..4 by category.,M3
935,store.c,89,Damn!,store.comment.bad,self,low,^Damn\!$,"store.c message() via purchase_analyze() (store.c:89, arrays store.c:42-76): price vs value comment ""bad""",Type MSG_STORE1..4 by category.,M3
935,store.c,89,You fiend!,store.comment.bad,self,low,^You\ fiend\!$,"store.c message() via purchase_analyze() (store.c:89, arrays store.c:42-76): price vs value comment ""bad""",Type MSG_STORE1..4 by category.,M3
935,store.c,89,The shopkeeper curses at you.,store.comment.bad,self,low,^The\ shopkeeper\ curses\ at\ you\.$,"store.c message() via purchase_analyze() (store.c:89, arrays store.c:42-76): price vs value comment ""bad""",Type MSG_STORE1..4 by category.,M3
935,store.c,89,The shopkeeper glares at you.,store.comment.bad,self,low,^The\ shopkeeper\ glares\ at\ you\.$,"store.c message() via purchase_analyze() (store.c:89, arrays store.c:42-76): price vs value comment ""bad""",Type MSG_STORE1..4 by category.,M3
935,store.c,89,Cool!,store.comment.good,self,low,^Cool\!$,"store.c message() via purchase_analyze() (store.c:89, arrays store.c:42-76): price vs value comment ""good""",Type MSG_STORE1..4 by category.,M3
935,store.c,89,You've made my day!,store.comment.good,self,low,^You\'ve\ made\ my\ day\!$,"store.c message() via purchase_analyze() (store.c:89, arrays store.c:42-76): price vs value comment ""good""",Type MSG_STORE1..4 by category.,M3
935,store.c,89,The shopkeeper sniggers.,store.comment.good,self,low,^The\ shopkeeper\ sniggers\.$,"store.c message() via purchase_analyze() (store.c:89, arrays store.c:42-76): price vs value comment ""good""",Type MSG_STORE1..4 by category.,M3
935,store.c,89,The shopkeeper giggles.,store.comment.good,self,low,^The\ shopkeeper\ giggles\.$,"store.c message() via purchase_analyze() (store.c:89, arrays store.c:42-76): price vs value comment ""good""",Type MSG_STORE1..4 by category.,M3
935,store.c,89,The shopkeeper laughs loudly.,store.comment.good,self,low,^The\ shopkeeper\ laughs\ loudly\.$,"store.c message() via purchase_analyze() (store.c:89, arrays store.c:42-76): price vs value comment ""good""",Type MSG_STORE1..4 by category.,M3
935,store.c,89,Yipee!,store.comment.great,self,low,^Yipee\!$,"store.c message() via purchase_analyze() (store.c:89, arrays store.c:42-76): price vs value comment ""great""",Type MSG_STORE1..4 by category.,M3
935,store.c,89,I think I'll retire!,store.comment.great,self,low,^I\ think\ I\'ll\ retire\!$,"store.c message() via purchase_analyze() (store.c:89, arrays store.c:42-76): price vs value comment ""great""",Type MSG_STORE1..4 by category.,M3
935,store.c,89,The shopkeeper jumps for joy.,store.comment.great,self,low,^The\ shopkeeper\ jumps\ for\ joy\.$,"store.c message() via purchase_analyze() (store.c:89, arrays store.c:42-76): price vs value comment ""great""",Type MSG_STORE1..4 by category.,M3
935,store.c,89,The shopkeeper smiles gleefully.,store.comment.great,self,low,^The\ shopkeeper\ smiles\ gleefully\.$,"store.c message() via purchase_analyze() (store.c:89, arrays store.c:42-76): price vs value comment ""great""",Type MSG_STORE1..4 by category.,M3
935,store.c,89,Wow. I'm going to name my new villa in your honour.,store.comment.great,self,low,^Wow\.\ I\'m\ going\ to\ name\ my\ new\ villa\ in\ your\ honour\.$,"store.c message() via purchase_analyze() (store.c:89, arrays store.c:42-76): price vs value comment ""great""",Type MSG_STORE1..4 by category.,M3
936,store.c,1361,You instantly agree upon the price.,store.haggle,self,low,^You\ instantly\ agree\ upon\ the\ price\.$,"sell_haggle(), if (final_ask >= purse) (store.c:1358)",,M3
937,store.c,1362,,none.dead_code,self,none,^$,NOT SENT: commented out / #if 0 at store.c:1362,Compiled out; listed only because the extractor matched the call.,M3
938,store.c,1372,You eventually agree upon the price.,store.haggle,self,low,^You\ eventually\ agree\ upon\ the\ price\.$,"sell_haggle(), else if (noneed) (store.c:1369)",,M3
939,store.c,1373,,none.dead_code,self,none,^$,NOT SENT: commented out / #if 0 at store.c:1373,Compiled out; listed only because the extractor matched the call.,M3
940,store.c,1678,The shopkeeper retires.,store.stock_change,others,low,^The\ shopkeeper\ retires\.$,refresh_store() sends buf to players standing in that store; buf set at store.c:1905 / 1915,Sent to other players in the same store.,M3
940,store.c,1678,The shopkeeper brings out some new stock.,store.stock_change,others,low,^The\ shopkeeper\ brings\ out\ some\ new\ stock\.$,refresh_store() sends buf to players standing in that store; buf set at store.c:1905 / 1915,Sent to other players in the same store.,M3
941,store.c,1709,I am currently out of stock.,store.purchase.fail,self,low,^I\ am\ currently\ out\ of\ stock\.$,"store_purchase(), if (st != 8 && st_ptr->stock_num <= 0) (store.c:1707)",,M3
942,store.c,1716,You cannot buy from yourself.,store.purchase.fail,self,low,^You\ cannot\ buy\ from\ yourself\.$,"store_purchase(), if (st == 8 && house_owned_by(p_ptr, p_ptr->player_store_num)) (store.c:1714)",,M3
943,store.c,1724,"Sorry, this item is reserved.",store.purchase.fail,self,low,"^Sorry\,\ this\ item\ is\ reserved\.$","store_purchase(), if (!get_store_item(p_ptr, item, o_ptr) || CGI(o_ptr, 'p')) (store.c:1721)",,M3
944,store.c,1737,The shopkeeper is currently restocking.,store.purchase.fail,self,low,^The\ shopkeeper\ is\ currently\ restocking\.$,"store_purchase(), if (house_inside(Players[i], p_ptr->player_store_num)) (store.c:1733)",,M3
945,store.c,1772,You cannot carry that many items.,inventory.full,self,medium,^You\ cannot\ carry\ that\ many\ items\.$,"store_purchase(), if (!inven_carry_okay(p_ptr, &sell_obj)) (store.c:1770)",,M3
946,store.c,1785,"The shopkeeper rearranges his stock, preventing you from making a purchase.",store.purchase.fail,self,low,"^The\ shopkeeper\ rearranges\ his\ stock\,\ preventing\ you\ from\ making\ a\ purchase\.$","store_purchase(), if (price != offer) (store.c:1783)",,M3
947,store.c,1820,"Sorry, this item is reserved.",store.purchase.fail,self,low,"^Sorry\,\ this\ item\ is\ reserved\.$","store_purchase(), else (store.c:1816)",,M3
948,store.c,1847,You bought <item> for <n> gold.,store.bought,self,low,^You\ bought\ (?P<item>.+?)\ for\ (?P<n>\d+)\ gold\.$,"store_purchase(), if (st == 8) sell_obj.note = 0; (store.c:1841)",,M3
949,store.c,1871,You have <item> (<c>).,item.count,self,medium,^You\ have\ (?P<item>.+?)\ \((?P<c>.)\)\.$,"store_purchase(), if (st == 8) (store.c:1851)",,M3
950,store.c,1951,You do not have enough gold.,store.purchase.fail,self,low,^You\ do\ not\ have\ enough\ gold\.$,"store_purchase(), else (store.c:1948)",,M3
951,store.c,1999,I don't want that!,store.sell.fail,self,low,^I\ don\'t\ want\ that\!$,"store_sell(), if (!store_will_buy(p_ptr, o_ptr)) (store.c:1997)",,M3
952,store.c,2009,"Hmmm, it seems to be cursed.",none.dead_code,self,none,^$,NOT SENT: commented out / #if 0 at store.c:2009,Compiled out; listed only because the extractor matched the call.,M3
953,store.c,2045,Your home is full.,store.sell.fail,self,low,^Your\ home\ is\ full\.$,"store_sell(), if (!store_check_num(p_ptr->store_num, &sold_obj)) (store.c:2043)",,M3
954,store.c,2046,I have not the room in my store to keep it.,store.sell.fail,self,low,^I\ have\ not\ the\ room\ in\ my\ store\ to\ keep\ it\.$,"store_sell(): store full, non-home store branch (store.c:2046); home store prints ""Your home is full."" (store.c:2045)",,M3
955,store.c,2055,Selling <item> (<c>).,store.sell,self,low,^Selling\ (?P<item>.+?)\ \((?P<c>.)\)\.$,"store_sell(), if (p_ptr->store_num != 7) (store.c:2051)",,M3
956,store.c,2056,,none.dead_code,self,none,^$,NOT SENT: commented out / #if 0 at store.c:2056,Compiled out; listed only because the extractor matched the call.,M3
957,store.c,2167,You sold <item> for <n> gold.,store.sold,self,low,^You\ sold\ (?P<item>.+?)\ for\ (?P<n>\d+)\ gold\.$,"store_confirm(), if ((o_ptr->tval == TV_ROD) || (o_ptr->tval == TV_WAND) || (o_ptr->tval == TV_STAFF)) (store.c:2131)",,M3
958,store.c,2239,You see no store here.,store.enter.fail,self,low,^You\ see\ no\ store\ here\.$,"do_cmd_store(), if (!((c_ptr->feat >= FEAT_SHOP_HEAD) && (store.c:2236)",,M3
959,store.c,2249,The doors are locked.,store.enter.fail,self,low,^The\ doors\ are\ locked\.$,"do_cmd_store(), if (ht_passed(&store[which].store_open, &turn, 0)) (store.c:2247)",,M3
960,store.c,2266,The doors are locked.,store.enter.fail,self,low,^The\ doors\ are\ locked\.$,"do_cmd_store(), if (!same_player(p_ptr, Players[i]) && house_inside(Players[i], pstore)) (store.c:2264)",,M3
961,use-obj.c,13,(macro definition),none.macro_def,others,none,^$,use-obj.c:13: #define msg_* wrapper (msg_format_complex_near to nearby players); no text of its own,Each use is a separate row.,M3
962,use-obj.c,13,(macro definition),none.macro_def,others,none,^$,use-obj.c:13: #define msg_* wrapper (msg_format_complex_near to nearby players); no text of its own,Each use is a separate row.,M3
963,use-obj.c,198,That tastes good.,hunger.eat,self,low,^That\ tastes\ good\.$,"eat_food(), case SV_FOOD_SLIME_MOLD (use-obj.c:196)",,M3
964,use-obj.c,211,That tastes especially good.,hunger.eat,self,low,^That\ tastes\ especially\ good\.$,"eat_food(), case SV_FOOD_EAR_OF_CORN (use-obj.c:208)",,M3
965,use-obj.c,218,That tastes good.,hunger.eat,self,low,^That\ tastes\ good\.$,"eat_food(), case SV_FOOD_WAYBREAD (use-obj.c:216)",,M3
966,use-obj.c,228,That tastes good.,hunger.eat,self,low,^That\ tastes\ good\.$,"eat_food(), case SV_FOOD_PINT_OF_WINE (use-obj.c:226)",,M3
967,use-obj.c,250,You feel less thirsty.,potion.water,self,low,^You\ feel\ less\ thirsty\.$,"quaff_potion(), case SV_POTION_SLIME_MOLD (use-obj.c:248)",,M3
968,use-obj.c,263,The potion makes you vomit!,potion.salt_water,self,high,^The\ potion\ makes\ you\ vomit\!$,"quaff_potion(), case SV_POTION_SALT_WATER (use-obj.c:261)",,M3
969,use-obj.c,264,<name> vomits!,other.potion.vomit,others,low,^(?P<name>.+?)\ vomits\!$,"quaff_potion(), case SV_POTION_SALT_WATER (use-obj.c:261)",,M3
970,use-obj.c,324,You feel your memories fade.,exp.drain,self,high,^You\ feel\ your\ memories\ fade\.$,"quaff_potion(), if (!p_ptr->hold_life && (p_ptr->exp > 0)) (use-obj.c:322)",,M3
971,use-obj.c,333,Your nerves and muscles feel weak and lifeless!,potion.ruination,self,high,^Your\ nerves\ and\ muscles\ feel\ weak\ and\ lifeless\!$,"quaff_potion(), case SV_POTION_RUINATION (use-obj.c:331)",,M3
972,use-obj.c,383,Massive explosions rupture your body!,potion.detonation,self,high,^Massive\ explosions\ rupture\ your\ body\!$,"quaff_potion(), case SV_POTION_DETONATIONS (use-obj.c:381)",,M3
973,use-obj.c,384,<name> blows up!,other.potion.detonation,others,low,^(?P<name>.+?)\ blows\ up\!$,"quaff_potion(), case SV_POTION_DETONATIONS (use-obj.c:381)",,M3
974,use-obj.c,394,A feeling of Death flows through your body.,potion.death,self,high,^A\ feeling\ of\ Death\ flows\ through\ your\ body\.$,"quaff_potion(), case SV_POTION_DEATH (use-obj.c:392)",,M3
975,use-obj.c,536,You feel life flow through your body!,potion.life,self,high,^You\ feel\ life\ flow\ through\ your\ body\!$,"quaff_potion(), case SV_POTION_LIFE (use-obj.c:534)",,M3
976,use-obj.c,566,Your feel your head clear.,potion.restore_mana,self,medium,^Your\ feel\ your\ head\ clear\.$,"quaff_potion(), if (p_ptr->csp < p_ptr->msp) (use-obj.c:562)",,M3
977,use-obj.c,665,An image of your surroundings forms in your mind...,potion.enlightenment,self,low,^An\ image\ of\ your\ surroundings\ forms\ in\ your\ mind\.\.\.$,"quaff_potion(), case SV_POTION_ENLIGHTENMENT (use-obj.c:663)",,M3
978,use-obj.c,673,You begin to feel more enlightened...,potion.star_enlightenment,self,low,^You\ begin\ to\ feel\ more\ enlightened\.\.\.$,"quaff_potion(), case SV_POTION_STAR_ENLIGHTENMENT (use-obj.c:671)",,M3
979,use-obj.c,674,(NULL: no text),system.more_prompt,self,none,^\(NULL\:\ no\ text\)$,"quaff_potion(), case SV_POTION_STAR_ENLIGHTENMENT (use-obj.c:671); msg_print(p_ptr, NULL) = flush/-more- hack, no visible text",,M3
980,use-obj.c,691,You begin to know yourself a little better...,potion.self_knowledge,self,low,^You\ begin\ to\ know\ yourself\ a\ little\ better\.\.\.$,"quaff_potion(), case SV_POTION_SELF_KNOWLEDGE (use-obj.c:689)",,M3
981,use-obj.c,692,(NULL: no text),system.more_prompt,self,none,^\(NULL\:\ no\ text\)$,"quaff_potion(), case SV_POTION_SELF_KNOWLEDGE (use-obj.c:689); msg_print(p_ptr, NULL) = flush/-more- hack, no visible text",,M3
982,use-obj.c,704,You feel more experienced.,exp.gain,self,medium,^You\ feel\ more\ experienced\.$,"quaff_potion(), if (ee > 100000L) ee = 100000L; (use-obj.c:703)",,M3
983,use-obj.c,745,There is a high pitched humming noise.,scroll.aggravate,self,high,^There\ is\ a\ high\ pitched\ humming\ noise\.$,"read_scroll(), case SV_SCROLL_AGGRAVATE_MONSTER (use-obj.c:743)",,M3
984,use-obj.c,841,You feel as if someone is watching over you.,scroll.remove_curse,self,low,^You\ feel\ as\ if\ someone\ is\ watching\ over\ you\.$,"read_scroll(), if (remove_curse(p_ptr)) (use-obj.c:839)",,M3
985,use-obj.c,969,Your hands begin to glow.,scroll.monster_confusion,self,medium,^Your\ hands\ begin\ to\ glow\.$,"read_scroll(), if (p_ptr->confusing == 0) (use-obj.c:967)",,M3
986,use-obj.c,1057,You failed to read the scroll properly.,item.use.fail,self,medium,^You\ failed\ to\ read\ the\ scroll\ properly\.$,"read_scroll(), case SV_SCROLL_CREATE_ARTIFACT when player lacks DM_CAN_GENERATE (use-obj.c:1053-1057) - only for that scroll, not a general read failure",Scrolls have no random failure roll in 1.5.,M3
987,use-obj.c,1064,This is a scroll of house creation.,scroll.create_house,self,low,^This\ is\ a\ scroll\ of\ house\ creation\.$,"read_scroll(), case SV_SCROLL_CREATE_HOUSE (use-obj.c:1062)",,M3
988,use-obj.c,1126,<name> teleports away!,other.escape.teleport,others,low,^(?P<name>.+?)\ teleports\ away\!$,"use_staff(), case SV_STAFF_TELEPORTATION (use-obj.c:1124)",,M3
989,use-obj.c,1145,The staff glows blue for a moment...,staff.remove_curse,self,low,^The\ staff\ glows\ blue\ for\ a\ moment\.\.\.$,"use_staff(), if (!p_ptr->blind) (use-obj.c:1143)",,M3
990,use-obj.c,1156,The end of the staff glows brightly...,staff.starlite,self,low,^The\ end\ of\ the\ staff\ glows\ brightly\.\.\.$,"use_staff(), if (!p_ptr->blind) (use-obj.c:1154)",,M3
991,use-obj.c,1165,<name> calls light.,other.staff.use,others,low,^(?P<name>.+?)\ calls\ light\.$,"use_staff(), case SV_STAFF_LITE (use-obj.c:1163)",,M3
992,use-obj.c,1246,Your feel your head clear.,potion.restore_mana,self,medium,^Your\ feel\ your\ head\ clear\.$,"use_staff(), if (p_ptr->csp < p_ptr->msp) (use-obj.c:1241)",,M3
993,use-obj.c,1319,<name> causes the ground to shake!,other.staff.use,others,low,^(?P<name>.+?)\ causes\ the\ ground\ to\ shake\!$,"use_staff(), case SV_STAFF_EARTHQUAKES (use-obj.c:1317)",,M3
994,use-obj.c,1327,<name> unleashes great power!,other.staff.use,others,low,^(?P<name>.+?)\ unleashes\ great\ power\!$,"use_staff(), case SV_STAFF_DESTRUCTION (use-obj.c:1325)",,M3
995,use-obj.c,1374,You failed to use the wand properly.,item.use.fail,self,high,^You\ failed\ to\ use\ the\ wand\ properly\.$,"aim_wand(), if ((chance < USE_DEVICE) || (randint1(chance) < USE_DEVICE)) (use-obj.c:1371)",,M3
996,use-obj.c,1383,The wand has no charges left.,item.use.empty,self,high,^The\ wand\ has\ no\ charges\ left\.$,"aim_wand(), if (o_ptr->number == 1) (use-obj.c:1382)",,M3
997,use-obj.c,1385,The wands have no charges left.,item.use.empty,self,high,^The\ wands\ have\ no\ charges\ left\.$,"aim_wand(), else (use-obj.c:1384)",,M3
998,use-obj.c,1457,A line of blue shimmering light appears.,light.line,self,low,^A\ line\ of\ blue\ shimmering\ light\ appears\.$,"aim_wand(), case SV_WAND_LITE (use-obj.c:1455)",,M3
999,use-obj.c,1501,<name> fires a stinking cloud.,other.wand.fire,others,low,^(?P<name>.+?)\ fires\ a\ stinking\ cloud\.$,"aim_wand(), case SV_WAND_STINKING_CLOUD (use-obj.c:1499)",,M3
1000,use-obj.c,1509,<name> fires a magic missile.,other.wand.fire,others,low,^(?P<name>.+?)\ fires\ a\ magic\ missile\.$,"aim_wand(), case SV_WAND_MAGIC_MISSILE (use-obj.c:1507)",,M3
1001,use-obj.c,1517,<name> fires an acid bolt.,other.wand.fire,others,low,^(?P<name>.+?)\ fires\ an\ acid\ bolt\.$,"aim_wand(), case SV_WAND_ACID_BOLT (use-obj.c:1515)",,M3
1002,use-obj.c,1525,<name> fires a lightning bolt.,other.wand.fire,others,low,^(?P<name>.+?)\ fires\ a\ lightning\ bolt\.$,"aim_wand(), case SV_WAND_ELEC_BOLT (use-obj.c:1523)",,M3
1003,use-obj.c,1533,<name> fires a fire bolt.,other.wand.fire,others,low,^(?P<name>.+?)\ fires\ a\ fire\ bolt\.$,"aim_wand(), case SV_WAND_FIRE_BOLT (use-obj.c:1531)",,M3
1004,use-obj.c,1541,<name> fires a frost bolt.,other.wand.fire,others,low,^(?P<name>.+?)\ fires\ a\ frost\ bolt\.$,"aim_wand(), case SV_WAND_COLD_BOLT (use-obj.c:1539)",,M3
1005,use-obj.c,1549,<name> fires a ball of acid.,other.wand.fire,others,low,^(?P<name>.+?)\ fires\ a\ ball\ of\ acid\.$,"aim_wand(), case SV_WAND_ACID_BALL (use-obj.c:1547)",,M3
1006,use-obj.c,1557,<name> fires a ball of electricity.,other.wand.fire,others,low,^(?P<name>.+?)\ fires\ a\ ball\ of\ electricity\.$,"aim_wand(), case SV_WAND_ELEC_BALL (use-obj.c:1555)",,M3
1007,use-obj.c,1565,<name> fires a fire ball.,other.wand.fire,others,low,^(?P<name>.+?)\ fires\ a\ fire\ ball\.$,"aim_wand(), case SV_WAND_FIRE_BALL (use-obj.c:1563)",,M3
1008,use-obj.c,1573,<name> fires a frost ball.,other.wand.fire,others,low,^(?P<name>.+?)\ fires\ a\ frost\ ball\.$,"aim_wand(), case SV_WAND_COLD_BALL (use-obj.c:1571)",,M3
1009,use-obj.c,1581,Oops.  Wand of wonder activated.,wand.wonder,self,medium,^Oops\.\ \ Wand\ of\ wonder\ activated\.$,"aim_wand(), case SV_WAND_WONDER (use-obj.c:1579)",,M3
1010,use-obj.c,1587,<name> shoots dragon fire!,other.wand.fire,others,low,^(?P<name>.+?)\ shoots\ dragon\ fire\!$,"aim_wand(), case SV_WAND_DRAGON_FIRE (use-obj.c:1585)",,M3
1011,use-obj.c,1595,<name> shoots dragon frost!,other.wand.fire,others,low,^(?P<name>.+?)\ shoots\ dragon\ frost\!$,"aim_wand(), case SV_WAND_DRAGON_COLD (use-obj.c:1593)",,M3
1012,use-obj.c,1607,<name> shoots dragon acid!,other.wand.fire,others,low,^(?P<name>.+?)\ shoots\ dragon\ acid\!$,"aim_wand(), SV_WAND_DRAGON_BREATH random case 1 (use-obj.c:1605)",,M3
1013,use-obj.c,1614,<name> shoots dragon lightning!,other.wand.fire,others,low,^(?P<name>.+?)\ shoots\ dragon\ lightning\!$,"aim_wand(), SV_WAND_DRAGON_BREATH random case 2 (use-obj.c:1612)",,M3
1014,use-obj.c,1621,<name> shoots dragon fire!,other.wand.fire,others,low,^(?P<name>.+?)\ shoots\ dragon\ fire\!$,"aim_wand(), SV_WAND_DRAGON_BREATH random case 3 (use-obj.c:1619)",,M3
1015,use-obj.c,1628,<name> shoots dragon frost!,other.wand.fire,others,low,^(?P<name>.+?)\ shoots\ dragon\ frost\!$,"aim_wand(), SV_WAND_DRAGON_BREATH random case 4 (use-obj.c:1626)",,M3
1016,use-obj.c,1635,<name> shoots dragon poison!,other.wand.fire,others,low,^(?P<name>.+?)\ shoots\ dragon\ poison\!$,"aim_wand(), SV_WAND_DRAGON_BREATH random switch(randint1(5)) case 5 (use-obj.c:1635)",Wand of dragon breath picks one of 5 texts; fire/frost also appear as the fixed dragon-fire/dragon-frost wands.,M3
1017,use-obj.c,1699,You failed to use the rod properly.,item.use.fail,self,high,^You\ failed\ to\ use\ the\ rod\ properly\.$,"zap_rod(), if ((chance < USE_DEVICE) || (randint1(chance) < USE_DEVICE)) (use-obj.c:1696)",,M3
1018,use-obj.c,1713,The rod is still charging.,item.use.empty,self,high,^The\ rod\ is\ still\ charging\.$,zap_rod(): timeout > 0 (use-obj.c:1713),,M3
1019,use-obj.c,1715,The rods are all still charging.,item.use.empty,self,high,^The\ rods\ are\ all\ still\ charging\.$,"zap_rod(), else (use-obj.c:1714)",,M3
1020,use-obj.c,1754,<name> calls light.,other.rod.fire,others,low,^(?P<name>.+?)\ calls\ light\.$,"zap_rod(), case SV_ROD_ILLUMINATION (use-obj.c:1752)",,M3
1021,use-obj.c,1837,A line of blue shimmering light appears.,light.line,self,low,^A\ line\ of\ blue\ shimmering\ light\ appears\.$,"zap_rod(), case SV_ROD_LITE (use-obj.c:1835)",,M3
1022,use-obj.c,1869,<name> fires an acid bolt.,other.rod.fire,others,low,^(?P<name>.+?)\ fires\ an\ acid\ bolt\.$,"zap_rod(), case SV_ROD_ACID_BOLT (use-obj.c:1867)",,M3
1023,use-obj.c,1877,<name> fires a lightning bolt.,other.rod.fire,others,low,^(?P<name>.+?)\ fires\ a\ lightning\ bolt\.$,"zap_rod(), case SV_ROD_ELEC_BOLT (use-obj.c:1875)",,M3
1024,use-obj.c,1885,<name> fires a fire bolt.,other.rod.fire,others,low,^(?P<name>.+?)\ fires\ a\ fire\ bolt\.$,"zap_rod(), case SV_ROD_FIRE_BOLT (use-obj.c:1883)",,M3
1025,use-obj.c,1893,<name> fires a frost bolt.,other.rod.fire,others,low,^(?P<name>.+?)\ fires\ a\ frost\ bolt\.$,"zap_rod(), case SV_ROD_COLD_BOLT (use-obj.c:1891)",,M3
1026,use-obj.c,1901,<name> fires an acid ball.,other.rod.fire,others,low,^(?P<name>.+?)\ fires\ an\ acid\ ball\.$,"zap_rod(), case SV_ROD_ACID_BALL (use-obj.c:1899)",,M3
1027,use-obj.c,1909,<name> fires a lightning ball.,other.rod.fire,others,low,^(?P<name>.+?)\ fires\ a\ lightning\ ball\.$,"zap_rod(), case SV_ROD_ELEC_BALL (use-obj.c:1907)",,M3
1028,use-obj.c,1917,<name> fires a fire ball.,other.rod.fire,others,low,^(?P<name>.+?)\ fires\ a\ fire\ ball\.$,"zap_rod(), case SV_ROD_FIRE_BALL (use-obj.c:1915)",,M3
1029,use-obj.c,1925,<name> fires a frost ball.,other.rod.fire,others,low,^(?P<name>.+?)\ fires\ a\ frost\ ball\.$,"zap_rod(), case SV_ROD_COLD_BALL (use-obj.c:1923)",,M3
1030,use-obj.c,1957,"It whines, glows and fades...",item.use.empty,self,high,"^It\ whines\,\ glows\ and\ fades\.\.\.$","activate_object(), if (o_ptr->timeout) (use-obj.c:1955)",,M3
1031,use-obj.c,1962,You activate it...,item.activate.start,self,medium,^You\ activate\ it\.\.\.$,activate_object(): o_ptr->timeout == 0 (use-obj.c:1960); printed before every successful artifact/DSM/ring activation; type MSG_ACT_ARTIFACT,,M3
1032,use-obj.c,1977,The <item> wells with clear light...,item.activate.illumination,self,low,^The\ (?P<item>.+?)\ wells\ with\ clear\ light\.\.\.$,"activate_object(), case ACT_ILLUMINATION (use-obj.c:1975)",o_name = item name; text shared with other activations (see dispatch).,M3
1033,use-obj.c,1984,The <item> shines brightly...,item.activate.magic_map,self,low,^The\ (?P<item>.+?)\ shines\ brightly\.\.\.$,"activate_object(), case ACT_MAGIC_MAP (use-obj.c:1982)",o_name = item name; text shared with other activations (see dispatch).,M3
1034,use-obj.c,1991,The <item> glows a deep green...,item.activate.clairvoyance,self,low,^The\ (?P<item>.+?)\ glows\ a\ deep\ green\.\.\.$,"activate_object(), case ACT_CLAIRVOYANCE (use-obj.c:1989)",o_name = item name; text shared with other activations (see dispatch).,M3
1035,use-obj.c,2000,The <item> lets out a shrill wail...,item.activate.buff,self,medium,^The\ (?P<item>.+?)\ lets\ out\ a\ shrill\ wail\.\.\.$,"activate_object(), case ACT_PROT_EVIL (use-obj.c:1998)",o_name = item name; text shared with other activations (see dispatch).,M3
1036,use-obj.c,2008,The <item> floods the area with goodness...,item.activate.disp_evil,self,low,^The\ (?P<item>.+?)\ floods\ the\ area\ with\ goodness\.\.\.$,"activate_object(), case ACT_DISP_EVIL (use-obj.c:2006)",o_name = item name; text shared with other activations (see dispatch).,M3
1037,use-obj.c,2015,The <item> glows brightly...,item.activate.haste,self,medium,^The\ (?P<item>.+?)\ glows\ brightly\.\.\.$,"activate_object(), case ACT_HASTE2 (use-obj.c:2013)",o_name = item name; text shared with other activations (see dispatch).,M3
1038,use-obj.c,2029,The <item> glows deep red...,item.activate.fire3,self,low,^The\ (?P<item>.+?)\ glows\ deep\ red\.\.\.$,"activate_object(), case ACT_FIRE3 (use-obj.c:2027)",o_name = item name; text shared with other activations (see dispatch).,M3
1039,use-obj.c,2037,The <item> glows bright white...,item.activate.frost5,self,low,^The\ (?P<item>.+?)\ glows\ bright\ white\.\.\.$,"activate_object(), case ACT_FROST5 (use-obj.c:2035)",o_name = item name; text shared with other activations (see dispatch).,M3
1040,use-obj.c,2045,The <item> glows deep blue...,item.activate.elec2,self,low,^The\ (?P<item>.+?)\ glows\ deep\ blue\.\.\.$,"activate_object(), case ACT_ELEC2 (use-obj.c:2043)",o_name = item name; text shared with other activations (see dispatch).,M3
1041,use-obj.c,2053,The <item> glows intensely black...,item.activate.bizzare,self,low,^The\ (?P<item>.+?)\ glows\ intensely\ black\.\.\.$,"activate_object(), case ACT_BIZZARE (use-obj.c:2051)",o_name = item name; text shared with other activations (see dispatch).,M3
1042,use-obj.c,2062,Your <item> is surrounded by lightning...,item.activate.star_ball,self,low,^Your\ (?P<item>.+?)\ is\ surrounded\ by\ lightning\.\.\.$,"activate_object(), case ACT_STAR_BALL (use-obj.c:2060)",o_name = item name; text shared with other activations (see dispatch).,M3
1043,use-obj.c,2069,Your <item> glows many colours...,item.activate.buff,self,medium,^Your\ (?P<item>.+?)\ glows\ many\ colours\.\.\.$,"activate_object(), case ACT_RAGE_BLESS_RESIST (use-obj.c:2067)",o_name = item name; text shared with other activations (see dispatch).,M3
1044,use-obj.c,2084,Your <item> glows a bright white...,item.activate.heal,self,medium,^Your\ (?P<item>.+?)\ glows\ a\ bright\ white\.\.\.$,"activate_object(), case ACT_HEAL2 (use-obj.c:2082)",o_name = item name; text shared with other activations (see dispatch).,M3
1045,use-obj.c,2085,You feel much better...,item.activate.heal,self,medium,^You\ feel\ much\ better\.\.\.$,"activate_object(), case ACT_HEAL2 (use-obj.c:2082)",,M3
1046,use-obj.c,2093,Your <item> twists space around you...,escape.phase,self,high,^Your\ (?P<item>.+?)\ twists\ space\ around\ you\.\.\.$,"activate_object(), case ACT_PHASE (use-obj.c:2091)",,M3
1047,use-obj.c,2100,Your <item> glows deep blue...,item.activate.banish,self,low,^Your\ (?P<item>.+?)\ glows\ deep\ blue\.\.\.$,"activate_object(), case ACT_BANISHMENT (use-obj.c:2098)",o_name = item name; text shared with other activations (see dispatch).,M3
1048,use-obj.c,2107,Your <item> glows bright red...,item.activate.trap_door_dest,self,low,^Your\ (?P<item>.+?)\ glows\ bright\ red\.\.\.$,"activate_object(), case ACT_TRAP_DOOR_DEST (use-obj.c:2105)",o_name = item name; text shared with other activations (see dispatch).,M3
1049,use-obj.c,2114,Your <item> glows bright white...,item.activate.detect,self,low,^Your\ (?P<item>.+?)\ glows\ bright\ white\.\.\.$,"activate_object(), case ACT_DETECT (use-obj.c:2112)",o_name = item name; text shared with other activations (see dispatch).,M3
1050,use-obj.c,2115,An image forms in your mind...,item.activate.detect,self,low,^An\ image\ forms\ in\ your\ mind\.\.\.$,"activate_object(), case ACT_DETECT (use-obj.c:2112)",,M3
1051,use-obj.c,2122,Your <item> glows deep blue...,item.activate.heal,self,medium,^Your\ (?P<item>.+?)\ glows\ deep\ blue\.\.\.$,"activate_object(), case ACT_HEAL1 (use-obj.c:2120)",o_name = item name; text shared with other activations (see dispatch).,M3
1052,use-obj.c,2123,You feel a warm tingling inside...,item.activate.heal,self,medium,^You\ feel\ a\ warm\ tingling\ inside\.\.\.$,"activate_object(), case ACT_HEAL1 (use-obj.c:2120)",,M3
1053,use-obj.c,2131,Your <item> glows many colours...,item.activate.buff,self,medium,^Your\ (?P<item>.+?)\ glows\ many\ colours\.\.\.$,"activate_object(), case ACT_RESIST (use-obj.c:2129)",o_name = item name; text shared with other activations (see dispatch).,M3
1054,use-obj.c,2142,Your <item> glows deep blue...,item.activate.sleep,self,low,^Your\ (?P<item>.+?)\ glows\ deep\ blue\.\.\.$,"activate_object(), case ACT_SLEEP (use-obj.c:2140)",o_name = item name; text shared with other activations (see dispatch).,M3
1055,use-obj.c,2149,Your <item> glows bright yellow...,item.activate.recharge1,self,low,^Your\ (?P<item>.+?)\ glows\ bright\ yellow\.\.\.$,"activate_object(), case ACT_RECHARGE1 (use-obj.c:2147)",o_name = item name; text shared with other activations (see dispatch).,M3
1056,use-obj.c,2156,Your <item> twists space around you...,escape.teleport,self,high,^Your\ (?P<item>.+?)\ twists\ space\ around\ you\.\.\.$,"activate_object(), case ACT_TELEPORT (use-obj.c:2154)",,M3
1057,use-obj.c,2163,Your <item> glows a deep red...,item.activate.restore,self,medium,^Your\ (?P<item>.+?)\ glows\ a\ deep\ red\.\.\.$,"activate_object(), case ACT_RESTORE_LIFE (use-obj.c:2161)",o_name = item name; text shared with other activations (see dispatch).,M3
1058,use-obj.c,2170,Your <item> glows extremely brightly...,item.activate.missile,self,low,^Your\ (?P<item>.+?)\ glows\ extremely\ brightly\.\.\.$,"activate_object(), case ACT_MISSILE (use-obj.c:2168)",o_name = item name; text shared with other activations (see dispatch).,M3
1059,use-obj.c,2178,Your <item> is covered in fire...,item.activate.fire1,self,low,^Your\ (?P<item>.+?)\ is\ covered\ in\ fire\.\.\.$,"activate_object(), case ACT_FIRE1 (use-obj.c:2176)",o_name = item name; text shared with other activations (see dispatch).,M3
1060,use-obj.c,2186,Your <item> is covered in frost...,item.activate.frost1,self,low,^Your\ (?P<item>.+?)\ is\ covered\ in\ frost\.\.\.$,"activate_object(), case ACT_FROST1 (use-obj.c:2184)",o_name = item name; text shared with other activations (see dispatch).,M3
1061,use-obj.c,2194,Your <item> is covered in sparks...,item.activate.lightning_bolt,self,low,^Your\ (?P<item>.+?)\ is\ covered\ in\ sparks\.\.\.$,"activate_object(), case ACT_LIGHTNING_BOLT (use-obj.c:2192)",o_name = item name; text shared with other activations (see dispatch).,M3
1062,use-obj.c,2202,Your <item> is covered in acid...,item.activate.acid1,self,low,^Your\ (?P<item>.+?)\ is\ covered\ in\ acid\.\.\.$,"activate_object(), case ACT_ACID1 (use-obj.c:2200)",o_name = item name; text shared with other activations (see dispatch).,M3
1063,use-obj.c,2210,Your <item> grows magical spikes...,item.activate.arrow,self,low,^Your\ (?P<item>.+?)\ grows\ magical\ spikes\.\.\.$,"activate_object(), case ACT_ARROW (use-obj.c:2208)",o_name = item name; text shared with other activations (see dispatch).,M3
1064,use-obj.c,2218,Your <item> glows bright green...,item.activate.haste,self,medium,^Your\ (?P<item>.+?)\ glows\ bright\ green\.\.\.$,"activate_object(), case ACT_HASTE1 (use-obj.c:2216)",o_name = item name; text shared with other activations (see dispatch).,M3
1065,use-obj.c,2232,Your <item> glows deep blue...,item.activate.cure,self,medium,^Your\ (?P<item>.+?)\ glows\ deep\ blue\.\.\.$,"activate_object(), case ACT_REM_FEAR_POIS (use-obj.c:2230)",o_name = item name; text shared with other activations (see dispatch).,M3
1066,use-obj.c,2240,Your <item> throbs deep green...,item.activate.stinking_cloud,self,low,^Your\ (?P<item>.+?)\ throbs\ deep\ green\.\.\.$,"activate_object(), case ACT_STINKING_CLOUD (use-obj.c:2238)",o_name = item name; text shared with other activations (see dispatch).,M3
1067,use-obj.c,2248,Your <item> is covered in frost...,item.activate.frost2,self,low,^Your\ (?P<item>.+?)\ is\ covered\ in\ frost\.\.\.$,"activate_object(), case ACT_FROST2 (use-obj.c:2246)",o_name = item name; text shared with other activations (see dispatch).,M3
1068,use-obj.c,2256,Your <item> glows a pale blue...,item.activate.frost4,self,low,^Your\ (?P<item>.+?)\ glows\ a\ pale\ blue\.\.\.$,"activate_object(), case ACT_FROST4 (use-obj.c:2254)",o_name = item name; text shared with other activations (see dispatch).,M3
1069,use-obj.c,2264,Your <item> glows a intense blue...,item.activate.frost3,self,low,^Your\ (?P<item>.+?)\ glows\ a\ intense\ blue\.\.\.$,"activate_object(), case ACT_FROST3 (use-obj.c:2262)",o_name = item name; text shared with other activations (see dispatch).,M3
1070,use-obj.c,2272,Your <item> rages in fire...,item.activate.fire2,self,low,^Your\ (?P<item>.+?)\ rages\ in\ fire\.\.\.$,"activate_object(), case ACT_FIRE2 (use-obj.c:2270)",o_name = item name; text shared with other activations (see dispatch).,M3
1071,use-obj.c,2280,Your <item> glows black...,item.activate.drain_life2,self,low,^Your\ (?P<item>.+?)\ glows\ black\.\.\.$,"activate_object(), case ACT_DRAIN_LIFE2 (use-obj.c:2278)",o_name = item name; text shared with other activations (see dispatch).,M3
1072,use-obj.c,2288,Your <item> pulsates...,item.activate.stone_to_mud,self,low,^Your\ (?P<item>.+?)\ pulsates\.\.\.$,"activate_object(), case ACT_STONE_TO_MUD (use-obj.c:2286)",o_name = item name; text shared with other activations (see dispatch).,M3
1073,use-obj.c,2296,"Your <item> lets out a long, shrill note...",item.activate.banish,self,low,"^Your\ (?P<item>.+?)\ lets\ out\ a\ long\,\ shrill\ note\.\.\.$","activate_object(), case ACT_MASS_BANISHMENT (use-obj.c:2294)",o_name = item name; text shared with other activations (see dispatch).,M3
1074,use-obj.c,2303,Your <item> radiates deep purple...,item.activate.heal,self,medium,^Your\ (?P<item>.+?)\ radiates\ deep\ purple\.\.\.$,"activate_object(), case ACT_CURE_WOUNDS (use-obj.c:2301)",o_name = item name; text shared with other activations (see dispatch).,M3
1075,use-obj.c,2311,Your <item> glows deep red...,item.activate.tele_away,self,low,^Your\ (?P<item>.+?)\ glows\ deep\ red\.\.\.$,"activate_object(), case ACT_TELE_AWAY (use-obj.c:2309)",o_name = item name; text shared with other activations (see dispatch).,M3
1076,use-obj.c,2319,Your <item> glows soft white...,escape.recall_start,self,high,^Your\ (?P<item>.+?)\ glows\ soft\ white\.\.\.$,"activate_object(), case ACT_WOR (use-obj.c:2317)",,M3
1077,use-obj.c,2326,Your <item> glows in scintillating colours...,item.activate.confuse,self,low,^Your\ (?P<item>.+?)\ glows\ in\ scintillating\ colours\.\.\.$,"activate_object(), case ACT_CONFUSE (use-obj.c:2324)",o_name = item name; text shared with other activations (see dispatch).,M3
1078,use-obj.c,2334,Your <item> glows yellow...,item.activate.identify,self,low,^Your\ (?P<item>.+?)\ glows\ yellow\.\.\.$,"activate_object(), case ACT_IDENTIFY (use-obj.c:2332)",o_name = item name; text shared with other activations (see dispatch).,M3
1079,use-obj.c,2341,Your <item> glows brightly...,item.activate.probe,self,low,^Your\ (?P<item>.+?)\ glows\ brightly\.\.\.$,"activate_object(), case ACT_PROBE (use-obj.c:2339)",o_name = item name; text shared with other activations (see dispatch).,M3
1080,use-obj.c,2348,Your <item> glows white...,item.activate.drain_life1,self,low,^Your\ (?P<item>.+?)\ glows\ white\.\.\.$,"activate_object(), case ACT_DRAIN_LIFE1 (use-obj.c:2346)",o_name = item name; text shared with other activations (see dispatch).,M3
1081,use-obj.c,2356,Your <item> glows deep red...,item.activate.firebrand,self,low,^Your\ (?P<item>.+?)\ glows\ deep\ red\.\.\.$,"activate_object(), case ACT_FIREBRAND (use-obj.c:2354)",o_name = item name; text shared with other activations (see dispatch).,M3
1082,use-obj.c,2363,Your <item> glows with the light of a thousand stars...,item.activate.starlight,self,low,^Your\ (?P<item>.+?)\ glows\ with\ the\ light\ of\ a\ thousand\ stars\.\.\.$,"activate_object(), case ACT_STARLIGHT (use-obj.c:2361)",o_name = item name; text shared with other activations (see dispatch).,M3
1083,use-obj.c,2370,Your <item> glows white...,item.activate.mana_bolt,self,low,^Your\ (?P<item>.+?)\ glows\ white\.\.\.$,"activate_object(), case ACT_MANA_BOLT (use-obj.c:2368)",o_name = item name; text shared with other activations (see dispatch).,M3
1084,use-obj.c,2378,Your <item> glows in anger...,item.activate.buff,self,medium,^Your\ (?P<item>.+?)\ glows\ in\ anger\.\.\.$,"activate_object(), case ACT_BERSERKER (use-obj.c:2376)",o_name = item name; text shared with other activations (see dispatch).,M3
1085,use-obj.c,2400,Your cloak flashes many colors...,item.activate.cloak,self,low,^Your\ cloak\ flashes\ many\ colors\.\.\.$,"activate_object(), case EGO_CLOAK_LORDLY_RES (use-obj.c:2398)",,M3
1086,use-obj.c,2432,You breathe lightning.,item.activate.breathe,self,low,^You\ breathe\ lightning\.$,"activate_object(), case SV_DRAGON_BLUE (use-obj.c:2429)",,M3
1087,use-obj.c,2441,You breathe frost.,item.activate.breathe,self,low,^You\ breathe\ frost\.$,"activate_object(), case SV_DRAGON_WHITE (use-obj.c:2438)",,M3
1088,use-obj.c,2450,You breathe acid.,item.activate.breathe,self,low,^You\ breathe\ acid\.$,"activate_object(), case SV_DRAGON_BLACK (use-obj.c:2447)",,M3
1089,use-obj.c,2459,You breathe poison gas.,item.activate.breathe,self,low,^You\ breathe\ poison\ gas\.$,"activate_object(), case SV_DRAGON_GREEN (use-obj.c:2456)",,M3
1090,use-obj.c,2468,You breathe fire.,item.activate.breathe,self,low,^You\ breathe\ fire\.$,"activate_object(), case SV_DRAGON_RED (use-obj.c:2465)",,M3
1091,use-obj.c,2481,You breathe lightning.,item.activate.breathe,self,low,^You\ breathe\ lightning\.$,"activate_object(), SV_DRAGON_MULTIHUED random (use-obj.c:2481)",Random of 5.,M3
1091,use-obj.c,2481,You breathe frost.,item.activate.breathe,self,low,^You\ breathe\ frost\.$,"activate_object(), SV_DRAGON_MULTIHUED random (use-obj.c:2481)",Random of 5.,M3
1091,use-obj.c,2481,You breathe acid.,item.activate.breathe,self,low,^You\ breathe\ acid\.$,"activate_object(), SV_DRAGON_MULTIHUED random (use-obj.c:2481)",Random of 5.,M3
1091,use-obj.c,2481,You breathe poison gas.,item.activate.breathe,self,low,^You\ breathe\ poison\ gas\.$,"activate_object(), SV_DRAGON_MULTIHUED random (use-obj.c:2481)",Random of 5.,M3
1091,use-obj.c,2481,You breathe fire.,item.activate.breathe,self,low,^You\ breathe\ fire\.$,"activate_object(), SV_DRAGON_MULTIHUED random (use-obj.c:2481)",Random of 5.,M3
1092,use-obj.c,2498,You breathe confusion.,item.activate.breathe,self,low,^You\ breathe\ confusion\.$,"activate_object(), case SV_DRAGON_BRONZE (use-obj.c:2495)",,M3
1093,use-obj.c,2507,You breathe sound.,item.activate.breathe,self,low,^You\ breathe\ sound\.$,"activate_object(), case SV_DRAGON_GOLD (use-obj.c:2504)",,M3
1094,use-obj.c,2517,You breathe chaos.,item.activate.breathe,self,low,^You\ breathe\ chaos\.$,"activate_object(), SV_DRAGON_CHAOS (use-obj.c:2517)",Random of 2.,M3
1094,use-obj.c,2517,You breathe disenchantment.,item.activate.breathe,self,low,^You\ breathe\ disenchantment\.$,"activate_object(), SV_DRAGON_CHAOS (use-obj.c:2517)",Random of 2.,M3
1095,use-obj.c,2529,You breathe sound.,item.activate.breathe,self,low,^You\ breathe\ sound\.$,"activate_object(), SV_DRAGON_LAW (use-obj.c:2529)",Random of 2.,M3
1095,use-obj.c,2529,You breathe shards.,item.activate.breathe,self,low,^You\ breathe\ shards\.$,"activate_object(), SV_DRAGON_LAW (use-obj.c:2529)",Random of 2.,M3
1096,use-obj.c,2540,You breathe chaos.,item.activate.breathe,self,low,^You\ breathe\ chaos\.$,"activate_object(), SV_DRAGON_BALANCE (use-obj.c:2540)",Random of 4.,M3
1096,use-obj.c,2540,You breathe disenchantment.,item.activate.breathe,self,low,^You\ breathe\ disenchantment\.$,"activate_object(), SV_DRAGON_BALANCE (use-obj.c:2540)",Random of 4.,M3
1096,use-obj.c,2540,You breathe sound.,item.activate.breathe,self,low,^You\ breathe\ sound\.$,"activate_object(), SV_DRAGON_BALANCE (use-obj.c:2540)",Random of 4.,M3
1096,use-obj.c,2540,You breathe shards.,item.activate.breathe,self,low,^You\ breathe\ shards\.$,"activate_object(), SV_DRAGON_BALANCE (use-obj.c:2540)",Random of 4.,M3
1097,use-obj.c,2556,You breathe light.,item.activate.breathe,self,low,^You\ breathe\ light\.$,"activate_object(), SV_DRAGON_SHINING (use-obj.c:2556)",Random of 2.,M3
1097,use-obj.c,2556,You breathe darkness.,item.activate.breathe,self,low,^You\ breathe\ darkness\.$,"activate_object(), SV_DRAGON_SHINING (use-obj.c:2556)",Random of 2.,M3
1098,use-obj.c,2566,You breathe the elements.,item.activate.breathe,self,low,^You\ breathe\ the\ elements\.$,"activate_object(), case SV_DRAGON_POWER (use-obj.c:2563)",,M3
1099,use-obj.c,2580,Your amulet glows a deep blue...,item.activate.amulet_moon,self,low,^Your\ amulet\ glows\ a\ deep\ blue\.\.\.$,"activate_object(), if ((o_ptr->tval == TV_AMULET) && (o_ptr->sval == SV_AMULET_THE_MOON)) (use-obj.c:2578)",,M3
1100,use-obj.c,2641,Oops.  That object cannot be activated.,item.use.cant_activate,self,medium,^Oops\.\ \ That\ object\ cannot\ be\ activated\.$,"activate_object(), case SV_RING_LIGHTNING (use-obj.c:2624)",,M3
1142,x-spell.c,1101,You feel a surge of power!,spell.wonder,self,low,^You\ feel\ a\ surge\ of\ power\!$,"spell_wonder(), if (die > 100) (x-spell.c:1100)",,M3
1143,x-spell.c,1143,(macro definition),none.macro_def,others,none,^$,x-spell.c:1143: #define msg_* wrapper (msg_format_complex_near to nearby players); no text of its own,Each use is a separate row.,M3
1144,x-spell.c,1143,(macro definition),none.macro_def,others,none,^$,x-spell.c:1143: #define msg_* wrapper (msg_format_complex_near to nearby players); no text of its own,Each use is a separate row.,M3
1145,x-spell.c,1172,<name> fires a magic missile.,other.cast,others,low,^(?P<name>.+?)\ fires\ a\ magic\ missile\.$,"cast_mage_spell(), if (!get_aim_dir(p_ptr, &dir)) return (FALSE); (x-spell.c:1171)",,M3
1146,x-spell.c,1186,<name> blinks away!,other.escape.phase,others,low,^(?P<name>.+?)\ blinks\ away\!$,"cast_mage_spell(), case SPELL_PHASE_DOOR (x-spell.c:1184)",,M3
1147,x-spell.c,1229,<name> casts a stinking cloud.,other.cast,others,low,^(?P<name>.+?)\ casts\ a\ stinking\ cloud\.$,"cast_mage_spell(), if (!get_aim_dir(p_ptr, &dir)) return (FALSE); (x-spell.c:1228)",,M3
1148,x-spell.c,1237,<name> makes a complicated gesture.,other.cast,others,low,^(?P<name>.+?)\ makes\ a\ complicated\ gesture\.$,"cast_mage_spell(), if (!get_aim_dir(p_ptr, &dir)) return (FALSE); (x-spell.c:1236)",,M3
1149,x-spell.c,1245,<name> casts a lightning bolt.,other.cast,others,low,^(?P<name>.+?)\ casts\ a\ lightning\ bolt\.$,"cast_mage_spell(), if (!get_aim_dir(p_ptr, &dir)) return (FALSE); (x-spell.c:1244)",,M3
1150,x-spell.c,1260,<name> gestures and mumbles calmly.,other.cast,others,low,^(?P<name>.+?)\ gestures\ and\ mumbles\ calmly\.$,"cast_mage_spell(), if (!get_aim_dir(p_ptr, &dir)) return (FALSE); (x-spell.c:1259)",,M3
1151,x-spell.c,1273,<name> teleports away!,other.escape.teleport,others,low,^(?P<name>.+?)\ teleports\ away\!$,"cast_mage_spell(), case SPELL_TELEPORT_SELF (x-spell.c:1271)",,M3
1152,x-spell.c,1281,A line of blue shimmering light appears.,light.line,self,low,^A\ line\ of\ blue\ shimmering\ light\ appears\.$,"cast_mage_spell(), SPELL_SPEAR_OF_LIGHT after aim direction chosen (x-spell.c:1281)","Same text as wand/rod of light (use-obj.c:1457,1837).",M3
1153,x-spell.c,1282,A line of blue shimmering light appears out of <name>'s hands.,other.cast,others,low,^A\ line\ of\ blue\ shimmering\ light\ appears\ out\ of\ (?P<name>.+?)\'s\ hands\.$,"cast_mage_spell(), SPELL_SPEAR_OF_LIGHT after aim direction chosen (x-spell.c:1282)",Companion of self message at x-spell.c:1281.,M3
1154,x-spell.c,1290,<name> casts a frost bolt.,other.cast,others,low,^(?P<name>.+?)\ casts\ a\ frost\ bolt\.$,"cast_mage_spell(), if (!get_aim_dir(p_ptr, &dir)) return (FALSE); (x-spell.c:1289)",,M3
1155,x-spell.c,1299,<name> makes a moving gesture.,other.cast,others,low,^(?P<name>.+?)\ makes\ a\ moving\ gesture\.$,"cast_mage_spell(), if (!get_aim_dir(p_ptr, &dir)) return (FALSE); (x-spell.c:1298)",,M3
1156,x-spell.c,1325,<name> discharges an everchanging blast of energy.,other.cast,others,low,^(?P<name>.+?)\ discharges\ an\ everchanging\ blast\ of\ energy\.$,"cast_mage_spell(), if (!get_aim_dir(p_ptr, &dir)) return (FALSE); (x-spell.c:1324)",,M3
1157,x-spell.c,1344,<name> casts a fire bolt.,other.cast,others,low,^(?P<name>.+?)\ casts\ a\ fire\ bolt\.$,"cast_mage_spell(), if (!get_aim_dir(p_ptr, &dir)) return (FALSE); (x-spell.c:1343)",,M3
1158,x-spell.c,1353,<name> makes a lengthy gesture.,other.cast,others,low,^(?P<name>.+?)\ makes\ a\ lengthy\ gesture\.$,"cast_mage_spell(), if (!get_aim_dir(p_ptr, &dir)) return (FALSE); (x-spell.c:1352)",,M3
1159,x-spell.c,1361,<name> casts a frost ball.,other.cast,others,low,^(?P<name>.+?)\ casts\ a\ frost\ ball\.$,"cast_mage_spell(), if (!get_aim_dir(p_ptr, &dir)) return (FALSE); (x-spell.c:1360)",,M3
1160,x-spell.c,1374,<name> makes a rush gesture.,other.cast,others,low,^(?P<name>.+?)\ makes\ a\ rush\ gesture\.$,"cast_mage_spell(), if (!get_aim_dir(p_ptr, &dir)) return (FALSE); (x-spell.c:1373)",,M3
1161,x-spell.c,1382,<name> creates confusion.,other.cast,others,low,^(?P<name>.+?)\ creates\ confusion\.$,"cast_mage_spell(), if (!get_aim_dir(p_ptr, &dir)) return (FALSE); (x-spell.c:1381)",,M3
1162,x-spell.c,1390,<name> casts a fire ball.,other.cast,others,low,^(?P<name>.+?)\ casts\ a\ fire\ ball\.$,"cast_mage_spell(), if (!get_aim_dir(p_ptr, &dir)) return (FALSE); (x-spell.c:1389)",,M3
1163,x-spell.c,1397,<name> unleashes great power!,other.cast,others,low,^(?P<name>.+?)\ unleashes\ great\ power\!$,"cast_mage_spell(), case SPELL_WORD_OF_DESTRUCTION (x-spell.c:1395)",,M3
1164,x-spell.c,1428,"<name> casts a spell, and the ground shakes!",other.cast,others,low,"^(?P<name>.+?)\ casts\ a\ spell\,\ and\ the\ ground\ shakes\!$","cast_mage_spell(), case SPELL_EARTHQUAKE (x-spell.c:1426)",,M3
1165,x-spell.c,1443,<name> casts an acid bolt.,other.cast,others,low,^(?P<name>.+?)\ casts\ an\ acid\ bolt\.$,"cast_mage_spell(), if (!get_aim_dir(p_ptr, &dir)) return (FALSE); (x-spell.c:1442)",,M3
1166,x-spell.c,1451,<name> casts a cloud of death.,other.cast,others,low,^(?P<name>.+?)\ casts\ a\ cloud\ of\ death\.$,"cast_mage_spell(), if (!get_aim_dir(p_ptr, &dir)) return (FALSE); (x-spell.c:1450)",,M3
1167,x-spell.c,1459,<name> casts an acid ball.,other.cast,others,low,^(?P<name>.+?)\ casts\ an\ acid\ ball\.$,"cast_mage_spell(), if (!get_aim_dir(p_ptr, &dir)) return (FALSE); (x-spell.c:1458)",,M3
1168,x-spell.c,1467,<name> invokes an ice storm.,other.cast,others,low,^(?P<name>.+?)\ invokes\ an\ ice\ storm\.$,"cast_mage_spell(), if (!get_aim_dir(p_ptr, &dir)) return (FALSE); (x-spell.c:1466)",,M3
1169,x-spell.c,1475,<name> casts a meteor shower.,other.cast,others,low,^(?P<name>.+?)\ casts\ a\ meteor\ shower\.$,"cast_mage_spell(), if (!get_aim_dir(p_ptr, &dir)) return (FALSE); (x-spell.c:1474)",,M3
1170,x-spell.c,1483,<name> casts a mana ball.,other.cast,others,low,^(?P<name>.+?)\ casts\ a\ mana\ ball\.$,"cast_mage_spell(), if (!get_aim_dir(p_ptr, &dir)) return (FALSE); (x-spell.c:1482)",,M3
1171,x-spell.c,1502,<name> casts a shock wave.,other.cast,others,low,^(?P<name>.+?)\ casts\ a\ shock\ wave\.$,"cast_mage_spell(), if (!get_aim_dir(p_ptr, &dir)) return (FALSE); (x-spell.c:1501)",,M3
1172,x-spell.c,1510,<name> casts an explosion.,other.cast,others,low,^(?P<name>.+?)\ casts\ an\ explosion\.$,"cast_mage_spell(), if (!get_aim_dir(p_ptr, &dir)) return (FALSE); (x-spell.c:1509)",,M3
1173,x-spell.c,1567,<name> forms a mystic shield.,other.cast,others,low,^(?P<name>.+?)\ forms\ a\ mystic\ shield\.$,"cast_mage_spell(), case SPELL_SHIELD (x-spell.c:1565)",,M3
1174,x-spell.c,1574,<name> enters a battle rage!,other.cast,others,low,^(?P<name>.+?)\ enters\ a\ battle\ rage\!$,"cast_mage_spell(), case SPELL_BERSERKER (x-spell.c:1572)",,M3
1175,x-spell.c,1583,<name> starts moving faster.,other.cast,others,low,^(?P<name>.+?)\ starts\ moving\ faster\.$,"cast_mage_spell(), case SPELL_HASTE_SELF (x-spell.c:1581)",,M3
1176,x-spell.c,1598,Space warps in a beam from <name>.,other.cast,others,low,^Space\ warps\ in\ a\ beam\ from\ (?P<name>.+?)\.$,"cast_mage_spell(), if (!get_aim_dir(p_ptr, &dir)) return (FALSE); (x-spell.c:1597)",,M3
1177,x-spell.c,1606,<name> casts a nether ball.,other.cast,others,low,^(?P<name>.+?)\ casts\ a\ nether\ ball\.$,"cast_mage_spell(), if (!get_aim_dir(p_ptr, &dir)) return (FALSE); (x-spell.c:1605)",,M3
1178,x-spell.c,1614,<name> casts a ball of chaos.,other.cast,others,low,^(?P<name>.+?)\ casts\ a\ ball\ of\ chaos\.$,"cast_mage_spell(), if (!get_aim_dir(p_ptr, &dir)) return (FALSE); (x-spell.c:1613)",,M3
1179,x-spell.c,1623,<name> lays down a rune of protection.,other.cast,others,low,^(?P<name>.+?)\ lays\ down\ a\ rune\ of\ protection\.$,"cast_mage_spell(), if (warding_glyph(p_ptr)) (x-spell.c:1621)",,M3
1180,x-spell.c,1644,(macro definition),none.macro_def,others,none,^$,x-spell.c:1644: #define msg_* wrapper (msg_format_complex_near to nearby players); no text of its own,Each use is a separate row.,M3
1181,x-spell.c,1644,(macro definition),none.macro_def,others,none,^$,x-spell.c:1644: #define msg_* wrapper (msg_format_complex_near to nearby players); no text of its own,Each use is a separate row.,M3
1182,x-spell.c,1692,<name> calls light.,other.cast,others,low,^(?P<name>.+?)\ calls\ light\.$,"cast_priest_spell(), case PRAYER_CALL_LIGHT (x-spell.c:1690)",,M3
1183,x-spell.c,1725,<name> blinks away!,other.escape.phase,others,low,^(?P<name>.+?)\ blinks\ away\!$,"cast_priest_spell(), case PRAYER_PORTAL (x-spell.c:1723)",,M3
1184,x-spell.c,1752,"For a brief moment, <name> is enclosed by a deep blue aura.",other.cast,others,low,"^For\ a\ brief\ moment\,\ (?P<name>.+?)\ is\ enclosed\ by\ a\ deep\ blue\ aura\.$","cast_priest_spell(), case PRAYER_SANCTUARY (x-spell.c:1750)",,M3
1185,x-spell.c,1785,<name> fires a holy orb!,other.cast,others,low,^(?P<name>.+?)\ fires\ a\ holy\ orb\!$,"cast_priest_spell(), if (!get_aim_dir(p_ptr, &dir)) return (FALSE); (x-spell.c:1784)",,M3
1186,x-spell.c,1821,"<name> murmurs, and the ground shakes!",other.cast,others,low,"^(?P<name>.+?)\ murmurs\,\ and\ the\ ground\ shakes\!$","cast_priest_spell(), case PRAYER_EARTHQUAKE (x-spell.c:1819)",,M3
1187,x-spell.c,1849,<name> tries to turn undead.,other.cast,others,low,^(?P<name>.+?)\ tries\ to\ turn\ undead\.$,"cast_priest_spell(), case PRAYER_TURN_UNDEAD (x-spell.c:1847)",,M3
1188,x-spell.c,1862,<name> dispells undead.,other.cast,others,low,^(?P<name>.+?)\ dispells\ undead\.$,"cast_priest_spell(), case PRAYER_DISPEL_UNDEAD (x-spell.c:1860)",,M3
1189,x-spell.c,1884,<name> dispells evil.,other.cast,others,low,^(?P<name>.+?)\ dispells\ evil\.$,"cast_priest_spell(), case PRAYER_DISPEL_EVIL (x-spell.c:1882)",,M3
1190,x-spell.c,1893,<name> lays down a glyph of warding.,other.cast,others,low,^(?P<name>.+?)\ lays\ down\ a\ glyph\ of\ warding\.$,"cast_priest_spell(), if (warding_glyph(p_ptr)) (x-spell.c:1891)",,M3
1191,x-spell.c,1900,<name> shouts the holy word.,other.cast,others,low,^(?P<name>.+?)\ shouts\ the\ holy\ word\.$,"cast_priest_spell(), case PRAYER_HOLY_WORD (x-spell.c:1898)",,M3
1192,x-spell.c,1935,An image of your surroundings forms in your mind...,other.cast,others,low,^An\ image\ of\ your\ surroundings\ forms\ in\ your\ mind\.\.\.$,"cast_priest_spell(), case PRAYER_CLAIRVOYANCE (x-spell.c:1933)",,M3
1193,x-spell.c,2009,<name> dispells undead.,other.cast,others,low,^(?P<name>.+?)\ dispells\ undead\.$,"cast_priest_spell(), case PRAYER_DISPEL_UNDEAD2 (x-spell.c:2007)",,M3
1194,x-spell.c,2016,<name> dispells evil.,other.cast,others,low,^(?P<name>.+?)\ dispells\ evil\.$,"cast_priest_spell(), case PRAYER_DISPEL_EVIL2 (x-spell.c:2014)",,M3
1195,x-spell.c,2023,<name> speaks a holy curse on nearby evil!,other.cast,others,low,^(?P<name>.+?)\ speaks\ a\ holy\ curse\ on\ nearby\ evil\!$,"cast_priest_spell(), case PRAYER_BANISH_EVIL (x-spell.c:2021)",,M3
1196,x-spell.c,2026,The power of your god banishes evil!,spell.banish_evil,self,low,^The\ power\ of\ your\ god\ banishes\ evil\!$,"cast_priest_spell(), if (banish_evil(p_ptr, 100)) (x-spell.c:2024)",,M3
1197,x-spell.c,2033,<name> unleashes a spell of great power!,other.cast,others,low,^(?P<name>.+?)\ unleashes\ a\ spell\ of\ great\ power\!$,"cast_priest_spell(), case PRAYER_WORD_OF_DESTRUCTION (x-spell.c:2031)",,M3
1198,x-spell.c,2041,<name> fires a massive bolt filled with pure energy!,other.cast,others,low,^(?P<name>.+?)\ fires\ a\ massive\ bolt\ filled\ with\ pure\ energy\!$,"cast_priest_spell(), if (!get_aim_dir(p_ptr, &dir)) return (FALSE); (x-spell.c:2040)",,M3
1199,x-spell.c,2048,<name> sways his hands.,other.cast,others,low,^(?P<name>.+?)\ sways\ his\ hands\.$,"cast_priest_spell(), case PRAYER_UNBARRING_WAYS (x-spell.c:2046)",,M3
1200,x-spell.c,2082,<name> blinks away!,other.escape.phase,others,low,^(?P<name>.+?)\ blinks\ away\!$,"cast_priest_spell(), case PRAYER_BLINK (x-spell.c:2080)",,M3
1201,x-spell.c,2089,<name> teleports away!,other.escape.teleport,others,low,^(?P<name>.+?)\ teleports\ away\!$,"cast_priest_spell(), case PRAYER_TELEPORT_SELF (x-spell.c:2087)",,M3
1202,x-spell.c,2097,<name> prays for divine intervention.,other.cast,others,low,^(?P<name>.+?)\ prays\ for\ divine\ intervention\.$,"cast_priest_spell(), if (!get_aim_dir(p_ptr, &dir)) return (FALSE); (x-spell.c:2096)",,M3
1203,x-spell.c,2124,You cannot project that spell on other players.,spell.cant.project,self,low,^You\ cannot\ project\ that\ spell\ on\ other\ players\.$,cast_priest_spell() default: (paranoia; x-spell.c:2124),Should not occur with a safe client.,M3
X01,(outside M3 files),,You feel a little better.,heal.hp,self,high,^You\ feel\ a\ little\ better\.$,"hp_player() num/5==0, ONLY if chp<mhp before healing (spells2.c:128)",,M3
X02,(outside M3 files),,You feel better.,heal.hp,self,high,^You\ feel\ better\.$,hp_player() num/5 in 1..2 (spells2.c:132),,M3
X03,(outside M3 files),,You feel much better.,heal.hp,self,high,^You\ feel\ much\ better\.$,hp_player() num/5 in 3..6 (spells2.c:139),,M3
X04,(outside M3 files),,You feel very good.,heal.hp,self,high,^You\ feel\ very\ good\.$,hp_player() num/5 >= 7 (spells2.c:143),,M3
X05,(outside M3 files),,You are blind!,status.blind.on,self,high,^You\ are\ blind\!$,set_blind(v>0) from not blind (xtra2.c:106),,M3
X06,(outside M3 files),,You can see again.,status.blind.off,self,high,^You\ can\ see\ again\.$,set_blind(0) while blind (xtra2.c:118),,M3
X07,(outside M3 files),,You are confused!,status.confused.on,self,high,^You\ are\ confused\!$,set_confused (xtra2.c:175),,M3
X08,(outside M3 files),,You feel less confused now.,status.confused.off,self,high,^You\ feel\ less\ confused\ now\.$,set_confused(0) while confused (xtra2.c:186),,M3
X09,(outside M3 files),,You are poisoned!,status.poisoned.on,self,high,^You\ are\ poisoned\!$,set_poisoned (xtra2.c:227),,M3
X10,(outside M3 files),,You are no longer poisoned.,status.poisoned.off,self,high,^You\ are\ no\ longer\ poisoned\.$,set_poisoned(0) while poisoned (xtra2.c:238),,M3
X11,(outside M3 files),,You are terrified!,status.afraid.on,self,high,^You\ are\ terrified\!$,set_afraid (xtra2.c:280),,M3
X12,(outside M3 files),,You feel bolder now.,status.afraid.off,self,high,^You\ feel\ bolder\ now\.$,set_afraid(0) while afraid (xtra2.c:292),,M3
X13,(outside M3 files),,You feel like a hero!,status.hero.on,self,high,^You\ feel\ like\ a\ hero\!$,set_hero from 0 (xtra2.c:663),,M3
X14,(outside M3 files),,The heroism wears off.,status.hero.off,self,high,^The\ heroism\ wears\ off\.$,set_hero(0) (xtra2.c:674),,M3
X15,(outside M3 files),,You feel like a killing machine!,status.berserk.on,self,high,^You\ feel\ like\ a\ killing\ machine\!$,set_shero from 0 (xtra2.c:718),,M3
X16,(outside M3 files),,You feel less Berserk.,status.berserk.off,self,high,^You\ feel\ less\ Berserk\.$,set_shero(0) (xtra2.c:729),,M3
X17,(outside M3 files),,You are no longer stunned.,status.stun.off,self,high,^You\ are\ no\ longer\ stunned\.$,set_stun to 0 (xtra2.c:1331),,M3
X18,(outside M3 files),,You are no longer bleeding.,status.cut.off,self,high,^You\ are\ no\ longer\ bleeding\.$,set_cut to 0 (xtra2.c:1535),,M3
X19,(outside M3 files),,You sink through the floor.,escape.teleport_level,self,high,^You\ sink\ through\ the\ floor\.$,teleport_player_level(): going down (spells1.c:382),,M3
X20,(outside M3 files),,You rise up through the ceiling.,escape.teleport_level,self,high,^You\ rise\ up\ through\ the\ ceiling\.$,teleport_player_level(): going up (spells1.c:389),,M3
X21,(outside M3 files),,A gust of wind blows you north.,escape.teleport_level,self,high,^A\ gust\ of\ wind\ blows\ you\ north\.$,teleport_player_level() in wilderness (spells1.c:404); also east/south/west,,M3
X22,(outside M3 files),,Nothing happens.,item.use.nothing_happens,self,high,^Nothing\ happens\.$,teleport_player_level() ironman/arena (spells1.c:374); set_recall() ironman not winner (spells2.c:1143),,M3
X23,(outside M3 files),,The air about you becomes charged...,escape.recall_start,self,high,^The\ air\ about\ you\ becomes\ charged\.\.\.$,set_recall() when word_recall==0 (spells2.c:1192),,M3
X24,(outside M3 files),,A tension leaves the air around you...,escape.recall_cancel,self,high,^A\ tension\ leaves\ the\ air\ around\ you\.\.\.$,set_recall() when recall already active (spells2.c:1198),,M3
X25,(outside M3 files),,You feel yourself yanked upwards!,escape.recall_activate,self,high,^You\ feel\ yourself\ yanked\ upwards\!$,"dungeon.c:1652, recall fires while depth>0",,M3
X26,(outside M3 files),,You feel yourself yanked downwards!,escape.recall_activate,self,high,^You\ feel\ yourself\ yanked\ downwards\!$,"dungeon.c:1686, recall fires from town",,M3
X27,(outside M3 files),,You feel yourself yanked sideways!,escape.recall_activate,self,high,^You\ feel\ yourself\ yanked\ sideways\!$,"dungeon.c:1665, wilderness recall",,M3
1,cmd1.c,94,It was a good hit!,player.hit_crit,self,low,^It\ was\ a\ good\ hit\!$,"arrow/shot critical (critical_shot), tier by roll k<500 good,<1000 great,else superb","Sent right after the ""The <ammo> hits <mon>."" line. Same text as melee crits (rows 4-6).",M4
2,cmd1.c,99,It was a great hit!,player.hit_crit,self,low,^It\ was\ a\ great\ hit\!$,"arrow/shot critical (critical_shot), tier by roll k<500 good,<1000 great,else superb","Sent right after the ""The <ammo> hits <mon>."" line. Same text as melee crits (rows 4-6).",M4
3,cmd1.c,104,It was a superb hit!,player.hit_crit,self,low,^It\ was\ a\ superb\ hit\!$,"arrow/shot critical (critical_shot), tier by roll k<500 good,<1000 great,else superb","Sent right after the ""The <ammo> hits <mon>."" line. Same text as melee crits (rows 4-6).",M4
4,cmd1.c,133,It was a good hit!,player.hit_crit,self,low,^It\ was\ a\ good\ hit\!$,"melee critical (critical_norm), randint1(5000)<=weight+5*(to_h+plus)+3*lev; tier by k=weight+randint1(650): <400 good,<700 great,<900 superb,<1300 *GREAT*, else *SUPERB*","Also sends a sound() (MSG_HIT_*), not text. Text is identical for ranged (rows 1-3) and melee.",M4
5,cmd1.c,139,It was a great hit!,player.hit_crit,self,low,^It\ was\ a\ great\ hit\!$,"melee critical (critical_norm), randint1(5000)<=weight+5*(to_h+plus)+3*lev; tier by k=weight+randint1(650): <400 good,<700 great,<900 superb,<1300 *GREAT*, else *SUPERB*","Also sends a sound() (MSG_HIT_*), not text. Text is identical for ranged (rows 1-3) and melee.",M4
6,cmd1.c,145,It was a superb hit!,player.hit_crit,self,low,^It\ was\ a\ superb\ hit\!$,"melee critical (critical_norm), randint1(5000)<=weight+5*(to_h+plus)+3*lev; tier by k=weight+randint1(650): <400 good,<700 great,<900 superb,<1300 *GREAT*, else *SUPERB*","Also sends a sound() (MSG_HIT_*), not text. Text is identical for ranged (rows 1-3) and melee.",M4
7,cmd1.c,151,It was a *GREAT* hit!,player.hit_crit,self,low,^It\ was\ a\ \*GREAT\*\ hit\!$,"melee critical (critical_norm), randint1(5000)<=weight+5*(to_h+plus)+3*lev; tier by k=weight+randint1(650): <400 good,<700 great,<900 superb,<1300 *GREAT*, else *SUPERB*","Also sends a sound() (MSG_HIT_*), not text. Text is identical for ranged (rows 1-3) and melee.",M4
8,cmd1.c,157,It was a *SUPERB* hit!,player.hit_crit,self,low,^It\ was\ a\ \*SUPERB\*\ hit\!$,"melee critical (critical_norm), randint1(5000)<=weight+5*(to_h+plus)+3*lev; tier by k=weight+randint1(650): <400 good,<700 great,<900 superb,<1300 *GREAT*, else *SUPERB*","Also sends a sound() (MSG_HIT_*), not text. Text is identical for ranged (rows 1-3) and melee.",M4
9,cmd1.c,546,You have found a trap.,trap.found,self,medium,^You\ have\ found\ a\ trap\.$,search(): FEAT_INVIS grid adjacent becomes a real trap (cmd1.c:546),Pilot: trap now visible; avoid stepping there.,M4
10,cmd1.c,556,You have found a secret door.,door.found_secret,self,low,^You\ have\ found\ a\ secret\ door\.$,search(): FEAT_SECRET grid turned into closed door (cmd1.c:556),Gives +1 exp.,M4
11,cmd1.c,575,You have discovered a trap on the chest!,trap.found_chest,self,low,^You\ have\ discovered\ a\ trap\ on\ the\ chest\!$,search(): unknown chest with trap found (cmd1.c:575),,M4
12,cmd1.c,697,You have found <n> gold piece(s) worth of <item>.,pickup.gold,self,medium,^You have found (?P<n>\d+) gold pieces? worth of (?P<item>.+?)\.$,carry(): gold pile picked up (walking onto it or pickup) cmd1.c:697,"Text: ""You have found 123 gold pieces worth of copper."" (o_name = gold kind name, e.g. copper/silver). ""piece"" (singular) when pval==1.",M4
13,cmd1.c,732,You see <item>.,pickup.see,self,medium,^You\ see\ (?P<item>.+?)\.$,"carry(): standing on item, auto-pickup not requested (pickup==FALSE), not ghost (cmd1.c:732)","Item is on the floor, NOT in pack.",M4
14,cmd1.c,738,You have no room for <item>.,inventory.full,self,high,^You\ have\ no\ room\ for\ (?P<item>.+?)\.$,carry(): pickup requested but !inven_carry_okay (pack full) cmd1.c:738,Command had NO effect: item stays on floor.,M4
15,cmd1.c,778,Item owner must be nearby!,store.floor_buy_fail,self,low,^Item\ owner\ must\ be\ nearby\!$,"carry(): player-owned floor item purchase, owner not in LOS (cmd1.c:778)",Pickup refused.,M4
16,cmd1.c,784,You do not have enough gold.,store.floor_buy_fail,self,low,^You\ do\ not\ have\ enough\ gold\.$,"carry(): floor purchase, au < price (cmd1.c:784)",Pickup refused.,M4
17,cmd1.c,799,You bought <item> for <n> gold.,store.floor_buy_ok,self,low,^You\ bought\ (?P<item>.+?)\ for\ (?P<n>\d+)\ gold\.$,carry(): floor purchase succeeded (cmd1.c:799),,M4
18,cmd1.c,800,You sold <item> for <n> gold.,store.floor_sell_ok,others,low,^You\ sold\ (?P<item>.+?)\ for\ (?P<n>\d+)\ gold\.$,"carry(): same transaction, message to seller q_ptr (cmd1.c:800)",,M4
19,cmd1.c,842,You have <item> (<slot>).,pickup,self,high,^You\ have\ (?P<item>.+?)\ \((?P<slot>[a-z])\)\.$,carry(): item successfully added to pack (cmd1.c:842),"Slot label is the pack letter (a-w). Confirms pickup; the count in text (""You have 3 Flasks of oil (c)."") is the TOTAL in that stack.",M4
20,cmd1.c,920,You feel quite certain something really awfull just happened..,trap.trapdoor_ignored,self,medium,^You\ feel\ quite\ certain\ something\ really\ awfull\ just\ happened\.\.$,hit_trap(): trap door in wilderness (dun_depth<0) or quest level: no fall (cmd1.c:920),"Typo ""awfull"" and two dots are in the source. No level change.",M4
21,cmd1.c,924,You fell through a trap door!,level.change.trapdoor,self,high,^You\ fell\ through\ a\ trap\ door\!$,"hit_trap(): trap door, dungeon (cmd1.c:924); new_level_flag set, depth+1",Followed by damage 2d8 (take_hit) unless feather fall; follow with level change.,M4
22,cmd1.c,927,You float gently down to the next level.,level.change.trapdoor,self,medium,^You\ float\ gently\ down\ to\ the\ next\ level\.$,hit_trap(): trap door with feather_fall (cmd1.c:927),Follows row 21; no damage.,M4
23,cmd1.c,962,You fell into a pit!,trap.pit,self,medium,^You\ fell\ into\ a\ pit\!$,hit_trap(): plain pit (cmd1.c:962); dmg 2d6 unless feather fall,"Damage taken via take_hit, no separate text.",M4
24,cmd1.c,965,You float gently to the bottom of the pit.,trap.pit,self,low,^You\ float\ gently\ to\ the\ bottom\ of\ the\ pit\.$,hit_trap(): pit + feather_fall (cmd1.c:965),,M4
25,cmd1.c,977,You fall into a spiked pit!,trap.pit_spiked,self,medium,^You\ fall\ into\ a\ spiked\ pit\!$,hit_trap(): spiked pit (cmd1.c:977),,M4
26,cmd1.c,981,You float gently to the floor of the pit.,trap.pit_spiked,self,low,^You\ float\ gently\ to\ the\ floor\ of\ the\ pit\.$,hit_trap(): spiked pit + feather_fall (cmd1.c:981),,M4
27,cmd1.c,982,You carefully avoid touching the spikes.,trap.pit_spiked,self,low,^You\ carefully\ avoid\ touching\ the\ spikes\.$,hit_trap(): spiked pit + feather_fall (cmd1.c:982),,M4
28,cmd1.c,993,You are impaled!,status.cut.on,self,medium,^You\ are\ impaled\!$,"hit_trap(): spiked pit, 50% roll, not feather-fall; dmg doubled and set_cut (cmd1.c:993)",Cut status then reported by set_cut messages (other file).,M4
29,cmd1.c,1007,You fall into a spiked pit!,trap.pit_spiked,self,medium,^You\ fall\ into\ a\ spiked\ pit\!$,hit_trap(): poison-spiked pit (cmd1.c:1007),Same text as row 25 - different trap (feat +3 vs +2).,M4
30,cmd1.c,1011,You float gently to the floor of the pit.,trap.pit_spiked,self,low,^You\ float\ gently\ to\ the\ floor\ of\ the\ pit\.$,hit_trap(): poison-spiked pit + feather_fall (cmd1.c:1011),,M4
31,cmd1.c,1012,You carefully avoid touching the spikes.,trap.pit_spiked,self,low,^You\ carefully\ avoid\ touching\ the\ spikes\.$,hit_trap(): poison-spiked pit + feather_fall (cmd1.c:1012),,M4
32,cmd1.c,1023,You are impaled on poisonous spikes!,status.poisoned.on,self,medium,^You\ are\ impaled\ on\ poisonous\ spikes\!$,"hit_trap(): poison-spiked pit, 50% roll; cut applied, poison applied unless resisted (cmd1.c:1023)",Poison itself announced by set_poisoned unless row 33 follows.,M4
33,cmd1.c,1030,The poison does not affect you!,resist.poison,self,medium,^The\ poison\ does\ not\ affect\ you\!$,"hit_trap(): after row 32, resist_pois or oppose_pois (cmd1.c:1030)",,M4
34,cmd1.c,1049,You are enveloped in a cloud of smoke!,summon,self,high,^You\ are\ enveloped\ in\ a\ cloud\ of\ smoke\!$,"hit_trap(): summon rune, 2+1d3 monsters summoned around player (cmd1.c:1049)",This is the killing trap in the Dive03 post-mortem death 2. Same text as chest summon (row 112).,M4
35,cmd1.c,1065,You hit a teleport trap!,escape.teleport,self,high,^You\ hit\ a\ teleport\ trap\!$,"hit_trap(): teleport rune, teleport_player(100) (cmd1.c:1065)",Unwanted teleport: position changes.,M4
36,cmd1.c,1072,You are enveloped in flames!,damage.element.fire,self,high,^You\ are\ enveloped\ in\ flames\!$,"hit_trap(): fire trap, 4d6 fire_dam (cmd1.c:1072)",Can burn items; item-destroyed messages elsewhere.,M4
37,cmd1.c,1080,You are splashed with acid!,damage.element.acid,self,high,^You\ are\ splashed\ with\ acid\!$,"hit_trap(): acid trap, 4d6 acid_dam (cmd1.c:1080)",,M4
38,cmd1.c,1090,A small dart hits you!,trap.dart.slow,self,high,^A\ small\ dart\ hits\ you\!$,"hit_trap(): dart trap +8, check_hit(125) succeeded; 1d4 dmg + set_slow 20-39 turns (cmd1.c:1090)","SAME TEXT as rows 40,42,44; only the follow-up message (set_slow message, or a stat-drain line; those texts are in other files) distinguishes them.",M4
39,cmd1.c,1097,A small dart barely misses you.,trap.dart.miss,self,low,^A\ small\ dart\ barely\ misses\ you\.$,"hit_trap(): dart trap +8, check_hit failed (cmd1.c:1097)","Same text as rows 41,43,45.",M4
40,cmd1.c,1106,A small dart hits you!,trap.dart.drain_str,self,high,^A\ small\ dart\ hits\ you\!$,hit_trap(): dart trap +9 hit; do_dec_stat(STR) (cmd1.c:1106),Same text as row 38; a stat.drain.str message follows unless sustained.,M4
41,cmd1.c,1113,A small dart barely misses you.,trap.dart.miss,self,low,^A\ small\ dart\ barely\ misses\ you\.$,hit_trap(): dart trap +9 miss (cmd1.c:1113),,M4
42,cmd1.c,1122,A small dart hits you!,trap.dart.drain_dex,self,high,^A\ small\ dart\ hits\ you\!$,hit_trap(): dart trap +10 hit; do_dec_stat(DEX) (cmd1.c:1122),Same text as row 38.,M4
43,cmd1.c,1129,A small dart barely misses you.,trap.dart.miss,self,low,^A\ small\ dart\ barely\ misses\ you\.$,hit_trap(): dart trap +10 miss (cmd1.c:1129),,M4
44,cmd1.c,1138,A small dart hits you!,trap.dart.drain_con,self,high,^A\ small\ dart\ hits\ you\!$,hit_trap(): dart trap +11 hit; do_dec_stat(CON) (cmd1.c:1138),Same text as row 38.,M4
45,cmd1.c,1145,A small dart barely misses you.,trap.dart.miss,self,low,^A\ small\ dart\ barely\ misses\ you\.$,hit_trap(): dart trap +11 miss (cmd1.c:1145),,M4
46,cmd1.c,1152,A black gas surrounds you!,trap.gas.blind,self,high,^A\ black\ gas\ surrounds\ you\!$,hit_trap(): gas trap +12; blind 25-74 turns unless resist_blind (cmd1.c:1152),Message is sent even if resisted; the blind status message follows only if it took effect.,M4
47,cmd1.c,1162,A gas of scintillating colors surrounds you!,trap.gas.confuse,self,high,^A\ gas\ of\ scintillating\ colors\ surrounds\ you\!$,hit_trap(): gas trap +13; confused 10-29 unless resist_conf (cmd1.c:1162),Sent even if resisted.,M4
48,cmd1.c,1172,A pungent green gas surrounds you!,trap.gas.poison,self,medium,^A\ pungent\ green\ gas\ surrounds\ you\!$,hit_trap(): gas trap +14; poison 10-29 unless resist/oppose (cmd1.c:1172),Sent even if resisted.,M4
49,cmd1.c,1182,A strange white mist surrounds you!,trap.gas.paralyze,self,high,^A\ strange\ white\ mist\ surrounds\ you\!$,hit_trap(): gas trap +15; paralysed 5-14 turns unless free_act (cmd1.c:1182),Sent even with free action.,M4
50,cmd1.c,1233,You are too afraid to attack <mon>!,attack.refused.afraid,self,high,^You\ are\ too\ afraid\ to\ attack\ (?P<mon>.+?)\!$,py_attack_player(): attacker afraid; no blow struck (cmd1.c:1233),Command had no effect. Target is another PLAYER.,M4
51,cmd1.c,1262,You hit <mon>.,player.hit_monster,self,low,^You\ hit\ (?P<mon>.+?)\.$,py_attack_player(): PvP blow hits (cmd1.c:1262),,M4
52,cmd1.c,1263,<mon> hits you.,attack.melee.hit,others,high,^(?P<mon>.+?)\ hits\ you\.$,py_attack_player(): PvP blow hit; message to victim q_ptr (cmd1.c:1263),Pilot as victim of another player.,M4
53,cmd1.c,1303,Your hands stop glowing.,status.confusing_hands.off,self,low,^Your\ hands\ stop\ glowing\.$,py_attack_player(): confusing touch spent (cmd1.c:1303),,M4
54,cmd1.c,1308,<mon> is unaffected.,player.attack.unaffected,self,low,^(?P<mon>.+?)\ is\ unaffected\.$,py_attack_player(): target resist_conf (cmd1.c:1308),,M4
55,cmd1.c,1312,<mon> is unaffected.,player.attack.unaffected,self,low,^(?P<mon>.+?)\ is\ unaffected\.$,py_attack_player(): target level saving throw vs confusion (cmd1.c:1312),Same text as row 54.,M4
56,cmd1.c,1316,<mon> appears confused.,player.attack.confused_target,self,low,^(?P<mon>.+?)\ appears\ confused\.$,py_attack_player(): PvP confusion succeeded (cmd1.c:1316),,M4
57,cmd1.c,1328,<mon> appears afraid.,player.attack.afraid_target,self,low,^(?P<mon>.+?)\ appears\ afraid\.$,py_attack_player(): ghost fear attack on player (cmd1.c:1328),,M4
58,cmd1.c,1341,You miss <mon>.,player.miss,self,low,^You\ miss\ (?P<mon>.+?)\.$,py_attack_player(): PvP blow misses (cmd1.c:1341),,M4
59,cmd1.c,1342,<mon> misses you.,attack.melee.miss,others,high,^(?P<mon>.+?)\ misses\ you\.$,py_attack_player(): PvP blow missed; message to victim (cmd1.c:1342),,M4
60,cmd1.c,1402,You are too afraid to attack <mon>!,attack.refused.afraid,self,high,^You\ are\ too\ afraid\ to\ attack\ (?P<mon>.+?)\!$,py_attack_mon(): player afraid; melee refused (cmd1.c:1402),"Command did NOT happen: the Pilot cannot melee while afraid. <mon> may be ""it"".",M4
61,cmd1.c,1445,You hit <mon>.,player.hit_monster,self,medium,^You\ hit\ (?P<mon>.+?)\.$,"py_attack_mon(): melee blow hit, not backstab (cmd1.c:1445)","<mon> is ""the kobold"" or ""it"" if unseen.",M4
62,cmd1.c,1447,"You cruelly stab the helpless, sleeping <mon>!",player.hit_monster.backstab,self,low,"^You\ cruelly\ stab\ the\ helpless\,\ sleeping\ (?P<mon>.+?)\!$",py_attack_mon(): rogue-type CF_BACK_STAB vs sleeping visible monster (cmd1.c:1447),"Name printed is the raw race name without ""the"".",M4
63,cmd1.c,1449,You backstab the fleeing <mon>!,player.hit_monster.backstab,self,low,^You\ backstab\ the\ fleeing\ (?P<mon>.+?)\!$,py_attack_mon(): CF_BACK_STAB vs fleeing visible monster (cmd1.c:1449),,M4
64,cmd1.c,1489,You do <n> (out of <n2>) damage.,system.dm_damage,self,none,^You\ do\ (?P<n>\d+)\ \(out\ of\ (?P<n2>\d+)\)\ damage\.$,py_attack_mon(): only if is_dm_p (dungeon master) (cmd1.c:1489),"Not seen by normal players. Also rows 208, 221.",M4
65,cmd1.c,1502,Your hands stop glowing.,status.confusing_hands.off,self,low,^Your\ hands\ stop\ glowing\.$,py_attack_mon(): confusing touch spent after a hit (cmd1.c:1502),,M4
66,cmd1.c,1508,<mon> is unaffected.,player.attack.unaffected,self,low,^(?P<mon>.+?)\ is\ unaffected\.$,py_attack_mon(): monster NO_CONF (cmd1.c:1508),,M4
67,cmd1.c,1512,<mon> is unaffected.,player.attack.unaffected,self,low,^(?P<mon>.+?)\ is\ unaffected\.$,py_attack_mon(): monster level saving throw (cmd1.c:1512),Same text as row 66.,M4
68,cmd1.c,1516,<mon> appears confused.,player.attack.confused_target,self,low,^(?P<mon>.+?)\ appears\ confused\.$,py_attack_mon(): confusion applied (cmd1.c:1516),,M4
69,cmd1.c,1528,<mon> appears afraid.,player.attack.afraid_target,self,low,^(?P<mon>.+?)\ appears\ afraid\.$,py_attack_mon(): ghost fear attack (cmd1.c:1528),,M4
70,cmd1.c,1544,You miss <mon>.,player.miss,self,medium,^You\ miss\ (?P<mon>.+?)\.$,py_attack_mon(): melee blow misses (cmd1.c:1544),,M4
71,cmd1.c,1556,<mon> flees in terror!,monster.flee,self,medium,^(?P<mon>.+?)\ flees\ in\ terror\!$,"py_attack_mon(): after blows, monster became afraid, visible, not RF2_WANDERER (cmd1.c:1556)",,M4
72,cmd1.c,1645,You don't feel like going to pick flowers right now.,move.blocked.town_edge,self,medium,^You\ don\'t\ feel\ like\ going\ to\ pick\ flowers\ right\ now\.$,"move_player(): leaving town at edge with cfg_ironman and not cfg_town_wall, 1 of 5 random flavour lines (cmd1.c:1645)",Move refused.,M4
73,cmd1.c,1646,Where do you think you are going?,move.blocked.town_edge,self,medium,^Where\ do\ you\ think\ you\ are\ going\?$,move_player(): same switch as row 72 (cmd1.c:1646-1649),Move refused.,M4
74,cmd1.c,1647,Morgoth the potato farmer? - get real!,move.blocked.town_edge,self,medium,^Morgoth\ the\ potato\ farmer\?\ \-\ get\ real\!$,move_player(): same switch as row 72 (cmd1.c:1646-1649),Move refused.,M4
75,cmd1.c,1648,Morgoth awaits you in the depths not in the fields.,move.blocked.town_edge,self,medium,^Morgoth\ awaits\ you\ in\ the\ depths\ not\ in\ the\ fields\.$,move_player(): same switch as row 72 (cmd1.c:1646-1649),Move refused.,M4
76,cmd1.c,1649,Something draws your attention back to the stairs.,move.blocked.town_edge,self,medium,^Something\ draws\ your\ attention\ back\ to\ the\ stairs\.$,move_player(): same switch as row 72 (cmd1.c:1646-1649),Move refused.,M4
77,cmd1.c,1652,There is a wall blocking your way.,move.blocked.town_edge,self,medium,^There\ is\ a\ wall\ blocking\ your\ way\.$,move_player(): leaving town edge with cfg_town_wall (cmd1.c:1652),Same text as rows 93 (wall). Only distinguishable by location (edge of town).,M4
78,cmd1.c,1658,Really enter the wilderness? The dungeon entrance is in the town!,move.town_leave_warn,self,low,^Really\ enter\ the\ wilderness\?\ The\ dungeon\ entrance\ is\ in\ the\ town\!$,"move_player(): leaving town at clvl 1, not ironman/town_wall (cmd1.c:1658)",Move is NOT refused; player enters wilderness.,M4
79,cmd1.c,1691,You have reached the Walls of the World. You can not pass.,move.blocked.world_edge,self,low,^You\ have\ reached\ the\ Walls\ of\ the\ World\.\ You\ can\ not\ pass\.$,move_player(): world edge - NEVER SENT: switch(randint1(2)) gives 1 or 2 so case 0 is dead code (cmd1.c:1688-1692),Contradiction: randint1(M)=randint0(M)+1 (z-rand.h:69).,M4
80,cmd1.c,1692,You cannot go beyond the Walls of the World.,move.blocked.world_edge,self,low,^You\ cannot\ go\ beyond\ the\ Walls\ of\ the\ World\.$,"move_player(): world edge, the only reachable text (case 1) (cmd1.c:1692)",,M4
81,cmd1.c,1786,You switch places with <mon>.,move.swap,self,low,^You\ switch\ places\ with\ (?P<mon>.+?)\.$,"move_player(): both players walking toward each other, not hostile (cmd1.c:1786)",,M4
82,cmd1.c,1787,You switch places with <mon>.,move.swap,others,low,^You\ switch\ places\ with\ (?P<mon>.+?)\.$,move_player(): swap message to the other player (cmd1.c:1787),,M4
83,cmd1.c,1822,You bump into <mon>.,move.bump_player,self,medium,^You\ bump\ into\ (?P<mon>.+?)\.$,move_player(): walked into a player who is not attacked/swapped (cmd1.c:1822),Move refused (no move).,M4
84,cmd1.c,1823,<mon> bumps into you.,move.bump_player,others,medium,^(?P<mon>.+?)\ bumps\ into\ you\.$,move_player(): message to the bumped player (cmd1.c:1823),,M4
85,cmd1.c,1864,The wall blocks your movement.,move.blocked.ghost_arena,self,low,^The\ wall\ blocks\ your\ movement\.$,move_player(): ghost into FEAT_PVP_ARENA (cmd1.c:1864),,M4
86,cmd1.c,1883,You feel some rubble blocking your way.,move.blocked.rubble,self,high,^You\ feel\ some\ rubble\ blocking\ your\ way\.$,"move_player(): blind/unlit unknown rubble (not CAVE_MARK, blind or unlit) (cmd1.c:1883)",Move refused; grid now marked.,M4
87,cmd1.c,1893,You feel a closed door blocking your way.,move.blocked.door,self,high,^You\ feel\ a\ closed\ door\ blocking\ your\ way\.$,move_player(): blind/unlit unknown closed door (also house door) (cmd1.c:1893),"Move refused. Doors auto-open only via easy_alter/bump_open option, otherwise open command needed.",M4
88,cmd1.c,1902,You feel a tree blocking your way.,move.blocked.tree,self,medium,^You\ feel\ a\ tree\ blocking\ your\ way\.$,move_player(): unknown tree in the dark (cmd1.c:1902),Move refused.,M4
89,cmd1.c,1911,You feel a wall blocking your way.,move.blocked.wall,self,high,^You\ feel\ a\ wall\ blocking\ your\ way\.$,move_player(): unknown wall/secret door in the dark (cmd1.c:1911),Move refused.,M4
90,cmd1.c,1924,There is rubble blocking your way.,move.blocked.rubble,self,high,^There\ is\ rubble\ blocking\ your\ way\.$,move_player(): known rubble (cmd1.c:1924),Move refused; tunnel it (T) to pass.,M4
91,cmd1.c,1932,There is a closed door blocking your way.,move.blocked.door,self,high,^There\ is\ a\ closed\ door\ blocking\ your\ way\.$,move_player(): known closed door (or house door) (cmd1.c:1932),Move refused.,M4
92,cmd1.c,1939,There is a tree blocking your way.,move.blocked.tree,self,medium,^There\ is\ a\ tree\ blocking\ your\ way\.$,move_player(): known tree (cmd1.c:1939),,M4
93,cmd1.c,1946,There is a wall blocking your way.,move.blocked.wall,self,high,^There\ is\ a\ wall\ blocking\ your\ way\.$,move_player(): known wall (or secret door) (cmd1.c:1946),Move refused. Same text as row 77.,M4
94,cmd1.c,1956,The wall blocks your movement.,move.blocked.ghost_wall,self,low,^The\ wall\ blocks\ your\ movement\.$,move_player(): ghost into permanent solid wall (cmd1.c:1956),,M4
95,cmd1.c,2061,You found a trap!,trap.found_walk,self,high,^You\ found\ a\ trap\!$,move_player(): stepped onto invisible trap grid; pick_trap then hit_trap follows immediately (cmd1.c:2061),Followed by the effect message of the picked trap (rows 20-49).,M4
96,cmd2.c,39,I see no up staircase here.,escape.stairs.refused,self,high,^I\ see\ no\ up\ staircase\ here\.$,"do_cmd_go_up(): not on <, not ghost (cmd2.c:39)",Command had no effect.,M4
97,cmd2.c,46,There is nothing above you.,escape.stairs.refused,self,high,^There\ is\ nothing\ above\ you\.$,do_cmd_go_up(): ghost in town/wilderness depth<=0 (cmd2.c:46),,M4
98,cmd2.c,58,Morgoth awaits you in the darkness below.,escape.stairs.refused,self,high,^Morgoth\ awaits\ you\ in\ the\ darkness\ below\.$,"do_cmd_go_up(): cfg_ironman server, non-DM (cmd2.c:58)",Ironman: cannot go up at all.,M4
99,cmd2.c,82,You enter a maze of up staircases.,level.change.stairs_up,self,high,^You\ enter\ a\ maze\ of\ up\ staircases\.$,do_cmd_go_up(): success on FEAT_LESS (cmd2.c:82),new_level_flag set; then level feeling / new screen.,M4
100,cmd2.c,88,You float upwards.,level.change.ghost_up,self,low,^You\ float\ upwards\.$,do_cmd_go_up(): ghost floating up (cmd2.c:88),,M4
101,cmd2.c,130,I see no down staircase here.,escape.stairs.refused,self,high,^I\ see\ no\ down\ staircase\ here\.$,"do_cmd_go_down(): not on >, non-ghost (cmd2.c:130)",Command had no effect.,M4
102,cmd2.c,137,You seem unable to go down.  Try going up.,escape.stairs.refused,self,low,^You\ seem\ unable\ to\ go\ down\.\ \ Try\ going\ up\.$,do_cmd_go_down(): ghost and !cfg_ghost_diving (cmd2.c:137),Note double space in source.,M4
103,cmd2.c,148,"An unvanquished adversary pulls you back, you can descend no further.",escape.stairs.refused,self,high,"^An\ unvanquished\ adversary\ pulls\ you\ back\,\ you\ can\ descend\ no\ further\.$","do_cmd_go_down(): is_quest_level() (presumably Sauron/Morgoth levels; not verified) not vanquished, not ironman (cmd2.c:148)",Descent blocked until the quest monster is dead.,M4
104,cmd2.c,155,There is nothing below you.,escape.stairs.refused,self,low,^There\ is\ nothing\ below\ you\.$,do_cmd_go_down(): depth<0 wilderness (cmd2.c:155),,M4
105,cmd2.c,162,You are at the bottom of the dungeon.,escape.stairs.refused,self,low,^You\ are\ at\ the\ bottom\ of\ the\ dungeon\.$,do_cmd_go_down(): depth>=127 (cmd2.c:162),,M4
106,cmd2.c,186,You enter a maze of down staircases.,level.change.stairs_down,self,high,^You\ enter\ a\ maze\ of\ down\ staircases\.$,do_cmd_go_down(): success on FEAT_MORE (cmd2.c:186),Level changes; the Pilot should reset per-level state.,M4
107,cmd2.c,192,You float downwards.,level.change.ghost_down,self,low,^You\ float\ downwards\.$,do_cmd_go_down(): ghost floating down (cmd2.c:192),,M4
108,cmd2.c,386,A small needle has pricked you!,trap.chest.needle_str,self,high,^A\ small\ needle\ has\ pricked\ you\!$,chest_trap(): CHEST_LOSE_STR (cmd2.c:386); 1d4 dmg + do_dec_stat(STR),Same text as row 109 (CON).,M4
109,cmd2.c,394,A small needle has pricked you!,trap.chest.needle_con,self,high,^A\ small\ needle\ has\ pricked\ you\!$,chest_trap(): CHEST_LOSE_CON (cmd2.c:394); 1d4 dmg + do_dec_stat(CON),Same text as row 108.,M4
110,cmd2.c,402,A puff of green gas surrounds you!,trap.chest.poison_gas,self,medium,^A\ puff\ of\ green\ gas\ surrounds\ you\!$,chest_trap(): CHEST_POISON; poisoned 11-30 turns unless resist (cmd2.c:402),Sent even if resisted.,M4
111,cmd2.c,412,A puff of yellow gas surrounds you!,trap.chest.paralyze_gas,self,high,^A\ puff\ of\ yellow\ gas\ surrounds\ you\!$,chest_trap(): CHEST_PARALYZE; paralysed 11-30 unless free_act (cmd2.c:412),Sent even with free action.,M4
112,cmd2.c,423,You are enveloped in a cloud of smoke!,summon,self,high,^You\ are\ enveloped\ in\ a\ cloud\ of\ smoke\!$,"chest_trap(): CHEST_SUMMON, 2+1d3 monsters (cmd2.c:423)",Same text as trap row 34.,M4
113,cmd2.c,434,There is a sudden explosion!,trap.chest.explode,self,high,^There\ is\ a\ sudden\ explosion\!$,"chest_trap(): CHEST_EXPLODE, 5d8 damage (cmd2.c:434)",,M4
114,cmd2.c,435,Everything inside the chest is destroyed!,trap.chest.explode,self,medium,^Everything\ inside\ the\ chest\ is\ destroyed\!$,chest_trap(): follows row 113 (cmd2.c:435),,M4
115,cmd2.c,633,You do not own this house,house.refused,self,low,^You\ do\ not\ own\ this\ house$,create_house_door(): not the owner (cmd2.c:633),No trailing period in the source.,M4
116,cmd2.c,646,You create a door for your house!,house.door_created,self,low,^You\ create\ a\ door\ for\ your\ house\!$,create_house_door(): (cmd2.c:646),,M4
117,cmd2.c,695,There is no house foundation here.,house.refused,self,low,^There\ is\ no\ house\ foundation\ here\.$,get_house_foundation(): not standing on foundation item (cmd2.c:695),,M4
118,cmd2.c,791,The foundation is too small.,house.refused,self,low,^The\ foundation\ is\ too\ small\.$,get_house_foundation(): area under 3x3 (cmd2.c:791),,M4
119,cmd2.c,815,The surrounding magic is too strong for House Creation.,house.refused,self,low,^The\ surrounding\ magic\ is\ too\ strong\ for\ House\ Creation\.$,create_house(): depth>=0 or special level (cmd2.c:815),,M4
120,cmd2.c,916,You have been expelled from the house.,house.expelled,self,low,^You\ have\ been\ expelled\ from\ the\ house\.$,disown_house(): every player currently inside the house (cmd2.c:916); then teleport_player(5),Audience is Players[i] - any online player inside the house.,M4
121,cmd2.c,984,You have picked the lock.,door.lockpick_ok,self,medium,^You\ have\ picked\ the\ lock\.$,do_cmd_open_chest(): chest unlocked (cmd2.c:984),msg_type MSG_LOCKPICK; +1 exp. Same text as row 135 (door).,M4
122,cmd2.c,996,You failed to pick the lock.,door.lockpick_fail,self,medium,^You\ failed\ to\ pick\ the\ lock\.$,do_cmd_open_chest(): lock pick failed; command repeats (cmd2.c:996),Same text as row 136.,M4
123,cmd2.c,1047,I don't see any traps.,chest.disarm_refused,self,low,^I\ don\'t\ see\ any\ traps\.$,do_cmd_disarm_chest(): chest trap not yet known (cmd2.c:1047),,M4
124,cmd2.c,1053,The chest is not trapped.,chest.disarm_refused,self,low,^The\ chest\ is\ not\ trapped\.$,do_cmd_disarm_chest(): pval<=0 chest already disarmed/unlocked (cmd2.c:1053),,M4
125,cmd2.c,1059,The chest is not trapped.,chest.disarm_refused,self,low,^The\ chest\ is\ not\ trapped\.$,do_cmd_disarm_chest(): chest has no trap type (cmd2.c:1059),Same text as row 124.,M4
126,cmd2.c,1065,You have disarmed the chest.,chest.disarm_ok,self,low,^You\ have\ disarmed\ the\ chest\.$,do_cmd_disarm_chest(): success (cmd2.c:1065),"Same text prefix as trap disarm (row 173) but ""the chest"".",M4
127,cmd2.c,1077,You failed to disarm the chest.,chest.disarm_fail,self,low,^You\ failed\ to\ disarm\ the\ chest\.$,"do_cmd_disarm_chest(): failed, will retry (cmd2.c:1077)",,M4
128,cmd2.c,1083,You set off a trap!,chest.disarm_setoff,self,medium,^You\ set\ off\ a\ trap\!$,"do_cmd_disarm_chest(): failed, trap sprung (cmd2.c:1083); chest_trap effects follow (rows 108-114)",,M4
129,cmd2.c,1141,You cannot open things!,door.refused.ghost,self,low,^You\ cannot\ open\ things\!$,do_cmd_open_test(): ghost/fruit bat (cmd2.c:1141),,M4
130,cmd2.c,1153,You see nothing there.,door.refused.unknown,self,medium,^You\ see\ nothing\ there\.$,do_cmd_open_test(): grid not CAVE_MARK (unknown) (cmd2.c:1153),"Open had no effect. Also emitted by close, tunnel, disarm, bash (rows 140,146,171,179).",M4
131,cmd2.c,1169,You see nothing there to open.,door.refused.nothing_to_open,self,high,^You\ see\ nothing\ there\ to\ open\.$,do_cmd_open_test(): grid is not a closed door/house door/perm wall (cmd2.c:1169),Common when the door is already open or dark: open did not happen.,M4
132,cmd2.c,1234,The shopkeeper locks the doors.,house.locked_out,others,low,^The\ shopkeeper\ locks\ the\ doors\.$,do_cmd_open_aux(): owner opens door while another player in the shop (cmd2.c:1234),"Audience is q_ptr, the ejected player.",M4
133,cmd2.c,1276,This house costs <n> gold.,house.price,self,low,^This\ house\ costs\ (?P<n>\d+)\ gold\.$,"do_cmd_open_aux(): house door, unowned (cmd2.c:1276)",,M4
134,cmd2.c,1292,The door appears to be stuck.,door.stuck,self,high,^The\ door\ appears\ to\ be\ stuck\.$,do_cmd_open_aux(): jammed door (feat>=DOOR_HEAD+8); must bash (cmd2.c:1292),Door NOT opened; needs bash (B) or tunnel.,M4
135,cmd2.c,1318,You have picked the lock.,door.lockpick_ok,self,medium,^You\ have\ picked\ the\ lock\.$,"do_cmd_open_aux(): locked door picked, door opened (cmd2.c:1318)","A plain unlocked door opens with NO message (cmd2.c:1345-1360, sound only).",M4
136,cmd2.c,1335,You failed to pick the lock.,door.lockpick_fail,self,medium,^You\ failed\ to\ pick\ the\ lock\.$,"do_cmd_open_aux(): pick failed, repeats (cmd2.c:1335)",,M4
137,cmd2.c,1466,There is a monster in the way!,move.refused.monster_in_way,self,high,^There\ is\ a\ monster\ in\ the\ way\!$,do_cmd_open(): monster on target grid (cmd2.c:1466); then py_attack,"Message is followed by a melee attack, so the ""open"" becomes an attack.",M4
138,cmd2.c,1479,There is a player in the way!,move.refused.player_in_way,self,low,^There\ is\ a\ player\ in\ the\ way\!$,do_cmd_open(): player on grid (cmd2.c:1479); costs energy,,M4
139,cmd2.c,1516,You cannot close things!,door.refused.ghost,self,none,^You\ cannot\ close\ things\!$,do_cmd_close_test(): inside #if 0 - never sent (cmd2.c:1511-1521),Dead code.,M4
140,cmd2.c,1528,You see nothing there.,door.refused.unknown,self,medium,^You\ see\ nothing\ there\.$,do_cmd_close_test(): grid not known (cmd2.c:1528),,M4
141,cmd2.c,1540,You see nothing there to close.,door.refused.nothing_to_close,self,medium,^You\ see\ nothing\ there\ to\ close\.$,do_cmd_close_test(): grid not open/broken/home-open door (cmd2.c:1540),Close had no effect.,M4
142,cmd2.c,1580,The door appears to be broken.,door.refused.broken,self,low,^The\ door\ appears\ to\ be\ broken\.$,do_cmd_close_aux(): broken door (cmd2.c:1580),,M4
143,cmd2.c,1695,There is a monster in the way!,move.refused.monster_in_way,self,high,^There\ is\ a\ monster\ in\ the\ way\!$,do_cmd_close(): monster in doorway (cmd2.c:1695); then py_attack,Close command becomes attack.,M4
144,cmd2.c,1705,There is a player in the way!,move.refused.player_in_way,self,low,^There\ is\ a\ player\ in\ the\ way\!$,do_cmd_close(): player in doorway (cmd2.c:1705),,M4
145,cmd2.c,1734,You cannot tunnel!,tunnel.refused.ghost,self,low,^You\ cannot\ tunnel\!$,do_cmd_tunnel_test(): ghost/fruit bat (cmd2.c:1734),,M4
146,cmd2.c,1746,You see nothing there.,tunnel.refused.unknown,self,medium,^You\ see\ nothing\ there\.$,do_cmd_tunnel_test(): grid unknown (cmd2.c:1746),,M4
147,cmd2.c,1756,You see nothing there to tunnel.,tunnel.refused.floor,self,medium,^You\ see\ nothing\ there\ to\ tunnel\.$,do_cmd_tunnel_test(): target is a floor grid (cmd2.c:1756),"Note: text says ""tunnel"" only; the ""through"" variant (row 149) is in #if 0.",M4
148,cmd2.c,1767,You cannot tunnel through house doors.,tunnel.refused.house,self,low,^You\ cannot\ tunnel\ through\ house\ doors\.$,do_cmd_tunnel_test(): house door (cmd2.c:1767),,M4
149,cmd2.c,1777,You see nothing there to tunnel through.,tunnel.refused.floor,self,none,^You\ see\ nothing\ there\ to\ tunnel\ through\.$,do_cmd_tunnel_test(): inside #if 0 - never sent (cmd2.c:1771-1779),Dead code.,M4
150,cmd2.c,1835,You hack your way through the vegetation.,tunnel.tree_done,self,medium,^You\ hack\ your\ way\ through\ the\ vegetation\.$,do_cmd_tunnel_aux(): tree cleared (cmd2.c:1835),,M4
151,cmd2.c,1840,You attempt to clear a path.,tunnel.progress,self,low,^You\ attempt\ to\ clear\ a\ path\.$,"do_cmd_tunnel_aux(): tree, not yet cleared; repeats (cmd2.c:1840)",,M4
152,cmd2.c,1851,You hack your way through the vegetation.,tunnel.tree_done,self,medium,^You\ hack\ your\ way\ through\ the\ vegetation\.$,do_cmd_tunnel_aux(): evil tree cleared (cmd2.c:1851),Same text as 150.,M4
153,cmd2.c,1856,You attempt to clear a path.,tunnel.progress,self,low,^You\ attempt\ to\ clear\ a\ path\.$,do_cmd_tunnel_aux(): evil tree not yet cleared (cmd2.c:1856),,M4
154,cmd2.c,1864,This seems to be permanent rock.,tunnel.refused.permanent,self,medium,^This\ seems\ to\ be\ permanent\ rock\.$,do_cmd_tunnel_aux(): perm rock (feat>=PERM_EXTRA) (cmd2.c:1864),Cannot ever dig.,M4
155,cmd2.c,1873,You have finished the tunnel.,tunnel.done,self,medium,^You\ have\ finished\ the\ tunnel\.$,do_cmd_tunnel_aux(): granite dug through (cmd2.c:1873),,M4
156,cmd2.c,1880,You tunnel into the granite wall.,tunnel.progress,self,low,^You\ tunnel\ into\ the\ granite\ wall\.$,"do_cmd_tunnel_aux(): granite, keep digging (cmd2.c:1880)",,M4
157,cmd2.c,1926,You have found something!,tunnel.found_treasure,self,medium,^You\ have\ found\ something\!$,"do_cmd_tunnel_aux(): vein with treasure dug, gold placed (cmd2.c:1926)",Same text as row 162 (rubble object).,M4
158,cmd2.c,1933,You have finished the tunnel.,tunnel.done,self,medium,^You\ have\ finished\ the\ tunnel\.$,do_cmd_tunnel_aux(): magma/quartz (no treasure) dug (cmd2.c:1933),,M4
159,cmd2.c,1941,You tunnel into the quartz vein.,tunnel.progress,self,low,^You\ tunnel\ into\ the\ quartz\ vein\.$,"do_cmd_tunnel_aux(): quartz, keep digging (cmd2.c:1941)",,M4
160,cmd2.c,1949,You tunnel into the magma vein.,tunnel.progress,self,low,^You\ tunnel\ into\ the\ magma\ vein\.$,"do_cmd_tunnel_aux(): magma, keep digging (cmd2.c:1949)",,M4
161,cmd2.c,1961,You have removed the rubble.,tunnel.done,self,medium,^You\ have\ removed\ the\ rubble\.$,do_cmd_tunnel_aux(): rubble removed (cmd2.c:1961),,M4
162,cmd2.c,1972,You have found something!,tunnel.found_treasure,self,medium,^You\ have\ found\ something\!$,do_cmd_tunnel_aux(): 10% chance an object appears under rubble and player can see grid (cmd2.c:1972),Same text as row 157.,M4
163,cmd2.c,1980,You dig in the rubble.,tunnel.progress,self,low,^You\ dig\ in\ the\ rubble\.$,"do_cmd_tunnel_aux(): rubble, keep digging (cmd2.c:1980)",,M4
164,cmd2.c,1991,You have finished the tunnel.,tunnel.done,self,medium,^You\ have\ finished\ the\ tunnel\.$,do_cmd_tunnel_aux(): secret door tunnelled (cmd2.c:1991),,M4
165,cmd2.c,1998,You tunnel into the granite wall.,tunnel.progress,self,low,^You\ tunnel\ into\ the\ granite\ wall\.$,"do_cmd_tunnel_aux(): secret door keep digging; says ""granite wall"" (cmd2.c:1998)",Same text as row 156; 25% chance to also search.,M4
166,cmd2.c,2012,You have finished the tunnel.,tunnel.done,self,medium,^You\ have\ finished\ the\ tunnel\.$,do_cmd_tunnel_aux(): door tunnelled (cmd2.c:2012),,M4
167,cmd2.c,2019,You tunnel into the door.,tunnel.progress,self,low,^You\ tunnel\ into\ the\ door\.$,do_cmd_tunnel_aux(): door keep digging (cmd2.c:2019),,M4
168,cmd2.c,2090,There is a monster in the way!,move.refused.monster_in_way,self,high,^There\ is\ a\ monster\ in\ the\ way\!$,do_cmd_tunnel(): monster on grid (cmd2.c:2090); then py_attack,,M4
169,cmd2.c,2100,There is a player in the way!,move.refused.player_in_way,self,low,^There\ is\ a\ player\ in\ the\ way\!$,do_cmd_tunnel(): player on grid (cmd2.c:2100),,M4
170,cmd2.c,2130,You cannot disarm things!,trap.refused.ghost,self,low,^You\ cannot\ disarm\ things\!$,do_cmd_disarm_test(): ghost (cmd2.c:2130),,M4
171,cmd2.c,2145,You see nothing there.,trap.refused.unknown,self,medium,^You\ see\ nothing\ there\.$,do_cmd_disarm_test(): grid unknown (cmd2.c:2145),,M4
172,cmd2.c,2156,You see nothing there to disarm.,trap.refused.no_trap,self,medium,^You\ see\ nothing\ there\ to\ disarm\.$,do_cmd_disarm_test(): no visible trap on grid (cmd2.c:2156),Disarm had no effect.,M4
173,cmd2.c,2218,You have disarmed the <item>.,trap.disarm_ok,self,medium,^You\ have\ disarmed\ the\ (?P<item>.+?)\.$,"do_cmd_disarm_aux(): success (cmd2.c:2218); name from f_info (terrain.txt): trap door, pit, strange rune, discolored spot, dart trap, gas trap",MSG_DISARM type.,M4
174,cmd2.c,2249,You failed to disarm the <item>.,trap.disarm_fail,self,medium,^You\ failed\ to\ disarm\ the\ (?P<item>.+?)\.$,do_cmd_disarm_aux(): failed but may retry (cmd2.c:2249),,M4
175,cmd2.c,2259,You set off the <item>!,trap.disarm_setoff,self,high,^You\ set\ off\ the\ (?P<item>.+?)\!$,"do_cmd_disarm_aux(): failed badly, player is moved onto trap and it fires (cmd2.c:2259)",Followed by the trap effect (rows 20-49).,M4
176,cmd2.c,2372,There is a monster in the way!,move.refused.monster_in_way,self,high,^There\ is\ a\ monster\ in\ the\ way\!$,do_cmd_disarm(): monster on grid (cmd2.c:2372); then py_attack,,M4
177,cmd2.c,2382,There is a player in the way!,move.refused.player_in_way,self,low,^There\ is\ a\ player\ in\ the\ way\!$,do_cmd_disarm(): player on grid (cmd2.c:2382),,M4
178,cmd2.c,2417,You cannot bash things!,door.refused.ghost,self,low,^You\ cannot\ bash\ things\!$,do_cmd_bash_test(): ghost (cmd2.c:2417),,M4
179,cmd2.c,2429,You see nothing there.,door.refused.unknown,self,medium,^You\ see\ nothing\ there\.$,do_cmd_bash_test(): grid unknown (cmd2.c:2429),,M4
180,cmd2.c,2440,You see nothing there to bash.,door.refused.nothing_to_bash,self,medium,^You\ see\ nothing\ there\ to\ bash\.$,do_cmd_bash_test(): not a door (cmd2.c:2440),,M4
181,cmd2.c,2476,You smash into the door!,door.bash_attempt,self,medium,^You\ smash\ into\ the\ door\!$,do_cmd_bash_aux(): sent on EVERY bash attempt (cmd2.c:2476),Success/failure line follows.,M4
182,cmd2.c,2495,The door crashes open!,door.bash_ok,self,medium,^The\ door\ crashes\ open\!$,"do_cmd_bash_aux(): bash succeeded, door opened or broken 50/50 (cmd2.c:2495)",MSG_OPENDOOR type.,M4
183,cmd2.c,2529,The door holds firm.,door.bash_fail,self,low,^The\ door\ holds\ firm\.$,"do_cmd_bash_aux(): failed, dex saving throw passed, repeats (cmd2.c:2529)",,M4
184,cmd2.c,2539,You are off-balance.,status.paralyzed.on,self,high,^You\ are\ off\-balance\.$,"do_cmd_bash_aux(): failed, save failed: set_paralyzed 2-3 (cmd2.c:2539)",Helpless for 2-3 game turns after a failed bash.,M4
185,cmd2.c,2618,There is a monster in the way!,move.refused.monster_in_way,self,high,^There\ is\ a\ monster\ in\ the\ way\!$,do_cmd_bash(): monster on grid (cmd2.c:2618); then py_attack,,M4
186,cmd2.c,2628,There is a player in the way!,move.refused.player_in_way,self,low,^There\ is\ a\ player\ in\ the\ way\!$,do_cmd_bash(): player on grid (cmd2.c:2628),,M4
187,cmd2.c,2775,You spin around.,command.no_effect,self,medium,^You\ spin\ around\.$,do_cmd_alter(): nothing alterable in that direction; no energy spent (cmd2.c:2775),,M4
188,cmd2.c,2842,You cannot spike doors!,spike.refused.ghost,self,low,^You\ cannot\ spike\ doors\!$,do_cmd_spike(): ghost (cmd2.c:2842),,M4
189,cmd2.c,2862,You see nothing there to spike.,spike.refused.no_door,self,medium,^You\ see\ nothing\ there\ to\ spike\.$,do_cmd_spike(): target not a closed door (cmd2.c:2862),,M4
190,cmd2.c,2869,You have no spikes!,spike.refused.no_spikes,self,medium,^You\ have\ no\ spikes\!$,do_cmd_spike(): no spikes in pack (cmd2.c:2869),,M4
191,cmd2.c,2879,There is a monster in the way!,move.refused.monster_in_way,self,high,^There\ is\ a\ monster\ in\ the\ way\!$,do_cmd_spike(): monster in doorway (cmd2.c:2879); then py_attack,,M4
192,cmd2.c,2892,You jam the door with a spike.,door.spiked,self,low,^You\ jam\ the\ door\ with\ a\ spike\.$,do_cmd_spike(): success (cmd2.c:2892),,M4
193,cmd2.c,3061,The item's inscription prevents it.,command.refused.inscription,self,medium,^The\ item\'s\ inscription\ prevents\ it\.$,do_cmd_run(): ^. inscription on an item prevents running (cmd2.c:3061),Run refused.,M4
194,cmd2.c,3078,You are too confused!,command.refused.confused,self,high,^You\ are\ too\ confused\!$,do_cmd_run(): confused AND in town (depth 0) (cmd2.c:3078),"In the dungeon a confused run silently becomes a walk (cmd2.c:3068-3074), so this text appears only in town.",M4
195,cmd2.c,3137,You cannot run in that direction.,command.refused.run_blocked,self,high,^You\ cannot\ run\ in\ that\ direction\.$,"do_cmd_run(): wall adjacent in that direction, no easy_alter/bump_open door handling (cmd2.c:3137)",Run did not start.,M4
196,cmd2.c,3366,You are too confused!,command.refused.confused,self,high,^You\ are\ too\ confused\!$,do_cmd_pathfind(): confused and target more than 1 step away (cmd2.c:3366),Click-to-travel refused; 1-step targets become a walk.,M4
197,cmd2.c,3486,You cannot shoot!,command.refused.ghost,self,low,^You\ cannot\ shoot\!$,do_cmd_fire(): ghost/fruit bat (cmd2.c:3486),,M4
198,cmd2.c,3496,You have nothing to fire with.,command.refused.no_launcher,self,high,^You\ have\ nothing\ to\ fire\ with\.$,do_cmd_fire(): no launcher in bow slot (cmd2.c:3496),Fire did not happen.,M4
199,cmd2.c,3506,You have nothing to fire.,command.refused.no_ammo_type,self,medium,^You\ have\ nothing\ to\ fire\.$,do_cmd_fire(): p_ptr->tval_ammo == 0 (cmd2.c:3506),,M4
200,cmd2.c,3526,You cannot fire that!,command.refused.bad_ammo,self,high,^You\ cannot\ fire\ that\!$,do_cmd_fire(): selected item tval != launcher ammo tval (cmd2.c:3526),Fire did not happen.,M4
201,cmd2.c,3532,You cannot fire that!,command.refused.bad_ammo,self,medium,^You\ cannot\ fire\ that\!$,do_cmd_fire(): item slot empty (tval 0) (cmd2.c:3532),Same text as row 200.,M4
202,cmd2.c,3772,The <item> finds a mark.,attack.ranged.unseen_hit,self,low,^The\ (?P<item>.+?)\ finds\ a\ mark\.$,do_cmd_fire(): arrow hits an unseen player (cmd2.c:3772),,M4
203,cmd2.c,3774,You are hit by a <item>!,attack.ranged,others,high,^You\ are\ hit\ by\ a\ (?P<item>.+?)\!$,"do_cmd_fire(): message to the player who was hit, attacker unseen (cmd2.c:3774)",Pilot as PvP victim.,M4
204,cmd2.c,3781,The <item> hits <mon>.,player.hit_monster.ranged,self,low,^The\ (?P<item>.+?)\ hits\ (?P<mon>.+?)\.$,do_cmd_fire(): arrow hits visible player (cmd2.c:3781),,M4
205,cmd2.c,3783,<mon> hits you with a <item>.,attack.ranged,others,high,^(?P<mon>.+?)\ hits\ you\ with\ a\ (?P<item>.+?)\.$,do_cmd_fire(): message to shot player (cmd2.c:3783),,M4
206,cmd2.c,3844,The <item> finds a mark.,player.hit_monster.ranged,self,low,^The\ (?P<item>.+?)\ finds\ a\ mark\.$,do_cmd_fire(): arrow hits an unseen MONSTER (cmd2.c:3844),,M4
207,cmd2.c,3856,The <item> hits <mon>.,player.hit_monster.ranged,self,medium,^The\ (?P<item>.+?)\ hits\ (?P<mon>.+?)\.$,do_cmd_fire(): arrow hits visible monster (cmd2.c:3856),A miss produces no message at all.,M4
208,cmd2.c,3875,You do <n> (out of <n2>) damage.,system.dm_damage,self,none,^You\ do\ (?P<n>\d+)\ \(out\ of\ (?P<n2>\d+)\)\ damage\.$,do_cmd_fire(): is_dm_p only (cmd2.c:3875),,M4
209,cmd2.c,3903,<mon> flees in terror!,monster.flee,self,medium,^(?P<mon>.+?)\ flees\ in\ terror\!$,do_cmd_fire(): hit made a visible monster afraid (cmd2.c:3903),,M4
210,cmd2.c,3960,You cannot throw things!,command.refused.ghost,self,low,^You\ cannot\ throw\ things\!$,do_cmd_throw(): ghost (cmd2.c:3960),,M4
211,cmd2.c,3976,There is nothing there to throw,command.refused.nothing,self,medium,^There\ is\ nothing\ there\ to\ throw$,do_cmd_throw(): item slot empty (cmd2.c:3976),No trailing period in source.,M4
212,cmd2.c,3986,You can not throw this!,command.refused.artifact,self,medium,^You\ can\ not\ throw\ this\!$,do_cmd_throw(): true artifact (cmd2.c:3986),,M4
213,cmd2.c,4203,The <item> finds a mark!,player.hit_monster.ranged,self,low,^The\ (?P<item>.+?)\ finds\ a\ mark\!$,do_cmd_throw(): thrown object hits unseen player (cmd2.c:4203),"Note ""!"" ending, unlike fire row 202.",M4
214,cmd2.c,4204,You are hit by a <item>!,attack.ranged,others,high,^You\ are\ hit\ by\ a\ (?P<item>.+?)\!$,do_cmd_throw(): to the hit player (cmd2.c:4204),,M4
215,cmd2.c,4215,<mon> shrugs off the <item>.,player.throw.harmless,self,low,^(?P<mon>.+?)\ shrugs\ off\ the\ (?P<item>.+?)\.$,do_cmd_throw(): thrown item at visible non-hostile player (cmd2.c:4215),,M4
216,cmd2.c,4216,<mon> throws you a(n) <item>!,player.throw.received,others,low,^(?P<mon>.+?) throws you an? (?P<item>.+?)!$,do_cmd_throw(): to non-hostile player who got thrown at (cmd2.c:4216),,M4
217,cmd2.c,4227,The <item> hits <mon>.,player.hit_monster.ranged,self,low,^The\ (?P<item>.+?)\ hits\ (?P<mon>.+?)\.$,do_cmd_throw(): hits visible hostile player (cmd2.c:4227),,M4
218,cmd2.c,4228,<mon> hits you with a(n) <item>!,attack.ranged,others,high,^(?P<mon>.+?) hits you with an? (?P<item>.+?)!$,do_cmd_throw(): to hit player (cmd2.c:4228),,M4
219,cmd2.c,4290,The <item> finds a mark.,player.hit_monster.ranged,self,low,^The\ (?P<item>.+?)\ finds\ a\ mark\.$,do_cmd_throw(): hits unseen monster (cmd2.c:4290),,M4
220,cmd2.c,4302,The <item> hits <mon>.,player.hit_monster.ranged,self,medium,^The\ (?P<item>.+?)\ hits\ (?P<mon>.+?)\.$,do_cmd_throw(): hits visible monster (cmd2.c:4302),,M4
221,cmd2.c,4321,You do <n> (out of <n2>) damage.,system.dm_damage,self,none,^You\ do\ (?P<n>\d+)\ \(out\ of\ (?P<n2>\d+)\)\ damage\.$,do_cmd_throw(): is_dm_p only (cmd2.c:4321),,M4
222,cmd2.c,4349,<mon> flees in terror!,monster.flee,self,medium,^(?P<mon>.+?)\ flees\ in\ terror\!$,do_cmd_throw(): hit made monster afraid (cmd2.c:4349),,M4
223,cmd2.c,4393,You cannot buy a house.,house.refused,self,none,^You\ cannot\ buy\ a\ house\.$,do_cmd_purchase_house(): ghost (cmd2.c:4393),,M4
224,cmd2.c,4408,You see nothing to sell there.,house.refused,self,none,^You\ see\ nothing\ to\ sell\ there\.$,"do_cmd_purchase_house(): sell, no current house (cmd2.c:4408)",,M4
225,cmd2.c,4427,You sell your house for <n> gold.,house.sold,self,none,^You\ sell\ your\ house\ for\ (?P<n>\d+)\ gold\.$,do_cmd_purchase_house(): sold (cmd2.c:4427),,M4
226,cmd2.c,4441,You don't own this house.,house.refused,self,none,^You\ don\'t\ own\ this\ house\.$,do_cmd_purchase_house(): not owner (cmd2.c:4441),,M4
227,cmd2.c,4459,You see nothing to buy there.,house.refused,self,none,^You\ see\ nothing\ to\ buy\ there\.$,do_cmd_purchase_house(): no house in direction (cmd2.c:4459),,M4
228,cmd2.c,4495,The house has been reset.,house.reset,self,none,^The\ house\ has\ been\ reset\.$,do_cmd_purchase_house(): DM house control (cmd2.c:4495),,M4
229,cmd2.c,4501,That house is already owned.,house.refused,self,none,^That\ house\ is\ already\ owned\.$,do_cmd_purchase_house(): owned by another (cmd2.c:4501),,M4
230,cmd2.c,4517,You do not have enough money.,house.refused,self,none,^You\ do\ not\ have\ enough\ money\.$,do_cmd_purchase_house(): price > gold (cmd2.c:4517),,M4
231,cmd2.c,4525,You own too many houses already.,house.refused,self,none,^You\ own\ too\ many\ houses\ already\.$,do_cmd_purchase_house(): cfg_max_houses reached (cmd2.c:4525),,M4
232,cmd3.c,81,<act> <item> (<slot>).,item.takeoff,self,medium,^(?P<act>Took off|Was wielding|Was shooting with|Light source was|Was wearing) (?P<item>.+) \((?P<slot>[a-z])\)\.$,inven_takeoff(): item removed from equipment (cmd3.c:81); act = Took off / Was wielding / Was shooting with / Light source was / Was wearing,Confirms unequip; slot letter is where it landed in pack. Also sent as part of wield swap.,M4
233,cmd3.c,127,You can not drop this here.,command.refused.artifact_depth,self,low,^You\ can\ not\ drop\ this\ here\.$,inven_drop(): artifact cannot be dropped above base depth (cmd3.c:127),,M4
234,cmd3.c,172,<act> <item> (<slot>).,item.drop,self,medium,^(?P<act>Dropped|Was wielding|Was shooting with|Light source was|Was wearing) (?P<item>.+) \((?P<slot>[a-z])\)\.$,inven_drop(): item dropped (cmd3.c:172); act = Dropped / Was wielding / Was wearing ...,Confirms drop.,M4
235,cmd3.c,334,You cannot equip yourself!,command.refused.ghost,self,low,^You\ cannot\ equip\ yourself\!$,do_cmd_wield(): ghost (cmd3.c:334),,M4
236,cmd3.c,349,There's nothing on the floor.,command.refused.nothing_floor,self,low,^There\'s\ nothing\ on\ the\ floor\.$,do_cmd_wield(): wield from floor but no floor object (cmd3.c:349),"Same text as rows 256,261,264,268,284,288.",M4
237,cmd3.c,362,You may not wield that item.,command.refused.cant_wield,self,medium,^You\ may\ not\ wield\ that\ item\.$,do_cmd_wield(): item not wearable (cmd3.c:362),,M4
238,cmd3.c,379,The <item> you are <use> appears to be cursed.,command.refused.cursed_slot,self,medium,^The\ (?P<item>.+?)\ you\ are\ (?P<use>.+?)\ appears\ to\ be\ cursed\.$,do_cmd_wield(): current item in slot is cursed (sticky); swap refused (cmd3.c:379),"describe_use e.g. ""wearing on your back"".",M4
239,cmd3.c,395,Your pack is full and you can't drop <item> here.,command.refused.pack_full,self,medium,^Your\ pack\ is\ full\ and\ you\ can\'t\ drop\ (?P<item>.+?)\ here\.$,"do_cmd_wield(): wield from floor, artifact can't drop and pack full (cmd3.c:395)",,M4
240,cmd3.c,420,You are blasted by the Crown's power!,player.death,self,high,^You\ are\ blasted\ by\ the\ Crown\'s\ power\!$,do_cmd_wield(): non-winner wears Crown of Morgoth: 10000 dmg (cmd3.c:420),Instant death.,M4
241,cmd3.c,428,You are far too weak to wield the mighty Grond.,command.refused.cant_wield,self,low,^You\ are\ far\ too\ weak\ to\ wield\ the\ mighty\ Grond\.$,do_cmd_wield(): non-winner wields Grond (cmd3.c:428),,M4
242,cmd3.c,497,<act> <item> (<slot>).,item.wield,self,medium,^(?P<act>You are wielding|You are shooting with|Your light source is|You are wearing) (?P<item>.+) \((?P<slot>[a-z])\)\.$,do_cmd_wield(): item now worn (cmd3.c:497); act = You are wielding / You are shooting with / Your light source is / You are wearing,Confirms equip.,M4
243,cmd3.c,504,Oops! It feels deathly cold!,item.cursed_worn,self,medium,^Oops\!\ It\ feels\ deathly\ cold\!$,do_cmd_wield(): newly worn item is cursed (cmd3.c:504),,M4
244,cmd3.c,548,You cannot do that!,command.refused.ghost,self,low,^You\ cannot\ do\ that\!$,do_cmd_takeoff(): ghost (cmd3.c:548),,M4
245,cmd3.c,555,Your pack is full and would overflow!,command.refused.pack_full,self,medium,^Your\ pack\ is\ full\ and\ would\ overflow\!$,do_cmd_takeoff(): inven_cnt>=INVEN_PACK (cmd3.c:555),Cannot take off items when pack full.,M4
246,cmd3.c,579,"Hmmm, it seems to be cursed.",command.refused.cursed,self,medium,"^Hmmm\,\ it\ seems\ to\ be\ cursed\.$",do_cmd_takeoff(): item cursed (cmd3.c:579),,M4
247,cmd3.c,607,You cannot drop items!,command.refused.ghost,self,low,^You\ cannot\ drop\ items\!$,do_cmd_drop(): ghost (cmd3.c:607),,M4
248,cmd3.c,614,You are not experienced enough to drop items.,command.refused.newbie_drop,self,medium,^You\ are\ not\ experienced\ enough\ to\ drop\ items\.$,do_cmd_drop(): clvl 1 and cfg_newbies_cannot_drop (cmd3.c:614),Dropping refused at clvl 1 on such servers.,M4
249,cmd3.c,631,There's nothing on the floor.,command.refused.nothing_floor,self,none,^There\'s\ nothing\ on\ the\ floor\.$,"do_cmd_drop(): inside comment ""Impossible"" - never sent (cmd3.c:625-635)",Dead code.,M4
250,cmd3.c,645,"Hmmm, it seems to be cursed.",command.refused.cursed,self,low,"^Hmmm\,\ it\ seems\ to\ be\ cursed\.$",do_cmd_drop(): equipped cursed item (cmd3.c:645),,M4
251,cmd3.c,693,You cannot drop items!,command.refused.ghost,self,low,^You\ cannot\ drop\ items\!$,do_cmd_drop_gold(): ghost (cmd3.c:693),,M4
252,cmd3.c,700,You are not experienced enough to drop gold.,command.refused.newbie_drop,self,low,^You\ are\ not\ experienced\ enough\ to\ drop\ gold\.$,do_cmd_drop_gold(): clvl 1 and cfg_newbies_cannot_drop (cmd3.c:700),,M4
253,cmd3.c,712,You do not have that much gold.,command.refused.gold,self,low,^You\ do\ not\ have\ that\ much\ gold\.$,do_cmd_drop_gold(): amt > au (cmd3.c:712),,M4
254,cmd3.c,734,You drop <n> piece(s) of gold.,gold.drop,self,low,^You drop (?P<n>\d+) pieces? of gold\.$,do_cmd_drop_gold(): success (cmd3.c:734),,M4
255,cmd3.c,769,You cannot destroy items!,command.refused.ghost,self,low,^You\ cannot\ destroy\ items\!$,do_cmd_destroy(): ghost (cmd3.c:769),,M4
256,cmd3.c,787,There's nothing on the floor.,command.refused.nothing_floor,self,low,^There\'s\ nothing\ on\ the\ floor\.$,do_cmd_destroy(): no floor object (cmd3.c:787),,M4
257,cmd3.c,832,You cannot destroy <item>.,command.refused.artifact,self,low,^You\ cannot\ destroy\ (?P<item>.+?)\.$,do_cmd_destroy(): true artifact (cmd3.c:832),,M4
258,cmd3.c,854,"Hmm, that seems to be cursed.",command.refused.cursed,self,low,"^Hmm\,\ that\ seems\ to\ be\ cursed\.$",do_cmd_destroy(): equipped cursed item (cmd3.c:854),,M4
259,cmd3.c,865,You destroy <item>.,item.destroy,self,medium,^You\ destroy\ (?P<item>.+?)\.$,do_cmd_destroy(): item destroyed (cmd3.c:865),Ignore/destroy confirmation.,M4
260,cmd3.c,910,"Sorry, this item is exclusive.",command.refused.store_item,self,none,"^Sorry\,\ this\ item\ is\ exclusive\.$",do_cmd_observe(): store item lookup failed (cmd3.c:910),,M4
261,cmd3.c,934,There's nothing on the floor.,command.refused.nothing_floor,self,low,^There\'s\ nothing\ on\ the\ floor\.$,do_cmd_observe(): no floor object (cmd3.c:934),,M4
262,cmd3.c,945,Examining <item>...,item.examine,self,none,^Examining\ (?P<item>.+?)\.\.\.$,do_cmd_observe(): header before description (cmd3.c:945),,M4
263,cmd3.c,970,You cannot touch items!,command.refused.ghost,self,none,^You\ cannot\ touch\ items\!$,do_cmd_uninscribe(): ghost (cmd3.c:970),,M4
264,cmd3.c,985,There's nothing on the floor.,command.refused.nothing_floor,self,none,^There\'s\ nothing\ on\ the\ floor\.$,do_cmd_uninscribe(): no floor object (cmd3.c:985),,M4
265,cmd3.c,997,That item had no inscription to remove.,item.inscribe.none,self,none,^That\ item\ had\ no\ inscription\ to\ remove\.$,do_cmd_uninscribe(): item has no note (cmd3.c:997),,M4
266,cmd3.c,1002,Inscription removed.,item.inscribe.removed,self,none,^Inscription\ removed\.$,do_cmd_uninscribe(): removed (cmd3.c:1002),,M4
267,cmd3.c,1031,You cannot touch items!,command.refused.ghost,self,none,^You\ cannot\ touch\ items\!$,do_cmd_inscribe(): ghost (cmd3.c:1031),,M4
268,cmd3.c,1046,There's nothing on the floor.,command.refused.nothing_floor,self,none,^There\'s\ nothing\ on\ the\ floor\.$,do_cmd_inscribe(): no floor object (cmd3.c:1046),,M4
269,cmd3.c,1060,You've entered no inscription.,item.inscribe.none,self,none,^You\'ve\ entered\ no\ inscription\.$,do_cmd_inscribe(): empty inscription on uninscribed item (cmd3.c:1060),,M4
270,cmd3.c,1073,You must identify this item first,command.refused.unidentified,self,none,^You\ must\ identify\ this\ item\ first$,"do_cmd_inscribe(): ""for sale"" on unidentified item (cmd3.c:1073)",,M4
271,cmd3.c,1083,Your price is too high!,command.refused.price,self,none,^Your\ price\ is\ too\ high\!$,do_cmd_inscribe(): price >9999999 (cmd3.c:1083),,M4
272,cmd3.c,1093,Inscribing <item>.,item.inscribe,self,none,^Inscribing\ (?P<item>.+?)\.$,do_cmd_inscribe(): (cmd3.c:1093),,M4
273,cmd3.c,1094,,system.msg_flush,self,none,^$,"do_cmd_inscribe(): msg_print(p_ptr, NULL) right after row 272 (cmd3.c:1094)",NULL message: util.c:1853 handles msg==NULL (no log); send_message() with NULL - probably an empty/flush line; not verified client-side.,M4
274,cmd3.c,1127,You cannot steal things!,command.refused.ghost,self,low,^You\ cannot\ steal\ things\!$,do_cmd_steal(): ghost (cmd3.c:1127),,M4
275,cmd3.c,1141,You see nothing there to steal from.,command.refused.no_target,self,low,^You\ see\ nothing\ there\ to\ steal\ from\.$,do_cmd_steal(): grid has no player (cmd3.c:1141),,M4
276,cmd3.c,1156,<mon> is on guard against you.,command.refused.hostile,self,low,^(?P<mon>.+?)\ is\ on\ guard\ against\ you\.$,do_cmd_steal(): target hostile to thief (cmd3.c:1156),,M4
277,cmd3.c,1165,You have no room to steal anything.,inventory.full,self,low,^You\ have\ no\ room\ to\ steal\ anything\.$,do_cmd_steal(): inven_cnt>=INVEN_PACK (cmd3.c:1165),,M4
278,cmd3.c,1207,You steal <n> gold.,gold.stolen_by_you,self,low,^You\ steal\ (?P<n>\d+)\ gold\.$,do_cmd_steal(): thief gets 10% of target gold (cmd3.c:1207),,M4
279,cmd3.c,1216,You notice <mon> stealing <n> gold!,gold.stolen,others,high,^You\ notice\ (?P<mon>.+?)\ stealing\ (?P<n>\d+)\ gold\!$,do_cmd_steal(): victim notices (chance); victim receives (cmd3.c:1216),"Only if noticed; unnoticed theft gives the victim NO message. Player thief, so only with other players.",M4
280,cmd3.c,1255,You stole <item>.,item.stolen_by_you,self,low,^You\ stole\ (?P<item>.+?)\.$,do_cmd_steal(): thief gets one item (cmd3.c:1255),,M4
281,cmd3.c,1267,You notice <mon> stealing <item>!,item.stolen,others,high,^You\ notice\ (?P<mon>.+?)\ stealing\ (?P<item>.+?)\!$,do_cmd_steal(): victim notices theft of item (cmd3.c:1267),,M4
282,cmd3.c,1278,You fail to steal anything.,command.no_effect,self,low,^You\ fail\ to\ steal\ anything\.$,do_cmd_steal(): theft failed (cmd3.c:1278),,M4
283,cmd3.c,1287,You notice <mon> try to steal from you!,item.stolen.attempt,others,medium,^You\ notice\ (?P<mon>.+?)\ try\ to\ steal\ from\ you\!$,do_cmd_steal(): victim notices a failed attempt (cmd3.c:1287),,M4
284,cmd3.c,1345,There's nothing on the floor.,command.refused.nothing_floor,self,low,^There\'s\ nothing\ on\ the\ floor\.$,do_cmd_refill_lamp(): (cmd3.c:1345),,M4
285,cmd3.c,1353,You cannot refill with that!,command.refused.bad_fuel,self,medium,^You\ cannot\ refill\ with\ that\!$,do_cmd_refill_lamp(): item fails item_tester_refill_lantern (presumably not a Flask of oil; tester not opened) (cmd3.c:1353),,M4
286,cmd3.c,1368,You fuel your lamp.,light.refuel,self,high,^You\ fuel\ your\ lamp\.$,do_cmd_refill_lamp(): lamp refuelled (cmd3.c:1368),Confirms refuel. Then possibly row 287.,M4
287,cmd3.c,1374,Your lamp is full.,light.full,self,medium,^Your\ lamp\ is\ full\.$,do_cmd_refill_lamp(): pval hit FUEL_LAMP cap (cmd3.c:1374),Sent AFTER row 286 if over cap.,M4
288,cmd3.c,1440,There's nothing on the floor.,command.refused.nothing_floor,self,low,^There\'s\ nothing\ on\ the\ floor\.$,do_cmd_refill_torch(): (cmd3.c:1440),,M4
289,cmd3.c,1448,You cannot refill with that!,command.refused.bad_fuel,self,medium,^You\ cannot\ refill\ with\ that\!$,do_cmd_refill_torch(): item is not a wooden torch (cmd3.c:1448),,M4
290,cmd3.c,1463,You combine the torches.,light.refuel,self,high,^You\ combine\ the\ torches\.$,do_cmd_refill_torch(): torch combined (cmd3.c:1463),Then row 291 or 292.,M4
291,cmd3.c,1469,Your torch is fully fueled.,light.full,self,medium,^Your\ torch\ is\ fully\ fueled\.$,do_cmd_refill_torch(): capped at FUEL_TORCH (cmd3.c:1469),,M4
292,cmd3.c,1475,Your torch glows more brightly.,light.refuel,self,medium,^Your\ torch\ glows\ more\ brightly\.$,do_cmd_refill_torch(): below cap (cmd3.c:1475),,M4
293,cmd3.c,1515,You cannot touch items!,command.refused.ghost,self,low,^You\ cannot\ touch\ items\!$,do_cmd_refill(): ghost (cmd3.c:1515),,M4
294,cmd3.c,1528,You are not wielding a light.,command.refused.no_light,self,high,^You\ are\ not\ wielding\ a\ light\.$,do_cmd_refill(): nothing in light slot (cmd3.c:1528),Refill did not happen.,M4
295,cmd3.c,1546,Your light cannot be refilled.,command.refused.light_type,self,medium,^Your\ light\ cannot\ be\ refilled\.$,do_cmd_refill(): light is neither lantern nor torch (cmd3.c:1546),,M4
296,cmd3.c,1563,Target Selected.,system.target,self,none,^Target\ Selected\.$,commented out in source - never sent (cmd3.c:1563-1589),Dead code: the target commands send no text.,M4
297,cmd3.c,1567,Target Aborted.,system.target,self,none,^Target\ Aborted\.$,commented out in source - never sent (cmd3.c:1563-1589),Dead code: the target commands send no text.,M4
298,cmd3.c,1576,Target Selected.,system.target,self,none,^Target\ Selected\.$,commented out in source - never sent (cmd3.c:1563-1589),Dead code: the target commands send no text.,M4
299,cmd3.c,1580,Target Aborted.,system.target,self,none,^Target\ Aborted\.$,commented out in source - never sent (cmd3.c:1563-1589),Dead code: the target commands send no text.,M4
300,cmd3.c,1589,Target Selected.,system.target,self,none,^Target\ Selected\.$,commented out in source - never sent (cmd3.c:1563-1589),Dead code: the target commands send no text.,M4
301,cmd3.c,1754,"Map sector [<y>,<x>], which is<dir> your sector.  Direction?",system.locate,self,low,"^Map sector \[(?P<y>\d+),(?P<x>\d+)\], which is(?P<dir>.*?) (?:of )?your sector\.  Direction\?$",do_cmd_locate(): map-sector prompt (cmd3.c:1754); built from out_val,"Text: ""Map sector [Y,X], which is[ North][ West] of your sector.  Direction?"" / ""...which is your sector.  Direction?""",M4
302,cmd3.c,2068,<sym> - <desc>.,system.query_symbol,self,low,^(?P<sym>.)\ \-\ (?P<desc>.+)\.$,"do_cmd_query_symbol(): buf = ""%c - %s."" from ident_info table (cmd3.c:2068)","e.g. ""k - Kobold.""",M4
303,cmd4.c,205,Looks like a typical town.,level.feeling,self,medium,^Looks\ like\ a\ typical\ town\.$,do_cmd_feeling(): dun_depth==0 (cmd4.c:205),,M4
304,cmd4.c,210,,level.feeling,self,medium,^(Looks\ like\ any\ other\ level\.|You\ feel\ there\ is\ something\ special\ about\ this\ level\.|You\ have\ a\ superb\ feeling\ about\ this\ level\.|You\ have\ an\ excellent\ feeling\.\.\.|You\ have\ a\ very\ good\ feeling\.\.\.|You\ have\ a\ good\ feeling\.\.\.|You\ feel\ strangely\ lucky\.\.\.|You\ feel\ your\ luck\ is\ turning\.\.\.|You\ like\ the\ look\ of\ this\ place\.\.\.|This\ level\ can\'t\ be\ all\ bad\.\.\.|What\ a\ boring\ place\.\.\.)$,"do_cmd_feeling(): dungeon; text = do_cmd_feeling_text[feeling] (cmd4.c:164-177,210)",11 texts: see extra rows.,M4
304,cmd4.c,210,Looks like any other level.,level.feeling.0,self,medium,^Looks\ like\ any\ other\ level\.$,do_cmd_feeling(): feeling index 0 (cmd4.c:165-165),Variant of row 304. Index 0 also when no time has passed.,M4
304,cmd4.c,210,You feel there is something special about this level.,level.feeling.1,self,medium,^You\ feel\ there\ is\ something\ special\ about\ this\ level\.$,do_cmd_feeling(): feeling index 1 (cmd4.c:166-166),Variant of row 304.,M4
304,cmd4.c,210,You have a superb feeling about this level.,level.feeling.2,self,medium,^You\ have\ a\ superb\ feeling\ about\ this\ level\.$,do_cmd_feeling(): feeling index 2 (cmd4.c:167-167),Variant of row 304.,M4
304,cmd4.c,210,You have an excellent feeling...,level.feeling.3,self,medium,^You\ have\ an\ excellent\ feeling\.\.\.$,do_cmd_feeling(): feeling index 3 (cmd4.c:168-168),Variant of row 304.,M4
304,cmd4.c,210,You have a very good feeling...,level.feeling.4,self,medium,^You\ have\ a\ very\ good\ feeling\.\.\.$,do_cmd_feeling(): feeling index 4 (cmd4.c:169-169),Variant of row 304.,M4
304,cmd4.c,210,You have a good feeling...,level.feeling.5,self,medium,^You\ have\ a\ good\ feeling\.\.\.$,do_cmd_feeling(): feeling index 5 (cmd4.c:170-170),Variant of row 304.,M4
304,cmd4.c,210,You feel strangely lucky...,level.feeling.6,self,medium,^You\ feel\ strangely\ lucky\.\.\.$,do_cmd_feeling(): feeling index 6 (cmd4.c:171-171),Variant of row 304.,M4
304,cmd4.c,210,You feel your luck is turning...,level.feeling.7,self,medium,^You\ feel\ your\ luck\ is\ turning\.\.\.$,do_cmd_feeling(): feeling index 7 (cmd4.c:172-172),Variant of row 304.,M4
304,cmd4.c,210,You like the look of this place...,level.feeling.8,self,medium,^You\ like\ the\ look\ of\ this\ place\.\.\.$,do_cmd_feeling(): feeling index 8 (cmd4.c:173-173),Variant of row 304.,M4
304,cmd4.c,210,This level can't be all bad...,level.feeling.9,self,medium,^This\ level\ can\'t\ be\ all\ bad\.\.\.$,do_cmd_feeling(): feeling index 9 (cmd4.c:174-174),Variant of row 304.,M4
304,cmd4.c,210,What a boring place...,level.feeling.10,self,medium,^What\ a\ boring\ place\.\.\.$,do_cmd_feeling(): feeling index 10 (cmd4.c:175-175),Variant of row 304.,M4
369,dungeon.c,248,You feel the <item> (<slot>) you are <use> <feel>...,pseudoid.equipment,self,low,^You feel the (?P<item>.+?) \((?P<slot>.)\) you are (?P<use>.+?) (?:is|are) (?P<feel>terrible|special|worthless|excellent|cursed|broken|good|average)\.\.\.$,dungeon.c:247-251 sense_inventory: equipped weapon/armour pseudo-identified (heavy or light sensing); is/are by o_ptr->number,"Rendered text has 'is'/'are' before feel: 'You feel the Dagger (a) you are wielding is average...'. feel in {terrible,special,worthless,excellent,cursed,broken,good,average} (dungeon.c:71-100 heavy) or {cursed,broken,good} (light, dungeon.c:109-128). describe_use gives 'wielding','wearing','carrying on your back' etc.",M5
370,dungeon.c,256,You feel the <item> (<slot>) in your pack <feel>...,pseudoid.pack,self,low,^You feel the (?P<item>.+?) \((?P<slot>.)\) in your pack (?:is|are) (?P<feel>terrible|special|worthless|excellent|cursed|broken|good|average)\.\.\.$,"dungeon.c:254-257: pack item sensed, 1 in 5 chance per turn checked (dungeon.c:230)",The is/are word is part of the text: 'in your pack is good...',M5
371,dungeon.c,529,The sun has risen.,time.dawn,self,low,^The\ sun\ has\ risen\.$,dungeon.c:529 process_world: player in town/wilderness (dun_depth<=0) at dawn tick,,M5
372,dungeon.c,560,The sun has fallen.,time.dusk,self,low,^The\ sun\ has\ fallen\.$,dungeon.c:560: player in town/wilderness at dusk tick,,M5
373,dungeon.c,647,Wizard mode is for debugging and experimenting.,dead.code,self,none,,"dungeon.c:636-748 enter_*_mode: static, never called (grep), calls lack p_ptr arg, guarded by #if 0 / ALLOW_WIZARD / ALLOW_BORG which are commented out in options.h:249-254",Not reachable in the shipped server.,M5
374,dungeon.c,648,The game will not be scored if you enter wizard mode.,dead.code,self,none,,"dungeon.c:636-748 enter_*_mode: static, never called (grep), calls lack p_ptr arg, guarded by #if 0 / ALLOW_WIZARD / ALLOW_BORG which are commented out in options.h:249-254",Not reachable in the shipped server.,M5
376,dungeon.c,685,The debug commands are for debugging and experimenting.,dead.code,self,none,,"dungeon.c:636-748 enter_*_mode: static, never called (grep), calls lack p_ptr arg, guarded by #if 0 / ALLOW_WIZARD / ALLOW_BORG which are commented out in options.h:249-254",Not reachable in the shipped server.,M5
377,dungeon.c,686,The game will not be scored if you use debug commands.,dead.code,self,none,,"dungeon.c:636-748 enter_*_mode: static, never called (grep), calls lack p_ptr arg, guarded by #if 0 / ALLOW_WIZARD / ALLOW_BORG which are commented out in options.h:249-254",Not reachable in the shipped server.,M5
379,dungeon.c,725,The borg commands are for debugging and experimenting.,dead.code,self,none,,"dungeon.c:636-748 enter_*_mode: static, never called (grep), calls lack p_ptr arg, guarded by #if 0 / ALLOW_WIZARD / ALLOW_BORG which are commented out in options.h:249-254",Not reachable in the shipped server.,M5
380,dungeon.c,726,The game will not be scored if you use borg commands.,dead.code,self,none,,"dungeon.c:636-748 enter_*_mode: static, never called (grep), calls lack p_ptr arg, guarded by #if 0 / ALLOW_WIZARD / ALLOW_BORG which are commented out in options.h:249-254",Not reachable in the shipped server.,M5
375,dungeon.c,649,,dead.code,self,none,,msg_print(NULL) inside dead enter_*_mode (dungeon.c:636-748),Not reachable in the shipped server.,M5
378,dungeon.c,687,,dead.code,self,none,,msg_print(NULL) inside dead enter_*_mode (dungeon.c:636-748),Not reachable in the shipped server.,M5
381,dungeon.c,727,,dead.code,self,none,,msg_print(NULL) inside dead enter_*_mode (dungeon.c:636-748),Not reachable in the shipped server.,M5
382,dungeon.c,1092,Your pack overflows!,inventory.overflow,self,medium,^Your\ pack\ overflows\!$,dungeon.c:1092 process_player_end: 24th pack slot (INVEN_PACK) occupied after pickup,Followed at once by 'You drop <item>.' and item.count/drop message.,M5
383,dungeon.c,1098,You drop <item>.,inventory.drop_overflow,self,medium,^You\ drop\ (?P<item>.+?)\.$,"dungeon.c:1098: item spilled from overflowing pack, o_name with count (mode 3, e.g. 'You drop 3 Flasks of Oil (h).')",,M5
384,dungeon.c,1271,You faint from the lack of food.,status.paralyzed.on,self,high,^You\ faint\ from\ the\ lack\ of\ food\.$,"dungeon.c:1271: food < PY_FOOD_FAINT (500), not ghost, not already paralysed, 10% per player turn processing; then paralysed 1+d5 (bypasses Free Action)",Also hunger.faint. Fatal risk in a fight.,M5
385,dungeon.c,1512,Your light has gone out!,light.out,self,high,^Your\ light\ has\ gone\ out\!$,dungeon.c:1512: light pval==0 and not blind (dungeon.c:1500-1512); disturbs,,M5
386,dungeon.c,1519,Your light is growing faint.,light.low,self,medium,^Your\ light\ is\ growing\ faint\.$,dungeon.c:1519: light pval<100 and pval%10==0 (so repeats every 10 turns of fuel); not sent when blind,Only for burning lights (not artifacts/Feanorian/dwarven lamps).,M5
387,dungeon.c,1652,You feel yourself yanked upwards!,escape.recall_activate,self,high,^You\ feel\ yourself\ yanked\ upwards\!$,dungeon.c:1652: word_recall counter expired while in dungeon (dun_depth>0); new level follows (recall to town),No text is sent when recall is READ or cancelled from this file: those are elsewhere.,M5
388,dungeon.c,1653,<name> is yanked upwards!,escape.recall_activate,others,low,^(?P<name>.+?)\ is\ yanked\ upwards\!$,dungeon.c:1653: seen by other players in LOS,,M5
389,dungeon.c,1665,You feel yourself yanked sideways!,escape.recall_activate,self,high,^You\ feel\ yourself\ yanked\ sideways\!$,dungeon.c:1665: recall activated while in wilderness (dun_depth<0) or recall_depth<0 (wilderness recall target),,M5
390,dungeon.c,1666,<name> is yanked sideways!,escape.recall_activate,others,low,^(?P<name>.+?)\ is\ yanked\ sideways\!$,dungeon.c:1666,,M5
391,dungeon.c,1686,You feel yourself yanked downwards!,escape.recall_activate,self,high,^You\ feel\ yourself\ yanked\ downwards\!$,dungeon.c:1686: recall activated from town (dun_depth==0) toward recall_depth,,M5
392,dungeon.c,1687,<name> is yanked downwards!,escape.recall_activate,others,low,^(?P<name>.+?)\ is\ yanked\ downwards\!$,dungeon.c:1687,,M5
393,dungeon.c,1825,,dead.code,self,none,,"dungeon.c:1815-1829 is inside #if 0 (unique respawn announcement ""<unique> rises from the dead!"" is also commented out)",Not reachable in the shipped server.,M5
394,dungeon.c,1993,Your form feels much more familliar.,status.fruit_bat.off,self,medium,^Your\ form\ feels\ much\ more\ familliar\.$,dungeon.c:1993: fruit_bat counter (Fruit bat curse) reaches 0,Typo 'familliar' is in source.,M5
395,files.c,1503,Cannot open '<name>'.,system.file_error,self,none,^Cannot\ open\ \'(?P<name>.+?)\'\.$,files.c:1503 copy_file_info: help/interactive file missing,,M5
396,files.c,1504,,system.flush,self,none,,files.c:1504 msg_print(NULL): send_message returns without sending on NULL (net-game.c:929),No packet.,M5
397,files.c,1675,Cannot open '<name>'.,system.file_error,self,none,^Cannot\ open\ \'(?P<name>.+?)\'\.$,files.c:1675 do_cmd_help_aux (file missing),"Note line 1676 passes Ind (int) not p_ptr - suspicious call, but harmless as NULL msg.",M5
398,files.c,1676,,system.flush,self,none,,files.c:1676 msg_print(NULL),No packet.,M5
399,files.c,2224,,system.flush,self,none,,files.c:2224 msg_print(NULL) at start of do_cmd_save_game,No packet.,M5
400,files.c,2230,Saving game...,system.save,self,low,^Saving\ game\.\.\.$,files.c:2230 do_cmd_save_game (save command),,M5
401,files.c,2244,Saving game... done.,system.save,self,low,^Saving\ game\.\.\.\ done\.$,files.c:2244: save_player succeeded,,M5
402,files.c,2250,Saving game... failed!,system.save,self,low,^Saving\ game\.\.\.\ failed\!$,files.c:2250: save_player failed,,M5
403,files.c,2347,,dead.code,self,none,,"files.c:2347 msg_print(NULL) with no p_ptr, next to prt()/put_str() Angband-UI calls: old single-player code, not a live send (compile guard not located)",Not reachable in the shipped server.,M5
404,files.c,2792,Score not registered for wizards.,system.score,self,none,^Score\ not\ registered\ for\ wizards\.$,"files.c:2792 top_twenty: p_ptr->noscore & 0x000F (SCORE_WIZARDS undefined, options.h:381)",,M5
405,files.c,2802,Score not registered for borgs.,system.score,self,none,^Score\ not\ registered\ for\ borgs\.$,files.c:2802: noscore & 0x00F0,,M5
406,files.c,2812,Score not registered for cheaters.,system.score,self,none,^Score\ not\ registered\ for\ cheaters\.$,files.c:2812: noscore & 0xFF00,,M5
407,files.c,2821,Score not registered due to interruption.,system.score,self,none,^Score\ not\ registered\ due\ to\ interruption\.$,files.c:2821: died_from == 'Interrupting' and not winner,,M5
408,files.c,2829,Score not registered due to quitting.,system.score,self,none,^Score\ not\ registered\ due\ to\ quitting\.$,files.c:2829: died_from == 'Quitting' and not winner,,M5
409,files.c,3058,,system.flush,self,none,,files.c:3058 close_game: msg_print(NULL) flush before death handling,No packet.,M5
410,files.c,3082,death save failed!,system.save,self,low,^death\ save\ failed\!$,files.c:3082 close_game: save_player failed for a dead character,,M5
411,files.c,3316,,dead.code,self,none,,files.c:3316 is the comment text 'see msg_print()' - a false hit of the extractor; the line is 'msg_flag = FALSE;',Not reachable in the shipped server.,M5
412,generate.c,809,Destroyed Level,dead.code,self,none,,generate.c:809 is in a comment (/*if (cheat_room) msg_print(...)*/),Not reachable in the shipped server.,M5
413,generate.c,1952,Monster nest (<x>),dead.code,self,none,,generate.c:1952 commented out,Not reachable in the shipped server.,M5
414,generate.c,2255,Monster pit (<x>),dead.code,self,none,,generate.c:2255 inside #if 0,Not reachable in the shipped server.,M5
415,generate.c,2261,<monster race name>,dead.code,self,none,,generate.c:2261 inside #if 0,Not reachable in the shipped server.,M5
416,generate.c,2509,Lesser Vault,dead.code,self,none,,generate.c:2509 commented out,Not reachable in the shipped server.,M5
417,generate.c,2549,Greater Vault,dead.code,self,none,,generate.c:2549 commented out (cheat_room),Not reachable in the shipped server.,M5
418,init1.c,1057,Unknown player class flag '<x>'.,dead.code,self,none,,init1.c:1057 commented out with //,Not reachable in the shipped server.,M5
419,init1.c,1785,Unknown player flag '<x>'.,dead.code,self,none,,init1.c:1785 commented out with //,Not reachable in the shipped server.,M5
699,net-server.c,208,<name> begins a new game.,player.join,all,low,^(?P<name>.+?)\ begins\ a\ new\ game\.$,"net-server.c:208 player_enter: broadcast to all OTHER players (msg_broadcast skips the subject, util.c:1927) when p_ptr->new_game; not sent for secret-presence DM","Type MSG_CHAT (257), so a broadcast arrives as chat-type text.",M5
700,net-server.c,212,<name> has entered the game.,player.join,all,low,^(?P<name>.+?)\ has\ entered\ the\ game\.$,net-server.c:212: existing character logs in,,M5
701,net-server.c,307,<name> has left the game.,player.leave,all,low,^(?P<name>.+?)\ has\ left\ the\ game\.$,net-server.c:307 player_leave,,M5
720,party.c,51,A party by that name already exists.,party.error,self,none,^A\ party\ by\ that\ name\ already\ exists\.$,party.c:51 party_create,,M5
721,party.c,58,You already belong to a party!,party.error,self,none,^You\ already\ belong\ to\ a\ party\!$,party.c:58,,M5
722,party.c,78,There aren't enough party slots!,party.error,self,none,^There\ aren\'t\ enough\ party\ slots\!$,party.c:78,,M5
723,party.c,126,That player is not currently in the game.,party.error,self,none,^That\ player\ is\ not\ currently\ in\ the\ game\.$,party.c:126 party_add (sent to the inviter q_ptr),,M5
724,party.c,134,That player is hostile towards you.,party.error,self,none,^That\ player\ is\ hostile\ towards\ you\.$,party.c:134 (inviter),,M5
725,party.c,140,You are hostile to that player.,party.error,self,none,^You\ are\ hostile\ to\ that\ player\.$,party.c:140 (inviter),,M5
726,party.c,148,You must be the owner to add someone.,party.error,self,none,^You\ must\ be\ the\ owner\ to\ add\ someone\.$,party.c:148 (inviter),,M5
727,party.c,158,That player is already in a party.,party.error,self,none,^That\ player\ is\ already\ in\ a\ party\.$,party.c:158 (inviter),,M5
728,party.c,171,You've been added to party '<pty>'.,party.join,self,low,^You\'ve\ been\ added\ to\ party\ \'(?P<pty>.+?)\'\.$,party.c:171 (the new member),"Members also get '<name> has been added to party <pty>.' via party_msg_format (party.c:165, outside my rows).",M5
729,party.c,209,That player is not currently in the game.,party.error,self,none,^That\ player\ is\ not\ currently\ in\ the\ game\.$,party.c:209 party_remove (owner),,M5
730,party.c,218,You must be the owner to delete someone.,party.error,self,none,^You\ must\ be\ the\ owner\ to\ delete\ someone\.$,party.c:218,,M5
731,party.c,228,You can only delete party members.,party.error,self,none,^You\ can\ only\ delete\ party\ members\.$,party.c:228,,M5
732,party.c,249,Your party has been disbanded.,party.disband,self,low,^Your\ party\ has\ been\ disbanded\.$,party.c:249: to each member when the owner is removed/party emptied,,M5
733,party.c,271,You have been removed from your party.,party.leave,self,low,^You\ have\ been\ removed\ from\ your\ party\.$,party.c:271 party_remove (member kicked),,M5
734,party.c,292,You don't belong to a party.,party.error,self,none,^You\ don\'t\ belong\ to\ a\ party\.$,party.c:292 party_leave,,M5
735,party.c,311,You have been removed from your party.,party.leave,self,low,^You\ have\ been\ removed\ from\ your\ party\.$,party.c:311 party_leave (voluntary leave),Same text as row 733: kicked vs left cannot be told apart from this message.,M5
736,party.c,331,<msg>,party.chat,self,low,^(?P<msg>.*)$,"party.c:331 party_msg: to each party member, type MSG_WHISPER (256); carries '<name> has been added to party <p>.' / '<name> has been removed from the party.' / '<name> has left the party.' and party chat '[party:sender] text'",Text is dynamic; sender-prefixed.,M5
737,party.c,402,<msg>,party.near,others,low,^(?P<msg>.*)$,"party.c:402 party_msg_format_near: party members in LOS of p_ptr, with caller type; used with MSG_PY_MISC for '<name> senses the presence of ...' (spells2.c:1387,1608,1691,1800,1841)",Text dynamic.,M5
738,party.c,565,You cannot be hostile.,party.error,self,none,^You\ cannot\ be\ hostile\.$,party.c:565 add_hostility (ghost/in safe state),,M5
739,party.c,574,You cannot be hostile toward yourself.,party.error,self,none,^You\ cannot\ be\ hostile\ toward\ yourself\.$,party.c:574,,M5
740,party.c,591,<name> is in your party!,party.error,self,none,^(?P<name>.+?)\ is\ in\ your\ party\!$,party.c:591 (%^s capitalised),,M5
741,party.c,603,You are already hostile toward <name>.,pvp.error,self,none,^You\ are\ already\ hostile\ toward\ (?P<name>.+?)\.$,party.c:603,,M5
742,party.c,620,You are now hostile toward <name>.,pvp.hostile_on,self,low,^You\ are\ now\ hostile\ toward\ (?P<name>.+?)\.$,party.c:620 add_hostility,,M5
743,party.c,623,<name> is now hostile towards you.,pvp.hostile_on,others,low,^(?P<name>.+?)\ is\ now\ hostile\ towards\ you\.$,party.c:623: sent to victim only if cfg_pvp_notify,"Text goes to the target, not bystanders.",M5
744,party.c,639,You are already hostile toward party '<pty>'.,dead.code,self,none,,party.c:639 inside #if 0 (party.c:628-661) [SEEN],Not reachable in the shipped server.,M5
745,party.c,656,You are now hostile toward party '<pty>'.,dead.code,self,none,,party.c:656 inside #if 0 (party.c:628-661) [SEEN],Not reachable in the shipped server.,M5
746,party.c,663,<name> is not currently in the game.,pvp.error,self,none,^(?P<name>.+?)\ is\ not\ currently\ in\ the\ game\.$,party.c:663 add_hostility fallthrough (%^s),,M5
747,party.c,704,No longer hostile toward <name>.,pvp.hostile_off,self,low,^No\ longer\ hostile\ toward\ (?P<name>.+?)\.$,party.c:704 remove_hostility,,M5
748,party.c,732,No longer hostile toward party '<pty>'.,dead.code,self,none,,party.c:732 inside #if 0 (party.c:713-741) [SEEN],Not reachable in the shipped server.,M5
749,party.c,745,You are not hostile toward <name>.,pvp.error,self,none,^You\ are\ not\ hostile\ toward\ (?P<name>.+?)\.$,party.c:745,,M5
1101,util.c,1841,,system.plumbing,self,none,,util.c:1841 inside a comment / doc block (lines 1825-1850 are the msg_print doc comment); no message,Not a real message call.,M5
1102,util.c,1842,,system.plumbing,self,none,,util.c:1842 inside a comment / doc block (lines 1825-1850 are the msg_print doc comment); no message,Not a real message call.,M5
1103,util.c,1846,,system.plumbing,self,none,,util.c:1846 inside a comment / doc block (lines 1825-1850 are the msg_print doc comment); no message,Not a real message call.,M5
1104,util.c,1849,,system.plumbing,self,none,,"util.c:1849 definition of msg_print(p_ptr,msg) = msg_print_aux(...,MSG_GENERIC)",No fixed text.,M5
1105,util.c,1851,,system.plumbing,self,none,,util.c:1851: msg_print passes type MSG_GENERIC (0),Every plain msg_print / msg_format has type 0 - no semantic type.,M5
1106,util.c,1853,,system.plumbing,self,none,,"util.c:1853 definition of msg_print_aux; logs, dedups, then send_message (util.c:1918)",See dispatch 'plumbing'.,M5
1107,util.c,1921,,system.plumbing,all,none,,util.c:1921 msg_broadcast: to every player except p_ptr; also console,,M5
1108,util.c,1932,,system.plumbing,all,none,,util.c:1932: broadcast delivered with type MSG_CHAT (257),,M5
1109,util.c,1951,,system.plumbing,all,none,,util.c:1951 msg_channel: to each player who is listening (UCM_EAR) type MSG_CHAT+chan,,M5
1110,util.c,1959,,system.plumbing,self,none,,"util.c:1959 msg_print with no args, inside a comment/old block",,M5
1111,util.c,1961,,system.plumbing,self,none,,util.c:1961 definition of msg_format (vstrnfmt into 1024 buffer),,M5
1112,util.c,1977,,system.plumbing,self,none,,util.c:1977 msg_format -> msg_print (type 0),,M5
1113,util.c,1980,,system.plumbing,self,none,,util.c:1980 definition of msg_format_type (explicit type),,M5
1114,util.c,1996,,system.plumbing,self,none,,util.c:1996 msg_format_type -> msg_print_aux(type),,M5
1115,util.c,2076,,system.plumbing,others,none,,util.c:2076 msg_format_monster: to each player at the same depth who sees the monster (uses visible name),"Monster name substituted via monster_desc mode 0x80 (forced visible): 'The kobold' / 'Grip, Farmer Maggot's Dog'.",M5
1116,util.c,2081,,system.plumbing,others,none,,util.c:2081: to players near (in LOS of monster or closest player) who can't see it: name via mode 0x40 = 'It'/'Something',Unseen monster messages use fmt_inv; NULL fmt_inv = silence.,M5
1117,util.c,2138,,system.plumbing,others,none,,util.c:2138 msg_format_complex_far: same-depth players who can see the speaker: '<sender> <text>',,M5
1118,util.c,2145,,system.plumbing,others,none,,"util.c:2145: same-depth players who cannot see the speaker: 'Someone <text>' (e.g. 'Someone yells, ""...""')",,M5
1119,util.c,2186,,system.plumbing,others,none,,util.c:2186 msg_print_complex_near: players in view (CAVE_VIEW of the source square) except p_ptr and q_ptr,,M5
1120,util.c,2190,,system.plumbing,others,none,,"util.c:2190 msg_print_near: MSG_GENERIC, others only",,M5
1121,util.c,2199,,system.plumbing,others,none,,util.c:2199 msg_format_complex_near definition,,M5
1122,util.c,2217,,system.plumbing,others,none,,util.c:2217 msg_format_near definition,,M5
1123,util.c,2233,,system.plumbing,others,none,,util.c:2233 msg_format_near -> msg_print_near,,M5
1124,util.c,2408,<error text>,chat.error,self,none,^(?:Could not match name '(?P<x>.*)'\.|'(?P<x2>.*)' matches too many (?P<problem>.+)\.)$,"util.c:2408 assist_whisper: find_chat_target error string. Two variants (util.c:2374,2384): ""Could not match name '<x>'."" / ""'<x>' matches too many <problem>.""",Dynamic text.,M5
1125,util.c,2461,Listening to channel <ch>,chat.channel,self,none,^Listening\ to\ channel\ (?P<ch>.+?)$,"util.c:2461 channel_join (existing channel, not quiet)",,M5
1126,util.c,2468,Channel changed to <ch>,chat.channel,self,none,^Channel\ changed\ to\ (?P<ch>.+?)$,util.c:2468,,M5
1127,util.c,2484,Listening to channel <ch>,chat.channel,self,none,^Listening\ to\ channel\ (?P<ch>.+?)$,util.c:2484 new channel created,,M5
1128,util.c,2489,Unable to join channel <ch>,chat.channel,self,none,^Unable\ to\ join\ channel\ (?P<ch>.+?)$,util.c:2489,,M5
1129,util.c,2498,Left channel <ch>,chat.channel,self,none,^Left\ channel\ (?P<ch>.+?)$,util.c:2498 channel_leave_id,,M5
1130,util.c,2661,<error text>,chat.error,self,none,^(?:Could not match name '(?P<x>.*)'\.|'(?P<x2>.*)' matches too many (?P<problem>.+)\.)$,util.c:2661 player_talk_aux: find_chat_target error (same two variants as row 1124),,M5
1131,util.c,2707,"You <verb>, ""<msg>""<c>",chat.say,self,low,"^You (?P<verb>say|ask), ""(?P<msg>.*)""(?P<c>.)$",util.c:2707 &say: type MSG_TALK (151); verb 'say' or 'ask' (if ends with ?); punct from message,,M5
1132,util.c,2708,"<sender> <verb>s, ""<msg>""<c>",chat.say,others,low,"^(?P<sender>.+?) (?P<verb>say|ask)s, ""(?P<msg>.*)""(?P<c>.)$","util.c:2708: players in view, type MSG_TALK",,M5
1133,util.c,2729,"You yell, ""<msg>""!",chat.yell,self,low,"^You yell, ""(?P<msg>.*)""!$",util.c:2729 &yell: type MSG_YELL (152),,M5
1134,util.c,2746,[<name>:<sender>] <msg>,chat.whisper,self,low,^\[(?P<name>[^:\]]+):(?P<sender>[^\]]+)\] (?P<msg>.*)$,"util.c:2746: whisper delivered to target, type MSG_WHISPER (256); first %s is TARGET's name, second sender's (format string as-is)",Begins with '[' so it is not logged/deduped (util.c:1863).,M5
1135,util.c,2749,[<name>:<sender>] <msg>,chat.whisper,self,low,^\[(?P<name>[^:\]]+):(?P<sender>[^\]]+)\] (?P<msg>.*)$,util.c:2749: echo to sender,Same text form as row 1134; direction ambiguous.,M5
1136,util.c,2765,[<pty>:<sender>] <msg>,chat.party,self,low,^\[(?P<pty>[^:\]]+):(?P<sender>[^\]]+)\] (?P<msg>.*)$,"util.c:2765: sender not in the targeted party gets echo, type 0",,M5
1137,util.c,2785,[<sender>] <msg>,chat.channel,self,low,^\[(?P<sender>[^\]]+)\] (?P<msg>.*)$,"util.c:2785: channel message from a player, type MSG_CHAT+chan (>=257)",,M5
1138,util.c,2789,<msg>,chat.channel,self,low,^(?P<msg>.*)$,"util.c:2789: channel message with no player sender (server/DM), type MSG_CHAT+chan",,M5
1139,variable.c,86,,system.plumbing,self,none,,variable.c:86: only a comment mentioning msg_print(),Not a message.,M5
1140,wilderness.c,518,You cannot plant seeds!,action.blocked,self,none,^You\ cannot\ plant\ seeds\!$,wilderness.c:518 do_cmd_plant_seed: ghost or fruit bat,,M5
1141,wilderness.c,552,You have planted some seeds.,action.plant,self,none,^You\ have\ planted\ some\ seeds\.$,wilderness.c:552,,M5
