id,file,line,function,call,format,args,msg_type
1,cmd1.c,94,critical_shot,msg_print,It was a good hit!,"(p_ptr, """")",
2,cmd1.c,99,critical_shot,msg_print,It was a great hit!,"(p_ptr, """")",
3,cmd1.c,104,critical_shot,msg_print,It was a superb hit!,"(p_ptr, """")",
4,cmd1.c,133,critical_norm,msg_print,It was a good hit!,"(p_ptr, """")",
5,cmd1.c,139,critical_norm,msg_print,It was a great hit!,"(p_ptr, """")",
6,cmd1.c,145,critical_norm,msg_print,It was a superb hit!,"(p_ptr, """")",
7,cmd1.c,151,critical_norm,msg_print,It was a *GREAT* hit!,"(p_ptr, """")",
8,cmd1.c,157,critical_norm,msg_print,It was a *SUPERB* hit!,"(p_ptr, """")",
9,cmd1.c,546,search,msg_print,You have found a trap.,"(p_ptr, """")",
10,cmd1.c,556,search,msg_print,You have found a secret door.,"(p_ptr, """")",
11,cmd1.c,575,search,msg_print,You have discovered a trap on the chest!,"(p_ptr, """")",
12,cmd1.c,697,carry,msg_format,You have found %ld gold piece%s worth of %s.s,"(p_ptr, """", (long)o_ptr->pval, (o_ptr->pval == 1 ? """" : """"), o_name)",
13,cmd1.c,732,carry,msg_format,You see %s.,"(p_ptr, """", o_name)",
14,cmd1.c,738,carry,msg_format,You have no room for %s.,"(p_ptr, """", o_name)",
15,cmd1.c,778,carry,msg_print,Item owner must be nearby!,"(p_ptr, """")",
16,cmd1.c,784,carry,msg_print,You do not have enough gold.,"(p_ptr, """")",
17,cmd1.c,799,carry,msg_format,You bought %s for %ld gold.,"(p_ptr, """", o_name, (long)price)",
18,cmd1.c,800,carry,msg_format,You sold %s for %ld gold.,"(q_ptr, """", o_name, (long)price)",
19,cmd1.c,842,carry,msg_format,You have %s (%c).,"(p_ptr, """", o_name, index_to_label(slot))",
20,cmd1.c,920,hit_trap,msg_print,You feel quite certain something really awfull just happened..,"(p_ptr, """")",
21,cmd1.c,924,hit_trap,msg_print,You fell through a trap door!,"(p_ptr, """")",
22,cmd1.c,927,hit_trap,msg_print,You float gently down to the next level.,"(p_ptr, """")",
23,cmd1.c,962,hit_trap,msg_print,You fell into a pit!,"(p_ptr, """")",
24,cmd1.c,965,hit_trap,msg_print,You float gently to the bottom of the pit.,"(p_ptr, """")",
25,cmd1.c,977,hit_trap,msg_print,You fall into a spiked pit!,"(p_ptr, """")",
26,cmd1.c,981,hit_trap,msg_print,You float gently to the floor of the pit.,"(p_ptr, """")",
27,cmd1.c,982,hit_trap,msg_print,You carefully avoid touching the spikes.,"(p_ptr, """")",
28,cmd1.c,993,hit_trap,msg_print,You are impaled!,"(p_ptr, """")",
29,cmd1.c,1007,hit_trap,msg_print,You fall into a spiked pit!,"(p_ptr, """")",
30,cmd1.c,1011,hit_trap,msg_print,You float gently to the floor of the pit.,"(p_ptr, """")",
31,cmd1.c,1012,hit_trap,msg_print,You carefully avoid touching the spikes.,"(p_ptr, """")",
32,cmd1.c,1023,hit_trap,msg_print,You are impaled on poisonous spikes!,"(p_ptr, """")",
33,cmd1.c,1030,hit_trap,msg_print,The poison does not affect you!,"(p_ptr, """")",
34,cmd1.c,1049,hit_trap,msg_print,You are enveloped in a cloud of smoke!,"(p_ptr, """")",
35,cmd1.c,1065,hit_trap,msg_print,You hit a teleport trap!,"(p_ptr, """")",
36,cmd1.c,1072,hit_trap,msg_print,You are enveloped in flames!,"(p_ptr, """")",
37,cmd1.c,1080,hit_trap,msg_print,You are splashed with acid!,"(p_ptr, """")",
38,cmd1.c,1090,hit_trap,msg_print,A small dart hits you!,"(p_ptr, """")",
39,cmd1.c,1097,hit_trap,msg_print,A small dart barely misses you.,"(p_ptr, """")",
40,cmd1.c,1106,hit_trap,msg_print,A small dart hits you!,"(p_ptr, """")",
41,cmd1.c,1113,hit_trap,msg_print,A small dart barely misses you.,"(p_ptr, """")",
42,cmd1.c,1122,hit_trap,msg_print,A small dart hits you!,"(p_ptr, """")",
43,cmd1.c,1129,hit_trap,msg_print,A small dart barely misses you.,"(p_ptr, """")",
44,cmd1.c,1138,hit_trap,msg_print,A small dart hits you!,"(p_ptr, """")",
45,cmd1.c,1145,hit_trap,msg_print,A small dart barely misses you.,"(p_ptr, """")",
46,cmd1.c,1152,hit_trap,msg_print,A black gas surrounds you!,"(p_ptr, """")",
47,cmd1.c,1162,hit_trap,msg_print,A gas of scintillating colors surrounds you!,"(p_ptr, """")",
48,cmd1.c,1172,hit_trap,msg_print,A pungent green gas surrounds you!,"(p_ptr, """")",
49,cmd1.c,1182,hit_trap,msg_print,A strange white mist surrounds you!,"(p_ptr, """")",
50,cmd1.c,1233,py_attack_player,msg_format,You are too afraid to attack %s!,"(p_ptr, """", pvp_name)",
51,cmd1.c,1262,py_attack_player,msg_format,You hit %s.,"(p_ptr, """", pvp_name)",
52,cmd1.c,1263,py_attack_player,msg_format,%s hits you.,"(q_ptr, """", p_ptr->name)",
53,cmd1.c,1303,py_attack_player,msg_print,Your hands stop glowing.,"(p_ptr, """")",
54,cmd1.c,1308,py_attack_player,msg_format,%^s is unaffected.,"(p_ptr, """", pvp_name)",
55,cmd1.c,1312,py_attack_player,msg_format,%^s is unaffected.,"(p_ptr, """", pvp_name)",
56,cmd1.c,1316,py_attack_player,msg_format,%^s appears confused.,"(p_ptr, """", pvp_name)",
57,cmd1.c,1328,py_attack_player,msg_format,%^s appears afraid.,"(p_ptr, """", pvp_name)",
58,cmd1.c,1341,py_attack_player,msg_format,You miss %s.,"(p_ptr, """", pvp_name)",
59,cmd1.c,1342,py_attack_player,msg_format,%s misses you.,"(q_ptr, """", p_ptr->name)",
60,cmd1.c,1402,py_attack_mon,msg_format,You are too afraid to attack %s!,"(p_ptr, """", m_name)",
61,cmd1.c,1445,py_attack_mon,msg_format,You hit %s.,"(p_ptr, """", m_name)",
62,cmd1.c,1447,py_attack_mon,msg_format,"You cruelly stab the helpless, sleeping %s!","(p_ptr, """", (r_name + r_info[m_ptr->r_idx].name))",
63,cmd1.c,1449,py_attack_mon,msg_format,You backstab the fleeing %s!,"(p_ptr, """", (r_name + r_info[m_ptr->r_idx].name))",
64,cmd1.c,1489,py_attack_mon,msg_format,You do %d (out of %d) damage.,"(p_ptr, """", k, m_ptr->hp)",
65,cmd1.c,1502,py_attack_mon,msg_print,Your hands stop glowing.,"(p_ptr, """")",
66,cmd1.c,1508,py_attack_mon,msg_format,%^s is unaffected.,"(p_ptr, """", m_name)",
67,cmd1.c,1512,py_attack_mon,msg_format,%^s is unaffected.,"(p_ptr, """", m_name)",
68,cmd1.c,1516,py_attack_mon,msg_format,%^s appears confused.,"(p_ptr, """", m_name)",
69,cmd1.c,1528,py_attack_mon,msg_format,%^s appears afraid.,"(p_ptr, """", m_name)",
70,cmd1.c,1544,py_attack_mon,msg_format,You miss %s.,"(p_ptr, """", m_name)",
71,cmd1.c,1556,py_attack_mon,msg_format,%^s flees in terror!,"(p_ptr, """", m_name)",
72,cmd1.c,1645,move_player,msg_print,You don't feel like going to pick flowers right now.,"(p_ptr, """")",
73,cmd1.c,1646,move_player,msg_print,Where do you think you are going?,"(p_ptr, """")",
74,cmd1.c,1647,move_player,msg_print,Morgoth the potato farmer? - get real!,"(p_ptr, """")",
75,cmd1.c,1648,move_player,msg_print,Morgoth awaits you in the depths not in the fields.,"(p_ptr, """")",
76,cmd1.c,1649,move_player,msg_print,Something draws your attention back to the stairs.,"(p_ptr, """")",
77,cmd1.c,1652,move_player,msg_print,There is a wall blocking your way.,"(p_ptr, """")",
78,cmd1.c,1658,move_player,msg_print,Really enter the wilderness? The dungeon entrance is in the town!,"(p_ptr, """")",
79,cmd1.c,1691,move_player,msg_print,You have reached the Walls of the World. You can not pass.,"(p_ptr, """")",
80,cmd1.c,1692,move_player,msg_print,You cannot go beyond the Walls of the World.,"(p_ptr, """")",
81,cmd1.c,1786,move_player,msg_format,You switch places with %s.,"(p_ptr, """", q_ptr->name)",
82,cmd1.c,1787,move_player,msg_format,You switch places with %s.,"(q_ptr, """", p_ptr->name)",
83,cmd1.c,1822,move_player,msg_format,You bump into %s.,"(p_ptr, """", q_ptr->name)",
84,cmd1.c,1823,move_player,msg_format,%s bumps into you.,"(q_ptr, """", p_ptr->name)",
85,cmd1.c,1864,move_player,msg_print,The wall blocks your movement.,"(p_ptr, """")",
86,cmd1.c,1883,move_player,msg_print,You feel some rubble blocking your way.,"(p_ptr, """")",
87,cmd1.c,1893,move_player,msg_print,You feel a closed door blocking your way.,"(p_ptr, """")",
88,cmd1.c,1902,move_player,msg_print,You feel a tree blocking your way.,"(p_ptr, """")",
89,cmd1.c,1911,move_player,msg_print,You feel a wall blocking your way.,"(p_ptr, """")",
90,cmd1.c,1924,move_player,msg_print,There is rubble blocking your way.,"(p_ptr, """")",
91,cmd1.c,1932,move_player,msg_print,There is a closed door blocking your way.,"(p_ptr, """")",
92,cmd1.c,1939,move_player,msg_print,There is a tree blocking your way.,"(p_ptr, """")",
93,cmd1.c,1946,move_player,msg_print,There is a wall blocking your way.,"(p_ptr, """")",
94,cmd1.c,1956,move_player,msg_print,The wall blocks your movement.,"(p_ptr, """")",
95,cmd1.c,2061,move_player,msg_print,You found a trap!,"(p_ptr, """")",
96,cmd2.c,39,do_cmd_go_up,msg_print,I see no up staircase here.,"(p_ptr, """")",
97,cmd2.c,46,do_cmd_go_up,msg_print,There is nothing above you.,"(p_ptr, """")",
98,cmd2.c,58,do_cmd_go_up,msg_print,Morgoth awaits you in the darkness below.,"(p_ptr, """")",
99,cmd2.c,82,do_cmd_go_up,msg_print,You enter a maze of up staircases.,"(p_ptr, """")",
100,cmd2.c,88,do_cmd_go_up,msg_print,You float upwards.,"(p_ptr, """")",
101,cmd2.c,130,do_cmd_go_down,msg_print,I see no down staircase here.,"(p_ptr, """")",
102,cmd2.c,137,do_cmd_go_down,msg_print,You seem unable to go down.  Try going up.,"(p_ptr, """")",
103,cmd2.c,148,do_cmd_go_down,msg_print,"An unvanquished adversary pulls you back, you can descend no further.","(p_ptr, """")",
104,cmd2.c,155,do_cmd_go_down,msg_print,There is nothing below you.,"(p_ptr, """")",
105,cmd2.c,162,do_cmd_go_down,msg_print,You are at the bottom of the dungeon.,"(p_ptr, """")",
106,cmd2.c,186,do_cmd_go_down,msg_print,You enter a maze of down staircases.,"(p_ptr, """")",
107,cmd2.c,192,do_cmd_go_down,msg_print,You float downwards.,"(p_ptr, """")",
108,cmd2.c,386,chest_trap,msg_print,A small needle has pricked you!,"(p_ptr, """")",
109,cmd2.c,394,chest_trap,msg_print,A small needle has pricked you!,"(p_ptr, """")",
110,cmd2.c,402,chest_trap,msg_print,A puff of green gas surrounds you!,"(p_ptr, """")",
111,cmd2.c,412,chest_trap,msg_print,A puff of yellow gas surrounds you!,"(p_ptr, """")",
112,cmd2.c,423,chest_trap,msg_print,You are enveloped in a cloud of smoke!,"(p_ptr, """")",
113,cmd2.c,434,chest_trap,msg_print,There is a sudden explosion!,"(p_ptr, """")",
114,cmd2.c,435,chest_trap,msg_print,Everything inside the chest is destroyed!,"(p_ptr, """")",
115,cmd2.c,633,create_house_door,msg_print,You do not own this house,"(p_ptr, """")",
116,cmd2.c,646,create_house_door,msg_print,You create a door for your house!,"(p_ptr, """")",
117,cmd2.c,695,get_house_foundation,msg_print,There is no house foundation here.,"(p_ptr, """")",
118,cmd2.c,791,get_house_foundation,msg_print,The foundation is too small.,"(p_ptr, """")",
119,cmd2.c,815,create_house,msg_print,The surrounding magic is too strong for House Creation.,"(p_ptr, """")",
120,cmd2.c,916,disown_house,msg_print,You have been expelled from the house.,"(Players[i], """")",
121,cmd2.c,984,do_cmd_open_chest,msg_print_aux,You have picked the lock.,"(p_ptr, """", MSG_LOCKPICK)",MSG_LOCKPICK
122,cmd2.c,996,do_cmd_open_chest,msg_print_aux,You failed to pick the lock.,"(p_ptr, """", MSG_LOCKPICK_FAIL)",MSG_LOCKPICK_FAIL
123,cmd2.c,1047,do_cmd_disarm_chest,msg_print,I don't see any traps.,"(p_ptr, """")",
124,cmd2.c,1053,do_cmd_disarm_chest,msg_print,The chest is not trapped.,"(p_ptr, """")",
125,cmd2.c,1059,do_cmd_disarm_chest,msg_print,The chest is not trapped.,"(p_ptr, """")",
126,cmd2.c,1065,do_cmd_disarm_chest,msg_print_aux,You have disarmed the chest.,"(p_ptr, """", MSG_DISARM)",MSG_DISARM
127,cmd2.c,1077,do_cmd_disarm_chest,msg_print,You failed to disarm the chest.,"(p_ptr, """")",
128,cmd2.c,1083,do_cmd_disarm_chest,msg_print,You set off a trap!,"(p_ptr, """")",
129,cmd2.c,1141,do_cmd_open_test,msg_print,You cannot open things!,"(p_ptr, """")",
130,cmd2.c,1153,do_cmd_open_test,msg_print,You see nothing there.,"(p_ptr, """")",
131,cmd2.c,1169,do_cmd_open_test,msg_print_aux,You see nothing there to open.,"(p_ptr, """", MSG_NOTHING_TO_OPEN)",MSG_NOTHING_TO_OPEN
132,cmd2.c,1234,do_cmd_open_aux,msg_print,The shopkeeper locks the doors.,"(q_ptr, """")",
133,cmd2.c,1276,do_cmd_open_aux,msg_format,This house costs %ld gold.,"(p_ptr, """", price)",
134,cmd2.c,1292,do_cmd_open_aux,msg_print,The door appears to be stuck.,"(p_ptr, """")",
135,cmd2.c,1318,do_cmd_open_aux,msg_print_aux,You have picked the lock.,"(p_ptr, """", MSG_LOCKPICK)",MSG_LOCKPICK
136,cmd2.c,1335,do_cmd_open_aux,msg_print_aux,You failed to pick the lock.,"(p_ptr, """", MSG_LOCKPICK_FAIL)",MSG_LOCKPICK_FAIL
137,cmd2.c,1466,do_cmd_open,msg_print,There is a monster in the way!,"(p_ptr, """")",
138,cmd2.c,1479,do_cmd_open,msg_print,There is a player in the way!,"(p_ptr, """")",
139,cmd2.c,1516,do_cmd_close_test,msg_print,You cannot close things!,"(p_ptr, """")",
140,cmd2.c,1528,do_cmd_close_test,msg_print,You see nothing there.,"(p_ptr, """")",
141,cmd2.c,1540,do_cmd_close_test,msg_print,You see nothing there to close.,"(p_ptr, """")",
142,cmd2.c,1580,do_cmd_close_aux,msg_print,The door appears to be broken.,"(p_ptr, """")",
143,cmd2.c,1695,do_cmd_close,msg_print,There is a monster in the way!,"(p_ptr, """")",
144,cmd2.c,1705,do_cmd_close,msg_print,There is a player in the way!,"(p_ptr, """")",
145,cmd2.c,1734,do_cmd_tunnel_test,msg_print,You cannot tunnel!,"(p_ptr, """")",
146,cmd2.c,1746,do_cmd_tunnel_test,msg_print,You see nothing there.,"(p_ptr, """")",
147,cmd2.c,1756,do_cmd_tunnel_test,msg_print,You see nothing there to tunnel.,"(p_ptr, """")",
148,cmd2.c,1767,do_cmd_tunnel_test,msg_print,You cannot tunnel through house doors.,"(p_ptr, """")",
149,cmd2.c,1777,do_cmd_tunnel_test,msg_print,You see nothing there to tunnel through.,"(p_ptr, """")",
150,cmd2.c,1835,do_cmd_tunnel_aux,msg_print,You hack your way through the vegetation.,"(p_ptr, """")",
151,cmd2.c,1840,do_cmd_tunnel_aux,msg_print,You attempt to clear a path.,"(p_ptr, """")",
152,cmd2.c,1851,do_cmd_tunnel_aux,msg_print,You hack your way through the vegetation.,"(p_ptr, """")",
153,cmd2.c,1856,do_cmd_tunnel_aux,msg_print,You attempt to clear a path.,"(p_ptr, """")",
154,cmd2.c,1864,do_cmd_tunnel_aux,msg_print,This seems to be permanent rock.,"(p_ptr, """")",
155,cmd2.c,1873,do_cmd_tunnel_aux,msg_print,You have finished the tunnel.,"(p_ptr, """")",
156,cmd2.c,1880,do_cmd_tunnel_aux,msg_print,You tunnel into the granite wall.,"(p_ptr, """")",
157,cmd2.c,1926,do_cmd_tunnel_aux,msg_print,You have found something!,"(p_ptr, """")",
158,cmd2.c,1933,do_cmd_tunnel_aux,msg_print,You have finished the tunnel.,"(p_ptr, """")",
159,cmd2.c,1941,do_cmd_tunnel_aux,msg_print,You tunnel into the quartz vein.,"(p_ptr, """")",
160,cmd2.c,1949,do_cmd_tunnel_aux,msg_print,You tunnel into the magma vein.,"(p_ptr, """")",
161,cmd2.c,1961,do_cmd_tunnel_aux,msg_print,You have removed the rubble.,"(p_ptr, """")",
162,cmd2.c,1972,do_cmd_tunnel_aux,msg_print,You have found something!,"(p_ptr, """")",
163,cmd2.c,1980,do_cmd_tunnel_aux,msg_print,You dig in the rubble.,"(p_ptr, """")",
164,cmd2.c,1991,do_cmd_tunnel_aux,msg_print,You have finished the tunnel.,"(p_ptr, """")",
165,cmd2.c,1998,do_cmd_tunnel_aux,msg_print,You tunnel into the granite wall.,"(p_ptr, """")",
166,cmd2.c,2012,do_cmd_tunnel_aux,msg_print,You have finished the tunnel.,"(p_ptr, """")",
167,cmd2.c,2019,do_cmd_tunnel_aux,msg_print,You tunnel into the door.,"(p_ptr, """")",
168,cmd2.c,2090,do_cmd_tunnel,msg_print,There is a monster in the way!,"(p_ptr, """")",
169,cmd2.c,2100,do_cmd_tunnel,msg_print,There is a player in the way!,"(p_ptr, """")",
170,cmd2.c,2130,do_cmd_disarm_test,msg_print,You cannot disarm things!,"(p_ptr, """")",
171,cmd2.c,2145,do_cmd_disarm_test,msg_print,You see nothing there.,"(p_ptr, """")",
172,cmd2.c,2156,do_cmd_disarm_test,msg_print,You see nothing there to disarm.,"(p_ptr, """")",
173,cmd2.c,2218,do_cmd_disarm_aux,msg_format_type,You have disarmed the %s.,"(p_ptr, MSG_DISARM, """", name)",MSG_DISARM
174,cmd2.c,2249,do_cmd_disarm_aux,msg_format,You failed to disarm the %s.,"(p_ptr, """", name)",
175,cmd2.c,2259,do_cmd_disarm_aux,msg_format,You set off the %s!,"(p_ptr, """", name)",
176,cmd2.c,2372,do_cmd_disarm,msg_print,There is a monster in the way!,"(p_ptr, """")",
177,cmd2.c,2382,do_cmd_disarm,msg_print,There is a player in the way!,"(p_ptr, """")",
178,cmd2.c,2417,do_cmd_bash_test,msg_print,You cannot bash things!,"(p_ptr, """")",
179,cmd2.c,2429,do_cmd_bash_test,msg_print,You see nothing there.,"(p_ptr, """")",
180,cmd2.c,2440,do_cmd_bash_test,msg_print,You see nothing there to bash.,"(p_ptr, """")",
181,cmd2.c,2476,do_cmd_bash_aux,msg_print,You smash into the door!,"(p_ptr, """")",
182,cmd2.c,2495,do_cmd_bash_aux,msg_print_aux,The door crashes open!,"(p_ptr, """", MSG_OPENDOOR)",MSG_OPENDOOR
183,cmd2.c,2529,do_cmd_bash_aux,msg_print,The door holds firm.,"(p_ptr, """")",
184,cmd2.c,2539,do_cmd_bash_aux,msg_print,You are off-balance.,"(p_ptr, """")",
185,cmd2.c,2618,do_cmd_bash,msg_print,There is a monster in the way!,"(p_ptr, """")",
186,cmd2.c,2628,do_cmd_bash,msg_print,There is a player in the way!,"(p_ptr, """")",
187,cmd2.c,2775,do_cmd_alter,msg_print,You spin around.,"(p_ptr, """")",
188,cmd2.c,2842,do_cmd_spike,msg_print,You cannot spike doors!,"(p_ptr, """")",
189,cmd2.c,2862,do_cmd_spike,msg_print,You see nothing there to spike.,"(p_ptr, """")",
190,cmd2.c,2869,do_cmd_spike,msg_print,You have no spikes!,"(p_ptr, """")",
191,cmd2.c,2879,do_cmd_spike,msg_print,There is a monster in the way!,"(p_ptr, """")",
192,cmd2.c,2892,do_cmd_spike,msg_print,You jam the door with a spike.,"(p_ptr, """")",
193,cmd2.c,3061,do_cmd_run,msg_print,The item's inscription prevents it.,"(p_ptr, """")",
194,cmd2.c,3078,do_cmd_run,msg_print,You are too confused!,"(p_ptr, """")",
195,cmd2.c,3137,do_cmd_run,msg_print,You cannot run in that direction.,"(p_ptr, """")",
196,cmd2.c,3366,do_cmd_pathfind,msg_print,You are too confused!,"(p_ptr, """")",
197,cmd2.c,3486,do_cmd_fire,msg_print,You cannot shoot!,"(p_ptr, """")",
198,cmd2.c,3496,do_cmd_fire,msg_print,You have nothing to fire with.,"(p_ptr, """")",
199,cmd2.c,3506,do_cmd_fire,msg_print,You have nothing to fire.,"(p_ptr, """")",
200,cmd2.c,3526,do_cmd_fire,msg_print,You cannot fire that!,"(p_ptr, """")",
201,cmd2.c,3532,do_cmd_fire,msg_print,You cannot fire that!,"(p_ptr, """")",
202,cmd2.c,3772,do_cmd_fire,msg_format,The %s finds a mark.,"(p_ptr, """", o_name)",
203,cmd2.c,3774,do_cmd_fire,msg_format,You are hit by a %s!,"(q_ptr, """", o_name)",
204,cmd2.c,3781,do_cmd_fire,msg_format,The %s hits %s.,"(p_ptr, """", o_name, pvp_name)",
205,cmd2.c,3783,do_cmd_fire,msg_format,%^s hits you with a %s.,"(q_ptr, """", p_ptr->name, o_name)",
206,cmd2.c,3844,do_cmd_fire,msg_format,The %s finds a mark.,"(p_ptr, """", o_name)",
207,cmd2.c,3856,do_cmd_fire,msg_format,The %s hits %s.,"(p_ptr, """", o_name, m_name)",
208,cmd2.c,3875,do_cmd_fire,msg_format,You do %d (out of %d) damage.,"(p_ptr, """", tdam, m_ptr->hp)",
209,cmd2.c,3903,do_cmd_fire,msg_format,%^s flees in terror!,"(p_ptr, """", m_name)",
210,cmd2.c,3960,do_cmd_throw,msg_print,You cannot throw things!,"(p_ptr, """")",
211,cmd2.c,3976,do_cmd_throw,msg_print,There is nothing there to throw,"(p_ptr, """")",
212,cmd2.c,3986,do_cmd_throw,msg_print,You can not throw this!,"(p_ptr, """")",
213,cmd2.c,4203,do_cmd_throw,msg_format,The %s finds a mark!,"(p_ptr, """", o_name)",
214,cmd2.c,4204,do_cmd_throw,msg_format,You are hit by a %s!,"(q_ptr, """", o_name)",
215,cmd2.c,4215,do_cmd_throw,msg_format,%s shrugs off the %s.,"(p_ptr, """", q_ptr->name, o_name)",
216,cmd2.c,4216,do_cmd_throw,msg_format,%s throws you %s %s!ana,"(q_ptr, """", p_ptr->name, (is_a_vowel(o_name[0]) ? """" : """"), o_name)",
217,cmd2.c,4227,do_cmd_throw,msg_format,The %s hits %s.,"(p_ptr, """", o_name, q_ptr->name)",
218,cmd2.c,4228,do_cmd_throw,msg_format,%s hits you with %s %s!ana,"(q_ptr, """", p_ptr->name, (is_a_vowel(o_name[0]) ? """" : """"), o_name)",
219,cmd2.c,4290,do_cmd_throw,msg_format,The %s finds a mark.,"(p_ptr, """", o_name)",
220,cmd2.c,4302,do_cmd_throw,msg_format,The %s hits %s.,"(p_ptr, """", o_name, m_name)",
221,cmd2.c,4321,do_cmd_throw,msg_format,You do %d (out of %d) damage.,"(p_ptr, """", tdam, m_ptr->hp)",
222,cmd2.c,4349,do_cmd_throw,msg_format,%^s flees in terror!,"(p_ptr, """", m_name)",
223,cmd2.c,4393,do_cmd_purchase_house,msg_print,You cannot buy a house.,"(p_ptr, """")",
224,cmd2.c,4408,do_cmd_purchase_house,msg_print,You see nothing to sell there.,"(p_ptr, """")",
225,cmd2.c,4427,do_cmd_purchase_house,msg_format,You sell your house for %ld gold.,"(p_ptr, """", price/2)",
226,cmd2.c,4441,do_cmd_purchase_house,msg_print,You don't own this house.,"(p_ptr, """")",
227,cmd2.c,4459,do_cmd_purchase_house,msg_print,You see nothing to buy there.,"(p_ptr, """")",
228,cmd2.c,4495,do_cmd_purchase_house,msg_format,The house has been reset.,"(p_ptr, """")",
229,cmd2.c,4501,do_cmd_purchase_house,msg_print,That house is already owned.,"(p_ptr, """")",
230,cmd2.c,4517,do_cmd_purchase_house,msg_print,You do not have enough money.,"(p_ptr, """")",
231,cmd2.c,4525,do_cmd_purchase_house,msg_print,You own too many houses already.,"(p_ptr, """")",
232,cmd3.c,81,inven_takeoff,msg_format,%^s %s (%c).,"(p_ptr, """", act, o_name, index_to_label(posn))",
233,cmd3.c,127,inven_drop,msg_print,You can not drop this here.,"(p_ptr, """")",
234,cmd3.c,172,inven_drop,msg_format,%^s %s (%c).,"(p_ptr, """", act, o_name, index_to_label(item))",
235,cmd3.c,334,do_cmd_wield,msg_print,You cannot equip yourself!,"(p_ptr, """")",
236,cmd3.c,349,do_cmd_wield,msg_print,There's nothing on the floor.,"(p_ptr, """")",
237,cmd3.c,362,do_cmd_wield,msg_print,You may not wield that item.,"(p_ptr, """")",
238,cmd3.c,379,do_cmd_wield,msg_format,The %s you are %s appears to be cursed.,"(p_ptr, """", o_name, describe_use(p_ptr, slot))",
239,cmd3.c,395,do_cmd_wield,msg_format,Your pack is full and you can't drop %s here.,"(p_ptr, """", o_name)",
240,cmd3.c,420,do_cmd_wield,msg_print,You are blasted by the Crown's power!,"(p_ptr, """")",
241,cmd3.c,428,do_cmd_wield,msg_print,You are far too weak to wield the mighty Grond.,"(p_ptr, """")",
242,cmd3.c,497,do_cmd_wield,msg_format,%^s %s (%c).,"(p_ptr, """", act, o_name, index_to_label(slot))",
243,cmd3.c,504,do_cmd_wield,msg_print,Oops! It feels deathly cold!,"(p_ptr, """")",
244,cmd3.c,548,do_cmd_takeoff,msg_print,You cannot do that!,"(p_ptr, """")",
245,cmd3.c,555,do_cmd_takeoff,msg_print,Your pack is full and would overflow!,"(p_ptr, """")",
246,cmd3.c,579,do_cmd_takeoff,msg_print,"Hmmm, it seems to be cursed.","(p_ptr, """")",
247,cmd3.c,607,do_cmd_drop,msg_print,You cannot drop items!,"(p_ptr, """")",
248,cmd3.c,614,do_cmd_drop,msg_print,You are not experienced enough to drop items.,"(p_ptr, """")",
249,cmd3.c,631,do_cmd_drop,msg_print,There's nothing on the floor.,"(p_ptr, """")",
250,cmd3.c,645,do_cmd_drop,msg_print,"Hmmm, it seems to be cursed.","(p_ptr, """")",
251,cmd3.c,693,do_cmd_drop_gold,msg_print,You cannot drop items!,"(p_ptr, """")",
252,cmd3.c,700,do_cmd_drop_gold,msg_print,You are not experienced enough to drop gold.,"(p_ptr, """")",
253,cmd3.c,712,do_cmd_drop_gold,msg_print,You do not have that much gold.,"(p_ptr, """")",
254,cmd3.c,734,do_cmd_drop_gold,msg_format,You drop %ld piece%s of gold.s,"(p_ptr, """", amt, (amt==1?"""":""""))",
255,cmd3.c,769,do_cmd_destroy,msg_print,You cannot destroy items!,"(p_ptr, """")",
256,cmd3.c,787,do_cmd_destroy,msg_print,There's nothing on the floor.,"(p_ptr, """")",
257,cmd3.c,832,do_cmd_destroy,msg_format,You cannot destroy %s.,"(p_ptr, """", o_name)",
258,cmd3.c,854,do_cmd_destroy,msg_print,"Hmm, that seems to be cursed.","(p_ptr, """")",
259,cmd3.c,865,do_cmd_destroy,msg_format,You destroy %s.,"(p_ptr, """", o_name)",
260,cmd3.c,910,do_cmd_observe,msg_print,"Sorry, this item is exclusive.","(p_ptr, """")",
261,cmd3.c,934,do_cmd_observe,msg_print,There's nothing on the floor.,"(p_ptr, """")",
262,cmd3.c,945,do_cmd_observe,msg_format,Examining %s...,"(p_ptr, """", o_name)",
263,cmd3.c,970,do_cmd_uninscribe,msg_print,You cannot touch items!,"(p_ptr, """")",
264,cmd3.c,985,do_cmd_uninscribe,msg_print,There's nothing on the floor.,"(p_ptr, """")",
265,cmd3.c,997,do_cmd_uninscribe,msg_print,That item had no inscription to remove.,"(p_ptr, """")",
266,cmd3.c,1002,do_cmd_uninscribe,msg_print,Inscription removed.,"(p_ptr, """")",
267,cmd3.c,1031,do_cmd_inscribe,msg_print,You cannot touch items!,"(p_ptr, """")",
268,cmd3.c,1046,do_cmd_inscribe,msg_print,There's nothing on the floor.,"(p_ptr, """")",
269,cmd3.c,1060,do_cmd_inscribe,msg_print,You've entered no inscription.,"(p_ptr, """")",
270,cmd3.c,1073,do_cmd_inscribe,msg_print,You must identify this item first,"(p_ptr, """")",
271,cmd3.c,1083,do_cmd_inscribe,msg_print,Your price is too high!,"(p_ptr, """")",
272,cmd3.c,1093,do_cmd_inscribe,msg_format,Inscribing %s.,"(p_ptr, """", o_name)",
273,cmd3.c,1094,do_cmd_inscribe,msg_print,,"(p_ptr, NULL)",
274,cmd3.c,1127,do_cmd_steal,msg_print,You cannot steal things!,"(p_ptr, """")",
275,cmd3.c,1141,do_cmd_steal,msg_print,You see nothing there to steal from.,"(p_ptr, """")",
276,cmd3.c,1156,do_cmd_steal,msg_format,%^s is on guard against you.,"(p_ptr, """", q_ptr->name)",
277,cmd3.c,1165,do_cmd_steal,msg_print,You have no room to steal anything.,"(p_ptr, """")",
278,cmd3.c,1207,do_cmd_steal,msg_format,You steal %ld gold.,"(p_ptr, """", amt)",
279,cmd3.c,1216,do_cmd_steal,msg_format,You notice %s stealing %ld gold!,"(q_ptr, """", p_ptr->name, amt)",
280,cmd3.c,1255,do_cmd_steal,msg_format,You stole %s.,"(p_ptr, """", o_name)",
281,cmd3.c,1267,do_cmd_steal,msg_format,You notice %s stealing %s!,"(q_ptr, """", p_ptr->name, o_name)",
282,cmd3.c,1278,do_cmd_steal,msg_print,You fail to steal anything.,"(p_ptr, """")",
283,cmd3.c,1287,do_cmd_steal,msg_format,You notice %s try to steal from you!,"(q_ptr, """", p_ptr->name)",
284,cmd3.c,1345,do_cmd_refill_lamp,msg_print,There's nothing on the floor.,"(p_ptr, """")",
285,cmd3.c,1353,do_cmd_refill_lamp,msg_print,You cannot refill with that!,"(p_ptr, """")",
286,cmd3.c,1368,do_cmd_refill_lamp,msg_print,You fuel your lamp.,"(p_ptr, """")",
287,cmd3.c,1374,do_cmd_refill_lamp,msg_print,Your lamp is full.,"(p_ptr, """")",
288,cmd3.c,1440,do_cmd_refill_torch,msg_print,There's nothing on the floor.,"(p_ptr, """")",
289,cmd3.c,1448,do_cmd_refill_torch,msg_print,You cannot refill with that!,"(p_ptr, """")",
290,cmd3.c,1463,do_cmd_refill_torch,msg_print,You combine the torches.,"(p_ptr, """")",
291,cmd3.c,1469,do_cmd_refill_torch,msg_print,Your torch is fully fueled.,"(p_ptr, """")",
292,cmd3.c,1475,do_cmd_refill_torch,msg_print,Your torch glows more brightly.,"(p_ptr, """")",
293,cmd3.c,1515,do_cmd_refill,msg_print,You cannot touch items!,"(p_ptr, """")",
294,cmd3.c,1528,do_cmd_refill,msg_print,You are not wielding a light.,"(p_ptr, """")",
295,cmd3.c,1546,do_cmd_refill,msg_print,Your light cannot be refilled.,"(p_ptr, """")",
296,cmd3.c,1563,do_cmd_target,msg_print,Target Selected.,"(p_ptr, """")",
297,cmd3.c,1567,do_cmd_target,msg_print,Target Aborted.,"(p_ptr, """")",
298,cmd3.c,1576,do_cmd_target_friendly,msg_print,Target Selected.,"(p_ptr, """")",
299,cmd3.c,1580,do_cmd_target_friendly,msg_print,Target Aborted.,"(p_ptr, """")",
300,cmd3.c,1589,do_cmd_look,msg_print,Target Selected.,"(p_ptr, """")",
301,cmd3.c,1754,do_cmd_locate,msg_print,,"(p_ptr, out_val)",
302,cmd3.c,2068,do_cmd_query_symbol,msg_print,,"(p_ptr, buf)",
303,cmd4.c,205,do_cmd_feeling,msg_print,Looks like a typical town.,"(p_ptr, """")",
304,cmd4.c,210,do_cmd_feeling,msg_print,,"(p_ptr, do_cmd_feeling_text[p_ptr->feeling])",
305,cmd5.c,220,do_cmd_browse,msg_print,You cannot read books!,"(p_ptr, """")",
306,cmd5.c,227,do_cmd_browse,msg_print,You cannot read books!,"(p_ptr, """")",
307,cmd5.c,235,do_cmd_browse,msg_print,You cannot see!,"(p_ptr, """")",
308,cmd5.c,242,do_cmd_browse,msg_print,You are too confused!,"(p_ptr, """")",
309,cmd5.c,264,do_cmd_browse,msg_print,There's nothing on the floor.,"(p_ptr, """")",
310,cmd5.c,319,do_cmd_study,msg_print,You cannot read books!,"(p_ptr, """")",
311,cmd5.c,325,do_cmd_study,msg_print,You cannot read books!,"(p_ptr, """")",
312,cmd5.c,331,do_cmd_study,msg_print,You cannot see!,"(p_ptr, """")",
313,cmd5.c,337,do_cmd_study,msg_print,You are too confused!,"(p_ptr, """")",
314,cmd5.c,343,do_cmd_study,msg_format,You cannot learn any new %ss!,"(p_ptr, """", p)",
315,cmd5.c,362,do_cmd_study,msg_print,There's nothing on the floor.,"(p_ptr, """")",
316,cmd5.c,393,do_cmd_study,msg_print,You cannot gain that spell!,"(p_ptr, """")",
317,cmd5.c,430,do_cmd_study,msg_format,You cannot learn any %ss in that book.,"(p_ptr, """", p)",
318,cmd5.c,454,do_cmd_study,msg_format,You have learned the %s of %s.,"(p_ptr, """", p, get_spell_name(p_ptr->cp_ptr->spell_book, j))",
319,cmd5.c,464,do_cmd_study,msg_format,You can learn %d more %ss.,"(p_ptr, """", p_ptr->new_spells, p)",
320,cmd5.c,515,do_cmd_cast,msg_print,You cannot cast spells!,"(p_ptr, """")",
321,cmd5.c,522,do_cmd_cast,msg_print,You cannot cast spells!,"(p_ptr, """")",
322,cmd5.c,529,do_cmd_cast,msg_print,You cannot see!,"(p_ptr, """")",
323,cmd5.c,536,do_cmd_cast,msg_print,You are too confused!,"(p_ptr, """")",
324,cmd5.c,555,do_cmd_cast,msg_print,There's nothing on the floor.,"(p_ptr, """")",
325,cmd5.c,590,do_cmd_cast,msg_print,You cannot project that spell.,"(p_ptr, """")",
326,cmd5.c,598,do_cmd_cast,msg_print,You cannot cast that spell.,"(p_ptr, """")",
327,cmd5.c,608,do_cmd_cast,msg_print,You do not have enough mana.,"(p_ptr, """")",
328,cmd5.c,626,do_cmd_cast,msg_print,You failed to get the spell off!,"(p_ptr, """")",
329,cmd5.c,682,do_cmd_cast_fin,msg_print,You faint from the effort!,"(p_ptr, """")",
330,cmd5.c,693,do_cmd_cast_fin,msg_print,You have damaged your health!,"(p_ptr, """")",
331,cmd5.c,742,do_cmd_pray,msg_print,Pray hard enough and your prayers may be answered.,"(p_ptr, """")",
332,cmd5.c,749,do_cmd_pray,msg_print,Pray hard enough and your prayers may be answered.,"(p_ptr, """")",
333,cmd5.c,756,do_cmd_pray,msg_print,You cannot see!,"(p_ptr, """")",
334,cmd5.c,763,do_cmd_pray,msg_print,You are too confused!,"(p_ptr, """")",
335,cmd5.c,785,do_cmd_pray,msg_print,There's nothing on the floor.,"(p_ptr, """")",
336,cmd5.c,820,do_cmd_pray,msg_print,You cannot project that prayer.,"(p_ptr, """")",
337,cmd5.c,828,do_cmd_pray,msg_print,You cannot pray that prayer.,"(p_ptr, """")",
338,cmd5.c,838,do_cmd_pray,msg_print,You do not have enough mana.,"(p_ptr, """")",
339,cmd5.c,856,do_cmd_pray,msg_print,You failed to concentrate hard enough!,"(p_ptr, """")",
340,cmd5.c,924,do_cmd_ghost_power,msg_print,You are too confused!,"(p_ptr, """")",
341,cmd5.c,944,do_cmd_ghost_power,msg_print,You aren't powerful enough to use that ability.,"(p_ptr, """")",
342,cmd6.c,78,do_cmd_eat_food,msg_print,You cannot eat food!,"(p_ptr, """")",
343,cmd6.c,168,do_cmd_quaff_potion,msg_print,You cannot quaff potions!,"(p_ptr, """")",
344,cmd6.c,186,do_cmd_quaff_potion,msg_print,There's nothing on the floor.,"(p_ptr, """")",
345,cmd6.c,272,do_cmd_read_scroll,msg_print,You cannot read scrolls!,"(p_ptr, """")",
346,cmd6.c,277,do_cmd_read_scroll,msg_print,You can't see anything.,"(p_ptr, """")",
347,cmd6.c,282,do_cmd_read_scroll,msg_print,You have no light to read by.,"(p_ptr, """")",
348,cmd6.c,287,do_cmd_read_scroll,msg_print,You are too confused!,"(p_ptr, """")",
349,cmd6.c,306,do_cmd_read_scroll,msg_print,There's nothing on the floor.,"(p_ptr, """")",
350,cmd6.c,422,do_cmd_use_staff,msg_print,You cannot use staves!,"(p_ptr, """")",
351,cmd6.c,440,do_cmd_use_staff,msg_print,There's nothing on the floor.,"(p_ptr, """")",
352,cmd6.c,495,do_cmd_use_staff,msg_print,You failed to use the staff properly.,"(p_ptr, """")",
353,cmd6.c,504,do_cmd_use_staff,msg_print,The staff has no charges left.,"(p_ptr, """")",
354,cmd6.c,506,do_cmd_use_staff,msg_print,The staffs have no charges left.,"(p_ptr, """")",
355,cmd6.c,578,do_cmd_use_staff_discharge,msg_print,You unstack your staff.,"(p_ptr, """")",
356,cmd6.c,635,do_cmd_aim_wand,msg_print,You cannot aim wands!,"(p_ptr, """")",
357,cmd6.c,653,do_cmd_aim_wand,msg_print,There's nothing on the floor.,"(p_ptr, """")",
358,cmd6.c,733,do_cmd_aim_wand,msg_print,You unstack your wand.,"(p_ptr, """")",
359,cmd6.c,788,do_cmd_zap_rod,msg_print,You cannot zap rods!,"(p_ptr, """")",
360,cmd6.c,806,do_cmd_zap_rod,msg_print,There's nothing on the floor.,"(p_ptr, """")",
361,cmd6.c,898,do_cmd_zap_rod_discharge,msg_print,You unstack your rod.,"(p_ptr, """")",
362,cmd6.c,946,do_cmd_activate,msg_print,You cannot activate items!,"(p_ptr, """")",
363,cmd6.c,961,do_cmd_activate,msg_print,There's nothing on the floor.,"(p_ptr, """")",
364,cmd6.c,973,do_cmd_activate,msg_print,You cannot activate that item.,"(p_ptr, """")",
365,cmd6.c,1005,do_cmd_activate,msg_print,You failed to activate it properly.,"(p_ptr, """")",
366,cmd6.c,1043,do_cmd_refill_potion,msg_print,You cannot refill potions!,"(p_ptr, """")",
367,cmd6.c,1061,do_cmd_refill_potion,msg_print,There's nothing on the floor.,"(p_ptr, """")",
368,cmd6.c,1128,do_cmd_refill_potion,msg_print,The bottle shimmers and changes color.,"(p_ptr, """")",
369,dungeon.c,248,sense_inventory,msg_format,You feel the %s (%c) you are %s %s %s...isare,"(p_ptr, """", o_name, index_to_label(i), describe_use(p_ptr, i), ((o_ptr->number == 1) ? """" : """"), feel)",
370,dungeon.c,256,sense_inventory,msg_format,You feel the %s (%c) in your pack %s %s...isare,"(p_ptr, """", o_name, index_to_label(i), ((o_ptr->number == 1) ? """" : """"), feel)",
371,dungeon.c,529,process_world,msg_print,The sun has risen.,"(p_ptr, """")",
372,dungeon.c,560,process_world,msg_print,The sun has fallen.,"(p_ptr, """")",
373,dungeon.c,647,enter_wizard_mode,msg_print,Wizard mode is for debugging and experimenting.,"("""")",
374,dungeon.c,648,enter_wizard_mode,msg_print,The game will not be scored if you enter wizard mode.,"("""")",
375,dungeon.c,649,enter_wizard_mode,msg_print,,(NULL),
376,dungeon.c,685,enter_debug_mode,msg_print,The debug commands are for debugging and experimenting.,"("""")",
377,dungeon.c,686,enter_debug_mode,msg_print,The game will not be scored if you use debug commands.,"("""")",
378,dungeon.c,687,enter_debug_mode,msg_print,,(NULL),
379,dungeon.c,725,enter_borg_mode,msg_print,The borg commands are for debugging and experimenting.,"("""")",
380,dungeon.c,726,enter_borg_mode,msg_print,The game will not be scored if you use borg commands.,"("""")",
381,dungeon.c,727,enter_borg_mode,msg_print,,(NULL),
382,dungeon.c,1092,process_player_end,msg_print,Your pack overflows!,"(p_ptr, """")",
383,dungeon.c,1098,process_player_end,msg_format,You drop %s.,"(p_ptr, """", o_name)",
384,dungeon.c,1271,process_player_end,msg_print,You faint from the lack of food.,"(p_ptr, """")",
385,dungeon.c,1512,process_player_end,msg_print,Your light has gone out!,"(p_ptr, """")",
386,dungeon.c,1519,process_player_end,msg_print,Your light is growing faint.,"(p_ptr, """")",
387,dungeon.c,1652,process_player_end,msg_print,You feel yourself yanked upwards!,"(p_ptr, """")",
388,dungeon.c,1653,process_player_end,msg_format_near,%s is yanked upwards!,"(p_ptr, """", p_ptr->name)",
389,dungeon.c,1665,process_player_end,msg_print,You feel yourself yanked sideways!,"(p_ptr, """")",
390,dungeon.c,1666,process_player_end,msg_format_near,%s is yanked sideways!,"(p_ptr, """", p_ptr->name)",
391,dungeon.c,1686,process_player_end,msg_print,You feel yourself yanked downwards!,"(p_ptr, """")",
392,dungeon.c,1687,process_player_end,msg_format_near,%s is yanked downwards!,"(p_ptr, """", p_ptr->name)",
393,dungeon.c,1825,process_various,msg_broadcast,,"(0,buf)",
394,dungeon.c,1993,process_various,msg_print,Your form feels much more familliar.,"(p_ptr, """")",
395,files.c,1503,copy_file_info,msg_format,Cannot open '%s'.,"(p_ptr, """", name)",
396,files.c,1504,copy_file_info,msg_print,,"(p_ptr, NULL)",
397,files.c,1675,do_cmd_help_aux,msg_format,Cannot open '%s'.,"(p_ptr, """", name)",
398,files.c,1676,do_cmd_help_aux,msg_print,,"(Ind, NULL)",
399,files.c,2224,do_cmd_save_game,msg_print,,"(p_ptr, NULL)",
400,files.c,2230,do_cmd_save_game,msg_print,Saving game...,"(p_ptr, """")",
401,files.c,2244,do_cmd_save_game,msg_print,Saving game... done.,"(p_ptr, """")",
402,files.c,2250,do_cmd_save_game,msg_print,Saving game... failed!,"(p_ptr, """")",
403,files.c,2347,show_info,msg_print,,(NULL),
404,files.c,2792,top_twenty,msg_print,Score not registered for wizards.,"(p_ptr, """")",
405,files.c,2802,top_twenty,msg_print,Score not registered for borgs.,"(p_ptr, """")",
406,files.c,2812,top_twenty,msg_print,Score not registered for cheaters.,"(p_ptr, """")",
407,files.c,2821,top_twenty,msg_print,Score not registered due to interruption.,"(p_ptr, """")",
408,files.c,2829,top_twenty,msg_print,Score not registered due to quitting.,"(p_ptr, """")",
409,files.c,3058,close_game,msg_print,,"(p_ptr, NULL)",
410,files.c,3082,close_game,msg_print,death save failed!,"(p_ptr, """")",
411,files.c,3316,exit_game_panic,msg_print,,(),
412,generate.c,809,destroy_level,msg_print,Destroyed Level,"("""")",
413,generate.c,1952,build_type5,msg_format,Monster nest (%s),"("""", name)",
414,generate.c,2255,build_type6,msg_format,Monster pit (%s),"("""", name)",
415,generate.c,2261,build_type6,msg_print,,(r_name + r_info[what[i]].name),
416,generate.c,2509,build_type7,msg_print,Lesser Vault,"("""")",
417,generate.c,2549,build_type8,msg_print,Greater Vault,"("""")",
418,init1.c,1057,grab_one_class_flag,msg_format,Unknown player class flag '%s'.,"("""", what)",
419,init1.c,1785,grab_one_racial_flag,msg_format,Unknown player flag '%s'.,"("""", what)",
420,melee1.c,292,make_attack_normal,msg_format,%^s is repelled.,"(p_ptr, """", m_name)",
421,melee1.c,480,make_attack_normal,msg_format,%^s %s,"(p_ptr, """", m_name, act)",
422,melee1.c,579,make_attack_normal,msg_print,Energy drains from your pack!,"(p_ptr, """")",
423,melee1.c,623,make_attack_normal,msg_print,You quickly protect your money pouch!,"(p_ptr, """")",
424,melee1.c,639,make_attack_normal,msg_print,Nothing was stolen.,"(p_ptr, """")",
425,melee1.c,643,make_attack_normal,msg_print,Your purse feels lighter.,"(p_ptr, """")",
426,melee1.c,644,make_attack_normal,msg_format,%ld coins were stolen!,"(p_ptr, """", (long)gold)",
427,melee1.c,648,make_attack_normal,msg_print,Your purse feels lighter.,"(p_ptr, """")",
428,melee1.c,649,make_attack_normal,msg_print,All of your coins were stolen!,"(p_ptr, """")",
429,melee1.c,676,make_attack_normal,msg_print,You grab hold of your backpack!,"(p_ptr, """")",
430,melee1.c,726,make_attack_normal,msg_format,%sour %s (%c) was stolen!One of yY,"(p_ptr, """", ((o_ptr->number > 1) ? """" : """"), o_name, index_to_label(i))",
431,melee1.c,777,make_attack_normal,msg_format,%sour %s (%c) was eaten!One of yY,"(p_ptr, """", ((o_ptr->number > 1) ? """" : """"), o_name, index_to_label(i))",
432,melee1.c,813,make_attack_normal,msg_print,Your light dims.,"(p_ptr, """")",
433,melee1.c,830,make_attack_normal,msg_print,You are covered in acid!,"(p_ptr, """")",
434,melee1.c,847,make_attack_normal,msg_print,You are struck by electricity!,"(p_ptr, """")",
435,melee1.c,864,make_attack_normal,msg_print,You are enveloped in flames!,"(p_ptr, """")",
436,melee1.c,881,make_attack_normal,msg_print,You are covered with frost!,"(p_ptr, """")",
437,melee1.c,940,make_attack_normal,msg_print,You stand your ground!,"(p_ptr, """")",
438,melee1.c,945,make_attack_normal,msg_print,You stand your ground!,"(p_ptr, """")",
439,melee1.c,970,make_attack_normal,msg_print,You are unaffected!,"(p_ptr, """")",
440,melee1.c,975,make_attack_normal,msg_print,You resist the effects!,"(p_ptr, """")",
441,melee1.c,1104,make_attack_normal,msg_print,You keep hold of your life force!,"(p_ptr, """")",
442,melee1.c,1111,make_attack_normal,msg_print,You feel your life slipping away!,"(p_ptr, """")",
443,melee1.c,1116,make_attack_normal,msg_print,You feel your life draining away!,"(p_ptr, """")",
444,melee1.c,1133,make_attack_normal,msg_print,You keep hold of your life force!,"(p_ptr, """")",
445,melee1.c,1140,make_attack_normal,msg_print,You feel your life slipping away!,"(p_ptr, """")",
446,melee1.c,1145,make_attack_normal,msg_print,You feel your life draining away!,"(p_ptr, """")",
447,melee1.c,1162,make_attack_normal,msg_print,You keep hold of your life force!,"(p_ptr, """")",
448,melee1.c,1169,make_attack_normal,msg_print,You feel your life slipping away!,"(p_ptr, """")",
449,melee1.c,1174,make_attack_normal,msg_print,You feel your life draining away!,"(p_ptr, """")",
450,melee1.c,1191,make_attack_normal,msg_print,You keep hold of your life force!,"(p_ptr, """")",
451,melee1.c,1198,make_attack_normal,msg_print,You feel your life slipping away!,"(p_ptr, """")",
452,melee1.c,1203,make_attack_normal,msg_print,You feel your life draining away!,"(p_ptr, """")",
453,melee1.c,1320,make_attack_normal,msg_format,%^s misses you.,"(p_ptr, """", m_name)",
454,melee1.c,1349,make_attack_normal,msg_print,There is a puff of smoke!,"(p_ptr, """")",
455,melee1.c,1354,make_attack_normal,msg_format,%^s blinks away.,"(p_ptr, """", m_name)",
456,melee2.c,570,make_attack_spell,msg_format,%^s makes a high pitched shriek.,"(p_ptr, """", m_name)",
457,melee2.c,598,make_attack_spell,msg_format,%^s makes a strange noise.,"(p_ptr, """", m_name)",
458,melee2.c,599,make_attack_spell,msg_format,%^s fires an arrow.,"(p_ptr, """", m_name)",
459,melee2.c,608,make_attack_spell,msg_format,%^s makes a strange noise.,"(p_ptr, """", m_name)",
460,melee2.c,609,make_attack_spell,msg_format,%^s fires an arrow!,"(p_ptr, """", m_name)",
461,melee2.c,618,make_attack_spell,msg_format,%^s makes a strange noise.,"(p_ptr, """", m_name)",
462,melee2.c,619,make_attack_spell,msg_format,%^s fires a missile.,"(p_ptr, """", m_name)",
463,melee2.c,628,make_attack_spell,msg_format,%^s makes a strange noise.,"(p_ptr, """", m_name)",
464,melee2.c,629,make_attack_spell,msg_format,%^s fires a missile!,"(p_ptr, """", m_name)",
465,melee2.c,639,make_attack_spell,msg_format,%^s breathes.,"(p_ptr, """", m_name)",
466,melee2.c,640,make_attack_spell,msg_format,%^s breathes acid.,"(p_ptr, """", m_name)",
467,melee2.c,652,make_attack_spell,msg_format,%^s breathes.,"(p_ptr, """", m_name)",
468,melee2.c,653,make_attack_spell,msg_format,%^s breathes lightning.,"(p_ptr, """", m_name)",
469,melee2.c,665,make_attack_spell,msg_format,%^s breathes.,"(p_ptr, """", m_name)",
470,melee2.c,666,make_attack_spell,msg_format,%^s breathes fire.,"(p_ptr, """", m_name)",
471,melee2.c,678,make_attack_spell,msg_format,%^s breathes.,"(p_ptr, """", m_name)",
472,melee2.c,679,make_attack_spell,msg_format,%^s breathes frost.,"(p_ptr, """", m_name)",
473,melee2.c,691,make_attack_spell,msg_format,%^s breathes.,"(p_ptr, """", m_name)",
474,melee2.c,692,make_attack_spell,msg_format,%^s breathes gas.,"(p_ptr, """", m_name)",
475,melee2.c,704,make_attack_spell,msg_format,%^s breathes.,"(p_ptr, """", m_name)",
476,melee2.c,705,make_attack_spell,msg_format,%^s breathes nether.,"(p_ptr, """", m_name)",
477,melee2.c,717,make_attack_spell,msg_format,%^s breathes.,"(p_ptr, """", m_name)",
478,melee2.c,718,make_attack_spell,msg_format,%^s breathes light.,"(p_ptr, """", m_name)",
479,melee2.c,730,make_attack_spell,msg_format,%^s breathes.,"(p_ptr, """", m_name)",
480,melee2.c,731,make_attack_spell,msg_format,%^s breathes darkness.,"(p_ptr, """", m_name)",
481,melee2.c,743,make_attack_spell,msg_format,%^s breathes.,"(p_ptr, """", m_name)",
482,melee2.c,744,make_attack_spell,msg_format,%^s breathes confusion.,"(p_ptr, """", m_name)",
483,melee2.c,756,make_attack_spell,msg_format,%^s breathes.,"(p_ptr, """", m_name)",
484,melee2.c,757,make_attack_spell,msg_format,%^s breathes sound.,"(p_ptr, """", m_name)",
485,melee2.c,769,make_attack_spell,msg_format,%^s breathes.,"(p_ptr, """", m_name)",
486,melee2.c,770,make_attack_spell,msg_format,%^s breathes chaos.,"(p_ptr, """", m_name)",
487,melee2.c,782,make_attack_spell,msg_format,%^s breathes.,"(p_ptr, """", m_name)",
488,melee2.c,783,make_attack_spell,msg_format,%^s breathes disenchantment.,"(p_ptr, """", m_name)",
489,melee2.c,795,make_attack_spell,msg_format,%^s breathes.,"(p_ptr, """", m_name)",
490,melee2.c,796,make_attack_spell,msg_format,%^s breathes nexus.,"(p_ptr, """", m_name)",
491,melee2.c,808,make_attack_spell,msg_format,%^s breathes.,"(p_ptr, """", m_name)",
492,melee2.c,809,make_attack_spell,msg_format,%^s breathes time.,"(p_ptr, """", m_name)",
493,melee2.c,820,make_attack_spell,msg_format,%^s breathes.,"(p_ptr, """", m_name)",
494,melee2.c,821,make_attack_spell,msg_format,%^s breathes inertia.,"(p_ptr, """", m_name)",
495,melee2.c,832,make_attack_spell,msg_format,%^s breathes.,"(p_ptr, """", m_name)",
496,melee2.c,833,make_attack_spell,msg_format,%^s breathes gravity.,"(p_ptr, """", m_name)",
497,melee2.c,844,make_attack_spell,msg_format,%^s breathes.,"(p_ptr, """", m_name)",
498,melee2.c,845,make_attack_spell,msg_format,%^s breathes shards.,"(p_ptr, """", m_name)",
499,melee2.c,857,make_attack_spell,msg_format,%^s breathes.,"(p_ptr, """", m_name)",
500,melee2.c,858,make_attack_spell,msg_format,%^s breathes plasma.,"(p_ptr, """", m_name)",
501,melee2.c,869,make_attack_spell,msg_format,%^s breathes.,"(p_ptr, """", m_name)",
502,melee2.c,870,make_attack_spell,msg_format,%^s breathes force.,"(p_ptr, """", m_name)",
503,melee2.c,905,make_attack_spell,msg_format,You hear something grunt with exertion.,"(p_ptr, """", m_name)",
504,melee2.c,906,make_attack_spell,msg_format,%^s hurls a boulder at you!,"(p_ptr, """", m_name)",
505,melee2.c,917,make_attack_spell,msg_format,%^s mumbles.,"(p_ptr, """", m_name)",
506,melee2.c,918,make_attack_spell,msg_format,%^s casts an acid ball.,"(p_ptr, """", m_name)",
507,melee2.c,929,make_attack_spell,msg_format,%^s mumbles.,"(p_ptr, """", m_name)",
508,melee2.c,930,make_attack_spell,msg_format,%^s casts a lightning ball.,"(p_ptr, """", m_name)",
509,melee2.c,941,make_attack_spell,msg_format,%^s mumbles.,"(p_ptr, """", m_name)",
510,melee2.c,942,make_attack_spell,msg_format,%^s casts a fire ball.,"(p_ptr, """", m_name)",
511,melee2.c,953,make_attack_spell,msg_format,%^s mumbles.,"(p_ptr, """", m_name)",
512,melee2.c,954,make_attack_spell,msg_format,%^s casts a frost ball.,"(p_ptr, """", m_name)",
513,melee2.c,965,make_attack_spell,msg_format,%^s mumbles.,"(p_ptr, """", m_name)",
514,melee2.c,966,make_attack_spell,msg_format,%^s casts a stinking cloud.,"(p_ptr, """", m_name)",
515,melee2.c,977,make_attack_spell,msg_format,%^s mumbles.,"(p_ptr, """", m_name)",
516,melee2.c,978,make_attack_spell,msg_format,%^s casts a nether ball.,"(p_ptr, """", m_name)",
517,melee2.c,989,make_attack_spell,msg_format,%^s mumbles.,"(p_ptr, """", m_name)",
518,melee2.c,990,make_attack_spell,msg_format,%^s gestures fluidly.,"(p_ptr, """", m_name)",
519,melee2.c,991,make_attack_spell,msg_print,You are engulfed in a whirlpool.,"(p_ptr, """")",
520,melee2.c,1006,make_attack_spell,msg_format,%^s mumbles powerfully.,"(p_ptr, """", m_name)",
521,melee2.c,1007,make_attack_spell,msg_format,%^s invokes a mana storm.,"(p_ptr, """", m_name)",
522,melee2.c,1017,make_attack_spell,msg_format,%^s mumbles powerfully.,"(p_ptr, """", m_name)",
523,melee2.c,1018,make_attack_spell,msg_format,%^s invokes a darkness storm.,"(p_ptr, """", m_name)",
524,melee2.c,1037,make_attack_spell,msg_format,%^s draws psychic energy from you!,"(p_ptr, """", m_name)",
525,melee2.c,1075,make_attack_spell,msg_format,%^s appears healthier.,"(p_ptr, """", m_name)",
526,melee2.c,1090,make_attack_spell,msg_print,You feel something focusing on your mind.,"(p_ptr, """")",
527,melee2.c,1094,make_attack_spell,msg_format,%^s gazes deep into your eyes.,"(p_ptr, """", m_name)",
528,melee2.c,1099,make_attack_spell,msg_print,You resist the effects!,"(p_ptr, """")",
529,melee2.c,1103,make_attack_spell,msg_print,Your mind is blasted by psionic energy.,"(p_ptr, """")",
530,melee2.c,1120,make_attack_spell,msg_print,You feel something focusing on your mind.,"(p_ptr, """")",
531,melee2.c,1124,make_attack_spell,msg_format,%^s looks deep into your eyes.,"(p_ptr, """", m_name)",
532,melee2.c,1128,make_attack_spell,msg_print,You resist the effects!,"(p_ptr, """")",
533,melee2.c,1132,make_attack_spell,msg_print,Your mind is blasted by psionic energy.,"(p_ptr, """")",
534,melee2.c,1156,make_attack_spell,msg_format,%^s mumbles.,"(p_ptr, """", m_name)",
535,melee2.c,1157,make_attack_spell,msg_format,%^s points at you and curses.,"(p_ptr, """", m_name)",
536,melee2.c,1160,make_attack_spell,msg_print,You resist the effects!,"(p_ptr, """")",
537,melee2.c,1174,make_attack_spell,msg_format,%^s mumbles.,"(p_ptr, """", m_name)",
538,melee2.c,1175,make_attack_spell,msg_format,%^s points at you and curses horribly.,"(p_ptr, """", m_name)",
539,melee2.c,1178,make_attack_spell,msg_print,You resist the effects!,"(p_ptr, """")",
540,melee2.c,1192,make_attack_spell,msg_format,%^s mumbles loudly.,"(p_ptr, """", m_name)",
541,melee2.c,1193,make_attack_spell,msg_format,"%^s points at you, incanting terribly!","(p_ptr, """", m_name)",
542,melee2.c,1196,make_attack_spell,msg_print,You resist the effects!,"(p_ptr, """")",
543,melee2.c,1210,make_attack_spell,msg_format,%^s screams the word 'DIE!',"(p_ptr, """", m_name)",
544,melee2.c,1211,make_attack_spell,msg_format,"%^s points at you, screaming the word DIE!","(p_ptr, """", m_name)",
545,melee2.c,1214,make_attack_spell,msg_print,You resist the effects!,"(p_ptr, """")",
546,melee2.c,1228,make_attack_spell,msg_format,%^s mumbles.,"(p_ptr, """", m_name)",
547,melee2.c,1229,make_attack_spell,msg_format,%^s casts a acid bolt.,"(p_ptr, """", m_name)",
548,melee2.c,1240,make_attack_spell,msg_format,%^s mumbles.,"(p_ptr, """", m_name)",
549,melee2.c,1241,make_attack_spell,msg_format,%^s casts a lightning bolt.,"(p_ptr, """", m_name)",
550,melee2.c,1252,make_attack_spell,msg_format,%^s mumbles.,"(p_ptr, """", m_name)",
551,melee2.c,1253,make_attack_spell,msg_format,%^s casts a fire bolt.,"(p_ptr, """", m_name)",
552,melee2.c,1264,make_attack_spell,msg_format,%^s mumbles.,"(p_ptr, """", m_name)",
553,melee2.c,1265,make_attack_spell,msg_format,%^s casts a frost bolt.,"(p_ptr, """", m_name)",
554,melee2.c,1283,make_attack_spell,msg_format,%^s mumbles.,"(p_ptr, """", m_name)",
555,melee2.c,1284,make_attack_spell,msg_format,%^s casts a nether bolt.,"(p_ptr, """", m_name)",
556,melee2.c,1295,make_attack_spell,msg_format,%^s mumbles.,"(p_ptr, """", m_name)",
557,melee2.c,1296,make_attack_spell,msg_format,%^s casts a water bolt.,"(p_ptr, """", m_name)",
558,melee2.c,1306,make_attack_spell,msg_format,%^s mumbles.,"(p_ptr, """", m_name)",
559,melee2.c,1307,make_attack_spell,msg_format,%^s casts a mana bolt.,"(p_ptr, """", m_name)",
560,melee2.c,1317,make_attack_spell,msg_format,%^s mumbles.,"(p_ptr, """", m_name)",
561,melee2.c,1318,make_attack_spell,msg_format,%^s casts a plasma bolt.,"(p_ptr, """", m_name)",
562,melee2.c,1328,make_attack_spell,msg_format,%^s mumbles.,"(p_ptr, """", m_name)",
563,melee2.c,1329,make_attack_spell,msg_format,%^s casts an ice bolt.,"(p_ptr, """", m_name)",
564,melee2.c,1340,make_attack_spell,msg_format,%^s mumbles.,"(p_ptr, """", m_name)",
565,melee2.c,1341,make_attack_spell,msg_format,%^s casts a magic missile.,"(p_ptr, """", m_name)",
566,melee2.c,1353,make_attack_spell,msg_format,"%^s mumbles, and you hear scary noises.","(p_ptr, """", m_name)",
567,melee2.c,1354,make_attack_spell,msg_format,%^s casts a fearful illusion.,"(p_ptr, """", m_name)",
568,melee2.c,1357,make_attack_spell,msg_print,You refuse to be frightened.,"(p_ptr, """")",
569,melee2.c,1361,make_attack_spell,msg_print,You refuse to be frightened.,"(p_ptr, """")",
570,melee2.c,1376,make_attack_spell,msg_format,%^s mumbles.,"(p_ptr, """", m_name)",
571,melee2.c,1377,make_attack_spell,msg_format,"%^s casts a spell, burning your eyes!","(p_ptr, """", m_name)",
572,melee2.c,1380,make_attack_spell,msg_print,You are unaffected!,"(p_ptr, """")",
573,melee2.c,1384,make_attack_spell,msg_print,You resist the effects!,"(p_ptr, """")",
574,melee2.c,1399,make_attack_spell,msg_format,"%^s mumbles, and you hear puzzling noises.","(p_ptr, """", m_name)",
575,melee2.c,1400,make_attack_spell,msg_format,%^s creates a mesmerising illusion.,"(p_ptr, """", m_name)",
576,melee2.c,1403,make_attack_spell,msg_print,You disbelieve the feeble spell.,"(p_ptr, """")",
577,melee2.c,1407,make_attack_spell,msg_print,You disbelieve the feeble spell.,"(p_ptr, """")",
578,melee2.c,1422,make_attack_spell,msg_format,%^s drains power from your muscles!,"(p_ptr, """", m_name)",
579,melee2.c,1425,make_attack_spell,msg_print,You are unaffected!,"(p_ptr, """")",
580,melee2.c,1429,make_attack_spell,msg_print,You resist the effects!,"(p_ptr, """")",
581,melee2.c,1444,make_attack_spell,msg_format,%^s mumbles.,"(p_ptr, """", m_name)",
582,melee2.c,1445,make_attack_spell,msg_format,%^s stares deep into your eyes!,"(p_ptr, """", m_name)",
583,melee2.c,1448,make_attack_spell,msg_print,You are unaffected!,"(p_ptr, """")",
584,melee2.c,1452,make_attack_spell,msg_format,You resist the effects!,"(p_ptr, """")",
585,melee2.c,1470,make_attack_spell,msg_format,%^s mumbles.,"(p_ptr, """", m_name)",
586,melee2.c,1474,make_attack_spell,msg_format,%^s concentrates on %s body.,"(p_ptr, """", m_name, m_poss)",
587,melee2.c,1480,make_attack_spell,msg_format,%^s starts moving faster.,"(p_ptr, """", m_name)",
588,melee2.c,1487,make_attack_spell,msg_format,%^s starts moving faster.,"(p_ptr, """", m_name)",
589,melee2.c,1511,make_attack_spell,msg_format,%^s mumbles.,"(p_ptr, """", m_name)",
590,melee2.c,1515,make_attack_spell,msg_format,%^s concentrates on %s wounds.,"(p_ptr, """", m_name, m_poss)",
591,melee2.c,1530,make_attack_spell,msg_format,%^s looks REALLY healthy!,"(p_ptr, """", m_name)",
592,melee2.c,1534,make_attack_spell,msg_format,%^s sounds REALLY healthy!,"(p_ptr, """", m_name)",
593,melee2.c,1544,make_attack_spell,msg_format,%^s looks healthier.,"(p_ptr, """", m_name)",
594,melee2.c,1548,make_attack_spell,msg_format,%^s sounds healthier.,"(p_ptr, """", m_name)",
595,melee2.c,1562,make_attack_spell,msg_format,%^s recovers %s courage.,"(p_ptr, """", m_name, m_poss)",
596,melee2.c,1578,make_attack_spell,msg_format,%^s blinks away.,"(p_ptr, """", m_name)",
597,melee2.c,1587,make_attack_spell,msg_format,%^s teleports away.,"(p_ptr, """", m_name)",
598,melee2.c,1609,make_attack_spell,msg_format,%^s commands you to return.,"(p_ptr, """", m_name)",
599,melee2.c,1619,make_attack_spell,msg_format,%^s teleports you away.,"(p_ptr, """", m_name)",
600,melee2.c,1633,make_attack_spell,msg_format,%^s mumbles strangely.,"(p_ptr, """", m_name)",
601,melee2.c,1634,make_attack_spell,msg_format,%^s gestures at your feet.,"(p_ptr, """", m_name)",
602,melee2.c,1637,make_attack_spell,msg_print,You are unaffected!,"(p_ptr, """")",
603,melee2.c,1641,make_attack_spell,msg_print,You resist the effects!,"(p_ptr, """")",
604,melee2.c,1662,make_attack_spell,msg_format,%^s mumbles.,"(p_ptr, """", m_name)",
605,melee2.c,1663,make_attack_spell,msg_format,%^s gestures in shadow.,"(p_ptr, """", m_name)",
606,melee2.c,1674,make_attack_spell,msg_format,"%^s mumbles, and then cackles evilly.","(p_ptr, """", m_name)",
607,melee2.c,1675,make_attack_spell,msg_format,%^s casts a spell and cackles evilly.,"(p_ptr, """", m_name)",
608,melee2.c,1685,make_attack_spell,msg_format,%^s tries to blank your mind.,"(p_ptr, """", m_name)",
609,melee2.c,1689,make_attack_spell,msg_print,You resist the effects!,"(p_ptr, """")",
610,melee2.c,1693,make_attack_spell,msg_print,Your memories fade away.,"(p_ptr, """")",
611,melee2.c,1709,make_attack_spell,msg_format,%^s mumbles.,"(p_ptr, """", m_name)",
612,melee2.c,1710,make_attack_spell,msg_format,%^s magically summons %s %s.minionskin,"(p_ptr, """", m_name, m_poss, ((r_ptr->flags1) & RF1_UNIQUE ? """" : """"))",
613,melee2.c,1722,make_attack_spell,msg_print,You hear many things appear nearby.,"(p_ptr, """")",
614,melee2.c,1732,make_attack_spell,msg_format,%^s mumbles.,"(p_ptr, """", m_name)",
615,melee2.c,1733,make_attack_spell,msg_format,%^s magically summons greater demons!,"(p_ptr, """", m_name)",
616,melee2.c,1740,make_attack_spell,msg_print,You hear many evil things appear nearby.,"(p_ptr, """")",
617,melee2.c,1750,make_attack_spell,msg_format,%^s mumbles.,"(p_ptr, """", m_name)",
618,melee2.c,1751,make_attack_spell,msg_format,%^s magically summons help!,"(p_ptr, """", m_name)",
619,melee2.c,1756,make_attack_spell,msg_print,You hear something appear nearby.,"(p_ptr, """")",
620,melee2.c,1765,make_attack_spell,msg_format,%^s mumbles.,"(p_ptr, """", m_name)",
621,melee2.c,1766,make_attack_spell,msg_format,%^s magically summons monsters!,"(p_ptr, """", m_name)",
622,melee2.c,1771,make_attack_spell,msg_print,You hear many things appear nearby.,"(p_ptr, """")",
623,melee2.c,1780,make_attack_spell,msg_format,%^s mumbles.,"(p_ptr, """", m_name)",
624,melee2.c,1781,make_attack_spell,msg_format,%^s magically summons animals.,"(p_ptr, """", m_name)",
625,melee2.c,1786,make_attack_spell,msg_print,You hear many things appear nearby.,"(p_ptr, """")",
626,melee2.c,1795,make_attack_spell,msg_format,%^s mumbles.,"(p_ptr, """", m_name)",
627,melee2.c,1796,make_attack_spell,msg_format,%^s magically summons spiders.,"(p_ptr, """", m_name)",
628,melee2.c,1801,make_attack_spell,msg_print,You hear many things appear nearby.,"(p_ptr, """")",
629,melee2.c,1810,make_attack_spell,msg_format,%^s mumbles.,"(p_ptr, """", m_name)",
630,melee2.c,1811,make_attack_spell,msg_format,%^s magically summons hounds.,"(p_ptr, """", m_name)",
631,melee2.c,1816,make_attack_spell,msg_print,You hear many things appear nearby.,"(p_ptr, """")",
632,melee2.c,1825,make_attack_spell,msg_format,%^s mumbles.,"(p_ptr, """", m_name)",
633,melee2.c,1826,make_attack_spell,msg_format,%^s magically summons hydras.,"(p_ptr, """", m_name)",
634,melee2.c,1831,make_attack_spell,msg_print,You hear many things appear nearby.,"(p_ptr, """")",
635,melee2.c,1840,make_attack_spell,msg_format,%^s mumbles.,"(p_ptr, """", m_name)",
636,melee2.c,1841,make_attack_spell,msg_format,%^s magically summons an angel!,"(p_ptr, """", m_name)",
637,melee2.c,1846,make_attack_spell,msg_print,You hear something appear nearby.,"(p_ptr, """")",
638,melee2.c,1855,make_attack_spell,msg_format,%^s mumbles.,"(p_ptr, """", m_name)",
639,melee2.c,1856,make_attack_spell,msg_format,%^s magically summons a hellish adversary!,"(p_ptr, """", m_name)",
640,melee2.c,1861,make_attack_spell,msg_print,You hear something appear nearby.,"(p_ptr, """")",
641,melee2.c,1870,make_attack_spell,msg_format,%^s mumbles.,"(p_ptr, """", m_name)",
642,melee2.c,1871,make_attack_spell,msg_format,%^s magically summons an undead adversary!,"(p_ptr, """", m_name)",
643,melee2.c,1876,make_attack_spell,msg_print,You hear something appear nearby.,"(p_ptr, """")",
644,melee2.c,1885,make_attack_spell,msg_format,%^s mumbles.,"(p_ptr, """", m_name)",
645,melee2.c,1886,make_attack_spell,msg_format,%^s magically summons a dragon!,"(p_ptr, """", m_name)",
646,melee2.c,1891,make_attack_spell,msg_print,You hear something appear nearby.,"(p_ptr, """")",
647,melee2.c,1900,make_attack_spell,msg_format,%^s mumbles.,"(p_ptr, """", m_name)",
648,melee2.c,1901,make_attack_spell,msg_format,%^s magically summons greater undead!,"(p_ptr, """", m_name)",
649,melee2.c,1908,make_attack_spell,msg_print,You hear many creepy things appear nearby.,"(p_ptr, """")",
650,melee2.c,1918,make_attack_spell,msg_format,%^s mumbles.,"(p_ptr, """", m_name)",
651,melee2.c,1919,make_attack_spell,msg_format,%^s magically summons ancient dragons!,"(p_ptr, """", m_name)",
652,melee2.c,1926,make_attack_spell,msg_print,You hear many powerful things appear nearby.,"(p_ptr, """")",
653,melee2.c,1936,make_attack_spell,msg_format,%^s mumbles.,"(p_ptr, """", m_name)",
654,melee2.c,1937,make_attack_spell,msg_format,%^s magically summons mighty undead opponents!,"(p_ptr, """", m_name)",
655,melee2.c,1948,make_attack_spell,msg_print,You hear many creepy things appear nearby.,"(p_ptr, """")",
656,melee2.c,1958,make_attack_spell,msg_format,%^s mumbles.,"(p_ptr, """", m_name)",
657,melee2.c,1959,make_attack_spell,msg_format,%^s magically summons special opponents!,"(p_ptr, """", m_name)",
658,melee2.c,1970,make_attack_spell,msg_print,You hear many powerful things appear nearby.,"(p_ptr, """")",
659,melee2.c,2549,process_monster,msg_format,%^s wakes up.,"(p_ptr, """", m_name)",
660,melee2.c,2599,process_monster,msg_format,%^s is no longer stunned.,"(p_ptr, """", m_name)",
661,melee2.c,2639,process_monster,msg_format,%^s is no longer confused.,"(p_ptr, """", m_name)",
662,melee2.c,2674,process_monster,msg_format,%^s recovers %s courage.,"(p_ptr, """", m_name, m_poss)",
663,melee2.c,2945,process_monster,msg_print,You hear a door burst open!,"(p_ptr, """")",
664,melee2.c,2998,process_monster,msg_print,The rune of protection is broken!,"(Players[i], """")",
665,melee2.c,3333,process_monster,msg_format,%^s turns to fight!,"(p_ptr, """", m_name)",
666,monster1.c,1466,screen_text_out,msg_print,,(NULL),
667,monster2.c,1857,place_monster_one,msg_format,Deep Unique (%s).,"("""", name)",
668,monster2.c,1867,place_monster_one,msg_format,Deep Monster (%s).,"("""", name)",
669,monster2.c,1878,place_monster_one,msg_format,Unique (%s).,"("""", name)",
670,monster2.c,2731,message_pain,msg_format,%^s is unharmed.,"(p_ptr, """", m_name)",
671,monster2.c,2746,message_pain,msg_format,%^s barely notices.,"(p_ptr, """", m_name)",
672,monster2.c,2748,message_pain,msg_format,%^s flinches.,"(p_ptr, """", m_name)",
673,monster2.c,2750,message_pain,msg_format,%^s squelches.,"(p_ptr, """", m_name)",
674,monster2.c,2752,message_pain,msg_format,%^s quivers in pain.,"(p_ptr, """", m_name)",
675,monster2.c,2754,message_pain,msg_format,%^s writhes about.,"(p_ptr, """", m_name)",
676,monster2.c,2756,message_pain,msg_format,%^s writhes in agony.,"(p_ptr, """", m_name)",
677,monster2.c,2758,message_pain,msg_format,%^s jerks limply.,"(p_ptr, """", m_name)",
678,monster2.c,2765,message_pain,msg_format,%^s shrugs off the attack.,"(p_ptr, """", m_name)",
679,monster2.c,2767,message_pain,msg_format,%^s snarls with pain.,"(p_ptr, """", m_name)",
680,monster2.c,2769,message_pain,msg_format,%^s yelps in pain.,"(p_ptr, """", m_name)",
681,monster2.c,2771,message_pain,msg_format,%^s howls in pain.,"(p_ptr, """", m_name)",
682,monster2.c,2773,message_pain,msg_format,%^s howls in agony.,"(p_ptr, """", m_name)",
683,monster2.c,2775,message_pain,msg_format,%^s writhes in agony.,"(p_ptr, """", m_name)",
684,monster2.c,2777,message_pain,msg_format,%^s yelps feebly.,"(p_ptr, """", m_name)",
685,monster2.c,2784,message_pain,msg_format,%^s ignores the attack.,"(p_ptr, """", m_name)",
686,monster2.c,2786,message_pain,msg_format,%^s grunts with pain.,"(p_ptr, """", m_name)",
687,monster2.c,2788,message_pain,msg_format,%^s squeals in pain.,"(p_ptr, """", m_name)",
688,monster2.c,2790,message_pain,msg_format,%^s shrieks in pain.,"(p_ptr, """", m_name)",
689,monster2.c,2792,message_pain,msg_format,%^s shrieks in agony.,"(p_ptr, """", m_name)",
690,monster2.c,2794,message_pain,msg_format,%^s writhes in agony.,"(p_ptr, """", m_name)",
691,monster2.c,2796,message_pain,msg_format,%^s cries out feebly.,"(p_ptr, """", m_name)",
692,monster2.c,2803,message_pain,msg_format,%^s shrugs off the attack.,"(p_ptr, """", m_name)",
693,monster2.c,2805,message_pain,msg_format,%^s grunts with pain.,"(p_ptr, """", m_name)",
694,monster2.c,2807,message_pain,msg_format,%^s cries out in pain.,"(p_ptr, """", m_name)",
695,monster2.c,2809,message_pain,msg_format,%^s screams in pain.,"(p_ptr, """", m_name)",
696,monster2.c,2811,message_pain,msg_format,%^s screams in agony.,"(p_ptr, """", m_name)",
697,monster2.c,2813,message_pain,msg_format,%^s writhes in agony.,"(p_ptr, """", m_name)",
698,monster2.c,2815,message_pain,msg_format,%^s cries out feebly.,"(p_ptr, """", m_name)",
699,net-server.c,208,player_enter,msg_broadcast,%s begins a new game.,"(p_ptr, format("""", p_ptr->name))",
700,net-server.c,212,player_enter,msg_broadcast,%s has entered the game.,"(p_ptr, format("""", p_ptr->name))",
701,net-server.c,307,player_leave,msg_broadcast,%s has left the game.,"(p_ptr, format("""", p_ptr->name))",
702,object2.c,2087,object_mention,msg_format,Artifact (%s),"("""", o_name)",
703,object2.c,2094,object_mention,msg_format,Randart (%s),"("""", o_name)",
704,object2.c,2101,object_mention,msg_format,Ego-item (%s),"("""", o_name)",
705,object2.c,2108,object_mention,msg_format,Object (%s),"("""", o_name)",
706,object2.c,3765,place_object,msg_print,You feel something roll beneath your feet.,"(q_ptr, """")",
707,object2.c,3938,place_gold,msg_print,You feel something roll beneath your feet.,"(q_ptr, """")",
708,object2.c,4062,drop_near,msg_format,The %s crashes to the floor.,"("""", o_name)",
709,object2.c,4136,drop_near,msg_print,You feel something roll beneath your feet.,"(q_ptr, """")",
710,object2.c,4151,drop_near,msg_format,The %s disappear%s.s,"("""", o_name, ((o_ptr->number == 1) ? """" : """"))",
711,object2.c,4225,inven_item_charges,msg_format,You have %d charges remaining.,"(p_ptr, """", o_ptr->pval)",
712,object2.c,4232,inven_item_charges,msg_format,You have %d charge remaining.,"(p_ptr, """", o_ptr->pval)",
713,object2.c,4250,inven_item_describe,msg_format,You have %s.,"(p_ptr, """", o_name)",
714,object2.c,4393,floor_item_charges,msg_format,There are %d charges remaining.,"("""", o_ptr->pval)",
715,object2.c,4400,floor_item_charges,msg_format,There is %d charge remaining.,"("""", o_ptr->pval)",
716,object2.c,4415,floor_item_describe,msg_format,You see %s.,"("""", o_name)",
717,object2.c,4798,combine_pack,msg_print,You combine some items in your pack.,"(p_ptr, """")",
718,object2.c,4905,reorder_pack,msg_print,You reorder some items in your pack.,"(p_ptr, """")",
719,object2.c,5299,player_get_item,msg_print,There is nothing on the floor.,"(p_ptr, """")",
720,party.c,51,party_create,msg_print,A party by that name already exists.,"(p_ptr, """")",
721,party.c,58,party_create,msg_print,You already belong to a party!,"(p_ptr, """")",
722,party.c,78,party_create,msg_print,There aren't enough party slots!,"(p_ptr, """")",
723,party.c,126,party_add,msg_print,That player is not currently in the game.,"(q_ptr, """")",
724,party.c,134,party_add,msg_print,That player is hostile towards you.,"(q_ptr, """")",
725,party.c,140,party_add,msg_print,You are hostile to that player.,"(q_ptr, """")",
726,party.c,148,party_add,msg_print,You must be the owner to add someone.,"(q_ptr, """")",
727,party.c,158,party_add,msg_print,That player is already in a party.,"(q_ptr, """")",
728,party.c,171,party_add,msg_format,You've been added to party '%s'.,"(p_ptr, """", parties[party_id].name)",
729,party.c,209,party_remove,msg_print,That player is not currently in the game.,"(q_ptr, """")",
730,party.c,218,party_remove,msg_print,You must be the owner to delete someone.,"(q_ptr, """")",
731,party.c,228,party_remove,msg_print,You can only delete party members.,"(q_ptr, """")",
732,party.c,249,party_remove,msg_print,Your party has been disbanded.,"(Players[i], """")",
733,party.c,271,party_remove,msg_print,You have been removed from your party.,"(p_ptr, """")",
734,party.c,292,party_leave,msg_print,You don't belong to a party.,"(p_ptr, """")",
735,party.c,311,party_leave,msg_print,You have been removed from your party.,"(p_ptr, """")",
736,party.c,331,party_msg,msg_print_aux,,"(Players[i], msg, MSG_WHISPER)",MSG_WHISPER
737,party.c,402,party_msg_format_near,msg_print_aux,,"(p_ptr, buf, type)",
738,party.c,565,add_hostility,msg_print,You cannot be hostile.,"(p_ptr, """")",
739,party.c,574,add_hostility,msg_print,You cannot be hostile toward yourself.,"(p_ptr, """")",
740,party.c,591,add_hostility,msg_format,%^s is in your party!,"(p_ptr, """", q_ptr->name)",
741,party.c,603,add_hostility,msg_format,You are already hostile toward %s.,"(p_ptr, """", q_ptr->name)",
742,party.c,620,add_hostility,msg_format,You are now hostile toward %s.,"(p_ptr, """", q_ptr->name)",
743,party.c,623,add_hostility,msg_format,%s is now hostile towards you.,"(q_ptr, """", p_ptr->name)",
744,party.c,639,add_hostility,msg_format,You are already hostile toward party '%s'.,"(p_ptr, """", parties[i].name)",
745,party.c,656,add_hostility,msg_format,You are now hostile toward party '%s'.,"(p_ptr, """", parties[i].name)",
746,party.c,663,add_hostility,msg_format,%^s is not currently in the game.,"(p_ptr, """", name)",
747,party.c,704,remove_hostility,msg_format,No longer hostile toward %s.,"(p_ptr, """", name)",
748,party.c,732,remove_hostility,msg_format,No longer hostile toward party '%s'.,"(p_ptr, """", name)",
749,party.c,745,remove_hostility,msg_format,You are not hostile toward %s.,"(p_ptr, """", name)",
750,spells1.c,374,teleport_player_level,msg_print,Nothing happens.,"(p_ptr, """")",
751,spells1.c,439,teleport_player_level,msg_print,,"(p_ptr, msg)",
752,spells1.c,625,take_hit,msg_print,*** LOW HITPOINT WARNING! ***,"(p_ptr, """")",
753,spells1.c,627,take_hit,msg_print,,"(p_ptr, NULL)",
754,spells1.c,892,inven_damage,msg_format,%sour %s (%c) %s destroyed!All of ySome of yOne of yYwerewas,"(p_ptr, """", ((o_ptr->number > 1) ? ((amt == o_ptr->number) ? """" : (amt > 1 ? """" : """")) : """"), o_name, index_to_label(i), ((amt > 1) ? """" : """"))",
755,spells1.c,962,minus_ac,msg_format,Your %s is unaffected!,"(p_ptr, """", o_name)",
756,spells1.c,968,minus_ac,msg_format,Your %s is damaged!,"(p_ptr, """", o_name)",
757,spells1.c,1352,apply_disenchant,msg_format,Your %s (%c) resist%s disenchantment!s,"(p_ptr, """", o_name, index_to_label(t), ((o_ptr->number != 1) ? """" : """"))",
758,spells1.c,1379,apply_disenchant,msg_format,Your %s (%c) %s disenchanted!werewas,"(p_ptr, """", o_name, index_to_label(t), ((o_ptr->number != 1) ? """" : """"))",
759,spells1.c,1422,apply_nexus,msg_print,You resist the effects!,"(p_ptr, """")",
760,spells1.c,1435,apply_nexus,msg_print,You resist the effects!,"(p_ptr, """")",
761,spells1.c,1439,apply_nexus,msg_print,Your body starts to scramble...,"(p_ptr, """")",
762,spells1.c,1479,apply_morph,msg_print,You resist the effects!,"(p_ptr, """")",
763,spells1.c,1484,apply_morph,msg_print,You resist the effects!,"(p_ptr, """")",
764,spells1.c,1488,apply_morph,msg_print,Your body starts to scramble...,"(p_ptr, """")",
765,spells1.c,1515,apply_morph,msg_print,You resist the effects!,"(p_ptr, """")",
766,spells1.c,1521,apply_morph,msg_print,You have been turned into a fruit bat!,"(p_ptr, """")",
767,spells1.c,1529,apply_morph,msg_print,You have been restored!,"(p_ptr, """")",
768,spells1.c,1614,project_f,msg_print,The tree burns to the ground!,"(p_ptr, """")",
769,spells1.c,1664,project_f,msg_print,There is a bright flash of light!,"(p_ptr, """")",
770,spells1.c,1668,project_f,msg_print_near,There is a bright flash of light!,"(p_ptr, """")",
771,spells1.c,1687,project_f,msg_print,Click!,"(p_ptr, """")",
772,spells1.c,1710,project_f,msg_print,There is a bright flash of light!,"(p_ptr, """")",
773,spells1.c,1739,project_f,msg_print,The wall turns into mud!,"(p_ptr, """")",
774,spells1.c,1759,project_f,msg_print,The vein turns into mud!,"(p_ptr, """")",
775,spells1.c,1760,project_f,msg_print,You have found something!,"(p_ptr, """")",
776,spells1.c,1783,project_f,msg_print,The vein turns into mud!,"(p_ptr, """")",
777,spells1.c,1803,project_f,msg_print,The rubble turns into mud!,"(p_ptr, """")",
778,spells1.c,1822,project_f,msg_print,There was something buried in the rubble!,"(p_ptr, """")",
779,spells1.c,1837,project_f,msg_print,The door resists.,"(p_ptr, """")",
780,spells1.c,1848,project_f,msg_print,The door turns into mud!,"(p_ptr, """")",
781,spells1.c,2190,project_i,msg_print,Click!,"(p_ptr, """")",
782,spells1.c,2217,project_i,msg_format,The %s %s unaffected!areis,"(p_ptr, """", o_name, (plural ? """" : """"))",
783,spells1.c,2228,project_i,msg_format,The %s%s,"(p_ptr, """", o_name, note_kill)",
784,spells1.c,3405,project_m,msg_format,%^s%s,"(p_ptr, """", m_name, note)",
785,spells1.c,3412,project_m,msg_format,%^s%s,"(p_ptr, """", m_name, note)",
786,spells1.c,3437,project_m,msg_format,%^s%s,"(p_ptr, """", m_name, note)",
787,spells1.c,3449,project_m,msg_format,%^s flees in terror!,"(p_ptr, """", m_name)",
788,spells1.c,3617,project_p,msg_print,You are hit by acid!,"(p_ptr, """")",
789,spells1.c,3623,project_p,msg_print,You are hit by fire!,"(p_ptr, """")",
790,spells1.c,3629,project_p,msg_print,You are hit by cold!,"(p_ptr, """")",
791,spells1.c,3635,project_p,msg_print,You are hit by lightning!,"(p_ptr, """")",
792,spells1.c,3641,project_p,msg_print,You are hit by poison!,"(p_ptr, """")",
793,spells1.c,3653,project_p,msg_print,You are hit by something!,"(p_ptr, """")",
794,spells1.c,3659,project_p,msg_print,You are hit by something!,"(p_ptr, """")",
795,spells1.c,3666,project_p,msg_print,You are hit by something sharp!,"(p_ptr, """")",
796,spells1.c,3672,project_p,msg_print,You are hit by something!,"(p_ptr, """")",
797,spells1.c,3683,project_p,msg_print,You are hit by something strange!,"(p_ptr, """")",
798,spells1.c,3692,project_p,msg_print,You keep hold of your life force!,"(p_ptr, """")",
799,spells1.c,3696,project_p,msg_print,You feel your life slipping away!,"(p_ptr, """")",
800,spells1.c,3701,project_p,msg_print,You feel your life draining away!,"(p_ptr, """")",
801,spells1.c,3710,project_p,msg_print,You are hit by something!,"(p_ptr, """")",
802,spells1.c,3724,project_p,msg_print,You are hit by something strange!,"(p_ptr, """")",
803,spells1.c,3741,project_p,msg_print,You keep hold of your life force!,"(p_ptr, """")",
804,spells1.c,3745,project_p,msg_print,You feel your life slipping away!,"(p_ptr, """")",
805,spells1.c,3750,project_p,msg_print,You feel your life draining away!,"(p_ptr, """")",
806,spells1.c,3759,project_p,msg_print,You are hit by something sharp!,"(p_ptr, """")",
807,spells1.c,3773,project_p,msg_print,You are hit by something!,"(p_ptr, """")",
808,spells1.c,3788,project_p,msg_print,You are hit by something!,"(p_ptr, """")",
809,spells1.c,3802,project_p,msg_print,You are hit by something strange!,"(p_ptr, """")",
810,spells1.c,3816,project_p,msg_print,You are hit by something strange!,"(p_ptr, """")",
811,spells1.c,3830,project_p,msg_print,You are hit by something!,"(p_ptr, """")",
812,spells1.c,3840,project_p,msg_print,You are hit by something strange!,"(p_ptr, """")",
813,spells1.c,3847,project_p,msg_print,You are hit by something!,"(p_ptr, """")",
814,spells1.c,3861,project_p,msg_print,You are hit by something!,"(p_ptr, """")",
815,spells1.c,3875,project_p,msg_print,You are hit by something strange!,"(p_ptr, """")",
816,spells1.c,3879,project_p,msg_print,You feel life has clocked back.,"(p_ptr, """")",
817,spells1.c,3895,project_p,msg_format,You're not as %s as you used to be...,"(p_ptr, """", act)",
818,spells1.c,3904,project_p,msg_print,You're not as powerful as you used to be...,"(p_ptr, """")",
819,spells1.c,3919,project_p,msg_print,You are hit by something strange!,"(p_ptr, """")",
820,spells1.c,3920,project_p,msg_print,Gravity warps around you.,"(p_ptr, """")",
821,spells1.c,3936,project_p,msg_print,You are hit by something!,"(p_ptr, """")",
822,spells1.c,3942,project_p,msg_print,You are hit by something!,"(p_ptr, """")",
823,spells1.c,3948,project_p,msg_print,You are hit by something sharp!,"(p_ptr, """")",
824,spells1.c,3962,project_p,msg_print,You feel you are somewhere else.,"(p_ptr, """")",
825,spells1.c,3963,project_p,msg_format,%^s teleports you away.,"(p_ptr, """", killer)",
826,spells1.c,3970,project_p,msg_print,You are hit by something good!,"(p_ptr, """")",
827,spells1.c,3971,project_p,msg_format,%^s heals you!,"(p_ptr, """", killer)",
828,spells1.c,3982,project_p,msg_print,You are hit by something good!,"(p_ptr, """")",
829,spells1.c,3983,project_p,msg_format,%^s does something to you!,"(p_ptr, """", killer)",
830,spells1.c,3993,project_p,msg_print,You are hit by something good!,"(p_ptr, """")",
831,spells1.c,3994,project_p,msg_format,%^s prays on your behalf!,"(p_ptr, """", killer)",
832,spells1.c,4003,project_p,msg_print,You hear puzzling noises!,"(p_ptr, """")",
833,spells1.c,4004,project_p,msg_format,%^s creates a mesmerising illusion!,"(p_ptr, """", killer)",
834,spells1.c,4008,project_p,msg_print,You disbelieve the feeble spell.,"(p_ptr, """")",
835,spells1.c,4012,project_p,msg_print,You disbelieve the feeble spell.,"(p_ptr, """")",
836,spells1.c,4020,project_p,msg_print,Something drains power from your muscles!,"(p_ptr, """")",
837,spells1.c,4021,project_p,msg_format,%^s drains power from your muscles!,"(p_ptr, """", killer)",
838,spells1.c,4025,project_p,msg_print,You are unaffected!,"(p_ptr, """")",
839,spells1.c,4029,project_p,msg_print,You resist the effects!,"(p_ptr, """")",
840,spells1.c,4037,project_p,msg_print,Something makes you very sleepy!,"(p_ptr, """")",
841,spells1.c,4038,project_p,msg_format,%^s makes you very sleepy!,"(p_ptr, """", killer)",
842,spells1.c,4042,project_p,msg_print,You are unaffected!,"(p_ptr, """")",
843,spells1.c,4046,project_p,msg_print,You resist the effects!,"(p_ptr, """")",
844,spells1.c,4054,project_p,msg_print,"Something mumbles, and you hear scary noises!","(p_ptr, """")",
845,spells1.c,4055,project_p,msg_format,%^s casts a fearful illusion!,"(p_ptr, """", killer)",
846,spells1.c,4059,project_p,msg_print,You refuse to be frightened.,"(p_ptr, """")",
847,spells1.c,4063,project_p,msg_print,You refuse to be frightened.,"(p_ptr, """")",
848,spells1.c,4074,project_p,msg_print,You feel bizzare!,"(p_ptr, """")",
849,spells1.c,4075,project_p,msg_format,%^s polymorphs you!,"(p_ptr, """", killer)",
850,spells1.c,4078,project_p,msg_print,You resist the effects!,"(p_ptr, """")",
851,spells2.c,128,hp_player,msg_print,You feel a little better.,"(p_ptr, """")",
852,spells2.c,132,hp_player,msg_print,You feel better.,"(p_ptr, """")",
853,spells2.c,139,hp_player,msg_print,You feel much better.,"(p_ptr, """")",
854,spells2.c,143,hp_player,msg_print,You feel very good.,"(p_ptr, """")",
855,spells2.c,209,warding_glyph,msg_print,The very soil of the Town prevents you.,"(p_ptr, """")",
856,spells2.c,217,warding_glyph,msg_print,The object resists the spell.,"(p_ptr, """")",
857,spells2.c,227,warding_glyph,msg_print,The floor of the house resists your spell.,"(p_ptr, """")",
858,spells2.c,290,do_dec_stat,msg_format,"You feel %s for a moment, but the feeling passes.","(p_ptr, """", desc_stat_neg[stat])",
859,spells2.c,301,do_dec_stat,msg_format,You feel very %s.,"(p_ptr, """", desc_stat_neg[stat])",
860,spells2.c,322,do_res_stat,msg_format,You feel less %s.,"(p_ptr, """", desc_stat_neg[stat])",
861,spells2.c,347,do_inc_stat,msg_format,Wow!  You feel very %s!,"(p_ptr, """", desc_stat_pos[stat])",
862,spells2.c,357,do_inc_stat,msg_format,You feel less %s.,"(p_ptr, """", desc_stat_neg[stat])",
863,spells2.c,491,restore_level,msg_print,You feel your life energies returning.,"(p_ptr, """")",
864,spells2.c,1143,set_recall,msg_print,Nothing happens.,"(p_ptr,"""")",
865,spells2.c,1192,set_recall,msg_print,The air about you becomes charged...,"(p_ptr, """")",
866,spells2.c,1193,set_recall,msg_format_complex_near,The air about %s becomes charged...,"(p_ptr, p_ptr, MSG_PY_MISC, """", p_ptr->name)",MSG_PY_MISC
867,spells2.c,1198,set_recall,msg_print,A tension leaves the air around you...,"(p_ptr, """")",
868,spells2.c,1199,set_recall,msg_format_complex_near,A tension leaves the air around %s...,"(p_ptr, p_ptr, MSG_PY_MISC, """", p_ptr->name)",MSG_PY_MISC
869,spells2.c,1388,detect_treasure,msg_print,You sense the presence of buried treasure!,"(p_ptr, """")",
870,spells2.c,1609,detect_invisible,msg_print,You sense the presence of invisible creatures!,"(p_ptr, """")",
871,spells2.c,1610,detect_invisible,msg_print,,"(p_ptr, NULL)",
872,spells2.c,1692,detect_evil,msg_print,You sense the presence of evil creatures!,"(p_ptr, """")",
873,spells2.c,1693,detect_evil,msg_print,,"(p_ptr, NULL)",
874,spells2.c,1801,detect_creatures,msg_print,You sense the presence of creatures!,"(p_ptr, """")",
875,spells2.c,1802,detect_creatures,msg_print,,"(p_ptr, NULL)",
876,spells2.c,1842,detection,msg_print,You sense the presence of creatures!,"(p_ptr, """")",
877,spells2.c,1843,detection,msg_print,,"(p_ptr, NULL)",
878,spells2.c,2097,stair_creation,msg_print,The object resists the spell.,"(p_ptr, """")",
879,spells2.c,2205,curse_armor,msg_format,"A %s tries to %s, but your %s resists the effects!terrible black aurasurround your armor","(p_ptr, """", """", """", o_name)",
880,spells2.c,2213,curse_armor,msg_format,A terrible black aura blasts your %s!,"(p_ptr, """", o_name)",
881,spells2.c,2276,curse_weapon,msg_format,"A %s tries to %s, but your %s resists the effects!terrible black aurasurround your weapon","(p_ptr, """", """", """", o_name)",
882,spells2.c,2284,curse_weapon,msg_format,A terrible black aura blasts your %s!,"(p_ptr, """", o_name)",
883,spells2.c,2361,brand_object,msg_format,A %s aura surrounds the %s.,"(p_ptr, """", act, o_name)",
884,spells2.c,2375,brand_object,msg_print,The Branding failed.,"(p_ptr, """")",
885,spells2.c,2425,brand_ammo,msg_print,There's nothing on the floor.,"(p_ptr, """")",
886,spells2.c,2432,brand_ammo,msg_print,You cannot brand that!,"(p_ptr, """")",
887,spells2.c,2563,enchant,msg_print,The curse is broken!,"(p_ptr, """")",
888,spells2.c,2588,enchant,msg_print,The curse is broken!,"(p_ptr, """")",
889,spells2.c,2613,enchant,msg_print,The curse is broken!,"(p_ptr, """")",
890,spells2.c,2677,create_artifact_aux,msg_print,There's nothing on the floor.,"(p_ptr, """")",
891,spells2.c,2715,create_artifact_aux,msg_format,%s %s glow%s brightly!YourThes,"(p_ptr, """", ((item >= 0) ? """" : """"), o_name, ((o_ptr->number > 1) ? """" : """"))",
892,spells2.c,2796,enchant_spell_aux,msg_print,There's nothing on the floor.,"(p_ptr, """")",
893,spells2.c,2805,enchant_spell_aux,msg_print,"Sorry, you cannot enchant that item.","(p_ptr, """")",
894,spells2.c,2813,enchant_spell_aux,msg_format,%s %s glow%s brightly!YourThes,"(p_ptr, """", ((item >= 0) ? """" : """"), o_name, ((o_ptr->number > 1) ? """" : """"))",
895,spells2.c,2829,enchant_spell_aux,msg_print,The enchantment failed.,"(p_ptr, """")",
896,spells2.c,2878,ident_spell_aux,msg_print,There's nothing on the floor.,"(p_ptr, """")",
897,spells2.c,2930,ident_spell_aux,msg_format,%^s: %s (%c).,"(p_ptr, """", describe_use(p_ptr, item), o_name, index_to_label(item))",
898,spells2.c,2935,ident_spell_aux,msg_format,In your pack: %s (%c).,"(p_ptr, """", o_name, index_to_label(item))",
899,spells2.c,2940,ident_spell_aux,msg_format,On the ground: %s.,"(p_ptr, """", o_name)",
900,spells2.c,2983,identify_fully_item,msg_print,There's nothing on the floor.,"(p_ptr, """")",
901,spells2.c,3024,identify_fully_item,msg_format,%^s: %s (%c).,"(p_ptr, """", describe_use(p_ptr, item), o_name, index_to_label(item))",
902,spells2.c,3029,identify_fully_item,msg_format,In your pack: %s (%c).,"(p_ptr, """", o_name, index_to_label(item))",
903,spells2.c,3034,identify_fully_item,msg_format,On the ground: %s.,"(p_ptr, """", o_name)",
904,spells2.c,3114,recharge_aux,msg_print,You cannot recharge that item.,"(p_ptr, """")",
905,spells2.c,3130,recharge_aux,msg_print,The recharge backfires!,"(p_ptr, """")",
906,spells2.c,3137,recharge_aux,msg_print,There is a bright flash of light.,"(p_ptr, """")",
907,spells2.c,3364,aggravate_monsters,msg_print,You feel a sudden stirring nearby!,"(p_ptr, """")",
908,spells2.c,3365,aggravate_monsters,msg_print,You hear a sudden stirring in the distance!,"(p_ptr, """")",
909,spells2.c,3582,probing,msg_print,Probing...,"(p_ptr, """")",
910,spells2.c,3588,probing,msg_format,%^s has %d hit points.,"(p_ptr, """", m_name, m_ptr->hp)",
911,spells2.c,3600,probing,msg_print,That's all.,"(p_ptr, """")",
912,spells2.c,3672,destroy_area,msg_print,There is a searing blast of light!,"(p_ptr, """")",
913,spells2.c,3984,earthquake,msg_print,The cave ceiling collapses!,"(p_ptr, """")",
914,spells2.c,3989,earthquake,msg_print,The cave floor twists in an unnatural way!,"(p_ptr, """")",
915,spells2.c,3994,earthquake,msg_print,The cave quakes!,"(p_ptr, """")",
916,spells2.c,3995,earthquake,msg_print,You are pummeled with debris!,"(p_ptr, """")",
917,spells2.c,4004,earthquake,msg_print,You are severely crushed!,"(p_ptr, """")",
918,spells2.c,4016,earthquake,msg_print,You nimbly dodge the blast!,"(p_ptr, """")",
919,spells2.c,4022,earthquake,msg_print,You are bashed by rubble!,"(p_ptr, """")",
920,spells2.c,4029,earthquake,msg_print,You are crushed between the floor and ceiling!,"(p_ptr, """")",
921,spells2.c,4119,earthquake,msg_format,%^s wails out in pain!,"(p_ptr, """", m_name)",
922,spells2.c,4146,earthquake,msg_format,%^s is embedded in the rock!,"(p_ptr, """", m_name)",
923,spells2.c,4355,cave_temp_room_lite,msg_format,%^s wakes up.,"(p_ptr, """", m_name)",
924,spells2.c,4544,lite_area,msg_print,You are surrounded by a white light.,"(p_ptr, """")",
925,spells2.c,4569,unlite_area,msg_print,Darkness surrounds you.,"(p_ptr, """")",
926,spells2.c,4810,clone_monster,msg_print,You hear a loud crackling sound.,"(p_ptr, """")",
927,spells2.c,4860,alter_reality,msg_format,%s sustains reality.Someone,"(p_ptr, """", (p_ptr->play_los[i] ? q_ptr->name : """"))",
928,spells2.c,4861,alter_reality,msg_format,You resist %s's attempt to alter reality.someone,"(q_ptr, """", (q_ptr->play_los[p_ptr->Ind] ? p_ptr->name : """") )",
929,spells2.c,4877,alter_reality,msg_print,The world changes!,"(q_ptr, """")",
930,spells2.c,4963,brand_bolts,msg_print,Your bolts are covered in a fiery aura!,"(p_ptr, """")",
931,spells2.c,4985,brand_bolts,msg_print,The fiery enchantment failed.,"(p_ptr, """")",
932,spells2.c,5004,ring_of_power,msg_print,You are surrounded by a malignant aura.,"(p_ptr, """")",
933,spells2.c,5025,ring_of_power,msg_print,You are surrounded by a powerful aura.,"(p_ptr, """")",
934,store.c,33,say_comment_1,msg_print,,"(p_ptr, comment_1[randint0(MAX_COMMENT_1)])",
935,store.c,89,message,msg_print_aux,,"(p_ptr, msg, message_type)",
936,store.c,1361,sell_haggle,msg_print,You instantly agree upon the price.,"(p_ptr, """")",
937,store.c,1362,sell_haggle,msg_print,,(NULL),
938,store.c,1372,sell_haggle,msg_print,You eventually agree upon the price.,"(p_ptr, """")",
939,store.c,1373,sell_haggle,msg_print,,(NULL),
940,store.c,1678,refresh_store,msg_print,,"(q_ptr, buf)",
941,store.c,1709,store_purchase,msg_print,I am currently out of stock.,"(p_ptr, """")",
942,store.c,1716,store_purchase,msg_print,You cannot buy from yourself.,"(p_ptr, """")",
943,store.c,1724,store_purchase,msg_print,"Sorry, this item is reserved.","(p_ptr, """")",
944,store.c,1737,store_purchase,msg_print,The shopkeeper is currently restocking.,"(p_ptr, """")",
945,store.c,1772,store_purchase,msg_print,You cannot carry that many items.,"(p_ptr, """")",
946,store.c,1785,store_purchase,msg_print,"The shopkeeper rearranges his stock, preventing you from making a purchase.","(p_ptr, """")",
947,store.c,1820,store_purchase,msg_format,"Sorry, this item is reserved.","(p_ptr, """")",
948,store.c,1847,store_purchase,msg_format,You bought %s for %ld gold.,"(p_ptr, """", o_name, (long)price)",
949,store.c,1871,store_purchase,msg_format,You have %s (%c).,"(p_ptr, """", o_name, index_to_label(item_new))",
950,store.c,1951,store_purchase,msg_print,You do not have enough gold.,"(p_ptr, """")",
951,store.c,1999,store_sell,msg_print,I don't want that!,"(p_ptr, """")",
952,store.c,2009,store_sell,msg_print,"Hmmm, it seems to be cursed.","("""")",
953,store.c,2045,store_sell,msg_print,Your home is full.,"(p_ptr, """")",
954,store.c,2046,store_sell,msg_print,I have not the room in my store to keep it.,"(p_ptr, """")",
955,store.c,2055,store_sell,msg_format,Selling %s (%c).,"(p_ptr, """", o_name, index_to_label(item))",
956,store.c,2056,store_sell,msg_print,,(NULL),
957,store.c,2167,store_confirm,msg_format,You sold %s for %ld gold.,"(p_ptr, """", o_name, (long)price)",
958,store.c,2239,do_cmd_store,msg_print,You see no store here.,"(p_ptr, """")",
959,store.c,2249,do_cmd_store,msg_print,The doors are locked.,"(p_ptr, """")",
960,store.c,2266,do_cmd_store,msg_print,The doors are locked.,"(p_ptr, """")",
961,use-obj.c,13,,msg_misc,,(A),
962,use-obj.c,13,,msg_format_complex_near,,"(p_ptr, p_ptr, MSG_PY_MISC, (A), p_ptr->name)",MSG_PY_MISC
963,use-obj.c,198,eat_food,msg_print,That tastes good.,"(p_ptr, """")",
964,use-obj.c,211,eat_food,msg_print,That tastes especially good.,"(p_ptr, """")",
965,use-obj.c,218,eat_food,msg_print,That tastes good.,"(p_ptr, """")",
966,use-obj.c,228,eat_food,msg_print,That tastes good.,"(p_ptr, """")",
967,use-obj.c,250,quaff_potion,msg_print,You feel less thirsty.,"(p_ptr, """")",
968,use-obj.c,263,quaff_potion,msg_print,The potion makes you vomit!,"(p_ptr, """")",
969,use-obj.c,264,quaff_potion,msg_misc,%s vomits!,"("""")",
970,use-obj.c,324,quaff_potion,msg_print,You feel your memories fade.,"(p_ptr, """")",
971,use-obj.c,333,quaff_potion,msg_print,Your nerves and muscles feel weak and lifeless!,"(p_ptr, """")",
972,use-obj.c,383,quaff_potion,msg_print,Massive explosions rupture your body!,"(p_ptr, """")",
973,use-obj.c,384,quaff_potion,msg_misc,%s blows up!,"("""")",
974,use-obj.c,394,quaff_potion,msg_print,A feeling of Death flows through your body.,"(p_ptr, """")",
975,use-obj.c,536,quaff_potion,msg_print,You feel life flow through your body!,"(p_ptr, """")",
976,use-obj.c,566,quaff_potion,msg_print,Your feel your head clear.,"(p_ptr, """")",
977,use-obj.c,665,quaff_potion,msg_print,An image of your surroundings forms in your mind...,"(p_ptr, """")",
978,use-obj.c,673,quaff_potion,msg_print,You begin to feel more enlightened...,"(p_ptr, """")",
979,use-obj.c,674,quaff_potion,msg_print,,"(p_ptr, NULL)",
980,use-obj.c,691,quaff_potion,msg_print,You begin to know yourself a little better...,"(p_ptr, """")",
981,use-obj.c,692,quaff_potion,msg_print,,"(p_ptr, NULL)",
982,use-obj.c,704,quaff_potion,msg_print,You feel more experienced.,"(p_ptr, """")",
983,use-obj.c,745,read_scroll,msg_print,There is a high pitched humming noise.,"(p_ptr, """")",
984,use-obj.c,841,read_scroll,msg_print,You feel as if someone is watching over you.,"(p_ptr, """")",
985,use-obj.c,969,read_scroll,msg_print,Your hands begin to glow.,"(p_ptr, """")",
986,use-obj.c,1057,read_scroll,msg_print,You failed to read the scroll properly.,"(p_ptr, """")",
987,use-obj.c,1064,read_scroll,msg_print,This is a scroll of house creation.,"(p_ptr, """")",
988,use-obj.c,1126,use_staff,msg_misc,%s teleports away!,"("""")",
989,use-obj.c,1145,use_staff,msg_print,The staff glows blue for a moment...,"(p_ptr, """")",
990,use-obj.c,1156,use_staff,msg_print,The end of the staff glows brightly...,"(p_ptr, """")",
991,use-obj.c,1165,use_staff,msg_misc,%s calls light.,"("""")",
992,use-obj.c,1246,use_staff,msg_print,Your feel your head clear.,"(p_ptr, """")",
993,use-obj.c,1319,use_staff,msg_misc,%s causes the ground to shake!,"("""")",
994,use-obj.c,1327,use_staff,msg_misc,%s unleashes great power!,"("""")",
995,use-obj.c,1374,aim_wand,msg_print,You failed to use the wand properly.,"(p_ptr, """")",
996,use-obj.c,1383,aim_wand,msg_print,The wand has no charges left.,"(p_ptr, """")",
997,use-obj.c,1385,aim_wand,msg_print,The wands have no charges left.,"(p_ptr, """")",
998,use-obj.c,1457,aim_wand,msg_print,A line of blue shimmering light appears.,"(p_ptr, """")",
999,use-obj.c,1501,aim_wand,msg_misc,%s fires a stinking cloud.,"("""")",
1000,use-obj.c,1509,aim_wand,msg_misc,%s fires a magic missile.,"("""")",
1001,use-obj.c,1517,aim_wand,msg_misc,%s fires an acid bolt.,"("""")",
1002,use-obj.c,1525,aim_wand,msg_misc,%s fires a lightning bolt.,"("""")",
1003,use-obj.c,1533,aim_wand,msg_misc,%s fires a fire bolt.,"("""")",
1004,use-obj.c,1541,aim_wand,msg_misc,%s fires a frost bolt.,"("""")",
1005,use-obj.c,1549,aim_wand,msg_misc,%s fires a ball of acid.,"("""")",
1006,use-obj.c,1557,aim_wand,msg_misc,%s fires a ball of electricity.,"("""")",
1007,use-obj.c,1565,aim_wand,msg_misc,%s fires a fire ball.,"("""")",
1008,use-obj.c,1573,aim_wand,msg_misc,%s fires a frost ball.,"("""")",
1009,use-obj.c,1581,aim_wand,msg_print,Oops.  Wand of wonder activated.,"(p_ptr, """")",
1010,use-obj.c,1587,aim_wand,msg_misc,%s shoots dragon fire!,"("""")",
1011,use-obj.c,1595,aim_wand,msg_misc,%s shoots dragon frost!,"("""")",
1012,use-obj.c,1607,aim_wand,msg_misc,%s shoots dragon acid!,"("""")",
1013,use-obj.c,1614,aim_wand,msg_misc,%s shoots dragon lightning!,"("""")",
1014,use-obj.c,1621,aim_wand,msg_misc,%s shoots dragon fire!,"("""")",
1015,use-obj.c,1628,aim_wand,msg_misc,%s shoots dragon frost!,"("""")",
1016,use-obj.c,1635,aim_wand,msg_misc,%s shoots dragon poison!,"("""")",
1017,use-obj.c,1699,zap_rod,msg_print,You failed to use the rod properly.,"(p_ptr, """")",
1018,use-obj.c,1713,zap_rod,msg_print,The rod is still charging.,"(p_ptr, """")",
1019,use-obj.c,1715,zap_rod,msg_print,The rods are all still charging.,"(p_ptr, """")",
1020,use-obj.c,1754,zap_rod,msg_misc,%s calls light.,"("""")",
1021,use-obj.c,1837,zap_rod,msg_print,A line of blue shimmering light appears.,"(p_ptr, """")",
1022,use-obj.c,1869,zap_rod,msg_misc,%s fires an acid bolt.,"("""")",
1023,use-obj.c,1877,zap_rod,msg_misc,%s fires a lightning bolt.,"("""")",
1024,use-obj.c,1885,zap_rod,msg_misc,%s fires a fire bolt.,"("""")",
1025,use-obj.c,1893,zap_rod,msg_misc,%s fires a frost bolt.,"("""")",
1026,use-obj.c,1901,zap_rod,msg_misc,%s fires an acid ball.,"("""")",
1027,use-obj.c,1909,zap_rod,msg_misc,%s fires a lightning ball.,"("""")",
1028,use-obj.c,1917,zap_rod,msg_misc,%s fires a fire ball.,"("""")",
1029,use-obj.c,1925,zap_rod,msg_misc,%s fires a frost ball.,"("""")",
1030,use-obj.c,1957,activate_object,msg_print,"It whines, glows and fades...","(p_ptr, """")",
1031,use-obj.c,1962,activate_object,msg_print_aux,You activate it...,"(p_ptr, """", MSG_ACT_ARTIFACT)",MSG_ACT_ARTIFACT
1032,use-obj.c,1977,activate_object,msg_format,The %s wells with clear light...,"(p_ptr, """", o_name)",
1033,use-obj.c,1984,activate_object,msg_format,The %s shines brightly...,"(p_ptr, """", o_name)",
1034,use-obj.c,1991,activate_object,msg_format,The %s glows a deep green...,"(p_ptr, """", o_name)",
1035,use-obj.c,2000,activate_object,msg_format,The %s lets out a shrill wail...,"(p_ptr, """", o_name)",
1036,use-obj.c,2008,activate_object,msg_format,The %s floods the area with goodness...,"(p_ptr, """", o_name)",
1037,use-obj.c,2015,activate_object,msg_format,The %s glows brightly...,"(p_ptr, """", o_name)",
1038,use-obj.c,2029,activate_object,msg_format,The %s glows deep red...,"(p_ptr, """", o_name)",
1039,use-obj.c,2037,activate_object,msg_format,The %s glows bright white...,"(p_ptr, """", o_name)",
1040,use-obj.c,2045,activate_object,msg_format,The %s glows deep blue...,"(p_ptr, """", o_name)",
1041,use-obj.c,2053,activate_object,msg_format,The %s glows intensely black...,"(p_ptr, """", o_name)",
1042,use-obj.c,2062,activate_object,msg_format,Your %s is surrounded by lightning...,"(p_ptr, """", o_name)",
1043,use-obj.c,2069,activate_object,msg_format,Your %s glows many colours...,"(p_ptr, """", o_name)",
1044,use-obj.c,2084,activate_object,msg_format,Your %s glows a bright white...,"(p_ptr, """", o_name)",
1045,use-obj.c,2085,activate_object,msg_print,You feel much better...,"(p_ptr, """")",
1046,use-obj.c,2093,activate_object,msg_format,Your %s twists space around you...,"(p_ptr, """", o_name)",
1047,use-obj.c,2100,activate_object,msg_format,Your %s glows deep blue...,"(p_ptr, """", o_name)",
1048,use-obj.c,2107,activate_object,msg_format,Your %s glows bright red...,"(p_ptr, """", o_name)",
1049,use-obj.c,2114,activate_object,msg_format,Your %s glows bright white...,"(p_ptr, """", o_name)",
1050,use-obj.c,2115,activate_object,msg_print,An image forms in your mind...,"(p_ptr, """")",
1051,use-obj.c,2122,activate_object,msg_format,Your %s glows deep blue...,"(p_ptr, """", o_name)",
1052,use-obj.c,2123,activate_object,msg_print,You feel a warm tingling inside...,"(p_ptr, """")",
1053,use-obj.c,2131,activate_object,msg_format,Your %s glows many colours...,"(p_ptr, """", o_name)",
1054,use-obj.c,2142,activate_object,msg_format,Your %s glows deep blue...,"(p_ptr, """", o_name)",
1055,use-obj.c,2149,activate_object,msg_format,Your %s glows bright yellow...,"(p_ptr, """", o_name)",
1056,use-obj.c,2156,activate_object,msg_format,Your %s twists space around you...,"(p_ptr, """", o_name)",
1057,use-obj.c,2163,activate_object,msg_format,Your %s glows a deep red...,"(p_ptr, """", o_name)",
1058,use-obj.c,2170,activate_object,msg_format,Your %s glows extremely brightly...,"(p_ptr, """", o_name)",
1059,use-obj.c,2178,activate_object,msg_format,Your %s is covered in fire...,"(p_ptr, """", o_name)",
1060,use-obj.c,2186,activate_object,msg_format,Your %s is covered in frost...,"(p_ptr, """", o_name)",
1061,use-obj.c,2194,activate_object,msg_format,Your %s is covered in sparks...,"(p_ptr, """", o_name)",
1062,use-obj.c,2202,activate_object,msg_format,Your %s is covered in acid...,"(p_ptr, """", o_name)",
1063,use-obj.c,2210,activate_object,msg_format,Your %s grows magical spikes...,"(p_ptr, """", o_name)",
1064,use-obj.c,2218,activate_object,msg_format,Your %s glows bright green...,"(p_ptr, """", o_name)",
1065,use-obj.c,2232,activate_object,msg_format,Your %s glows deep blue...,"(p_ptr, """", o_name)",
1066,use-obj.c,2240,activate_object,msg_format,Your %s throbs deep green...,"(p_ptr, """", o_name)",
1067,use-obj.c,2248,activate_object,msg_format,Your %s is covered in frost...,"(p_ptr, """", o_name)",
1068,use-obj.c,2256,activate_object,msg_format,Your %s glows a pale blue...,"(p_ptr, """", o_name)",
1069,use-obj.c,2264,activate_object,msg_format,Your %s glows a intense blue...,"(p_ptr, """", o_name)",
1070,use-obj.c,2272,activate_object,msg_format,Your %s rages in fire...,"(p_ptr, """", o_name)",
1071,use-obj.c,2280,activate_object,msg_format,Your %s glows black...,"(p_ptr, """", o_name)",
1072,use-obj.c,2288,activate_object,msg_format,Your %s pulsates...,"(p_ptr, """", o_name)",
1073,use-obj.c,2296,activate_object,msg_format,"Your %s lets out a long, shrill note...","(p_ptr, """", o_name)",
1074,use-obj.c,2303,activate_object,msg_format,Your %s radiates deep purple...,"(p_ptr, """", o_name)",
1075,use-obj.c,2311,activate_object,msg_format,Your %s glows deep red...,"(p_ptr, """", o_name)",
1076,use-obj.c,2319,activate_object,msg_format,Your %s glows soft white...,"(p_ptr, """", o_name)",
1077,use-obj.c,2326,activate_object,msg_format,Your %s glows in scintillating colours...,"(p_ptr, """", o_name)",
1078,use-obj.c,2334,activate_object,msg_format,Your %s glows yellow...,"(p_ptr, """", o_name)",
1079,use-obj.c,2341,activate_object,msg_format,Your %s glows brightly...,"(p_ptr, """", o_name)",
1080,use-obj.c,2348,activate_object,msg_format,Your %s glows white...,"(p_ptr, """", o_name)",
1081,use-obj.c,2356,activate_object,msg_format,Your %s glows deep red...,"(p_ptr, """", o_name)",
1082,use-obj.c,2363,activate_object,msg_format,Your %s glows with the light of a thousand stars...,"(p_ptr, """", o_name)",
1083,use-obj.c,2370,activate_object,msg_format,Your %s glows white...,"(p_ptr, """", o_name)",
1084,use-obj.c,2378,activate_object,msg_format,Your %s glows in anger...,"(p_ptr, """", o_name)",
1085,use-obj.c,2400,activate_object,msg_print,Your cloak flashes many colors...,"(p_ptr, """")",
1086,use-obj.c,2432,activate_object,msg_print,You breathe lightning.,"(p_ptr, """")",
1087,use-obj.c,2441,activate_object,msg_print,You breathe frost.,"(p_ptr, """")",
1088,use-obj.c,2450,activate_object,msg_print,You breathe acid.,"(p_ptr, """")",
1089,use-obj.c,2459,activate_object,msg_print,You breathe poison gas.,"(p_ptr, """")",
1090,use-obj.c,2468,activate_object,msg_print,You breathe fire.,"(p_ptr, """")",
1091,use-obj.c,2481,activate_object,msg_format,You breathe %s.lightningfrostacidpoison gasfire,"(p_ptr, """", ((chance == 1) ? """" : ((chance == 2) ? """" : ((chance == 3) ? """" : ((chance == 4) ? """" : """")))))",
1092,use-obj.c,2498,activate_object,msg_print,You breathe confusion.,"(p_ptr, """")",
1093,use-obj.c,2507,activate_object,msg_print,You breathe sound.,"(p_ptr, """")",
1094,use-obj.c,2517,activate_object,msg_format,You breathe %s.chaosdisenchantment,"(p_ptr, """", ((chance == 1 ? """" : """")))",
1095,use-obj.c,2529,activate_object,msg_format,You breathe %s.soundshards,"(p_ptr, """", ((chance == 1 ? """" : """")))",
1096,use-obj.c,2540,activate_object,msg_format,You breathe %s.chaosdisenchantmentsoundshards,"(p_ptr, """", ((chance == 1) ? """" : ((chance == 2) ? """" : ((chance == 3) ? """" : """"))))",
1097,use-obj.c,2556,activate_object,msg_format,You breathe %s.lightdarkness,"(p_ptr, """", ((chance == 0 ? """" : """")))",
1098,use-obj.c,2566,activate_object,msg_print,You breathe the elements.,"(p_ptr, """")",
1099,use-obj.c,2580,activate_object,msg_print,Your amulet glows a deep blue...,"(p_ptr, """")",
1100,use-obj.c,2641,activate_object,msg_print,Oops.  That object cannot be activated.,"(p_ptr, """")",
1101,util.c,1841,msg_flush,msg_print,,(),
1102,util.c,1842,msg_flush,msg_print,,(NULL),
1103,util.c,1846,msg_flush,msg_print,,(NULL),
1104,util.c,1849,msg_print,msg_print,,"(player_type *p_ptr, cptr msg)",
1105,util.c,1851,msg_print,msg_print_aux,,"(p_ptr, msg, MSG_GENERIC)",MSG_GENERIC
1106,util.c,1853,msg_print_aux,msg_print_aux,,"(player_type *p_ptr, cptr msg, u16b type)",
1107,util.c,1921,msg_broadcast,msg_broadcast,,"(player_type *p_ptr, cptr msg)",
1108,util.c,1932,msg_broadcast,msg_print_aux,,"(Players[i], msg, MSG_CHAT)",MSG_CHAT
1109,util.c,1951,msg_channel,msg_print_aux,,"(Players[i], msg, MSG_CHAT + chan)",MSG_CHAT
1110,util.c,1959,msg_channel,msg_print,,(),
1111,util.c,1961,msg_format,msg_format,,"(player_type *p_ptr, cptr fmt, ...)",
1112,util.c,1977,msg_format,msg_print,,"(p_ptr, buf)",
1113,util.c,1980,msg_format_type,msg_format_type,,"(player_type *p_ptr, u16b type, cptr fmt, ...)",
1114,util.c,1996,msg_format_type,msg_print_aux,,"(p_ptr, buf, type)",
1115,util.c,2076,msg_format_monster,msg_print_aux,,"(qq_ptr, buf_vis, type)",
1116,util.c,2081,msg_format_monster,msg_print_aux,,"(qq_ptr, buf_invis, type)",
1117,util.c,2138,msg_format_complex_far,msg_print_aux,,"(qq_ptr, buf_vis, type)",
1118,util.c,2145,msg_format_complex_far,msg_print_aux,,"(qq_ptr, buf_invis, type)",
1119,util.c,2186,msg_print_complex_near,msg_print_aux,,"(qq_ptr, msg, type)",
1120,util.c,2190,msg_print_near,msg_print_near,,"(player_type *p_ptr, cptr msg)",
1121,util.c,2199,msg_format_complex_near,msg_format_complex_near,,"(player_type *p_ptr, player_type *q_ptr, u16b type, cptr fmt, ...)",
1122,util.c,2217,msg_format_near,msg_format_near,,"(player_type *p_ptr, cptr fmt, ...)",
1123,util.c,2233,msg_format_near,msg_print_near,,"(p_ptr, buf)",
1124,util.c,2408,assist_whisper,msg_print,,"(p_ptr, error)",
1125,util.c,2461,channel_join,msg_format,Listening to channel %s,"(p_ptr,"""",channel)",
1126,util.c,2468,channel_join,msg_format,Channel changed to %s,"(p_ptr,"""",channel)",
1127,util.c,2484,channel_join,msg_format,Listening to channel %s,"(p_ptr, """", channel)",
1128,util.c,2489,channel_join,msg_format,Unable to join channel %s,"(p_ptr, """", channel)",
1129,util.c,2498,channel_leave_id,msg_format,Left channel %s,"(p_ptr, """", channels[i].name)",
1130,util.c,2661,player_talk_aux,msg_print,,"(p_ptr, error)",
1131,util.c,2707,player_talk_aux,msg_format_type,"You %s, \""%s\""%c","(p_ptr, MSG_TALK, """", verb, msg, punct)",MSG_TALK
1132,util.c,2708,player_talk_aux,msg_format_complex_near,"%s %ss, \""%s\""%c","(p_ptr, p_ptr, MSG_TALK, """", sender, verb, msg, punct)",MSG_TALK
1133,util.c,2729,player_talk_aux,msg_format_type,"You %s, \""%s\""%c","(p_ptr, MSG_YELL, """", verb, msg, punct)",MSG_YELL
1134,util.c,2746,player_talk_aux,msg_format_type,[%s:%s] %s,"(q_ptr, MSG_WHISPER, """", q_ptr->name, sender, colon)",MSG_WHISPER
1135,util.c,2749,player_talk_aux,msg_format_type,[%s:%s] %s,"(p_ptr, MSG_WHISPER, """", q_ptr->name, sender, colon)",MSG_WHISPER
1136,util.c,2765,player_talk_aux,msg_format,[%s:%s] %s,"(p_ptr, """", parties[0 - target].name, sender, colon)",
1137,util.c,2785,player_talk_aux,msg_format_type,[%s] %s,"(q_ptr, MSG_CHAT + dest_chan, """", sender, message)",MSG_CHAT
1138,util.c,2789,player_talk_aux,msg_format_type,%s,"(q_ptr, MSG_CHAT + dest_chan, """", message)",MSG_CHAT
1139,variable.c,86,,msg_print,,(),
1140,wilderness.c,518,do_cmd_plant_seed,msg_print,You cannot plant seeds!,"(p_ptr, """")",
1141,wilderness.c,552,do_cmd_plant_seed,msg_print,You have planted some seeds.,"(p_ptr, """")",
1142,x-spell.c,1101,spell_wonder,msg_print,You feel a surge of power!,"(p_ptr, """")",
1143,x-spell.c,1143,spell_wonder,msg_spell,,(A),
1144,x-spell.c,1143,spell_wonder,msg_format_complex_near,,"(p_ptr, p_ptr, MSG_PY_SPELL, (A), p_ptr->name)",MSG_PY_SPELL
1145,x-spell.c,1172,cast_mage_spell,msg_spell,%s fires a magic missile.,"("""")",
1146,x-spell.c,1186,cast_mage_spell,msg_spell,%s blinks away!,"("""")",
1147,x-spell.c,1229,cast_mage_spell,msg_spell,%s casts a stinking cloud.,"("""")",
1148,x-spell.c,1237,cast_mage_spell,msg_spell,%s makes a complicated gesture.,"("""")",
1149,x-spell.c,1245,cast_mage_spell,msg_spell,%s casts a lightning bolt.,"("""")",
1150,x-spell.c,1260,cast_mage_spell,msg_spell,%s gestures and mumbles calmly.,"("""")",
1151,x-spell.c,1273,cast_mage_spell,msg_spell,%s teleports away!,"("""")",
1152,x-spell.c,1281,cast_mage_spell,msg_print,A line of blue shimmering light appears.,"(p_ptr, """")",
1153,x-spell.c,1282,cast_mage_spell,msg_spell,A line of blue shimmering light appears out of %s's hands.,"("""")",
1154,x-spell.c,1290,cast_mage_spell,msg_spell,%s casts a frost bolt.,"("""")",
1155,x-spell.c,1299,cast_mage_spell,msg_spell,%s makes a moving gesture.,"("""")",
1156,x-spell.c,1325,cast_mage_spell,msg_spell,%s discharges an everchanging blast of energy.,"("""")",
1157,x-spell.c,1344,cast_mage_spell,msg_spell,%s casts a fire bolt.,"("""")",
1158,x-spell.c,1353,cast_mage_spell,msg_spell,%s makes a lengthy gesture.,"("""")",
1159,x-spell.c,1361,cast_mage_spell,msg_spell,%s casts a frost ball.,"("""")",
1160,x-spell.c,1374,cast_mage_spell,msg_spell,%s makes a rush gesture.,"("""")",
1161,x-spell.c,1382,cast_mage_spell,msg_spell,%s creates confusion.,"("""")",
1162,x-spell.c,1390,cast_mage_spell,msg_spell,%s casts a fire ball.,"("""")",
1163,x-spell.c,1397,cast_mage_spell,msg_spell,%s unleashes great power!,"("""")",
1164,x-spell.c,1428,cast_mage_spell,msg_spell,"%s casts a spell, and the ground shakes!","("""")",
1165,x-spell.c,1443,cast_mage_spell,msg_spell,%s casts an acid bolt.,"("""")",
1166,x-spell.c,1451,cast_mage_spell,msg_spell,%s casts a cloud of death.,"("""")",
1167,x-spell.c,1459,cast_mage_spell,msg_spell,%s casts an acid ball.,"("""")",
1168,x-spell.c,1467,cast_mage_spell,msg_spell,%s invokes an ice storm.,"("""")",
1169,x-spell.c,1475,cast_mage_spell,msg_spell,%s casts a meteor shower.,"("""")",
1170,x-spell.c,1483,cast_mage_spell,msg_spell,%s casts a mana ball.,"("""")",
1171,x-spell.c,1502,cast_mage_spell,msg_spell,%s casts a shock wave.,"("""")",
1172,x-spell.c,1510,cast_mage_spell,msg_spell,%s casts an explosion.,"("""")",
1173,x-spell.c,1567,cast_mage_spell,msg_spell,%s forms a mystic shield.,"("""")",
1174,x-spell.c,1574,cast_mage_spell,msg_spell,%s enters a battle rage!,"("""")",
1175,x-spell.c,1583,cast_mage_spell,msg_spell,%s starts moving faster.,"("""")",
1176,x-spell.c,1598,cast_mage_spell,msg_spell,Space warps in a beam from %s.,"("""")",
1177,x-spell.c,1606,cast_mage_spell,msg_spell,%s casts a nether ball.,"("""")",
1178,x-spell.c,1614,cast_mage_spell,msg_spell,%s casts a ball of chaos.,"("""")",
1179,x-spell.c,1623,cast_mage_spell,msg_spell,%s lays down a rune of protection.,"("""")",
1180,x-spell.c,1644,cast_mage_spell,msg_prayer,,(A),
1181,x-spell.c,1644,cast_mage_spell,msg_format_complex_near,,"(p_ptr, p_ptr, MSG_PY_PRAYER, (A), p_ptr->name)",MSG_PY_PRAYER
1182,x-spell.c,1692,cast_priest_spell,msg_prayer,%s calls light.,"("""")",
1183,x-spell.c,1725,cast_priest_spell,msg_prayer,%s blinks away!,"("""")",
1184,x-spell.c,1752,cast_priest_spell,msg_prayer,"For a brief moment, %s is enclosed by a deep blue aura.","("""")",
1185,x-spell.c,1785,cast_priest_spell,msg_prayer,%s fires a holy orb!,"("""")",
1186,x-spell.c,1821,cast_priest_spell,msg_prayer,"%s murmurs, and the ground shakes!","("""")",
1187,x-spell.c,1849,cast_priest_spell,msg_prayer,%s tries to turn undead.,"("""")",
1188,x-spell.c,1862,cast_priest_spell,msg_prayer,%s dispells undead.,"("""")",
1189,x-spell.c,1884,cast_priest_spell,msg_prayer,%s dispells evil.,"("""")",
1190,x-spell.c,1893,cast_priest_spell,msg_prayer,%s lays down a glyph of warding.,"("""")",
1191,x-spell.c,1900,cast_priest_spell,msg_prayer,%s shouts the holy word.,"("""")",
1192,x-spell.c,1935,cast_priest_spell,msg_prayer,An image of your surroundings forms in your mind...,"("""")",
1193,x-spell.c,2009,cast_priest_spell,msg_prayer,%s dispells undead.,"("""")",
1194,x-spell.c,2016,cast_priest_spell,msg_prayer,%s dispells evil.,"("""")",
1195,x-spell.c,2023,cast_priest_spell,msg_prayer,%s speaks a holy curse on nearby evil!,"("""")",
1196,x-spell.c,2026,cast_priest_spell,msg_print,The power of your god banishes evil!,"(p_ptr, """")",
1197,x-spell.c,2033,cast_priest_spell,msg_prayer,%s unleashes a spell of great power!,"("""")",
1198,x-spell.c,2041,cast_priest_spell,msg_prayer,%s fires a massive bolt filled with pure energy!,"("""")",
1199,x-spell.c,2048,cast_priest_spell,msg_prayer,%s sways his hands.,"("""")",
1200,x-spell.c,2082,cast_priest_spell,msg_prayer,%s blinks away!,"("""")",
1201,x-spell.c,2089,cast_priest_spell,msg_prayer,%s teleports away!,"("""")",
1202,x-spell.c,2097,cast_priest_spell,msg_prayer,%s prays for divine intervention.,"("""")",
1203,x-spell.c,2124,cast_priest_spell,msg_print,You cannot project that spell on other players.,"(p_ptr, """")",
1204,xtra1.c,1686,calc_spells,msg_format,You have forgotten the %s of %s.,"(p_ptr, """", p, get_spell_name(p_ptr->cp_ptr->spell_book,j))",
1205,xtra1.c,1718,calc_spells,msg_format,You have forgotten the %s of %s.,"(p_ptr, """", p, spell_names[mtype][j])",
1206,xtra1.c,1756,calc_spells,msg_format,You have remembered the %s of %s.,"(p_ptr, """", p, spell_names[mtype][j])",
1207,xtra1.c,1795,calc_spells,msg_format,You can learn some new %ss now.,"(p_ptr, """", p)",
1208,xtra1.c,1950,calc_mana,msg_print,Your covered hands feel unsuitable for spellcasting.,"(p_ptr, """")",
1209,xtra1.c,1954,calc_mana,msg_print,Your hands feel more suitable for spellcasting.,"(p_ptr, """")",
1210,xtra1.c,1968,calc_mana,msg_print,The weight of your armor encumbers your movement.,"(p_ptr, """")",
1211,xtra1.c,1972,calc_mana,msg_print,You feel able to move more freely.,"(p_ptr, """")",
1212,xtra1.c,3058,calc_bonuses,msg_print,You have trouble wielding such a heavy bow.,"(p_ptr, """")",
1213,xtra1.c,3062,calc_bonuses,msg_print,You have no trouble wielding your bow.,"(p_ptr, """")",
1214,xtra1.c,3066,calc_bonuses,msg_print,You feel relieved to put down your heavy bow.,"(p_ptr, """")",
1215,xtra1.c,3079,calc_bonuses,msg_print,You have trouble wielding such a heavy weapon.,"(p_ptr, """")",
1216,xtra1.c,3083,calc_bonuses,msg_print,You have no trouble wielding your weapon.,"(p_ptr, """")",
1217,xtra1.c,3087,calc_bonuses,msg_print,You feel relieved to put down your heavy weapon.,"(p_ptr, """")",
1218,xtra1.c,3100,calc_bonuses,msg_print,You do not feel comfortable with your weapon.,"(p_ptr, """")",
1219,xtra1.c,3104,calc_bonuses,msg_print,You feel comfortable with your weapon.,"(p_ptr, """")",
1220,xtra1.c,3108,calc_bonuses,msg_print,You feel more comfortable after removing your weapon.,"(p_ptr, """")",
1221,xtra1.c,3268,redraw_stuff,msg_print,,"(p_ptr, NULL)",
1222,xtra2.c,28,get_player,msg_print,Nobody to use the power with.,"(p_ptr, """")",
1223,xtra2.c,54,get_player,msg_print,Player is not on.,"(p_ptr, """")",
1224,xtra2.c,105,set_blind,msg_format_near,%s gropes around blindly!,"(p_ptr, """", p_ptr->name)",
1225,xtra2.c,106,set_blind,msg_print,You are blind!,"(p_ptr, """")",
1226,xtra2.c,117,set_blind,msg_format_near,%s can see again.,"(p_ptr, """", p_ptr->name)",
1227,xtra2.c,118,set_blind,msg_print,You can see again.,"(p_ptr, """")",
1228,xtra2.c,174,set_confused,msg_format_near,%s appears confused!,"(p_ptr, """", p_ptr->name)",
1229,xtra2.c,175,set_confused,msg_print,You are confused!,"(p_ptr, """")",
1230,xtra2.c,186,set_confused,msg_print,You feel less confused now.,"(p_ptr, """")",
1231,xtra2.c,227,set_poisoned,msg_print,You are poisoned!,"(p_ptr, """")",
1232,xtra2.c,238,set_poisoned,msg_print,You are no longer poisoned.,"(p_ptr, """")",
1233,xtra2.c,279,set_afraid,msg_format_near,%s cowers in fear!,"(p_ptr, """", p_ptr->name)",
1234,xtra2.c,280,set_afraid,msg_print,You are terrified!,"(p_ptr, """")",
1235,xtra2.c,291,set_afraid,msg_format_near,%s appears bolder now.,"(p_ptr, """", p_ptr->name)",
1236,xtra2.c,292,set_afraid,msg_print,You feel bolder now.,"(p_ptr, """")",
1237,xtra2.c,333,set_paralyzed,msg_format_near,%s becomes rigid!,"(p_ptr, """", p_ptr->name)",
1238,xtra2.c,334,set_paralyzed,msg_print,You are paralyzed!,"(p_ptr, """")",
1239,xtra2.c,345,set_paralyzed,msg_format_near,%s can move again.,"(p_ptr, """", p_ptr->name)",
1240,xtra2.c,346,set_paralyzed,msg_print,You can move again.,"(p_ptr, """")",
1241,xtra2.c,389,set_image,msg_print,You feel drugged!,"(p_ptr, """")",
1242,xtra2.c,400,set_image,msg_print,You can see clearly again.,"(p_ptr, """")",
1243,xtra2.c,450,set_fast,msg_format_near,%s begins moving faster!,"(p_ptr, """", p_ptr->name)",
1244,xtra2.c,451,set_fast,msg_print,You feel yourself moving faster!,"(p_ptr, """")",
1245,xtra2.c,462,set_fast,msg_format_near,%s slows down.,"(p_ptr, """", p_ptr->name)",
1246,xtra2.c,463,set_fast,msg_print,You feel yourself slow down.,"(p_ptr, """")",
1247,xtra2.c,504,set_slow,msg_format_near,%s begins moving slower!,"(p_ptr, """", p_ptr->name)",
1248,xtra2.c,505,set_slow,msg_print,You feel yourself moving slower!,"(p_ptr, """")",
1249,xtra2.c,516,set_slow,msg_format_near,%s speeds up.,"(p_ptr, """", p_ptr->name)",
1250,xtra2.c,517,set_slow,msg_print,You feel yourself speed up.,"(p_ptr, """")",
1251,xtra2.c,558,set_shield,msg_print,A mystic shield forms around your body!,"(p_ptr, """")",
1252,xtra2.c,569,set_shield,msg_print,Your mystic shield crumbles away.,"(p_ptr, """")",
1253,xtra2.c,611,set_blessed,msg_print,You feel righteous!,"(p_ptr, """")",
1254,xtra2.c,622,set_blessed,msg_print,The prayer has expired.,"(p_ptr, """")",
1255,xtra2.c,663,set_hero,msg_print,You feel like a hero!,"(p_ptr, """")",
1256,xtra2.c,674,set_hero,msg_print,The heroism wears off.,"(p_ptr, """")",
1257,xtra2.c,718,set_shero,msg_print,You feel like a killing machine!,"(p_ptr, """")",
1258,xtra2.c,729,set_shero,msg_print,You feel less Berserk.,"(p_ptr, """")",
1259,xtra2.c,773,set_protevil,msg_print,You feel safe from evil!,"(p_ptr, """")",
1260,xtra2.c,784,set_protevil,msg_print,You no longer feel safe from evil.,"(p_ptr, """")",
1261,xtra2.c,822,set_invuln,msg_print,You feel invulnerable!,"(p_ptr, """")",
1262,xtra2.c,833,set_invuln,msg_print,You feel vulnerable once more.,"(p_ptr, """")",
1263,xtra2.c,874,set_tim_invis,msg_print,Your eyes feel very sensitive!,"(p_ptr, """")",
1264,xtra2.c,885,set_tim_invis,msg_print,Your eyes feel less sensitive.,"(p_ptr, """")",
1265,xtra2.c,929,set_tim_infra,msg_print,Your eyes begin to tingle!,"(p_ptr, """")",
1266,xtra2.c,940,set_tim_infra,msg_print,Your eyes stop tingling.,"(p_ptr, """")",
1267,xtra2.c,984,set_oppose_acid,msg_print,You feel resistant to acid!,"(p_ptr, """")",
1268,xtra2.c,995,set_oppose_acid,msg_print,You feel less resistant to acid.,"(p_ptr, """")",
1269,xtra2.c,1035,set_oppose_elec,msg_print,You feel resistant to electricity!,"(p_ptr, """")",
1270,xtra2.c,1046,set_oppose_elec,msg_print,You feel less resistant to electricity.,"(p_ptr, """")",
1271,xtra2.c,1086,set_oppose_fire,msg_print,You feel resistant to fire!,"(p_ptr, """")",
1272,xtra2.c,1097,set_oppose_fire,msg_print,You feel less resistant to fire.,"(p_ptr, """")",
1273,xtra2.c,1137,set_oppose_cold,msg_print,You feel resistant to cold!,"(p_ptr, """")",
1274,xtra2.c,1148,set_oppose_cold,msg_print,You feel less resistant to cold.,"(p_ptr, """")",
1275,xtra2.c,1188,set_oppose_pois,msg_print,You feel resistant to poison!,"(p_ptr, """")",
1276,xtra2.c,1199,set_oppose_pois,msg_print,You feel less resistant to poison.,"(p_ptr, """")",
1277,xtra2.c,1298,set_stun,msg_format_near,%s appears stunned.,"(p_ptr, """", p_ptr->name)",
1278,xtra2.c,1299,set_stun,msg_print,You have been stunned.,"(p_ptr, """")",
1279,xtra2.c,1305,set_stun,msg_format_near,%s is very stunned.,"(p_ptr, """", p_ptr->name)",
1280,xtra2.c,1306,set_stun,msg_print,You have been heavily stunned.,"(p_ptr, """")",
1281,xtra2.c,1312,set_stun,msg_format_near,%s has been knocked out.,"(p_ptr, """", p_ptr->name)",
1282,xtra2.c,1313,set_stun,msg_print,You have been knocked out.,"(p_ptr, """")",
1283,xtra2.c,1330,set_stun,msg_format_near,%s is no longer stunned.,"(p_ptr, """", p_ptr->name)",
1284,xtra2.c,1331,set_stun,msg_print,You are no longer stunned.,"(p_ptr, """")",
1285,xtra2.c,1482,set_cut,msg_print,You have been given a graze.,"(p_ptr, """")",
1286,xtra2.c,1488,set_cut,msg_print,You have been given a light cut.,"(p_ptr, """")",
1287,xtra2.c,1494,set_cut,msg_print,You have been given a bad cut.,"(p_ptr, """")",
1288,xtra2.c,1500,set_cut,msg_print,You have been given a nasty cut.,"(p_ptr, """")",
1289,xtra2.c,1506,set_cut,msg_print,You have been given a severe cut.,"(p_ptr, """")",
1290,xtra2.c,1512,set_cut,msg_print,You have been given a deep gash.,"(p_ptr, """")",
1291,xtra2.c,1518,set_cut,msg_print,You have been given a mortal wound.,"(p_ptr, """")",
1292,xtra2.c,1535,set_cut,msg_print,You are no longer bleeding.,"(p_ptr, """")",
1293,xtra2.c,1687,set_food,msg_print,You are still weak.,"(p_ptr, """")",
1294,xtra2.c,1692,set_food,msg_print,You are still hungry.,"(p_ptr, """")",
1295,xtra2.c,1697,set_food,msg_print,You are no longer hungry.,"(p_ptr, """")",
1296,xtra2.c,1702,set_food,msg_print,You are full!,"(p_ptr, """")",
1297,xtra2.c,1707,set_food,msg_print,You have gorged yourself!,"(p_ptr, """")",
1298,xtra2.c,1723,set_food,msg_print,You are getting faint from hunger!,"(p_ptr, """")",
1299,xtra2.c,1729,set_food,msg_print,You are getting weak from hunger!,"(p_ptr, """")",
1300,xtra2.c,1735,set_food,msg_print,You are getting hungry.,"(p_ptr, """")",
1301,xtra2.c,1741,set_food,msg_print,You are no longer full.,"(p_ptr, """")",
1302,xtra2.c,1747,set_food,msg_print,You are no longer gorged.,"(p_ptr, """")",
1303,xtra2.c,1826,check_experience,msg_format,Dropped back to level %d.,"(p_ptr, """", p_ptr->lev)",
1304,xtra2.c,1828,check_experience,msg_broadcast,,"(p_ptr, buf)",
1305,xtra2.c,1862,check_experience,msg_format,Welcome to level %d.,"(p_ptr, """", p_ptr->lev)",
1306,xtra2.c,1864,check_experience,msg_broadcast,,"(p_ptr, buf)",
1307,xtra2.c,2138,monster_death,msg_print,,"(p_ptr, buf)",
1308,xtra2.c,2149,monster_death,msg_broadcast,,"(p_ptr, buf)",
1309,xtra2.c,2234,monster_death,msg_print,*** CONGRATULATIONS ***,"(q_ptr, """")",
1310,xtra2.c,2235,monster_death,msg_print,You have won the game!,"(q_ptr, """")",
1311,xtra2.c,2236,monster_death,msg_print,You may retire (commit suicide) when you are ready.,"(q_ptr, """")",
1312,xtra2.c,2290,monster_death,msg_print,A magical stairway appears...,"(p_ptr, """")",
1313,xtra2.c,2401,access_arena,msg_print,You leave the arena.,"(p_ptr, """")",
1314,xtra2.c,2406,access_arena,msg_print,There is a wall blocking your way.,"(p_ptr, """")",
1315,xtra2.c,2414,access_arena,msg_print,You enter an ancient fighting pit.,"(p_ptr, """")",
1316,xtra2.c,2419,access_arena,msg_print,Arena is currently occupied.,"(p_ptr, """")",
1317,xtra2.c,2452,evacuate_arena,msg_print,,"(q_ptr, buf)",
1318,xtra2.c,2454,evacuate_arena,msg_broadcast,,"(NULL, buf)",
1319,xtra2.c,2455,evacuate_arena,msg_print,You recover oneself outside the arena.,"(p_ptr, """")",
1320,xtra2.c,2456,evacuate_arena,msg_print,You gloriously leave the arena.,"(q_ptr, """")",
1321,xtra2.c,2516,ressurect_uniques,msg_format,%s rises from the dead!,"(p_ptr, """",(r_name + r_ptr->name))",
1322,xtra2.c,2676,player_death,msg_print,You lose consciousness.,"(p_ptr, """")",
1323,xtra2.c,2695,player_death,msg_print,You die.,"(p_ptr, """")",
1324,xtra2.c,2696,player_death,msg_print,,"(p_ptr, NULL)",
1325,xtra2.c,2701,player_death,msg_print,Your incorporeal body fades away - FOREVER.,"(p_ptr, """")",
1326,xtra2.c,2702,player_death,msg_print,,"(p_ptr, NULL)",
1327,xtra2.c,2720,player_death,msg_broadcast,,"(p_ptr, buf)",
1328,xtra2.c,2736,player_death,msg_broadcast,%s's ghost was destroyed by %s.,"(p_ptr, format("""", p_ptr->name, p_ptr->died_from))",
1329,xtra2.c,2762,player_death,msg_broadcast,,"(p_ptr, buf)",
1330,xtra2.c,2799,player_death,msg_format,You have been killed by %s.,"(p_ptr, """", p_ptr->died_from)",
1331,xtra2.c,2881,resurrect_player,msg_print,You feel life return to your body.,"(p_ptr, """")",
1332,xtra2.c,2979,mon_take_hit,msg_format_near,%^s%s,"(p_ptr, """", m_name, note)",
1333,xtra2.c,2980,mon_take_hit,msg_format,%^s%s,"(p_ptr, """", m_name, note)",
1334,xtra2.c,2986,mon_take_hit,msg_format_near,%s has killed %s.,"(p_ptr, """", p_ptr->name, m_name)",
1335,xtra2.c,2987,mon_take_hit,msg_format,You have killed %s.,"(p_ptr, """", m_name)",
1336,xtra2.c,2996,mon_take_hit,msg_format_near,%s has destroyed %s.,"(p_ptr, """", p_ptr->name, m_name)",
1337,xtra2.c,2997,mon_take_hit,msg_format,You have destroyed %s.,"(p_ptr, """", m_name)",
1338,xtra2.c,3003,mon_take_hit,msg_format_near,%s has slain %s.,"(p_ptr, """", p_ptr->name, m_name)",
1339,xtra2.c,3004,mon_take_hit,msg_format,You have slain %s.,"(p_ptr, """", m_name)",
1340,xtra2.c,4999,get_rep_dir,msg_print,You are confused.,"("""")",
1341,xtra2.c,5041,confuse_dir,msg_print,You are confused.,"("""")",
1342,xtra2.c,5736,do_cmd_social,msg_format_complex_near,,"(p_ptr, p_ptr, MSG_SOCIAL, s_ptr->others_found, p_ptr->name, victim)",MSG_SOCIAL
1343,xtra2.c,5743,do_cmd_social,msg_format_complex_near,,"(p_ptr, Players[0-target], MSG_SOCIAL, s_ptr->others_found, p_ptr->name, victim)",MSG_SOCIAL
1344,xtra2.c,5746,do_cmd_social,msg_format_type,,"(Players[0 - target], MSG_SOCIAL, s_ptr->vict_found, p_ptr->name)",MSG_SOCIAL
1345,xtra2.c,5750,do_cmd_social,msg_format_type,,"(p_ptr, MSG_SOCIAL, s_ptr->char_found, victim)",MSG_SOCIAL
1346,xtra2.c,5756,do_cmd_social,msg_format_type,,"(p_ptr, MSG_SOCIAL, s_ptr->char_no_arg, ddd_names[dir])",MSG_SOCIAL
1347,xtra2.c,5758,do_cmd_social,msg_format_complex_near,,"(p_ptr, p_ptr, MSG_SOCIAL, s_ptr->others_no_arg, p_ptr->name, ddd_names[dir])",MSG_SOCIAL
1348,xtra2.c,6489,do_cmd_dungeon_master,msg_print,The air about you becomes charged...,"(q_ptr, """")",
1349,xtra2.c,6490,do_cmd_dungeon_master,msg_format_complex_near,The air about %s becomes charged...,"(q_ptr, q_ptr, MSG_PY_MISC, """", q_ptr->name)",MSG_PY_MISC
1350,xtra2.c,6551,do_cmd_dungeon_master,msg_format,Loading file '%s',"(p_ptr, """", &buf[0])",
1351,xtra2.c,6570,do_cmd_dungeon_master,msg_format,Saved file '%s',"(p_ptr, """", &buf[0])",
1352,xtra2.c,6879,do_cmd_dungeon_master,msg_format,Loading file '%s',"(p_ptr, """", dit->d_name)",
