event,text,relevance,unseen_form,RE_UNSEEN,RE_ATTACK,RE_HURT_OTHER,src
defense.protevil_repel,<monster> is repelled.,high,True,False,False,False,melee1.c:292
attack.melee.hit,<monster> hits you.,high,True,True,True,False,melee1.c:480
attack.melee.hit,<monster> touches you.,high,True,True,True,False,melee1.c:480
attack.melee.hit,<monster> punches you.,high,True,True,True,False,melee1.c:480
attack.melee.hit,<monster> kicks you.,high,True,True,True,False,melee1.c:480
attack.melee.hit,<monster> claws you.,high,True,True,True,False,melee1.c:480
attack.melee.hit,<monster> bites you.,high,True,True,True,False,melee1.c:480
attack.melee.hit,<monster> stings you.,high,True,True,True,False,melee1.c:480
attack.melee.hit,<monster> XXX1's you.,high,True,False,False,False,melee1.c:480
attack.melee.hit,<monster> butts you.,high,True,True,True,False,melee1.c:480
attack.melee.hit,<monster> crushes you.,high,True,True,True,False,melee1.c:480
attack.melee.hit,<monster> engulfs you.,high,True,True,True,False,melee1.c:480
attack.melee.hit,<monster> XXX2's you.,high,True,False,False,False,melee1.c:480
attack.melee.hit,<monster> crawls on you.,high,True,True,True,False,melee1.c:480
attack.melee.hit,<monster> drools on you.,high,True,False,False,False,melee1.c:480
attack.melee.hit,<monster> spits on you.,high,True,True,True,True,melee1.c:480
attack.melee.hit,<monster> XXX3's on you.,high,True,False,False,False,melee1.c:480
attack.melee.hit,<monster> gazes at you.,high,True,True,True,False,melee1.c:480
attack.melee.hit,<monster> wails at you.,high,True,True,True,False,melee1.c:480
attack.melee.hit,<monster> releases spores at you.,high,True,False,True,False,melee1.c:480
attack.melee.hit,<monster> projects XXX4's at you.,high,True,False,False,False,melee1.c:480
attack.melee.harmless,<monster> begs you for money.,low,True,False,False,False,melee1.c:480
attack.melee.hit,<monster> XXX5's you.,high,True,False,False,False,melee1.c:480
attack.melee.harmless,<monster> insults you!,low,True,False,False,False,melee1.c:480
attack.melee.harmless,<monster> insults your mother!,low,True,False,False,False,melee1.c:480
attack.melee.harmless,<monster> gives you the finger!,low,True,False,False,False,melee1.c:480
attack.melee.harmless,<monster> humiliates you!,low,True,False,False,False,melee1.c:480
attack.melee.harmless,<monster> defiles you!,low,True,False,False,False,melee1.c:480
attack.melee.harmless,<monster> dances around you!,low,True,False,False,False,melee1.c:480
attack.melee.harmless,<monster> makes obscene gestures!,low,True,False,False,False,melee1.c:480
attack.melee.harmless,<monster> moons you!!!,low,True,False,False,False,melee1.c:480
attack.melee.harmless,<monster> seems sad about something.,low,True,False,False,False,melee1.c:480
attack.melee.harmless,<monster> asks if you have seen his dogs.,low,True,False,False,False,melee1.c:480
attack.melee.harmless,<monster> tells you to get off his land.,low,True,False,False,False,melee1.c:480
attack.melee.harmless,<monster> mumbles something about mushrooms.,low,True,True,False,False,melee1.c:480
item.drained_charges,Energy drains from your pack!,medium,False,False,False,False,melee1.c:579
item.stolen.saved,You quickly protect your money pouch!,medium,False,False,False,False,melee1.c:623
gold.stolen.none,Nothing was stolen.,medium,False,False,False,False,melee1.c:639
gold.stolen,Your purse feels lighter.,high,False,False,False,False,melee1.c:643
gold.stolen,<n> coins were stolen!,high,False,False,False,False,melee1.c:644
gold.stolen,Your purse feels lighter.,high,False,False,False,False,melee1.c:648
gold.stolen.all,All of your coins were stolen!,high,False,False,False,False,melee1.c:649
item.stolen.saved,You grab hold of your backpack!,medium,False,False,False,False,melee1.c:676
item.stolen,Your <item> (<c>) was stolen!,high,False,False,False,False,melee1.c:726
item.stolen,One of your <item> (<c>) was stolen!,high,False,False,False,False,melee1.c:726
item.eaten,Your <item> (<c>) was eaten!,medium,False,False,False,False,melee1.c:777
light.drained,Your light dims.,medium,False,False,False,False,melee1.c:813
attack.melee.effect.acid,You are covered in acid!,high,False,False,False,True,melee1.c:830
attack.melee.effect.elec,You are struck by electricity!,high,False,False,False,False,melee1.c:847
attack.melee.effect.fire,You are enveloped in flames!,high,False,False,False,False,melee1.c:864
attack.melee.effect.cold,You are covered with frost!,high,False,False,False,False,melee1.c:881
resist.fear,You stand your ground!,high,False,False,False,False,melee1.c:940
resist.fear,You stand your ground!,high,False,False,False,False,melee1.c:945
resist.free_action,You are unaffected!,high,False,False,False,False,melee1.c:970
resist.save,You resist the effects!,high,False,False,False,False,melee1.c:975
exp.drain.resisted,You keep hold of your life force!,high,False,False,False,False,melee1.c:1104
exp.drain.partial,You feel your life slipping away!,high,False,False,False,False,melee1.c:1111
exp.drain,You feel your life draining away!,high,False,False,False,False,melee1.c:1116
exp.drain.resisted,You keep hold of your life force!,high,False,False,False,False,melee1.c:1133
exp.drain.partial,You feel your life slipping away!,high,False,False,False,False,melee1.c:1140
exp.drain,You feel your life draining away!,high,False,False,False,False,melee1.c:1145
exp.drain.resisted,You keep hold of your life force!,high,False,False,False,False,melee1.c:1162
exp.drain.partial,You feel your life slipping away!,high,False,False,False,False,melee1.c:1169
exp.drain,You feel your life draining away!,high,False,False,False,False,melee1.c:1174
exp.drain.resisted,You keep hold of your life force!,high,False,False,False,False,melee1.c:1191
exp.drain.partial,You feel your life slipping away!,high,False,False,False,False,melee1.c:1198
exp.drain,You feel your life draining away!,high,False,False,False,False,melee1.c:1203
attack.melee.miss,<monster> misses you.,medium,True,False,True,False,melee1.c:1320
monster.thief.teleport,There is a puff of smoke!,high,False,False,False,False,melee1.c:1349
monster.blink,<monster> blinks away.,medium,True,False,False,False,melee1.c:1354
attack.spell.shriek,<monster> makes a high pitched shriek.,high,True,False,False,True,melee2.c:570
attack.ranged.unseen,<monster> makes a strange noise.,high,True,False,False,False,melee2.c:598
attack.ranged.arrow,<monster> fires an arrow.,high,True,True,False,False,melee2.c:599
attack.ranged.unseen,<monster> makes a strange noise.,high,True,False,False,False,melee2.c:608
attack.ranged.arrow,<monster> fires an arrow!,high,True,True,False,False,melee2.c:609
attack.ranged.unseen,<monster> makes a strange noise.,high,True,False,False,False,melee2.c:618
attack.ranged.missile,<monster> fires a missile.,high,True,True,False,False,melee2.c:619
attack.ranged.unseen,<monster> makes a strange noise.,high,True,False,False,False,melee2.c:628
attack.ranged.missile,<monster> fires a missile!,high,True,True,False,False,melee2.c:629
attack.breath.unknown,<monster> breathes.,high,True,True,False,False,melee2.c:639
attack.breath.acid,<monster> breathes acid.,high,True,True,False,True,melee2.c:640
attack.breath.unknown,<monster> breathes.,high,True,True,False,False,melee2.c:652
attack.breath.elec,<monster> breathes lightning.,high,True,True,False,False,melee2.c:653
attack.breath.unknown,<monster> breathes.,high,True,True,False,False,melee2.c:665
attack.breath.fire,<monster> breathes fire.,high,True,True,False,False,melee2.c:666
attack.breath.unknown,<monster> breathes.,high,True,True,False,False,melee2.c:678
attack.breath.frost,<monster> breathes frost.,high,True,True,False,False,melee2.c:679
attack.breath.unknown,<monster> breathes.,high,True,True,False,False,melee2.c:691
attack.breath.poison,<monster> breathes gas.,high,True,True,False,False,melee2.c:692
attack.breath.unknown,<monster> breathes.,high,True,True,False,False,melee2.c:704
attack.breath.nether,<monster> breathes nether.,high,True,True,False,False,melee2.c:705
attack.breath.unknown,<monster> breathes.,high,True,True,False,False,melee2.c:717
attack.breath.light,<monster> breathes light.,high,True,True,False,False,melee2.c:718
attack.breath.unknown,<monster> breathes.,high,True,True,False,False,melee2.c:730
attack.breath.darkness,<monster> breathes darkness.,high,True,True,False,False,melee2.c:731
attack.breath.unknown,<monster> breathes.,high,True,True,False,False,melee2.c:743
attack.breath.confusion,<monster> breathes confusion.,high,True,True,False,False,melee2.c:744
attack.breath.unknown,<monster> breathes.,high,True,True,False,False,melee2.c:756
attack.breath.sound,<monster> breathes sound.,high,True,True,False,False,melee2.c:757
attack.breath.unknown,<monster> breathes.,high,True,True,False,False,melee2.c:769
attack.breath.chaos,<monster> breathes chaos.,high,True,True,False,False,melee2.c:770
attack.breath.unknown,<monster> breathes.,high,True,True,False,False,melee2.c:782
attack.breath.disenchantment,<monster> breathes disenchantment.,high,True,True,False,False,melee2.c:783
attack.breath.unknown,<monster> breathes.,high,True,True,False,False,melee2.c:795
attack.breath.nexus,<monster> breathes nexus.,high,True,True,False,False,melee2.c:796
attack.breath.unknown,<monster> breathes.,high,True,True,False,False,melee2.c:808
attack.breath.time,<monster> breathes time.,high,True,True,False,False,melee2.c:809
attack.breath.unknown,<monster> breathes.,high,True,True,False,False,melee2.c:820
attack.breath.inertia,<monster> breathes inertia.,high,True,True,False,False,melee2.c:821
attack.breath.unknown,<monster> breathes.,high,True,True,False,False,melee2.c:832
attack.breath.gravity,<monster> breathes gravity.,high,True,True,False,False,melee2.c:833
attack.breath.unknown,<monster> breathes.,high,True,True,False,False,melee2.c:844
attack.breath.shards,<monster> breathes shards.,high,True,True,False,False,melee2.c:845
attack.breath.unknown,<monster> breathes.,high,True,True,False,False,melee2.c:857
attack.breath.plasma,<monster> breathes plasma.,high,True,True,False,False,melee2.c:858
attack.breath.unknown,<monster> breathes.,high,True,True,False,False,melee2.c:869
attack.breath.force,<monster> breathes force.,high,True,True,False,False,melee2.c:870
attack.ranged.unseen,You hear something grunt with exertion.,high,False,False,False,False,melee2.c:905
attack.ranged.boulder,<monster> hurls a boulder at you!,high,True,False,False,False,melee2.c:906
attack.spell.unknown,<monster> mumbles.,high,True,True,False,False,melee2.c:917
attack.spell.ball.acid,<monster> casts an acid ball.,high,True,True,False,True,melee2.c:918
attack.spell.unknown,<monster> mumbles.,high,True,True,False,False,melee2.c:929
attack.spell.ball.elec,<monster> casts a lightning ball.,high,True,True,False,False,melee2.c:930
attack.spell.unknown,<monster> mumbles.,high,True,True,False,False,melee2.c:941
attack.spell.ball.fire,<monster> casts a fire ball.,high,True,True,False,False,melee2.c:942
attack.spell.unknown,<monster> mumbles.,high,True,True,False,False,melee2.c:953
attack.spell.ball.frost,<monster> casts a frost ball.,high,True,True,False,False,melee2.c:954
attack.spell.unknown,<monster> mumbles.,high,True,True,False,False,melee2.c:965
attack.spell.ball.poison,<monster> casts a stinking cloud.,high,True,True,False,False,melee2.c:966
attack.spell.unknown,<monster> mumbles.,high,True,True,False,False,melee2.c:977
attack.spell.ball.nether,<monster> casts a nether ball.,high,True,True,False,False,melee2.c:978
attack.spell.unknown,<monster> mumbles.,high,True,True,False,False,melee2.c:989
attack.spell.ball.water,<monster> gestures fluidly.,high,True,False,False,False,melee2.c:990
attack.spell.ball.water,You are engulfed in a whirlpool.,high,False,False,False,False,melee2.c:991
attack.spell.mana_or_dark_storm,<monster> mumbles powerfully.,high,True,True,False,False,melee2.c:1006
attack.spell.ball.mana,<monster> invokes a mana storm.,high,True,False,False,False,melee2.c:1007
attack.spell.mana_or_dark_storm,<monster> mumbles powerfully.,high,True,True,False,False,melee2.c:1017
attack.spell.ball.darkness,<monster> invokes a darkness storm.,high,True,False,False,False,melee2.c:1018
attack.spell.drain_mana,<monster> draws psychic energy from you!,high,True,False,False,False,melee2.c:1037
monster.heal,<monster> appears healthier.,medium,True,False,False,False,melee2.c:1075
attack.spell.mind_blast,You feel something focusing on your mind.,high,False,False,False,False,melee2.c:1090
attack.spell.mind_blast,<monster> gazes deep into your eyes.,high,True,False,False,False,melee2.c:1094
resist.save,You resist the effects!,high,False,False,False,False,melee2.c:1099
attack.spell.mind_blast.hit,Your mind is blasted by psionic energy.,high,False,False,False,False,melee2.c:1103
attack.spell.brain_smash,You feel something focusing on your mind.,high,False,False,False,False,melee2.c:1120
attack.spell.brain_smash,<monster> looks deep into your eyes.,high,True,False,False,False,melee2.c:1124
resist.save,You resist the effects!,high,False,False,False,False,melee2.c:1128
attack.spell.brain_smash.hit,Your mind is blasted by psionic energy.,high,False,False,False,False,melee2.c:1132
attack.spell.unknown,<monster> mumbles.,high,True,True,False,False,melee2.c:1156
attack.spell.cause_1,<monster> points at you and curses.,high,True,True,False,False,melee2.c:1157
resist.save,You resist the effects!,high,False,False,False,False,melee2.c:1160
attack.spell.unknown,<monster> mumbles.,high,True,True,False,False,melee2.c:1174
attack.spell.cause_2,<monster> points at you and curses horribly.,high,True,True,False,False,melee2.c:1175
resist.save,You resist the effects!,high,False,False,False,False,melee2.c:1178
attack.spell.cause_3,<monster> mumbles loudly.,high,True,True,False,False,melee2.c:1192
attack.spell.cause_3,"<monster> points at you, incanting terribly!",high,True,True,False,False,melee2.c:1193
resist.save,You resist the effects!,high,False,False,False,False,melee2.c:1196
attack.spell.cause_4,<monster> screams the word 'DIE!',high,True,False,False,False,melee2.c:1210
attack.spell.cause_4,"<monster> points at you, screaming the word DIE!",high,True,True,False,False,melee2.c:1211
resist.save,You resist the effects!,high,False,False,False,False,melee2.c:1214
attack.spell.unknown,<monster> mumbles.,high,True,True,False,False,melee2.c:1228
attack.spell.bolt.acid,<monster> casts a acid bolt.,high,True,True,False,True,melee2.c:1229
attack.spell.unknown,<monster> mumbles.,high,True,True,False,False,melee2.c:1240
attack.spell.bolt.elec,<monster> casts a lightning bolt.,high,True,True,False,False,melee2.c:1241
attack.spell.unknown,<monster> mumbles.,high,True,True,False,False,melee2.c:1252
attack.spell.bolt.fire,<monster> casts a fire bolt.,high,True,True,False,False,melee2.c:1253
attack.spell.unknown,<monster> mumbles.,high,True,True,False,False,melee2.c:1264
attack.spell.bolt.frost,<monster> casts a frost bolt.,high,True,True,False,False,melee2.c:1265
attack.spell.unknown,<monster> mumbles.,high,True,True,False,False,melee2.c:1283
attack.spell.bolt.nether,<monster> casts a nether bolt.,high,True,True,False,False,melee2.c:1284
attack.spell.unknown,<monster> mumbles.,high,True,True,False,False,melee2.c:1295
attack.spell.bolt.water,<monster> casts a water bolt.,high,True,True,False,False,melee2.c:1296
attack.spell.unknown,<monster> mumbles.,high,True,True,False,False,melee2.c:1306
attack.spell.bolt.mana,<monster> casts a mana bolt.,high,True,True,False,False,melee2.c:1307
attack.spell.unknown,<monster> mumbles.,high,True,True,False,False,melee2.c:1317
attack.spell.bolt.plasma,<monster> casts a plasma bolt.,high,True,True,False,False,melee2.c:1318
attack.spell.unknown,<monster> mumbles.,high,True,True,False,False,melee2.c:1328
attack.spell.bolt.ice,<monster> casts an ice bolt.,high,True,True,False,False,melee2.c:1329
attack.spell.unknown,<monster> mumbles.,high,True,True,False,False,melee2.c:1340
attack.spell.missile,<monster> casts a magic missile.,high,True,True,False,False,melee2.c:1341
attack.spell.scare,"<monster> mumbles, and you hear scary noises.",high,True,True,False,False,melee2.c:1353
attack.spell.scare,<monster> casts a fearful illusion.,high,True,True,False,False,melee2.c:1354
resist.fear,You refuse to be frightened.,high,False,False,False,False,melee2.c:1357
resist.fear,You refuse to be frightened.,high,False,False,False,False,melee2.c:1361
attack.spell.unknown,<monster> mumbles.,high,True,True,False,False,melee2.c:1376
attack.spell.blind,"<monster> casts a spell, burning your eyes!",high,True,True,False,True,melee2.c:1377
resist.blind,You are unaffected!,high,False,False,False,False,melee2.c:1380
resist.save,You resist the effects!,high,False,False,False,False,melee2.c:1384
attack.spell.conf,"<monster> mumbles, and you hear puzzling noises.",high,True,True,False,False,melee2.c:1399
attack.spell.conf,<monster> creates a mesmerising illusion.,high,True,False,False,False,melee2.c:1400
resist.confuse,You disbelieve the feeble spell.,high,False,False,False,False,melee2.c:1403
resist.confuse,You disbelieve the feeble spell.,high,False,False,False,False,melee2.c:1407
attack.spell.slow,<monster> drains power from your muscles!,high,True,True,False,False,melee2.c:1422
resist.free_action,You are unaffected!,high,False,False,False,False,melee2.c:1425
resist.save,You resist the effects!,high,False,False,False,False,melee2.c:1429
attack.spell.unknown,<monster> mumbles.,high,True,True,False,False,melee2.c:1444
attack.spell.hold,<monster> stares deep into your eyes!,high,True,False,False,False,melee2.c:1445
resist.free_action,You are unaffected!,high,False,False,False,False,melee2.c:1448
resist.save,You resist the effects!,high,False,False,False,False,melee2.c:1452
attack.spell.unknown,<monster> mumbles.,high,True,True,False,False,melee2.c:1470
monster.haste,<monster> concentrates on <his> body.,medium,True,True,False,False,melee2.c:1474
monster.haste,<monster> starts moving faster.,medium,True,False,False,False,melee2.c:1480
monster.haste,<monster> starts moving faster.,medium,True,False,False,False,melee2.c:1487
attack.spell.unknown,<monster> mumbles.,high,True,True,False,False,melee2.c:1511
monster.heal,<monster> concentrates on <his> wounds.,medium,True,True,False,False,melee2.c:1515
monster.heal,<monster> looks REALLY healthy!,medium,True,False,False,False,melee2.c:1530
monster.heal,<monster> sounds REALLY healthy!,medium,True,False,False,False,melee2.c:1534
monster.heal,<monster> looks healthier.,medium,True,False,False,False,melee2.c:1544
monster.heal,<monster> sounds healthier.,medium,True,False,False,False,melee2.c:1548
monster.recover_courage,<monster> recovers <his> courage.,medium,True,False,False,False,melee2.c:1562
monster.blink,<monster> blinks away.,medium,True,False,False,False,melee2.c:1578
monster.teleport,<monster> teleports away.,medium,True,False,False,False,melee2.c:1587
escape.teleport_to.forced,<monster> commands you to return.,high,True,True,False,False,melee2.c:1609
escape.teleport.forced,<monster> teleports you away.,high,True,False,False,False,melee2.c:1619
attack.spell.tele_level,<monster> mumbles strangely.,high,True,True,False,False,melee2.c:1633
attack.spell.tele_level,<monster> gestures at your feet.,high,True,False,False,False,melee2.c:1634
resist.nexus,You are unaffected!,high,False,False,False,False,melee2.c:1637
resist.save,You resist the effects!,high,False,False,False,False,melee2.c:1641
attack.spell.unknown,<monster> mumbles.,high,True,True,False,False,melee2.c:1662
attack.spell.darkness,<monster> gestures in shadow.,high,True,False,False,False,melee2.c:1663
attack.spell.traps,"<monster> mumbles, and then cackles evilly.",high,True,True,False,False,melee2.c:1674
attack.spell.traps,<monster> casts a spell and cackles evilly.,high,True,True,False,False,melee2.c:1675
attack.spell.forget,<monster> tries to blank your mind.,high,True,True,False,False,melee2.c:1685
resist.save,You resist the effects!,high,False,False,False,False,melee2.c:1689
status.forget,Your memories fade away.,high,False,False,False,False,melee2.c:1693
attack.spell.unknown,<monster> mumbles.,high,True,True,False,False,melee2.c:1709
summon.kin,<monster> magically summons <his> <minions|kin>.,high,True,True,False,False,melee2.c:1710
summon.heard,You hear many things appear nearby.,high,False,False,False,False,melee2.c:1722
attack.spell.unknown,<monster> mumbles.,high,True,True,False,False,melee2.c:1732
summon.hi_demon,<monster> magically summons greater demons!,high,True,True,False,False,melee2.c:1733
summon.heard,You hear many evil things appear nearby.,high,False,False,False,False,melee2.c:1740
attack.spell.unknown,<monster> mumbles.,high,True,True,False,False,melee2.c:1750
summon.monster,<monster> magically summons help!,high,True,True,False,False,melee2.c:1751
summon.heard,You hear something appear nearby.,high,False,False,False,False,melee2.c:1756
attack.spell.unknown,<monster> mumbles.,high,True,True,False,False,melee2.c:1765
summon.monsters,<monster> magically summons monsters!,high,True,True,False,False,melee2.c:1766
summon.heard,You hear many things appear nearby.,high,False,False,False,False,melee2.c:1771
attack.spell.unknown,<monster> mumbles.,high,True,True,False,False,melee2.c:1780
summon.animal,<monster> magically summons animals.,high,True,True,False,False,melee2.c:1781
summon.heard,You hear many things appear nearby.,high,False,False,False,False,melee2.c:1786
attack.spell.unknown,<monster> mumbles.,high,True,True,False,False,melee2.c:1795
summon.spider,<monster> magically summons spiders.,high,True,True,False,False,melee2.c:1796
summon.heard,You hear many things appear nearby.,high,False,False,False,False,melee2.c:1801
attack.spell.unknown,<monster> mumbles.,high,True,True,False,False,melee2.c:1810
summon.hound,<monster> magically summons hounds.,high,True,True,False,False,melee2.c:1811
summon.heard,You hear many things appear nearby.,high,False,False,False,False,melee2.c:1816
attack.spell.unknown,<monster> mumbles.,high,True,True,False,False,melee2.c:1825
summon.hydra,<monster> magically summons hydras.,high,True,True,False,False,melee2.c:1826
summon.heard,You hear many things appear nearby.,high,False,False,False,False,melee2.c:1831
attack.spell.unknown,<monster> mumbles.,high,True,True,False,False,melee2.c:1840
summon.angel,<monster> magically summons an angel!,high,True,True,False,False,melee2.c:1841
summon.heard,You hear something appear nearby.,high,False,False,False,False,melee2.c:1846
attack.spell.unknown,<monster> mumbles.,high,True,True,False,False,melee2.c:1855
summon.demon,<monster> magically summons a hellish adversary!,high,True,True,False,False,melee2.c:1856
summon.heard,You hear something appear nearby.,high,False,False,False,False,melee2.c:1861
attack.spell.unknown,<monster> mumbles.,high,True,True,False,False,melee2.c:1870
summon.undead,<monster> magically summons an undead adversary!,high,True,True,False,False,melee2.c:1871
summon.heard,You hear something appear nearby.,high,False,False,False,False,melee2.c:1876
attack.spell.unknown,<monster> mumbles.,high,True,True,False,False,melee2.c:1885
summon.dragon,<monster> magically summons a dragon!,high,True,True,False,False,melee2.c:1886
summon.heard,You hear something appear nearby.,high,False,False,False,False,melee2.c:1891
attack.spell.unknown,<monster> mumbles.,high,True,True,False,False,melee2.c:1900
summon.hi_undead,<monster> magically summons greater undead!,high,True,True,False,False,melee2.c:1901
summon.heard,You hear many creepy things appear nearby.,high,False,False,False,False,melee2.c:1908
attack.spell.unknown,<monster> mumbles.,high,True,True,False,False,melee2.c:1918
summon.hi_dragon,<monster> magically summons ancient dragons!,high,True,True,False,False,melee2.c:1919
summon.heard,You hear many powerful things appear nearby.,high,False,False,False,False,melee2.c:1926
attack.spell.unknown,<monster> mumbles.,high,True,True,False,False,melee2.c:1936
summon.wraith,<monster> magically summons mighty undead opponents!,high,True,True,False,False,melee2.c:1937
summon.heard,You hear many creepy things appear nearby.,high,False,False,False,False,melee2.c:1948
attack.spell.unknown,<monster> mumbles.,high,True,True,False,False,melee2.c:1958
summon.unique,<monster> magically summons special opponents!,high,True,True,False,False,melee2.c:1959
summon.heard,You hear many powerful things appear nearby.,high,False,False,False,False,melee2.c:1970
monster.wake,<monster> wakes up.,medium,True,False,False,False,melee2.c:2549
monster.stun.off,<monster> is no longer stunned.,low,True,False,False,False,melee2.c:2599
monster.confuse.off,<monster> is no longer confused.,low,True,False,False,False,melee2.c:2639
monster.recover_courage,<monster> recovers <his> courage.,medium,True,False,False,False,melee2.c:2674
door.burst,You hear a door burst open!,medium,False,False,False,False,melee2.c:2945
monster.fear.off,<monster> turns to fight!,medium,True,False,False,False,melee2.c:3333
dead_code,(empty),none,False,False,False,False,monster1.c:1466
dead_code,Deep Unique (<name>).,none,False,False,False,False,monster2.c:1857
dead_code,Deep Monster (<name>).,none,False,False,False,False,monster2.c:1867
dead_code,Unique (<name>).,none,False,False,False,False,monster2.c:1878
monster.pain,<monster> is unharmed.,medium,True,False,False,False,monster2.c:2731
monster.pain,<monster> barely notices.,medium,True,False,False,False,monster2.c:2746
monster.pain,<monster> flinches.,medium,True,False,False,False,monster2.c:2748
monster.pain,<monster> squelches.,medium,True,False,False,False,monster2.c:2750
monster.pain,<monster> quivers in pain.,medium,True,False,False,False,monster2.c:2752
monster.pain,<monster> writhes about.,medium,True,False,False,False,monster2.c:2754
monster.pain,<monster> writhes in agony.,medium,True,False,False,False,monster2.c:2756
monster.pain,<monster> jerks limply.,medium,True,False,False,False,monster2.c:2758
monster.pain,<monster> shrugs off the attack.,medium,True,False,False,False,monster2.c:2765
monster.pain,<monster> snarls with pain.,medium,True,False,False,False,monster2.c:2767
monster.pain,<monster> yelps in pain.,medium,True,False,False,False,monster2.c:2769
monster.pain,<monster> howls in pain.,medium,True,False,False,False,monster2.c:2771
monster.pain,<monster> howls in agony.,medium,True,False,False,False,monster2.c:2773
monster.pain,<monster> writhes in agony.,medium,True,False,False,False,monster2.c:2775
monster.pain,<monster> yelps feebly.,medium,True,False,False,False,monster2.c:2777
monster.pain,<monster> ignores the attack.,medium,True,False,False,False,monster2.c:2784
monster.pain,<monster> grunts with pain.,medium,True,False,False,False,monster2.c:2786
monster.pain,<monster> squeals in pain.,medium,True,False,False,False,monster2.c:2788
monster.pain,<monster> shrieks in pain.,medium,True,False,False,False,monster2.c:2790
monster.pain,<monster> shrieks in agony.,medium,True,False,False,False,monster2.c:2792
monster.pain,<monster> writhes in agony.,medium,True,False,False,False,monster2.c:2794
monster.pain,<monster> cries out feebly.,medium,True,False,False,False,monster2.c:2796
monster.pain,<monster> shrugs off the attack.,medium,True,False,False,False,monster2.c:2803
monster.pain,<monster> grunts with pain.,medium,True,False,False,False,monster2.c:2805
monster.pain,<monster> cries out in pain.,medium,True,False,False,False,monster2.c:2807
monster.pain,<monster> screams in pain.,medium,True,False,False,False,monster2.c:2809
monster.pain,<monster> screams in agony.,medium,True,False,False,False,monster2.c:2811
monster.pain,<monster> writhes in agony.,medium,True,False,False,False,monster2.c:2813
monster.pain,<monster> cries out feebly.,medium,True,False,False,False,monster2.c:2815
escape.teleport_level.fail,Nothing happens.,high,False,False,False,False,spells1.c:374
escape.teleport_level,You sink through the floor.,high,False,False,False,False,spells1.c:439
escape.teleport_level,You rise up through the ceiling.,high,False,False,False,False,spells1.c:439
escape.teleport_level.wild,A gust of wind blows you north.,high,False,False,False,False,spells1.c:439
escape.teleport_level.wild,A gust of wind blows you east.,high,False,False,False,False,spells1.c:439
escape.teleport_level.wild,A gust of wind blows you south.,high,False,False,False,False,spells1.c:439
escape.teleport_level.wild,A gust of wind blows you west.,high,False,False,False,False,spells1.c:439
danger.low_hp,*** LOW HITPOINT WARNING! ***,high,False,False,False,False,spells1.c:625
system.flush,"(flush / -more- prompt, no text)",none,False,False,False,False,spells1.c:627
item.destroyed,<qty> <item> (<lbl>) <was|were> destroyed!,medium,False,False,False,False,spells1.c:892
item.damage.acid.ignore,Your <item> is unaffected!,low,False,False,False,False,spells1.c:962
item.damage.acid,Your <item> is damaged!,medium,False,False,False,False,spells1.c:968
resist.disenchant.item,Your <item> (<lbl>) resist(s) disenchantment!,low,False,False,False,False,spells1.c:1352
item.disenchant,Your <item> (<lbl>) <was|were> disenchanted!,medium,False,False,False,False,spells1.c:1379
resist.nexus.save,You resist the effects!,medium,False,False,False,False,spells1.c:1422
resist.nexus.save,You resist the effects!,medium,False,False,False,False,spells1.c:1435
stat.scramble,Your body starts to scramble...,high,False,False,False,False,spells1.c:1439
dead_code,You resist the effects!,none,False,False,False,False,spells1.c:1479
resist.morph.save,You resist the effects!,medium,False,False,False,False,spells1.c:1484
stat.scramble,Your body starts to scramble...,high,False,False,False,False,spells1.c:1488
resist.morph.save,You resist the effects!,medium,False,False,False,False,spells1.c:1515
player.death.fruitbat,You have been turned into a fruit bat!,high,False,False,False,False,spells1.c:1521
player.restored,You have been restored!,medium,False,False,False,False,spells1.c:1529
terrain.tree_burn,The tree burns to the ground!,low,False,False,False,True,spells1.c:1614
terrain.trap_destroy,There is a bright flash of light!,low,False,False,False,False,spells1.c:1664
terrain.door_unlock,Click!,low,False,False,False,False,spells1.c:1687
terrain.door_destroy,There is a bright flash of light!,low,False,False,False,False,spells1.c:1710
terrain.wall_mud,The wall turns into mud!,low,False,False,False,False,spells1.c:1739
terrain.vein_mud,The vein turns into mud!,low,False,False,False,False,spells1.c:1759
terrain.treasure_found,You have found something!,low,False,False,False,False,spells1.c:1760
terrain.vein_mud,The vein turns into mud!,low,False,False,False,False,spells1.c:1783
terrain.rubble_mud,The rubble turns into mud!,low,False,False,False,False,spells1.c:1803
terrain.rubble_object,There was something buried in the rubble!,low,False,False,False,False,spells1.c:1822
terrain.door_resist,The door resists.,low,False,False,False,False,spells1.c:1837
terrain.door_mud,The door turns into mud!,low,False,False,False,False,spells1.c:1848
terrain.chest_disarm,Click!,low,False,False,False,False,spells1.c:2190
item.floor.resist,The <item> is/are unaffected!,low,False,False,False,False,spells1.c:2217
item.floor.destroyed,The <item> <melts!|burns up!|shatters!|is destroyed!|...>,low,False,False,False,True,spells1.c:2228
monster.death.spell_by_monster,<Monster><note>,low,True,False,False,False,spells1.c:3405
monster.effect.spell_by_monster,<Monster><note>,low,True,False,False,False,spells1.c:3412
monster.effect.player_spell,<Monster><note>,medium,True,False,False,False,spells1.c:3437
monster.flee,<Monster> flees in terror!,medium,True,False,False,False,spells1.c:3449
attack.unseen.hit.acid,You are hit by acid!,high,False,False,False,True,spells1.c:3617
attack.unseen.hit.fire,You are hit by fire!,high,False,False,False,True,spells1.c:3623
attack.unseen.hit.cold,You are hit by cold!,high,False,False,False,True,spells1.c:3629
attack.unseen.hit.elec,You are hit by lightning!,high,False,False,False,True,spells1.c:3635
attack.unseen.hit.pois,You are hit by poison!,high,False,False,False,True,spells1.c:3641
attack.unseen.hit.missile,You are hit by something!,high,False,False,False,True,spells1.c:3653
attack.unseen.hit.holy_orb,You are hit by something!,high,False,False,False,True,spells1.c:3659
attack.unseen.hit.arrow,You are hit by something sharp!,high,False,False,False,True,spells1.c:3666
attack.unseen.hit.plasma,You are hit by something!,high,False,False,False,True,spells1.c:3672
attack.unseen.hit.nether,You are hit by something strange!,high,False,False,False,True,spells1.c:3683
resist.exp_drain,You keep hold of your life force!,high,False,False,False,False,spells1.c:3692
exp.drain.small,You feel your life slipping away!,high,False,False,False,False,spells1.c:3696
exp.drain,You feel your life draining away!,high,False,False,False,False,spells1.c:3701
attack.unseen.hit.water,You are hit by something!,high,False,False,False,True,spells1.c:3710
attack.unseen.hit.chaos,You are hit by something strange!,high,False,False,False,True,spells1.c:3724
resist.exp_drain,You keep hold of your life force!,high,False,False,False,False,spells1.c:3741
exp.drain.small,You feel your life slipping away!,high,False,False,False,False,spells1.c:3745
exp.drain,You feel your life draining away!,high,False,False,False,False,spells1.c:3750
attack.unseen.hit.shards,You are hit by something sharp!,high,False,False,False,True,spells1.c:3759
attack.unseen.hit.sound,You are hit by something!,high,False,False,False,True,spells1.c:3773
attack.unseen.hit.confusion,You are hit by something!,high,False,False,False,True,spells1.c:3788
attack.unseen.hit.disenchant,You are hit by something strange!,high,False,False,False,True,spells1.c:3802
attack.unseen.hit.nexus,You are hit by something strange!,high,False,False,False,True,spells1.c:3816
attack.unseen.hit.force,You are hit by something!,high,False,False,False,True,spells1.c:3830
attack.unseen.hit.inert,You are hit by something strange!,high,False,False,False,True,spells1.c:3840
attack.unseen.hit.lite,You are hit by something!,high,False,False,False,True,spells1.c:3847
attack.unseen.hit.dark,You are hit by something!,high,False,False,False,True,spells1.c:3861
attack.unseen.hit.time,You are hit by something strange!,high,False,False,False,True,spells1.c:3875
exp.drain.time,You feel life has clocked back.,high,False,False,False,False,spells1.c:3879
stat.drain.time,You're not as <adj> as you used to be...,high,False,False,False,False,spells1.c:3895
stat.drain.all,You're not as powerful as you used to be...,high,False,False,False,False,spells1.c:3904
attack.unseen.hit.gravity,You are hit by something strange!,high,False,False,False,True,spells1.c:3919
attack.gravity,Gravity warps around you.,high,False,False,False,False,spells1.c:3920
attack.unseen.hit.mana,You are hit by something!,high,False,False,False,True,spells1.c:3936
attack.unseen.hit.meteor,You are hit by something!,high,False,False,False,True,spells1.c:3942
attack.unseen.hit.ice,You are hit by something sharp!,high,False,False,False,True,spells1.c:3948
escape.teleport.by_monster,You feel you are somewhere else.,high,False,False,False,False,spells1.c:3962
escape.teleport.by_monster,<killer> teleports you away.,high,False,False,False,False,spells1.c:3963
pvp.heal_received,You are hit by something good!,low,False,False,False,True,spells1.c:3970
pvp.heal_received,<killer> heals you!,low,False,False,False,False,spells1.c:3971
pvp.spell_received,You are hit by something good!,low,False,False,False,True,spells1.c:3982
pvp.spell_received,<killer> does something to you!,low,False,False,False,False,spells1.c:3983
pvp.prayer_received,You are hit by something good!,low,False,False,False,True,spells1.c:3993
pvp.prayer_received,<killer> prays on your behalf!,low,False,False,False,False,spells1.c:3994
attack.unseen.confuse,You hear puzzling noises!,high,False,False,False,False,spells1.c:4003
attack.spell.confuse,<killer> creates a mesmerising illusion!,high,False,False,False,False,spells1.c:4004
resist.confuse,You disbelieve the feeble spell.,high,False,False,False,False,spells1.c:4008
resist.confuse.save,You disbelieve the feeble spell.,high,False,False,False,False,spells1.c:4012
attack.unseen.slow,Something drains power from your muscles!,high,True,True,False,False,spells1.c:4020
attack.spell.slow,<killer> drains power from your muscles!,high,False,False,False,False,spells1.c:4021
resist.slow.free_act,You are unaffected!,high,False,False,False,False,spells1.c:4025
resist.slow.save,You resist the effects!,high,False,False,False,False,spells1.c:4029
attack.unseen.sleep,Something makes you very sleepy!,high,True,False,False,False,spells1.c:4037
attack.spell.sleep,<killer> makes you very sleepy!,high,False,False,False,False,spells1.c:4038
resist.sleep.free_act,You are unaffected!,high,False,False,False,False,spells1.c:4042
resist.sleep.save,You resist the effects!,high,False,False,False,False,spells1.c:4046
attack.unseen.scare,"Something mumbles, and you hear scary noises!",high,True,True,False,False,spells1.c:4054
attack.spell.scare,<killer> casts a fearful illusion!,high,False,False,False,False,spells1.c:4055
resist.fear,You refuse to be frightened.,high,False,False,False,False,spells1.c:4059
resist.fear.save,You refuse to be frightened.,high,False,False,False,False,spells1.c:4063
attack.unseen.polymorph,You feel bizzare!,high,False,False,False,False,spells1.c:4074
attack.spell.polymorph,<killer> polymorphs you!,high,False,False,False,False,spells1.c:4075
resist.polymorph,You resist the effects!,high,False,False,False,False,spells1.c:4078
heal.small,You feel a little better.,high,False,False,False,False,spells2.c:128
heal.medium,You feel better.,high,False,False,False,False,spells2.c:132
heal.large,You feel much better.,high,False,False,False,False,spells2.c:139
heal.huge,You feel very good.,high,False,False,False,False,spells2.c:143
spell.fail.town,The very soil of the Town prevents you.,low,False,False,False,False,spells2.c:209
spell.fail.grid,The object resists the spell.,low,False,False,False,False,spells2.c:217
spell.fail.house,The floor of the house resists your spell.,low,False,False,False,False,spells2.c:227
stat.sustain,"You feel <weak|stupid|naive|clumsy|sickly|ugly> for a moment, but the feeling passes.",high,False,False,False,False,spells2.c:290
stat.drain,You feel very <weak|stupid|naive|clumsy|sickly|ugly>.,high,False,False,False,False,spells2.c:301
stat.restore,You feel less <weak|stupid|naive|clumsy|sickly|ugly>.,high,False,False,False,False,spells2.c:322
stat.gain,Wow!  You feel very <strong|smart|wise|dextrous|healthy|cute>!,medium,False,False,False,True,spells2.c:347
stat.restore,You feel less <weak|stupid|naive|clumsy|sickly|ugly>.,high,False,False,False,False,spells2.c:357
exp.restore,You feel your life energies returning.,medium,False,False,False,False,spells2.c:491
escape.recall.fail,Nothing happens.,high,False,False,False,False,spells2.c:1143
escape.recall_start,The air about you becomes charged...,high,False,False,False,False,spells2.c:1192
escape.recall_cancel,A tension leaves the air around you...,high,False,False,False,False,spells2.c:1198
detect.treasure,You sense the presence of buried treasure!,low,False,False,False,False,spells2.c:1388
detect.invisible,You sense the presence of invisible creatures!,medium,False,False,False,False,spells2.c:1609
system.flush,"(flush, no text)",none,False,False,False,False,spells2.c:1610
detect.evil,You sense the presence of evil creatures!,medium,False,False,False,False,spells2.c:1692
system.flush,"(flush, no text)",none,False,False,False,False,spells2.c:1693
detect.creatures,You sense the presence of creatures!,medium,False,False,False,False,spells2.c:1801
system.flush,"(flush, no text)",none,False,False,False,False,spells2.c:1802
detect.creatures,You sense the presence of creatures!,medium,False,False,False,False,spells2.c:1842
system.flush,"(flush, no text)",none,False,False,False,False,spells2.c:1843
spell.fail.grid,The object resists the spell.,low,False,False,False,False,spells2.c:2097
curse.armor.resisted,"A terrible black aura tries to surround your armor, but your <item> resists the effects!",medium,False,False,False,False,spells2.c:2205
curse.armor,A terrible black aura blasts your <item>!,medium,False,False,False,False,spells2.c:2213
curse.weapon.resisted,"A terrible black aura tries to surround your weapon, but your <item> resists the effects!",medium,False,False,False,False,spells2.c:2276
curse.weapon,A terrible black aura blasts your <item>!,medium,False,False,False,False,spells2.c:2284
item.brand,A <flaming|frosty|sickly|...> aura surrounds the <item>.,low,False,False,False,False,spells2.c:2361
item.brand.fail,The Branding failed.,low,False,False,False,False,spells2.c:2375
item.use.nothing_floor,There's nothing on the floor.,low,False,False,False,False,spells2.c:2425
item.use.invalid_target,You cannot brand that!,low,False,False,False,False,spells2.c:2432
item.curse_broken,The curse is broken!,low,False,False,False,False,spells2.c:2563
item.curse_broken,The curse is broken!,low,False,False,False,False,spells2.c:2588
item.curse_broken,The curse is broken!,low,False,False,False,False,spells2.c:2613
item.use.nothing_floor,There's nothing on the floor.,low,False,False,False,False,spells2.c:2677
item.artifact_created,<Your|The> <item> glow(s) brightly!,low,False,False,False,False,spells2.c:2715
item.use.nothing_floor,There's nothing on the floor.,low,False,False,False,False,spells2.c:2796
item.use.invalid_target,"Sorry, you cannot enchant that item.",low,False,False,False,False,spells2.c:2805
item.enchant.start,<Your|The> <item> glow(s) brightly!,medium,False,False,False,False,spells2.c:2813
item.enchant.fail,The enchantment failed.,low,False,False,False,False,spells2.c:2829
item.use.nothing_floor,There's nothing on the floor.,low,False,False,False,False,spells2.c:2878
item.identify,<Use>: <item> (<lbl>).,low,False,False,False,False,spells2.c:2930
item.identify,In your pack: <item> (<lbl>).,low,False,False,False,False,spells2.c:2935
item.identify,On the ground: <item>.,low,False,False,False,False,spells2.c:2940
item.use.nothing_floor,There's nothing on the floor.,low,False,False,False,False,spells2.c:2983
item.identify_full,<Use>: <item> (<lbl>).,low,False,False,False,False,spells2.c:3024
item.identify_full,In your pack: <item> (<lbl>).,low,False,False,False,False,spells2.c:3029
item.identify_full,On the ground: <item>.,low,False,False,False,False,spells2.c:3034
item.use.invalid_target,You cannot recharge that item.,low,False,False,False,False,spells2.c:3114
item.recharge.backfire,The recharge backfires!,medium,False,False,False,False,spells2.c:3130
item.recharge.destroy,There is a bright flash of light.,medium,False,False,False,False,spells2.c:3137
monster.aggravate.speedup,You feel a sudden stirring nearby!,high,False,False,False,False,spells2.c:3364
monster.aggravate.wake,You hear a sudden stirring in the distance!,high,False,False,False,False,spells2.c:3365
probe.start,Probing...,low,False,False,False,False,spells2.c:3582
probe.hp,<Monster> has <n> hit points.,medium,True,False,False,False,spells2.c:3588
probe.end,That's all.,low,False,False,False,False,spells2.c:3600
attack.destroy_area,There is a searing blast of light!,high,False,False,False,False,spells2.c:3672
attack.earthquake,The cave ceiling collapses!,high,False,False,False,False,spells2.c:3984
attack.earthquake,The cave floor twists in an unnatural way!,high,False,False,False,False,spells2.c:3989
attack.earthquake,The cave quakes!,high,False,False,False,False,spells2.c:3994
attack.earthquake,You are pummeled with debris!,high,False,False,False,False,spells2.c:3995
damage.earthquake.crush,You are severely crushed!,high,False,False,False,False,spells2.c:4004
damage.earthquake.dodge,You nimbly dodge the blast!,high,False,False,False,False,spells2.c:4016
damage.earthquake,You are bashed by rubble!,high,False,False,False,False,spells2.c:4022
damage.earthquake,You are crushed between the floor and ceiling!,high,False,False,False,False,spells2.c:4029
monster.earthquake.hurt,<Monster> wails out in pain!,low,True,False,False,False,spells2.c:4119
monster.earthquake.death,<Monster> is embedded in the rock!,low,True,False,False,False,spells2.c:4146
monster.wake,<Monster> wakes up.,medium,True,False,False,False,spells2.c:4355
light.area,You are surrounded by a white light.,low,False,False,False,False,spells2.c:4544
light.darkness,Darkness surrounds you.,low,False,False,False,False,spells2.c:4569
spell.clone,You hear a loud crackling sound.,low,False,False,False,False,spells2.c:4810
spell.alter_reality.fail,<name> sustains reality.,low,False,False,False,False,spells2.c:4860
spell.alter_reality.resisted,You resist <name>'s attempt to alter reality.,low,False,False,False,False,spells2.c:4861
level.change.alter_reality,The world changes!,high,False,False,False,False,spells2.c:4877
item.brand,Your bolts are covered in a fiery aura!,low,False,False,False,False,spells2.c:4963
item.brand.fail,The fiery enchantment failed.,low,False,False,False,False,spells2.c:4985
stat.drain.all.ring_of_power,You are surrounded by a malignant aura.,high,False,False,False,False,spells2.c:5004
spell.dispel,You are surrounded by a powerful aura.,medium,False,False,False,False,spells2.c:5025
spell.forget,You have forgotten the <spell|prayer|...> of <name>.,low,False,False,False,False,xtra1.c:1686
spell.forget,You have forgotten the <spell|prayer> of <name>.,low,False,False,False,False,xtra1.c:1718
spell.remember,You have remembered the <spell|prayer> of <name>.,low,False,False,False,False,xtra1.c:1756
spell.can_learn,You can learn some new <spell|prayer>s now.,low,False,False,False,False,xtra1.c:1795
equip.gloves.encumber,Your covered hands feel unsuitable for spellcasting.,low,False,False,False,False,xtra1.c:1950
equip.gloves.ok,Your hands feel more suitable for spellcasting.,low,False,False,False,False,xtra1.c:1954
equip.armor.encumber,The weight of your armor encumbers your movement.,medium,False,False,False,False,xtra1.c:1968
equip.armor.ok,You feel able to move more freely.,low,False,False,False,False,xtra1.c:1972
equip.bow.heavy,You have trouble wielding such a heavy bow.,medium,False,False,False,False,xtra1.c:3058
equip.bow.ok,You have no trouble wielding your bow.,low,False,False,False,False,xtra1.c:3062
equip.bow.removed,You feel relieved to put down your heavy bow.,low,False,False,False,False,xtra1.c:3066
equip.weapon.heavy,You have trouble wielding such a heavy weapon.,medium,False,False,False,False,xtra1.c:3079
equip.weapon.ok,You have no trouble wielding your weapon.,low,False,False,False,False,xtra1.c:3083
equip.weapon.removed,You feel relieved to put down your heavy weapon.,low,False,False,False,False,xtra1.c:3087
equip.weapon.uncomfortable,You do not feel comfortable with your weapon.,medium,False,False,False,False,xtra1.c:3100
equip.weapon.comfortable,You feel comfortable with your weapon.,low,False,False,False,False,xtra1.c:3104
equip.weapon.removed,You feel more comfortable after removing your weapon.,low,False,False,False,False,xtra1.c:3108
system.flush,"(flush, no text)",none,False,False,False,False,xtra1.c:3268
system.dm.get_player,Nobody to use the power with.,none,False,False,False,False,xtra2.c:28
system.dm.get_player,Player is not on.,none,False,False,False,False,xtra2.c:54
status.blind.on,You are blind!,high,False,False,False,False,xtra2.c:106
status.blind.off,You can see again.,high,False,False,False,False,xtra2.c:118
status.confused.on,You are confused!,high,False,False,False,False,xtra2.c:175
status.confused.off,You feel less confused now.,high,False,False,False,False,xtra2.c:186
status.poisoned.on,You are poisoned!,high,False,False,False,True,xtra2.c:227
status.poisoned.off,You are no longer poisoned.,high,False,False,False,True,xtra2.c:238
status.afraid.on,You are terrified!,high,False,False,False,False,xtra2.c:280
status.afraid.off,You feel bolder now.,high,False,False,False,False,xtra2.c:292
status.paralyzed.on,You are paralyzed!,high,False,False,False,False,xtra2.c:334
status.paralyzed.off,You can move again.,high,False,False,False,False,xtra2.c:346
status.hallucinate.on,You feel drugged!,high,False,False,False,False,xtra2.c:389
status.hallucinate.off,You can see clearly again.,high,False,False,False,False,xtra2.c:400
status.fast.on,You feel yourself moving faster!,high,False,False,False,False,xtra2.c:451
status.fast.off,You feel yourself slow down.,high,False,False,False,False,xtra2.c:463
status.slow.on,You feel yourself moving slower!,high,False,False,False,False,xtra2.c:505
status.slow.off,You feel yourself speed up.,high,False,False,False,False,xtra2.c:517
status.shield.on,A mystic shield forms around your body!,medium,False,False,False,False,xtra2.c:558
status.shield.off,Your mystic shield crumbles away.,medium,False,False,False,False,xtra2.c:569
status.blessed.on,You feel righteous!,medium,False,False,False,False,xtra2.c:611
status.blessed.off,The prayer has expired.,medium,False,False,False,False,xtra2.c:622
status.hero.on,You feel like a hero!,medium,False,False,False,False,xtra2.c:663
status.hero.off,The heroism wears off.,medium,False,False,False,False,xtra2.c:674
status.berserk.on,You feel like a killing machine!,medium,False,False,False,False,xtra2.c:718
status.berserk.off,You feel less Berserk.,medium,False,False,False,False,xtra2.c:729
status.protevil.on,You feel safe from evil!,medium,False,False,False,False,xtra2.c:773
status.protevil.off,You no longer feel safe from evil.,medium,False,False,False,False,xtra2.c:784
status.invuln.on,You feel invulnerable!,medium,False,False,False,False,xtra2.c:822
status.invuln.off,You feel vulnerable once more.,high,False,False,False,False,xtra2.c:833
status.see_invis.on,Your eyes feel very sensitive!,medium,False,False,False,False,xtra2.c:874
status.see_invis.off,Your eyes feel less sensitive.,medium,False,False,False,False,xtra2.c:885
status.infra.on,Your eyes begin to tingle!,low,False,False,False,False,xtra2.c:929
status.infra.off,Your eyes stop tingling.,low,False,False,False,False,xtra2.c:940
status.oppose_acid.on,You feel resistant to acid!,medium,False,False,False,True,xtra2.c:984
status.oppose_acid.off,You feel less resistant to acid.,medium,False,False,False,True,xtra2.c:995
status.oppose_elec.on,You feel resistant to electricity!,medium,False,False,False,False,xtra2.c:1035
status.oppose_elec.off,You feel less resistant to electricity.,medium,False,False,False,False,xtra2.c:1046
status.oppose_fire.on,You feel resistant to fire!,medium,False,False,False,False,xtra2.c:1086
status.oppose_fire.off,You feel less resistant to fire.,medium,False,False,False,False,xtra2.c:1097
status.oppose_cold.on,You feel resistant to cold!,medium,False,False,False,False,xtra2.c:1137
status.oppose_cold.off,You feel less resistant to cold.,medium,False,False,False,False,xtra2.c:1148
status.oppose_pois.on,You feel resistant to poison!,medium,False,False,False,True,xtra2.c:1188
status.oppose_pois.off,You feel less resistant to poison.,medium,False,False,False,True,xtra2.c:1199
status.stun.on,You have been stunned.,high,False,False,False,False,xtra2.c:1299
status.stun.worse,You have been heavily stunned.,high,False,False,False,False,xtra2.c:1306
status.stun.worse,You have been knocked out.,high,False,False,False,False,xtra2.c:1313
status.stun.off,You are no longer stunned.,high,False,False,False,False,xtra2.c:1331
status.cut.on,You have been given a graze.,medium,False,False,False,True,xtra2.c:1482
status.cut.worse,You have been given a light cut.,medium,False,False,False,True,xtra2.c:1488
status.cut.worse,You have been given a bad cut.,medium,False,False,False,True,xtra2.c:1494
status.cut.worse,You have been given a nasty cut.,medium,False,False,False,True,xtra2.c:1500
status.cut.worse,You have been given a severe cut.,high,False,False,False,True,xtra2.c:1506
status.cut.worse,You have been given a deep gash.,high,False,False,False,False,xtra2.c:1512
status.cut.worse,You have been given a mortal wound.,high,False,False,False,False,xtra2.c:1518
status.cut.off,You are no longer bleeding.,high,False,False,False,True,xtra2.c:1535
hunger.weak.better,You are still weak.,medium,False,False,False,False,xtra2.c:1687
hunger.hungry.better,You are still hungry.,medium,False,False,False,False,xtra2.c:1692
hunger.ok,You are no longer hungry.,medium,False,False,False,False,xtra2.c:1697
hunger.full,You are full!,medium,False,False,False,False,xtra2.c:1702
hunger.gorged,You have gorged yourself!,medium,False,False,False,False,xtra2.c:1707
hunger.faint,You are getting faint from hunger!,high,False,False,False,True,xtra2.c:1723
hunger.weak,You are getting weak from hunger!,high,False,False,False,False,xtra2.c:1729
hunger.hungry,You are getting hungry.,medium,False,False,False,False,xtra2.c:1735
hunger.not_full,You are no longer full.,low,False,False,False,False,xtra2.c:1741
hunger.not_gorged,You are no longer gorged.,low,False,False,False,False,xtra2.c:1747
exp.level_down,Dropped back to level <n>.,medium,False,False,False,False,xtra2.c:1826
exp.level_down,<name> has dropped to level <n>.,low,False,False,False,False,xtra2.c:1828
exp.level_up,Welcome to level <n>.,medium,False,False,False,False,xtra2.c:1862
exp.level_up,<name> has attained level <n>.,low,False,False,False,False,xtra2.c:1864
monster.death.unique,<unique> was slain by <name>.,high,False,False,False,False,xtra2.c:2138
monster.death.unique,<unique> was slain by <name|party>.,low,False,False,False,False,xtra2.c:2149
player.win,*** CONGRATULATIONS ***,low,False,False,False,False,xtra2.c:2234
player.win,You have won the game!,low,False,False,False,False,xtra2.c:2235
player.win,You may retire (commit suicide) when you are ready.,low,False,False,False,False,xtra2.c:2236
level.stairs_appear,A magical stairway appears...,medium,False,False,False,False,xtra2.c:2290
arena.leave,You leave the arena.,low,False,False,False,False,xtra2.c:2401
arena.blocked,There is a wall blocking your way.,low,False,False,False,False,xtra2.c:2406
arena.enter,You enter an ancient fighting pit.,low,False,False,False,True,xtra2.c:2414
arena.busy,Arena is currently occupied.,low,False,False,False,False,xtra2.c:2419
arena.win,You knock <name> out.,low,False,False,False,False,xtra2.c:2452
arena.result,<name> was defeated by <name2>.,low,False,False,False,False,xtra2.c:2454
arena.lose,You recover oneself outside the arena.,low,False,False,False,False,xtra2.c:2455
arena.win,You gloriously leave the arena.,low,False,False,False,False,xtra2.c:2456
monster.unique.resurrect,<unique> rises from the dead!,medium,False,False,False,False,xtra2.c:2516
player.arena_ko,You lose consciousness.,medium,False,False,False,False,xtra2.c:2676
player.death,You die.,high,False,False,False,False,xtra2.c:2695
system.flush,"(flush, no text)",none,False,False,False,False,xtra2.c:2696
player.death.ghost,Your incorporeal body fades away - FOREVER.,high,False,False,False,False,xtra2.c:2701
system.flush,"(flush, no text)",none,False,False,False,False,xtra2.c:2702
player.death.announce,"<name> committed suicide. / The unbeatable <name> has retired to a warm, sunny climate. / <name> was turned into a fruit bat by <killer>! / The brave hero <name> the level <n> <race> <class> was killed by <killer>. / <name> the level <n> <race> <class> was killed by <killer>.",low,False,False,False,False,xtra2.c:2720
player.death.announce,<name>'s ghost was destroyed by <killer>.,low,False,False,False,False,xtra2.c:2736
player.death.announce,(see 1327: normal-death announcements),low,False,False,False,False,xtra2.c:2762
player.death.ghost_form,You have been killed by <killer>.,high,False,False,False,False,xtra2.c:2799
player.resurrect,You feel life return to your body.,medium,False,False,False,False,xtra2.c:2881
monster.death.note,<Monster><note>,high,True,False,False,False,xtra2.c:2980
player.kill,You have killed <monster>.,medium,False,False,False,False,xtra2.c:2987
player.kill,You have destroyed <monster>.,medium,False,False,False,False,xtra2.c:2997
player.kill,You have slain <monster>.,medium,False,False,False,False,xtra2.c:3004
dead_code,You are confused.,none,False,False,False,False,xtra2.c:4999
dead_code,You are confused.,none,False,False,False,False,xtra2.c:5041
social.victim,<social text: vict_found>,low,False,False,False,False,xtra2.c:5746
social.self,<social text: char_found>,low,False,False,False,False,xtra2.c:5750
social.self,<social text: char_no_arg with direction>,low,False,False,False,False,xtra2.c:5756
dm.effect,The air about you becomes charged...,low,False,False,False,False,xtra2.c:6489
dm.file,Loading file '<x>',none,False,False,False,False,xtra2.c:6551
dm.file,Saved file '<x>',none,False,False,False,False,xtra2.c:6570
dm.file,Loading file '<x>',none,False,False,False,False,xtra2.c:6879
spell.cant.class_or_ghost,You cannot read books!,medium,False,False,False,False,cmd5.c:220
spell.cant.class_or_ghost,You cannot read books!,medium,False,False,False,False,cmd5.c:227
none.dead_code,You cannot see!,none,False,False,False,False,cmd5.c:235
none.dead_code,You are too confused!,none,False,False,False,False,cmd5.c:242
item.use.nothing_on_floor,There's nothing on the floor.,low,False,False,False,False,cmd5.c:264
spell.cant.class_or_ghost,You cannot read books!,medium,False,False,False,False,cmd5.c:319
spell.cant.class_or_ghost,You cannot read books!,medium,False,False,False,False,cmd5.c:325
item.use.cant_blind,You cannot see!,high,False,False,False,False,cmd5.c:331
item.use.cant_confused,You are too confused!,high,False,False,False,False,cmd5.c:337
spell.study.none_available,You cannot learn any new spells!,low,False,False,False,False,cmd5.c:343
spell.study.none_available,You cannot learn any new prayers!,low,False,False,False,False,cmd5.c:343
item.use.nothing_on_floor,There's nothing on the floor.,low,False,False,False,False,cmd5.c:362
spell.study.cant,You cannot gain that spell!,low,False,False,False,False,cmd5.c:393
spell.study.none_in_book,You cannot learn any spells in that book.,low,False,False,False,False,cmd5.c:430
spell.study.none_in_book,You cannot learn any prayers in that book.,low,False,False,False,False,cmd5.c:430
spell.study.learned,You have learned the <book> of <spell>.,low,False,False,False,False,cmd5.c:454
spell.study.remaining,You can learn <n> more spells.,low,False,False,False,False,cmd5.c:464
spell.study.remaining,You can learn <n> more prayers.,low,False,False,False,False,cmd5.c:464
spell.cant.class_or_ghost,You cannot cast spells!,medium,False,False,False,False,cmd5.c:515
spell.cant.class_or_ghost,You cannot cast spells!,medium,False,False,False,False,cmd5.c:522
item.use.cant_blind,You cannot see!,high,False,False,False,False,cmd5.c:529
item.use.cant_confused,You are too confused!,high,False,False,False,False,cmd5.c:536
item.use.nothing_on_floor,There's nothing on the floor.,low,False,False,False,False,cmd5.c:555
spell.cant.project,You cannot project that spell.,low,False,False,False,False,cmd5.c:590
spell.cant.not_learned,You cannot cast that spell.,medium,False,False,False,False,cmd5.c:598
spell.cant.no_mana,You do not have enough mana.,high,False,False,False,False,cmd5.c:608
spell.fail,You failed to get the spell off!,high,False,False,False,False,cmd5.c:626
status.paralyzed.on,You faint from the effort!,high,False,False,False,True,cmd5.c:682
stat.drain.con,You have damaged your health!,high,False,False,False,False,cmd5.c:693
spell.cant.class_or_ghost,Pray hard enough and your prayers may be answered.,medium,False,False,False,False,cmd5.c:742
spell.cant.class_or_ghost,Pray hard enough and your prayers may be answered.,medium,False,False,False,False,cmd5.c:749
item.use.cant_blind,You cannot see!,high,False,False,False,False,cmd5.c:756
item.use.cant_confused,You are too confused!,high,False,False,False,False,cmd5.c:763
item.use.nothing_on_floor,There's nothing on the floor.,low,False,False,False,False,cmd5.c:785
spell.cant.project,You cannot project that prayer.,low,False,False,False,False,cmd5.c:820
spell.cant.not_learned,You cannot pray that prayer.,medium,False,False,False,False,cmd5.c:828
spell.cant.no_mana,You do not have enough mana.,high,False,False,False,False,cmd5.c:838
spell.fail,You failed to concentrate hard enough!,high,False,False,False,False,cmd5.c:856
item.use.cant_confused,You are too confused!,high,False,False,False,False,cmd5.c:924
spell.cant.ghost_level,You aren't powerful enough to use that ability.,low,False,False,False,False,cmd5.c:944
item.use.cant_ghost,You cannot eat food!,medium,False,False,False,False,cmd6.c:78
item.use.cant_ghost,You cannot quaff potions!,medium,False,False,False,False,cmd6.c:168
item.use.nothing_on_floor,There's nothing on the floor.,low,False,False,False,False,cmd6.c:186
item.use.cant_ghost,You cannot read scrolls!,medium,False,False,False,False,cmd6.c:272
item.use.cant_blind,You can't see anything.,high,False,False,False,False,cmd6.c:277
item.use.cant_no_light,You have no light to read by.,high,False,False,False,False,cmd6.c:282
item.use.cant_confused,You are too confused!,high,False,False,False,False,cmd6.c:287
item.use.nothing_on_floor,There's nothing on the floor.,low,False,False,False,False,cmd6.c:306
item.use.cant_ghost,You cannot use staves!,medium,False,False,False,False,cmd6.c:422
item.use.nothing_on_floor,There's nothing on the floor.,low,False,False,False,False,cmd6.c:440
item.use.fail,You failed to use the staff properly.,high,False,False,False,False,cmd6.c:495
item.use.empty,The staff has no charges left.,high,False,False,False,False,cmd6.c:504
item.use.empty,The staffs have no charges left.,high,False,False,False,False,cmd6.c:506
item.unstack,You unstack your staff.,low,False,False,False,False,cmd6.c:578
item.use.cant_ghost,You cannot aim wands!,medium,False,False,False,False,cmd6.c:635
item.use.nothing_on_floor,There's nothing on the floor.,low,False,False,False,False,cmd6.c:653
item.unstack,You unstack your wand.,low,False,False,False,False,cmd6.c:733
item.use.cant_ghost,You cannot zap rods!,medium,False,False,False,False,cmd6.c:788
item.use.nothing_on_floor,There's nothing on the floor.,low,False,False,False,False,cmd6.c:806
item.unstack,You unstack your rod.,low,False,False,False,False,cmd6.c:898
item.use.cant_ghost,You cannot activate items!,medium,False,False,False,False,cmd6.c:946
item.use.nothing_on_floor,There's nothing on the floor.,low,False,False,False,False,cmd6.c:961
item.use.cant_activate,You cannot activate that item.,medium,False,False,False,False,cmd6.c:973
item.use.fail,You failed to activate it properly.,high,False,False,False,False,cmd6.c:1005
item.use.cant_ghost,You cannot refill potions!,low,False,False,False,False,cmd6.c:1043
item.use.nothing_on_floor,There's nothing on the floor.,low,False,False,False,False,cmd6.c:1061
item.refill_bottle,The bottle shimmers and changes color.,low,False,False,False,False,cmd6.c:1128
none.dead_code,Artifact (<item>),none,False,False,False,False,object2.c:2087
none.dead_code,Randart (<item>),none,False,False,False,True,object2.c:2094
none.dead_code,Ego-item (<item>),none,False,False,False,False,object2.c:2101
none.dead_code,Object (<item>),none,False,False,False,False,object2.c:2108
floor.item_under,You feel something roll beneath your feet.,medium,False,False,False,False,object2.c:3765
floor.item_under,You feel something roll beneath your feet.,medium,False,False,False,False,object2.c:3938
none.dead_code,The <item> crashes to the floor.,none,False,False,False,False,object2.c:4062
floor.item_under,You feel something roll beneath your feet.,medium,False,False,False,False,object2.c:4136
none.dead_code,The <item> disappear<item>.s,none,False,False,False,False,object2.c:4151
item.count.charges,You have <n> charges remaining.,medium,False,False,False,False,object2.c:4225
item.count.charges,You have <n> charge remaining.,medium,False,False,False,False,object2.c:4232
item.count,You have <item>.,medium,False,False,False,False,object2.c:4250
none.dead_code,There are <n> charges remaining.,none,False,False,False,False,object2.c:4393
none.dead_code,There is <n> charge remaining.,none,False,False,False,False,object2.c:4400
none.dead_code,You see <item>.,none,False,False,False,False,object2.c:4415
inventory.combine,You combine some items in your pack.,low,False,False,False,False,object2.c:4798
inventory.reorder,You reorder some items in your pack.,low,False,False,False,False,object2.c:4905
item.use.nothing_on_floor,There is nothing on the floor.,low,False,False,False,False,object2.c:5299
store.haggle,Okay.,low,False,False,False,False,store.c:33
store.haggle,Fine.,low,False,False,False,False,store.c:33
store.haggle,Accepted!,low,False,False,False,False,store.c:33
store.haggle,Agreed!,low,False,False,False,False,store.c:33
store.haggle,Done!,low,False,False,False,False,store.c:33
store.haggle,Taken!,low,False,False,False,False,store.c:33
store.comment.worthless,Arrgghh!,low,False,False,False,False,store.c:89
store.comment.worthless,You bastard!,low,False,False,False,False,store.c:89
store.comment.worthless,You hear someone sobbing...,low,False,False,False,False,store.c:89
store.comment.worthless,The shopkeeper howls in agony!,low,False,False,False,False,store.c:89
store.comment.worthless,The shopkeeper wails in anguish!,low,False,False,False,False,store.c:89
store.comment.worthless,The shopkeeper beats his head against the counter.,low,False,False,False,False,store.c:89
store.comment.bad,Damn!,low,False,False,False,False,store.c:89
store.comment.bad,You fiend!,low,False,False,False,False,store.c:89
store.comment.bad,The shopkeeper curses at you.,low,False,False,False,False,store.c:89
store.comment.bad,The shopkeeper glares at you.,low,False,False,False,False,store.c:89
store.comment.good,Cool!,low,False,False,False,False,store.c:89
store.comment.good,You've made my day!,low,False,False,False,False,store.c:89
store.comment.good,The shopkeeper sniggers.,low,False,False,False,False,store.c:89
store.comment.good,The shopkeeper giggles.,low,False,False,False,False,store.c:89
store.comment.good,The shopkeeper laughs loudly.,low,False,False,False,False,store.c:89
store.comment.great,Yipee!,low,False,False,False,False,store.c:89
store.comment.great,I think I'll retire!,low,False,False,False,False,store.c:89
store.comment.great,The shopkeeper jumps for joy.,low,False,False,False,False,store.c:89
store.comment.great,The shopkeeper smiles gleefully.,low,False,False,False,False,store.c:89
store.comment.great,Wow. I'm going to name my new villa in your honour.,low,False,False,False,False,store.c:89
store.haggle,You instantly agree upon the price.,low,False,False,False,False,store.c:1361
store.haggle,You eventually agree upon the price.,low,False,False,False,False,store.c:1372
store.purchase.fail,I am currently out of stock.,low,False,False,False,False,store.c:1709
store.purchase.fail,You cannot buy from yourself.,low,False,False,False,False,store.c:1716
store.purchase.fail,"Sorry, this item is reserved.",low,False,False,False,False,store.c:1724
store.purchase.fail,The shopkeeper is currently restocking.,low,False,False,False,False,store.c:1737
inventory.full,You cannot carry that many items.,medium,False,False,False,False,store.c:1772
store.purchase.fail,"The shopkeeper rearranges his stock, preventing you from making a purchase.",low,False,False,False,False,store.c:1785
store.purchase.fail,"Sorry, this item is reserved.",low,False,False,False,False,store.c:1820
store.bought,You bought <item> for <n> gold.,low,False,False,False,False,store.c:1847
item.count,You have <item> (<c>).,medium,False,False,False,False,store.c:1871
store.purchase.fail,You do not have enough gold.,low,False,False,False,False,store.c:1951
store.sell.fail,I don't want that!,low,False,False,False,False,store.c:1999
none.dead_code,"Hmmm, it seems to be cursed.",none,False,False,False,False,store.c:2009
store.sell.fail,Your home is full.,low,False,False,False,False,store.c:2045
store.sell.fail,I have not the room in my store to keep it.,low,False,False,False,False,store.c:2046
store.sell,Selling <item> (<c>).,low,False,False,False,False,store.c:2055
store.sold,You sold <item> for <n> gold.,low,False,False,False,False,store.c:2167
store.enter.fail,You see no store here.,low,False,False,False,False,store.c:2239
store.enter.fail,The doors are locked.,low,False,False,False,False,store.c:2249
store.enter.fail,The doors are locked.,low,False,False,False,False,store.c:2266
hunger.eat,That tastes good.,low,False,False,False,False,use-obj.c:198
hunger.eat,That tastes especially good.,low,False,False,False,False,use-obj.c:211
hunger.eat,That tastes good.,low,False,False,False,False,use-obj.c:218
hunger.eat,That tastes good.,low,False,False,False,False,use-obj.c:228
potion.water,You feel less thirsty.,low,False,False,False,False,use-obj.c:250
potion.salt_water,The potion makes you vomit!,high,False,False,False,False,use-obj.c:263
exp.drain,You feel your memories fade.,high,False,False,False,False,use-obj.c:324
potion.ruination,Your nerves and muscles feel weak and lifeless!,high,False,False,False,False,use-obj.c:333
potion.detonation,Massive explosions rupture your body!,high,False,False,False,False,use-obj.c:383
potion.death,A feeling of Death flows through your body.,high,False,False,False,False,use-obj.c:394
potion.life,You feel life flow through your body!,high,False,False,False,False,use-obj.c:536
potion.restore_mana,Your feel your head clear.,medium,False,False,False,False,use-obj.c:566
potion.enlightenment,An image of your surroundings forms in your mind...,low,False,False,False,False,use-obj.c:665
potion.star_enlightenment,You begin to feel more enlightened...,low,False,False,False,False,use-obj.c:673
system.more_prompt,(NULL: no text),none,False,False,False,False,use-obj.c:674
potion.self_knowledge,You begin to know yourself a little better...,low,False,False,False,False,use-obj.c:691
system.more_prompt,(NULL: no text),none,False,False,False,False,use-obj.c:692
exp.gain,You feel more experienced.,medium,False,False,False,False,use-obj.c:704
scroll.aggravate,There is a high pitched humming noise.,high,False,False,False,True,use-obj.c:745
scroll.remove_curse,You feel as if someone is watching over you.,low,False,False,False,False,use-obj.c:841
scroll.monster_confusion,Your hands begin to glow.,medium,False,False,False,False,use-obj.c:969
item.use.fail,You failed to read the scroll properly.,medium,False,False,False,False,use-obj.c:1057
scroll.create_house,This is a scroll of house creation.,low,False,False,False,False,use-obj.c:1064
staff.remove_curse,The staff glows blue for a moment...,low,False,False,False,False,use-obj.c:1145
staff.starlite,The end of the staff glows brightly...,low,False,False,False,False,use-obj.c:1156
potion.restore_mana,Your feel your head clear.,medium,False,False,False,False,use-obj.c:1246
item.use.fail,You failed to use the wand properly.,high,False,False,False,False,use-obj.c:1374
item.use.empty,The wand has no charges left.,high,False,False,False,False,use-obj.c:1383
item.use.empty,The wands have no charges left.,high,False,False,False,False,use-obj.c:1385
light.line,A line of blue shimmering light appears.,low,False,False,False,False,use-obj.c:1457
wand.wonder,Oops.  Wand of wonder activated.,medium,False,False,False,False,use-obj.c:1581
item.use.fail,You failed to use the rod properly.,high,False,False,False,False,use-obj.c:1699
item.use.empty,The rod is still charging.,high,False,False,False,False,use-obj.c:1713
item.use.empty,The rods are all still charging.,high,False,False,False,False,use-obj.c:1715
light.line,A line of blue shimmering light appears.,low,False,False,False,False,use-obj.c:1837
item.use.empty,"It whines, glows and fades...",high,True,False,False,False,use-obj.c:1957
item.activate.start,You activate it...,medium,False,False,False,False,use-obj.c:1962
item.activate.illumination,The <item> wells with clear light...,low,False,False,False,False,use-obj.c:1977
item.activate.magic_map,The <item> shines brightly...,low,False,False,False,False,use-obj.c:1984
item.activate.clairvoyance,The <item> glows a deep green...,low,False,False,False,False,use-obj.c:1991
item.activate.buff,The <item> lets out a shrill wail...,medium,False,False,False,False,use-obj.c:2000
item.activate.disp_evil,The <item> floods the area with goodness...,low,False,False,False,False,use-obj.c:2008
item.activate.haste,The <item> glows brightly...,medium,False,False,False,False,use-obj.c:2015
item.activate.fire3,The <item> glows deep red...,low,False,False,False,False,use-obj.c:2029
item.activate.frost5,The <item> glows bright white...,low,False,False,False,False,use-obj.c:2037
item.activate.elec2,The <item> glows deep blue...,low,False,False,False,False,use-obj.c:2045
item.activate.bizzare,The <item> glows intensely black...,low,False,False,False,False,use-obj.c:2053
item.activate.star_ball,Your <item> is surrounded by lightning...,low,False,False,False,False,use-obj.c:2062
item.activate.buff,Your <item> glows many colours...,medium,False,False,False,False,use-obj.c:2069
item.activate.heal,Your <item> glows a bright white...,medium,False,False,False,False,use-obj.c:2084
item.activate.heal,You feel much better...,medium,False,False,False,False,use-obj.c:2085
escape.phase,Your <item> twists space around you...,high,False,False,False,False,use-obj.c:2093
item.activate.banish,Your <item> glows deep blue...,low,False,False,False,False,use-obj.c:2100
item.activate.trap_door_dest,Your <item> glows bright red...,low,False,False,False,False,use-obj.c:2107
item.activate.detect,Your <item> glows bright white...,low,False,False,False,False,use-obj.c:2114
item.activate.detect,An image forms in your mind...,low,False,False,False,False,use-obj.c:2115
item.activate.heal,Your <item> glows deep blue...,medium,False,False,False,False,use-obj.c:2122
item.activate.heal,You feel a warm tingling inside...,medium,False,False,False,False,use-obj.c:2123
item.activate.buff,Your <item> glows many colours...,medium,False,False,False,False,use-obj.c:2131
item.activate.sleep,Your <item> glows deep blue...,low,False,False,False,False,use-obj.c:2142
item.activate.recharge1,Your <item> glows bright yellow...,low,False,False,False,False,use-obj.c:2149
escape.teleport,Your <item> twists space around you...,high,False,False,False,False,use-obj.c:2156
item.activate.restore,Your <item> glows a deep red...,medium,False,False,False,False,use-obj.c:2163
item.activate.missile,Your <item> glows extremely brightly...,low,False,False,False,False,use-obj.c:2170
item.activate.fire1,Your <item> is covered in fire...,low,False,False,False,False,use-obj.c:2178
item.activate.frost1,Your <item> is covered in frost...,low,False,False,False,False,use-obj.c:2186
item.activate.lightning_bolt,Your <item> is covered in sparks...,low,False,False,False,False,use-obj.c:2194
item.activate.acid1,Your <item> is covered in acid...,low,False,False,False,True,use-obj.c:2202
item.activate.arrow,Your <item> grows magical spikes...,low,False,False,False,False,use-obj.c:2210
item.activate.haste,Your <item> glows bright green...,medium,False,False,False,False,use-obj.c:2218
item.activate.cure,Your <item> glows deep blue...,medium,False,False,False,False,use-obj.c:2232
item.activate.stinking_cloud,Your <item> throbs deep green...,low,False,False,False,False,use-obj.c:2240
item.activate.frost2,Your <item> is covered in frost...,low,False,False,False,False,use-obj.c:2248
item.activate.frost4,Your <item> glows a pale blue...,low,False,False,False,False,use-obj.c:2256
item.activate.frost3,Your <item> glows a intense blue...,low,False,False,False,False,use-obj.c:2264
item.activate.fire2,Your <item> rages in fire...,low,False,False,False,False,use-obj.c:2272
item.activate.drain_life2,Your <item> glows black...,low,False,False,False,False,use-obj.c:2280
item.activate.stone_to_mud,Your <item> pulsates...,low,False,False,False,False,use-obj.c:2288
item.activate.banish,"Your <item> lets out a long, shrill note...",low,False,False,False,False,use-obj.c:2296
item.activate.heal,Your <item> radiates deep purple...,medium,False,False,False,False,use-obj.c:2303
item.activate.tele_away,Your <item> glows deep red...,low,False,False,False,False,use-obj.c:2311
escape.recall_start,Your <item> glows soft white...,high,False,False,False,False,use-obj.c:2319
item.activate.confuse,Your <item> glows in scintillating colours...,low,False,False,False,False,use-obj.c:2326
item.activate.identify,Your <item> glows yellow...,low,False,False,False,False,use-obj.c:2334
item.activate.probe,Your <item> glows brightly...,low,False,False,False,False,use-obj.c:2341
item.activate.drain_life1,Your <item> glows white...,low,False,False,False,False,use-obj.c:2348
item.activate.firebrand,Your <item> glows deep red...,low,False,False,False,False,use-obj.c:2356
item.activate.starlight,Your <item> glows with the light of a thousand stars...,low,False,False,False,False,use-obj.c:2363
item.activate.mana_bolt,Your <item> glows white...,low,False,False,False,False,use-obj.c:2370
item.activate.buff,Your <item> glows in anger...,medium,False,False,False,False,use-obj.c:2378
item.activate.cloak,Your cloak flashes many colors...,low,False,False,False,False,use-obj.c:2400
item.activate.breathe,You breathe lightning.,low,False,False,False,False,use-obj.c:2432
item.activate.breathe,You breathe frost.,low,False,False,False,False,use-obj.c:2441
item.activate.breathe,You breathe acid.,low,False,False,False,True,use-obj.c:2450
item.activate.breathe,You breathe poison gas.,low,False,False,False,True,use-obj.c:2459
item.activate.breathe,You breathe fire.,low,False,False,False,False,use-obj.c:2468
item.activate.breathe,You breathe lightning.,low,False,False,False,False,use-obj.c:2481
item.activate.breathe,You breathe frost.,low,False,False,False,False,use-obj.c:2481
item.activate.breathe,You breathe acid.,low,False,False,False,True,use-obj.c:2481
item.activate.breathe,You breathe poison gas.,low,False,False,False,True,use-obj.c:2481
item.activate.breathe,You breathe fire.,low,False,False,False,False,use-obj.c:2481
item.activate.breathe,You breathe confusion.,low,False,False,False,False,use-obj.c:2498
item.activate.breathe,You breathe sound.,low,False,False,False,False,use-obj.c:2507
item.activate.breathe,You breathe chaos.,low,False,False,False,False,use-obj.c:2517
item.activate.breathe,You breathe disenchantment.,low,False,False,False,False,use-obj.c:2517
item.activate.breathe,You breathe sound.,low,False,False,False,False,use-obj.c:2529
item.activate.breathe,You breathe shards.,low,False,False,False,False,use-obj.c:2529
item.activate.breathe,You breathe chaos.,low,False,False,False,False,use-obj.c:2540
item.activate.breathe,You breathe disenchantment.,low,False,False,False,False,use-obj.c:2540
item.activate.breathe,You breathe sound.,low,False,False,False,False,use-obj.c:2540
item.activate.breathe,You breathe shards.,low,False,False,False,False,use-obj.c:2540
item.activate.breathe,You breathe light.,low,False,False,False,False,use-obj.c:2556
item.activate.breathe,You breathe darkness.,low,False,False,False,False,use-obj.c:2556
item.activate.breathe,You breathe the elements.,low,False,False,False,False,use-obj.c:2566
item.activate.amulet_moon,Your amulet glows a deep blue...,low,False,False,False,False,use-obj.c:2580
item.use.cant_activate,Oops.  That object cannot be activated.,medium,False,False,False,False,use-obj.c:2641
spell.wonder,You feel a surge of power!,low,False,False,False,False,x-spell.c:1101
light.line,A line of blue shimmering light appears.,low,False,False,False,False,x-spell.c:1281
spell.banish_evil,The power of your god banishes evil!,low,False,False,False,False,x-spell.c:2026
spell.cant.project,You cannot project that spell on other players.,low,False,False,False,False,x-spell.c:2124
heal.hp,You feel a little better.,high,False,False,False,False,(outside M3 files):
heal.hp,You feel better.,high,False,False,False,False,(outside M3 files):
heal.hp,You feel much better.,high,False,False,False,False,(outside M3 files):
heal.hp,You feel very good.,high,False,False,False,False,(outside M3 files):
status.blind.on,You are blind!,high,False,False,False,False,(outside M3 files):
status.blind.off,You can see again.,high,False,False,False,False,(outside M3 files):
status.confused.on,You are confused!,high,False,False,False,False,(outside M3 files):
status.confused.off,You feel less confused now.,high,False,False,False,False,(outside M3 files):
status.poisoned.on,You are poisoned!,high,False,False,False,True,(outside M3 files):
status.poisoned.off,You are no longer poisoned.,high,False,False,False,True,(outside M3 files):
status.afraid.on,You are terrified!,high,False,False,False,False,(outside M3 files):
status.afraid.off,You feel bolder now.,high,False,False,False,False,(outside M3 files):
status.hero.on,You feel like a hero!,high,False,False,False,False,(outside M3 files):
status.hero.off,The heroism wears off.,high,False,False,False,False,(outside M3 files):
status.berserk.on,You feel like a killing machine!,high,False,False,False,False,(outside M3 files):
status.berserk.off,You feel less Berserk.,high,False,False,False,False,(outside M3 files):
status.stun.off,You are no longer stunned.,high,False,False,False,False,(outside M3 files):
status.cut.off,You are no longer bleeding.,high,False,False,False,True,(outside M3 files):
escape.teleport_level,You sink through the floor.,high,False,False,False,False,(outside M3 files):
escape.teleport_level,You rise up through the ceiling.,high,False,False,False,False,(outside M3 files):
escape.teleport_level,A gust of wind blows you north.,high,False,False,False,False,(outside M3 files):
item.use.nothing_happens,Nothing happens.,high,False,False,False,False,(outside M3 files):
escape.recall_start,The air about you becomes charged...,high,False,False,False,False,(outside M3 files):
escape.recall_cancel,A tension leaves the air around you...,high,False,False,False,False,(outside M3 files):
escape.recall_activate,You feel yourself yanked upwards!,high,False,False,False,False,(outside M3 files):
escape.recall_activate,You feel yourself yanked downwards!,high,False,False,False,False,(outside M3 files):
escape.recall_activate,You feel yourself yanked sideways!,high,False,False,False,False,(outside M3 files):
player.hit_crit,It was a good hit!,low,True,False,False,False,cmd1.c:94
player.hit_crit,It was a great hit!,low,True,False,False,False,cmd1.c:99
player.hit_crit,It was a superb hit!,low,True,False,False,False,cmd1.c:104
player.hit_crit,It was a good hit!,low,True,False,False,False,cmd1.c:133
player.hit_crit,It was a great hit!,low,True,False,False,False,cmd1.c:139
player.hit_crit,It was a superb hit!,low,True,False,False,False,cmd1.c:145
player.hit_crit,It was a *GREAT* hit!,low,True,False,False,False,cmd1.c:151
player.hit_crit,It was a *SUPERB* hit!,low,True,False,False,False,cmd1.c:157
trap.found,You have found a trap.,medium,False,False,False,True,cmd1.c:546
door.found_secret,You have found a secret door.,low,False,False,False,False,cmd1.c:556
trap.found_chest,You have discovered a trap on the chest!,low,False,False,False,True,cmd1.c:575
pickup.gold,You have found <n> gold piece(s) worth of <item>.,medium,False,False,False,False,cmd1.c:697
pickup.see,You see <item>.,medium,False,False,False,False,cmd1.c:732
inventory.full,You have no room for <item>.,high,False,False,False,False,cmd1.c:738
store.floor_buy_fail,Item owner must be nearby!,low,False,False,False,False,cmd1.c:778
store.floor_buy_fail,You do not have enough gold.,low,False,False,False,False,cmd1.c:784
store.floor_buy_ok,You bought <item> for <n> gold.,low,False,False,False,False,cmd1.c:799
pickup,You have <item> (<slot>).,high,False,False,False,False,cmd1.c:842
trap.trapdoor_ignored,You feel quite certain something really awfull just happened..,medium,False,False,False,False,cmd1.c:920
level.change.trapdoor,You fell through a trap door!,high,False,False,False,True,cmd1.c:924
level.change.trapdoor,You float gently down to the next level.,medium,False,False,False,False,cmd1.c:927
trap.pit,You fell into a pit!,medium,False,False,False,True,cmd1.c:962
trap.pit,You float gently to the bottom of the pit.,low,False,False,False,True,cmd1.c:965
trap.pit_spiked,You fall into a spiked pit!,medium,False,False,False,True,cmd1.c:977
trap.pit_spiked,You float gently to the floor of the pit.,low,False,False,False,True,cmd1.c:981
trap.pit_spiked,You carefully avoid touching the spikes.,low,False,False,False,False,cmd1.c:982
status.cut.on,You are impaled!,medium,False,False,False,True,cmd1.c:993
trap.pit_spiked,You fall into a spiked pit!,medium,False,False,False,True,cmd1.c:1007
trap.pit_spiked,You float gently to the floor of the pit.,low,False,False,False,True,cmd1.c:1011
trap.pit_spiked,You carefully avoid touching the spikes.,low,False,False,False,False,cmd1.c:1012
status.poisoned.on,You are impaled on poisonous spikes!,medium,False,False,False,True,cmd1.c:1023
resist.poison,The poison does not affect you!,medium,False,False,False,True,cmd1.c:1030
summon,You are enveloped in a cloud of smoke!,high,False,False,False,False,cmd1.c:1049
escape.teleport,You hit a teleport trap!,high,False,False,False,True,cmd1.c:1065
damage.element.fire,You are enveloped in flames!,high,False,False,False,False,cmd1.c:1072
damage.element.acid,You are splashed with acid!,high,False,False,False,True,cmd1.c:1080
trap.dart.slow,A small dart hits you!,high,False,False,True,True,cmd1.c:1090
trap.dart.miss,A small dart barely misses you.,low,False,False,True,True,cmd1.c:1097
trap.dart.drain_str,A small dart hits you!,high,False,False,True,True,cmd1.c:1106
trap.dart.miss,A small dart barely misses you.,low,False,False,True,True,cmd1.c:1113
trap.dart.drain_dex,A small dart hits you!,high,False,False,True,True,cmd1.c:1122
trap.dart.miss,A small dart barely misses you.,low,False,False,True,True,cmd1.c:1129
trap.dart.drain_con,A small dart hits you!,high,False,False,True,True,cmd1.c:1138
trap.dart.miss,A small dart barely misses you.,low,False,False,True,True,cmd1.c:1145
trap.gas.blind,A black gas surrounds you!,high,False,False,False,False,cmd1.c:1152
trap.gas.confuse,A gas of scintillating colors surrounds you!,high,False,False,False,False,cmd1.c:1162
trap.gas.poison,A pungent green gas surrounds you!,medium,False,False,False,False,cmd1.c:1172
trap.gas.paralyze,A strange white mist surrounds you!,high,False,False,False,False,cmd1.c:1182
attack.refused.afraid,You are too afraid to attack <mon>!,high,False,False,False,False,cmd1.c:1233
player.hit_monster,You hit <mon>.,low,False,False,False,False,cmd1.c:1262
status.confusing_hands.off,Your hands stop glowing.,low,False,False,False,False,cmd1.c:1303
player.attack.unaffected,<mon> is unaffected.,low,True,False,False,False,cmd1.c:1308
player.attack.unaffected,<mon> is unaffected.,low,True,False,False,False,cmd1.c:1312
player.attack.confused_target,<mon> appears confused.,low,True,False,False,False,cmd1.c:1316
player.attack.afraid_target,<mon> appears afraid.,low,True,False,False,False,cmd1.c:1328
player.miss,You miss <mon>.,low,False,False,False,False,cmd1.c:1341
attack.refused.afraid,You are too afraid to attack <mon>!,high,False,False,False,False,cmd1.c:1402
player.hit_monster,You hit <mon>.,medium,False,False,False,False,cmd1.c:1445
player.hit_monster.backstab,"You cruelly stab the helpless, sleeping <mon>!",low,False,False,False,False,cmd1.c:1447
player.hit_monster.backstab,You backstab the fleeing <mon>!,low,False,False,False,False,cmd1.c:1449
system.dm_damage,You do <n> (out of <n2>) damage.,none,False,False,False,False,cmd1.c:1489
status.confusing_hands.off,Your hands stop glowing.,low,False,False,False,False,cmd1.c:1502
player.attack.unaffected,<mon> is unaffected.,low,True,False,False,False,cmd1.c:1508
player.attack.unaffected,<mon> is unaffected.,low,True,False,False,False,cmd1.c:1512
player.attack.confused_target,<mon> appears confused.,low,True,False,False,False,cmd1.c:1516
player.attack.afraid_target,<mon> appears afraid.,low,True,False,False,False,cmd1.c:1528
player.miss,You miss <mon>.,medium,False,False,False,False,cmd1.c:1544
monster.flee,<mon> flees in terror!,medium,True,False,False,False,cmd1.c:1556
move.blocked.town_edge,You don't feel like going to pick flowers right now.,medium,False,False,False,False,cmd1.c:1645
move.blocked.town_edge,Where do you think you are going?,medium,False,False,False,False,cmd1.c:1646
move.blocked.town_edge,Morgoth the potato farmer? - get real!,medium,False,False,False,False,cmd1.c:1647
move.blocked.town_edge,Morgoth awaits you in the depths not in the fields.,medium,False,False,False,False,cmd1.c:1648
move.blocked.town_edge,Something draws your attention back to the stairs.,medium,True,False,False,False,cmd1.c:1649
move.blocked.town_edge,There is a wall blocking your way.,medium,False,False,False,False,cmd1.c:1652
move.town_leave_warn,Really enter the wilderness? The dungeon entrance is in the town!,low,False,False,False,False,cmd1.c:1658
move.blocked.world_edge,You have reached the Walls of the World. You can not pass.,low,False,False,False,False,cmd1.c:1691
move.blocked.world_edge,You cannot go beyond the Walls of the World.,low,False,False,False,False,cmd1.c:1692
move.swap,You switch places with <mon>.,low,False,False,False,False,cmd1.c:1786
move.bump_player,You bump into <mon>.,medium,False,False,False,False,cmd1.c:1822
move.blocked.ghost_arena,The wall blocks your movement.,low,False,False,False,False,cmd1.c:1864
move.blocked.rubble,You feel some rubble blocking your way.,high,False,False,False,False,cmd1.c:1883
move.blocked.door,You feel a closed door blocking your way.,high,False,False,False,False,cmd1.c:1893
move.blocked.tree,You feel a tree blocking your way.,medium,False,False,False,False,cmd1.c:1902
move.blocked.wall,You feel a wall blocking your way.,high,False,False,False,False,cmd1.c:1911
move.blocked.rubble,There is rubble blocking your way.,high,False,False,False,False,cmd1.c:1924
move.blocked.door,There is a closed door blocking your way.,high,False,False,False,False,cmd1.c:1932
move.blocked.tree,There is a tree blocking your way.,medium,False,False,False,False,cmd1.c:1939
move.blocked.wall,There is a wall blocking your way.,high,False,False,False,False,cmd1.c:1946
move.blocked.ghost_wall,The wall blocks your movement.,low,False,False,False,False,cmd1.c:1956
trap.found_walk,You found a trap!,high,False,False,False,True,cmd1.c:2061
escape.stairs.refused,I see no up staircase here.,high,False,False,False,False,cmd2.c:39
escape.stairs.refused,There is nothing above you.,high,False,False,False,False,cmd2.c:46
escape.stairs.refused,Morgoth awaits you in the darkness below.,high,False,False,False,False,cmd2.c:58
level.change.stairs_up,You enter a maze of up staircases.,high,False,False,False,False,cmd2.c:82
level.change.ghost_up,You float upwards.,low,False,False,False,False,cmd2.c:88
escape.stairs.refused,I see no down staircase here.,high,False,False,False,False,cmd2.c:130
escape.stairs.refused,You seem unable to go down.  Try going up.,low,False,False,False,False,cmd2.c:137
escape.stairs.refused,"An unvanquished adversary pulls you back, you can descend no further.",high,False,False,False,False,cmd2.c:148
escape.stairs.refused,There is nothing below you.,low,False,False,False,False,cmd2.c:155
escape.stairs.refused,You are at the bottom of the dungeon.,low,False,False,False,False,cmd2.c:162
level.change.stairs_down,You enter a maze of down staircases.,high,False,False,False,False,cmd2.c:186
level.change.ghost_down,You float downwards.,low,False,False,False,False,cmd2.c:192
trap.chest.needle_str,A small needle has pricked you!,high,False,False,False,False,cmd2.c:386
trap.chest.needle_con,A small needle has pricked you!,high,False,False,False,False,cmd2.c:394
trap.chest.poison_gas,A puff of green gas surrounds you!,medium,False,False,False,False,cmd2.c:402
trap.chest.paralyze_gas,A puff of yellow gas surrounds you!,high,False,False,False,False,cmd2.c:412
summon,You are enveloped in a cloud of smoke!,high,False,False,False,False,cmd2.c:423
trap.chest.explode,There is a sudden explosion!,high,False,False,False,False,cmd2.c:434
trap.chest.explode,Everything inside the chest is destroyed!,medium,False,False,False,False,cmd2.c:435
house.refused,You do not own this house,low,False,False,False,False,cmd2.c:633
house.door_created,You create a door for your house!,low,False,False,False,False,cmd2.c:646
house.refused,There is no house foundation here.,low,False,False,False,False,cmd2.c:695
house.refused,The foundation is too small.,low,False,False,False,False,cmd2.c:791
house.refused,The surrounding magic is too strong for House Creation.,low,False,False,False,False,cmd2.c:815
house.expelled,You have been expelled from the house.,low,False,False,False,False,cmd2.c:916
door.lockpick_ok,You have picked the lock.,medium,False,False,False,False,cmd2.c:984
door.lockpick_fail,You failed to pick the lock.,medium,False,False,False,False,cmd2.c:996
chest.disarm_refused,I don't see any traps.,low,False,False,False,True,cmd2.c:1047
chest.disarm_refused,The chest is not trapped.,low,False,False,False,True,cmd2.c:1053
chest.disarm_refused,The chest is not trapped.,low,False,False,False,True,cmd2.c:1059
chest.disarm_ok,You have disarmed the chest.,low,False,False,False,False,cmd2.c:1065
chest.disarm_fail,You failed to disarm the chest.,low,False,False,False,False,cmd2.c:1077
chest.disarm_setoff,You set off a trap!,medium,False,False,False,True,cmd2.c:1083
door.refused.ghost,You cannot open things!,low,False,False,False,False,cmd2.c:1141
door.refused.unknown,You see nothing there.,medium,False,False,False,False,cmd2.c:1153
door.refused.nothing_to_open,You see nothing there to open.,high,False,False,False,False,cmd2.c:1169
house.price,This house costs <n> gold.,low,False,False,False,False,cmd2.c:1276
door.stuck,The door appears to be stuck.,high,False,False,False,False,cmd2.c:1292
door.lockpick_ok,You have picked the lock.,medium,False,False,False,False,cmd2.c:1318
door.lockpick_fail,You failed to pick the lock.,medium,False,False,False,False,cmd2.c:1335
move.refused.monster_in_way,There is a monster in the way!,high,False,False,False,False,cmd2.c:1466
move.refused.player_in_way,There is a player in the way!,low,False,False,False,False,cmd2.c:1479
door.refused.ghost,You cannot close things!,none,False,False,False,False,cmd2.c:1516
door.refused.unknown,You see nothing there.,medium,False,False,False,False,cmd2.c:1528
door.refused.nothing_to_close,You see nothing there to close.,medium,False,False,False,False,cmd2.c:1540
door.refused.broken,The door appears to be broken.,low,False,False,False,False,cmd2.c:1580
move.refused.monster_in_way,There is a monster in the way!,high,False,False,False,False,cmd2.c:1695
move.refused.player_in_way,There is a player in the way!,low,False,False,False,False,cmd2.c:1705
tunnel.refused.ghost,You cannot tunnel!,low,False,False,False,False,cmd2.c:1734
tunnel.refused.unknown,You see nothing there.,medium,False,False,False,False,cmd2.c:1746
tunnel.refused.floor,You see nothing there to tunnel.,medium,False,False,False,False,cmd2.c:1756
tunnel.refused.house,You cannot tunnel through house doors.,low,False,False,False,False,cmd2.c:1767
tunnel.refused.floor,You see nothing there to tunnel through.,none,False,False,False,False,cmd2.c:1777
tunnel.tree_done,You hack your way through the vegetation.,medium,False,False,False,False,cmd2.c:1835
tunnel.progress,You attempt to clear a path.,low,False,False,False,False,cmd2.c:1840
tunnel.tree_done,You hack your way through the vegetation.,medium,False,False,False,False,cmd2.c:1851
tunnel.progress,You attempt to clear a path.,low,False,False,False,False,cmd2.c:1856
tunnel.refused.permanent,This seems to be permanent rock.,medium,False,False,False,False,cmd2.c:1864
tunnel.done,You have finished the tunnel.,medium,False,False,False,False,cmd2.c:1873
tunnel.progress,You tunnel into the granite wall.,low,False,False,False,False,cmd2.c:1880
tunnel.found_treasure,You have found something!,medium,False,False,False,False,cmd2.c:1926
tunnel.done,You have finished the tunnel.,medium,False,False,False,False,cmd2.c:1933
tunnel.progress,You tunnel into the quartz vein.,low,False,False,False,False,cmd2.c:1941
tunnel.progress,You tunnel into the magma vein.,low,False,False,False,False,cmd2.c:1949
tunnel.done,You have removed the rubble.,medium,False,False,False,False,cmd2.c:1961
tunnel.found_treasure,You have found something!,medium,False,False,False,False,cmd2.c:1972
tunnel.progress,You dig in the rubble.,low,False,False,False,False,cmd2.c:1980
tunnel.done,You have finished the tunnel.,medium,False,False,False,False,cmd2.c:1991
tunnel.progress,You tunnel into the granite wall.,low,False,False,False,False,cmd2.c:1998
tunnel.done,You have finished the tunnel.,medium,False,False,False,False,cmd2.c:2012
tunnel.progress,You tunnel into the door.,low,False,False,False,False,cmd2.c:2019
move.refused.monster_in_way,There is a monster in the way!,high,False,False,False,False,cmd2.c:2090
move.refused.player_in_way,There is a player in the way!,low,False,False,False,False,cmd2.c:2100
trap.refused.ghost,You cannot disarm things!,low,False,False,False,False,cmd2.c:2130
trap.refused.unknown,You see nothing there.,medium,False,False,False,False,cmd2.c:2145
trap.refused.no_trap,You see nothing there to disarm.,medium,False,False,False,False,cmd2.c:2156
trap.disarm_ok,You have disarmed the <item>.,medium,False,False,False,False,cmd2.c:2218
trap.disarm_fail,You failed to disarm the <item>.,medium,False,False,False,False,cmd2.c:2249
trap.disarm_setoff,You set off the <item>!,high,False,False,False,False,cmd2.c:2259
move.refused.monster_in_way,There is a monster in the way!,high,False,False,False,False,cmd2.c:2372
move.refused.player_in_way,There is a player in the way!,low,False,False,False,False,cmd2.c:2382
door.refused.ghost,You cannot bash things!,low,False,False,False,False,cmd2.c:2417
door.refused.unknown,You see nothing there.,medium,False,False,False,False,cmd2.c:2429
door.refused.nothing_to_bash,You see nothing there to bash.,medium,False,False,False,False,cmd2.c:2440
door.bash_attempt,You smash into the door!,medium,False,False,False,False,cmd2.c:2476
door.bash_ok,The door crashes open!,medium,False,False,False,False,cmd2.c:2495
door.bash_fail,The door holds firm.,low,False,False,False,False,cmd2.c:2529
status.paralyzed.on,You are off-balance.,high,False,False,False,False,cmd2.c:2539
move.refused.monster_in_way,There is a monster in the way!,high,False,False,False,False,cmd2.c:2618
move.refused.player_in_way,There is a player in the way!,low,False,False,False,False,cmd2.c:2628
command.no_effect,You spin around.,medium,False,False,False,False,cmd2.c:2775
spike.refused.ghost,You cannot spike doors!,low,False,False,False,False,cmd2.c:2842
spike.refused.no_door,You see nothing there to spike.,medium,False,False,False,False,cmd2.c:2862
spike.refused.no_spikes,You have no spikes!,medium,False,False,False,False,cmd2.c:2869
move.refused.monster_in_way,There is a monster in the way!,high,False,False,False,False,cmd2.c:2879
door.spiked,You jam the door with a spike.,low,False,False,False,False,cmd2.c:2892
command.refused.inscription,The item's inscription prevents it.,medium,False,False,False,False,cmd2.c:3061
command.refused.confused,You are too confused!,high,False,False,False,False,cmd2.c:3078
command.refused.run_blocked,You cannot run in that direction.,high,False,False,False,False,cmd2.c:3137
command.refused.confused,You are too confused!,high,False,False,False,False,cmd2.c:3366
command.refused.ghost,You cannot shoot!,low,False,False,False,False,cmd2.c:3486
command.refused.no_launcher,You have nothing to fire with.,high,False,False,False,False,cmd2.c:3496
command.refused.no_ammo_type,You have nothing to fire.,medium,False,False,False,False,cmd2.c:3506
command.refused.bad_ammo,You cannot fire that!,high,False,False,False,False,cmd2.c:3526
command.refused.bad_ammo,You cannot fire that!,medium,False,False,False,False,cmd2.c:3532
attack.ranged.unseen_hit,The <item> finds a mark.,low,False,False,False,False,cmd2.c:3772
player.hit_monster.ranged,The <item> hits <mon>.,low,False,False,False,False,cmd2.c:3781
player.hit_monster.ranged,The <item> finds a mark.,low,False,False,False,False,cmd2.c:3844
player.hit_monster.ranged,The <item> hits <mon>.,medium,False,False,False,False,cmd2.c:3856
system.dm_damage,You do <n> (out of <n2>) damage.,none,False,False,False,False,cmd2.c:3875
monster.flee,<mon> flees in terror!,medium,True,False,False,False,cmd2.c:3903
command.refused.ghost,You cannot throw things!,low,False,False,False,False,cmd2.c:3960
command.refused.nothing,There is nothing there to throw,medium,False,False,False,False,cmd2.c:3976
command.refused.artifact,You can not throw this!,medium,False,False,False,False,cmd2.c:3986
player.hit_monster.ranged,The <item> finds a mark!,low,False,False,False,False,cmd2.c:4203
player.throw.harmless,<mon> shrugs off the <item>.,low,True,False,False,False,cmd2.c:4215
player.hit_monster.ranged,The <item> hits <mon>.,low,False,False,False,False,cmd2.c:4227
player.hit_monster.ranged,The <item> finds a mark.,low,False,False,False,False,cmd2.c:4290
player.hit_monster.ranged,The <item> hits <mon>.,medium,False,False,False,False,cmd2.c:4302
system.dm_damage,You do <n> (out of <n2>) damage.,none,False,False,False,False,cmd2.c:4321
monster.flee,<mon> flees in terror!,medium,True,False,False,False,cmd2.c:4349
house.refused,You cannot buy a house.,none,False,False,False,False,cmd2.c:4393
house.refused,You see nothing to sell there.,none,False,False,False,False,cmd2.c:4408
house.sold,You sell your house for <n> gold.,none,False,False,False,False,cmd2.c:4427
house.refused,You don't own this house.,none,False,False,False,False,cmd2.c:4441
house.refused,You see nothing to buy there.,none,False,False,False,False,cmd2.c:4459
house.reset,The house has been reset.,none,False,False,False,False,cmd2.c:4495
house.refused,That house is already owned.,none,False,False,False,False,cmd2.c:4501
house.refused,You do not have enough money.,none,False,False,False,False,cmd2.c:4517
house.refused,You own too many houses already.,none,False,False,False,False,cmd2.c:4525
item.takeoff,<act> <item> (<slot>).,medium,False,False,False,False,cmd3.c:81
command.refused.artifact_depth,You can not drop this here.,low,False,False,False,False,cmd3.c:127
item.drop,<act> <item> (<slot>).,medium,False,False,False,False,cmd3.c:172
command.refused.ghost,You cannot equip yourself!,low,False,False,False,False,cmd3.c:334
command.refused.nothing_floor,There's nothing on the floor.,low,False,False,False,False,cmd3.c:349
command.refused.cant_wield,You may not wield that item.,medium,False,False,False,False,cmd3.c:362
command.refused.cursed_slot,The <item> you are <use> appears to be cursed.,medium,False,False,False,False,cmd3.c:379
command.refused.pack_full,Your pack is full and you can't drop <item> here.,medium,False,False,False,False,cmd3.c:395
player.death,You are blasted by the Crown's power!,high,False,False,False,False,cmd3.c:420
command.refused.cant_wield,You are far too weak to wield the mighty Grond.,low,False,False,False,False,cmd3.c:428
item.wield,<act> <item> (<slot>).,medium,False,False,False,False,cmd3.c:497
item.cursed_worn,Oops! It feels deathly cold!,medium,False,False,False,False,cmd3.c:504
command.refused.ghost,You cannot do that!,low,False,False,False,False,cmd3.c:548
command.refused.pack_full,Your pack is full and would overflow!,medium,False,False,False,False,cmd3.c:555
command.refused.cursed,"Hmmm, it seems to be cursed.",medium,False,False,False,False,cmd3.c:579
command.refused.ghost,You cannot drop items!,low,False,False,False,False,cmd3.c:607
command.refused.newbie_drop,You are not experienced enough to drop items.,medium,False,False,False,False,cmd3.c:614
command.refused.nothing_floor,There's nothing on the floor.,none,False,False,False,False,cmd3.c:631
command.refused.cursed,"Hmmm, it seems to be cursed.",low,False,False,False,False,cmd3.c:645
command.refused.ghost,You cannot drop items!,low,False,False,False,False,cmd3.c:693
command.refused.newbie_drop,You are not experienced enough to drop gold.,low,False,False,False,False,cmd3.c:700
command.refused.gold,You do not have that much gold.,low,False,False,False,False,cmd3.c:712
gold.drop,You drop <n> piece(s) of gold.,low,False,False,False,False,cmd3.c:734
command.refused.ghost,You cannot destroy items!,low,False,False,False,False,cmd3.c:769
command.refused.nothing_floor,There's nothing on the floor.,low,False,False,False,False,cmd3.c:787
command.refused.artifact,You cannot destroy <item>.,low,False,False,False,False,cmd3.c:832
command.refused.cursed,"Hmm, that seems to be cursed.",low,False,False,False,False,cmd3.c:854
item.destroy,You destroy <item>.,medium,False,False,False,False,cmd3.c:865
command.refused.store_item,"Sorry, this item is exclusive.",none,False,False,False,False,cmd3.c:910
command.refused.nothing_floor,There's nothing on the floor.,low,False,False,False,False,cmd3.c:934
item.examine,Examining <item>...,none,False,False,False,False,cmd3.c:945
command.refused.ghost,You cannot touch items!,none,False,False,False,False,cmd3.c:970
command.refused.nothing_floor,There's nothing on the floor.,none,False,False,False,False,cmd3.c:985
item.inscribe.none,That item had no inscription to remove.,none,False,False,False,False,cmd3.c:997
item.inscribe.removed,Inscription removed.,none,False,False,False,False,cmd3.c:1002
command.refused.ghost,You cannot touch items!,none,False,False,False,False,cmd3.c:1031
command.refused.nothing_floor,There's nothing on the floor.,none,False,False,False,False,cmd3.c:1046
item.inscribe.none,You've entered no inscription.,none,False,False,False,False,cmd3.c:1060
command.refused.unidentified,You must identify this item first,none,False,False,False,False,cmd3.c:1073
command.refused.price,Your price is too high!,none,False,False,False,False,cmd3.c:1083
item.inscribe,Inscribing <item>.,none,False,False,False,False,cmd3.c:1093
command.refused.ghost,You cannot steal things!,low,False,False,False,False,cmd3.c:1127
command.refused.no_target,You see nothing there to steal from.,low,False,False,False,False,cmd3.c:1141
command.refused.hostile,<mon> is on guard against you.,low,True,False,False,False,cmd3.c:1156
inventory.full,You have no room to steal anything.,low,False,False,False,False,cmd3.c:1165
gold.stolen_by_you,You steal <n> gold.,low,False,False,False,False,cmd3.c:1207
item.stolen_by_you,You stole <item>.,low,False,False,False,False,cmd3.c:1255
command.no_effect,You fail to steal anything.,low,False,False,False,False,cmd3.c:1278
command.refused.nothing_floor,There's nothing on the floor.,low,False,False,False,False,cmd3.c:1345
command.refused.bad_fuel,You cannot refill with that!,medium,False,False,False,False,cmd3.c:1353
light.refuel,You fuel your lamp.,high,False,False,False,False,cmd3.c:1368
light.full,Your lamp is full.,medium,False,False,False,False,cmd3.c:1374
command.refused.nothing_floor,There's nothing on the floor.,low,False,False,False,False,cmd3.c:1440
command.refused.bad_fuel,You cannot refill with that!,medium,False,False,False,False,cmd3.c:1448
light.refuel,You combine the torches.,high,False,False,False,False,cmd3.c:1463
light.full,Your torch is fully fueled.,medium,False,False,False,False,cmd3.c:1469
light.refuel,Your torch glows more brightly.,medium,False,False,False,False,cmd3.c:1475
command.refused.ghost,You cannot touch items!,low,False,False,False,False,cmd3.c:1515
command.refused.no_light,You are not wielding a light.,high,False,False,False,False,cmd3.c:1528
command.refused.light_type,Your light cannot be refilled.,medium,False,False,False,False,cmd3.c:1546
system.target,Target Selected.,none,False,False,False,False,cmd3.c:1563
system.target,Target Aborted.,none,False,False,False,False,cmd3.c:1567
system.target,Target Selected.,none,False,False,False,False,cmd3.c:1576
system.target,Target Aborted.,none,False,False,False,False,cmd3.c:1580
system.target,Target Selected.,none,False,False,False,False,cmd3.c:1589
system.locate,"Map sector [<y>,<x>], which is<dir> your sector.  Direction?",low,False,False,False,False,cmd3.c:1754
system.query_symbol,<sym> - <desc>.,low,False,False,False,False,cmd3.c:2068
level.feeling,Looks like a typical town.,medium,False,False,False,False,cmd4.c:205
level.feeling.0,Looks like any other level.,medium,False,False,False,False,cmd4.c:210
level.feeling.1,You feel there is something special about this level.,medium,False,False,False,False,cmd4.c:210
level.feeling.2,You have a superb feeling about this level.,medium,False,False,False,False,cmd4.c:210
level.feeling.3,You have an excellent feeling...,medium,False,False,False,False,cmd4.c:210
level.feeling.4,You have a very good feeling...,medium,False,False,False,False,cmd4.c:210
level.feeling.5,You have a good feeling...,medium,False,False,False,False,cmd4.c:210
level.feeling.6,You feel strangely lucky...,medium,False,False,False,False,cmd4.c:210
level.feeling.7,You feel your luck is turning...,medium,False,False,False,False,cmd4.c:210
level.feeling.8,You like the look of this place...,medium,False,False,False,False,cmd4.c:210
level.feeling.9,This level can't be all bad...,medium,False,False,False,False,cmd4.c:210
level.feeling.10,What a boring place...,medium,False,False,False,False,cmd4.c:210
pseudoid.equipment,You feel the <item> (<slot>) you are <use> <feel>...,low,False,False,False,False,dungeon.c:248
pseudoid.pack,You feel the <item> (<slot>) in your pack <feel>...,low,False,False,False,False,dungeon.c:256
time.dawn,The sun has risen.,low,False,False,False,False,dungeon.c:529
time.dusk,The sun has fallen.,low,False,False,False,False,dungeon.c:560
dead.code,Wizard mode is for debugging and experimenting.,none,False,False,False,False,dungeon.c:647
dead.code,The game will not be scored if you enter wizard mode.,none,False,False,False,False,dungeon.c:648
dead.code,The debug commands are for debugging and experimenting.,none,False,False,False,False,dungeon.c:685
dead.code,The game will not be scored if you use debug commands.,none,False,False,False,False,dungeon.c:686
dead.code,The borg commands are for debugging and experimenting.,none,False,False,False,False,dungeon.c:725
dead.code,The game will not be scored if you use borg commands.,none,False,False,False,False,dungeon.c:726
inventory.overflow,Your pack overflows!,medium,False,False,False,False,dungeon.c:1092
inventory.drop_overflow,You drop <item>.,medium,False,False,False,False,dungeon.c:1098
status.paralyzed.on,You faint from the lack of food.,high,False,False,False,True,dungeon.c:1271
light.out,Your light has gone out!,high,False,False,False,False,dungeon.c:1512
light.low,Your light is growing faint.,medium,False,False,False,True,dungeon.c:1519
escape.recall_activate,You feel yourself yanked upwards!,high,False,False,False,False,dungeon.c:1652
escape.recall_activate,You feel yourself yanked sideways!,high,False,False,False,False,dungeon.c:1665
escape.recall_activate,You feel yourself yanked downwards!,high,False,False,False,False,dungeon.c:1686
status.fruit_bat.off,Your form feels much more familliar.,medium,False,False,False,False,dungeon.c:1993
system.file_error,Cannot open '<name>'.,none,False,False,False,False,files.c:1503
system.file_error,Cannot open '<name>'.,none,False,False,False,False,files.c:1675
system.save,Saving game...,low,False,False,False,False,files.c:2230
system.save,Saving game... done.,low,False,False,False,False,files.c:2244
system.save,Saving game... failed!,low,False,False,False,False,files.c:2250
system.score,Score not registered for wizards.,none,False,False,False,False,files.c:2792
system.score,Score not registered for borgs.,none,False,False,False,False,files.c:2802
system.score,Score not registered for cheaters.,none,False,False,False,False,files.c:2812
system.score,Score not registered due to interruption.,none,False,False,False,False,files.c:2821
system.score,Score not registered due to quitting.,none,False,False,False,False,files.c:2829
system.save,death save failed!,low,False,False,False,False,files.c:3082
dead.code,Destroyed Level,none,False,False,False,False,generate.c:809
dead.code,Monster nest (<x>),none,False,False,False,False,generate.c:1952
dead.code,Monster pit (<x>),none,False,False,False,True,generate.c:2255
dead.code,<monster race name>,none,False,False,False,False,generate.c:2261
dead.code,Lesser Vault,none,False,False,False,False,generate.c:2509
dead.code,Greater Vault,none,False,False,False,False,generate.c:2549
dead.code,Unknown player class flag '<x>'.,none,False,False,False,False,init1.c:1057
dead.code,Unknown player flag '<x>'.,none,False,False,False,False,init1.c:1785
player.join,<name> begins a new game.,low,False,False,False,False,net-server.c:208
player.join,<name> has entered the game.,low,False,False,False,False,net-server.c:212
player.leave,<name> has left the game.,low,False,False,False,False,net-server.c:307
party.error,A party by that name already exists.,none,False,False,False,False,party.c:51
party.error,You already belong to a party!,none,False,False,False,False,party.c:58
party.error,There aren't enough party slots!,none,False,False,False,False,party.c:78
party.error,That player is not currently in the game.,none,False,False,False,False,party.c:126
party.error,That player is hostile towards you.,none,False,False,False,False,party.c:134
party.error,You are hostile to that player.,none,False,False,False,False,party.c:140
party.error,You must be the owner to add someone.,none,False,False,False,False,party.c:148
party.error,That player is already in a party.,none,False,False,False,False,party.c:158
party.join,You've been added to party '<pty>'.,low,False,False,False,False,party.c:171
party.error,That player is not currently in the game.,none,False,False,False,False,party.c:209
party.error,You must be the owner to delete someone.,none,False,False,False,False,party.c:218
party.error,You can only delete party members.,none,False,False,False,False,party.c:228
party.disband,Your party has been disbanded.,low,False,False,False,False,party.c:249
party.leave,You have been removed from your party.,low,False,False,False,False,party.c:271
party.error,You don't belong to a party.,none,False,False,False,False,party.c:292
party.leave,You have been removed from your party.,low,False,False,False,False,party.c:311
party.chat,<msg>,low,False,False,False,False,party.c:331
party.error,You cannot be hostile.,none,False,False,False,False,party.c:565
party.error,You cannot be hostile toward yourself.,none,False,False,False,False,party.c:574
party.error,<name> is in your party!,none,False,False,False,False,party.c:591
pvp.error,You are already hostile toward <name>.,none,False,False,False,False,party.c:603
pvp.hostile_on,You are now hostile toward <name>.,low,False,False,False,False,party.c:620
dead.code,You are already hostile toward party '<pty>'.,none,False,False,False,False,party.c:639
dead.code,You are now hostile toward party '<pty>'.,none,False,False,False,False,party.c:656
pvp.error,<name> is not currently in the game.,none,False,False,False,False,party.c:663
pvp.hostile_off,No longer hostile toward <name>.,low,False,False,False,False,party.c:704
dead.code,No longer hostile toward party '<pty>'.,none,False,False,False,False,party.c:732
pvp.error,You are not hostile toward <name>.,none,False,False,False,False,party.c:745
chat.error,<error text>,none,False,False,False,False,util.c:2408
chat.channel,Listening to channel <ch>,none,False,False,False,False,util.c:2461
chat.channel,Channel changed to <ch>,none,False,False,False,False,util.c:2468
chat.channel,Listening to channel <ch>,none,False,False,False,False,util.c:2484
chat.channel,Unable to join channel <ch>,none,False,False,False,False,util.c:2489
chat.channel,Left channel <ch>,none,False,False,False,False,util.c:2498
chat.error,<error text>,none,False,False,False,False,util.c:2661
chat.say,"You <verb>, ""<msg>""<c>",low,False,False,False,False,util.c:2707
chat.yell,"You yell, ""<msg>""!",low,False,False,False,False,util.c:2729
chat.whisper,[<name>:<sender>] <msg>,low,False,False,False,False,util.c:2746
chat.whisper,[<name>:<sender>] <msg>,low,False,False,False,False,util.c:2749
chat.party,[<pty>:<sender>] <msg>,low,False,False,False,False,util.c:2765
chat.channel,[<sender>] <msg>,low,False,False,False,False,util.c:2785
chat.channel,<msg>,low,False,False,False,False,util.c:2789
action.blocked,You cannot plant seeds!,none,False,False,False,False,wilderness.c:518
action.plant,You have planted some seeds.,none,False,False,False,False,wilderness.c:552
