epoch,depth,hp,hpmax,group,ratio,max_table_danger,monsters
1790384242.1,0,145,145,0,0.0,0,Blubbering idiotx1
1790384242.6,0,145,145,0,0.0,0,Blubbering idiotx1
1790384243.1,0,145,145,0,0.0,0,Blubbering idiotx1
1790384243.6,0,145,145,0,0.0,0,Blubbering idiotx1
1790384244.2,0,145,145,0,0.0,0,Blubbering idiotx1
1790384244.7,0,145,145,0,0.0,0,Blubbering idiotx1
1790384260.3,0,145,145,0,0.0,0,Blubbering idiotx1
1790384266.4,0,145,145,0,0.0,0,Blubbering idiotx1
1790384267.4,0,145,145,0,0.0,0,Blubbering idiotx1
1790384268.0,0,145,145,0,0.0,0,Blubbering idiotx1
1790384367.8,0,145,145,0,0.0,0,Village idiotx1
1790384377.3,0,145,145,0,0.0,0,Filthy street urchinx1
1790384379.2,0,145,145,0,0.0,0,Filthy street urchinx2
1790384379.7,0,145,145,0,0.0,0,Filthy street urchinx1
1790384396.0,1,145,145,0,0.0,0,Filthy street urchinx1
1790384397.0,1,145,145,0,0.0,0,Filthy street urchinx1
1790384401.7,1,145,145,1,0.01,0,Rock lizardx1
1790384409.9,0,145,145,4,0.02,1,Large brown snakex1
1790384411.2,0,145,145,2,0.01,1,White icky thingx1
1790384428.3,0,145,145,1,0.01,0,Rock lizardx1
1790384431.0,0,145,145,0,0.0,2,Grey mushroom patchx1
1790384440.2,0,145,145,0,0.0,2,Grey mushroom patchx1
1790384450.7,0,145,145,5,0.03,1,Small koboldx1
1790384453.4,0,145,145,2,0.01,2,Clear icky thingx1
1790384483.8,0,145,145,1,0.01,3,Jackalx1
1790384485.2,0,145,145,7,0.05,2,White worm massx1; Giant yellow centipedex1
1790384493.1,0,145,145,4,0.03,2,Giant white centipedex1; Floating eyex2
1790384498.4,0,145,145,0,0.0,2,Grey mushroom patchx1
1790384505.1,0,145,145,8,0.06,3,Jackalx8
1790384506.4,0,145,145,1,0.01,2,White worm massx1
1790384518.3,0,145,145,5,0.03,3,Jackalx5
1790384558.7,2,145,145,2,0.01,1,Soldier antx1
1790384562.0,1,145,145,4,0.02,1,Large brown snakex1
1790384566.7,2,145,145,1,0.01,3,Jackalx1
1790384567.3,2,145,145,4,0.02,2,White icky thingx1; Green worm massx1
1790384569.6,2,145,145,5,0.03,2,White icky thingx1; Green worm massx2
1790384570.6,3,145,145,6,0.04,2,White icky thingx1; Green worm massx3
1790384575.6,3,145,145,6,0.04,2,Novice roguex1
1790384584.2,2,145,145,0,0.0,1,Grey moldx1
1790384586.2,3,145,145,16,0.11,3,Cave spiderx2
1790384586.8,3,145,145,0,0.0,2,Floating eyex1
1790384590.6,3,145,145,2,0.01,2,Clear icky thingx1
1790384592.3,4,145,145,4,0.03,0,Metallic red centipedex1
1790384604.2,4,145,145,4,0.03,3,Novice magex1
1790384606.8,4,145,145,10,0.07,1,Small koboldx1; Blue yeekx1
1790384608.1,4,145,145,2,0.01,1,White icky thingx1
1790384613.9,4,145,145,3,0.02,1,Giant green frogx1
1790384615.2,5,145,145,0,0.0,2,Grey mushroom patchx1
1790384617.5,5,145,145,18,0.12,3,Cave lizardx1; Spotted mushroom patchx1; Kobold archerx1; Novice magex1
1790384618.1,4,145,145,4,0.03,2,Scruffy looking hobbitx1
1790384618.8,5,145,145,14,0.1,3,Yellow moldx1; Yellow jellyx1; Novice warriorx1
1790384627.9,6,145,145,14,0.1,3,Novice paladinx1; Rot jellyx1
1790384630.5,5,138,145,9,0.07,2,Kobold archerx1
1790384634.9,6,141,145,9,0.06,2,Kobold archerx1
1790384637.5,6,144,145,12,0.08,1,Large brown snakex1; Green oozex1; White icky thingx1
1790384645.4,6,145,145,0,0.0,2,Disenchanter eyex1
1790384672.0,7,145,145,6,0.04,1,Large grey snakex1
1790384674.0,8,145,145,4,0.03,1,White harpyx1
1790384679.9,7,145,145,0,0.0,2,Shrieker mushroom patchx1
1790384682.5,7,145,145,14,0.1,1,Black harpyx1
1790384687.1,8,145,145,3,0.02,2,Giant white ratx1
1790384693.2,7,145,145,0,0.0,1,Green moldx1
1790384693.8,8,145,145,14,0.1,3,Novice paladinx1
1790384697.8,8,145,145,24,0.17,3,Cave orcx3
1790384701.7,8,145,145,0,0.0,3,Bloodshot eyex1
1790384711.5,9,145,145,12,0.08,3,Novice magex3
1790384712.0,9,145,145,8,0.06,3,Novice magex2
1790384712.2,9,145,145,4,0.03,3,Novice magex1
1790384718.9,9,145,145,0,0.0,1,Rot jellyx1
1790384722.9,9,138,145,1,0.01,2,White worm massx1
1790384728.1,9,142,145,58,0.41,2,Giant red frogx1
1790384728.9,8,142,145,58,0.41,2,Giant red frogx1
1790384730.2,8,143,145,58,0.41,2,Giant red frogx1
1790384731.5,9,144,145,58,0.4,2,Giant red frogx1
1790384732.2,8,144,145,6,0.05,1,Large grey snakex1
1790384733.8,8,145,145,58,0.4,2,Giant red frogx1
1790384735.1,8,145,145,58,0.4,2,Giant red frogx1
1790384736.4,8,145,145,58,0.4,2,Giant red frogx1
1790384737.7,8,145,145,58,0.4,2,Giant red frogx1
1790384739.0,8,145,145,58,0.4,2,Giant red frogx1
1790384740.4,8,145,145,58,0.4,2,Giant red frogx1
1790384741.7,8,145,145,58,0.4,2,Giant red frogx1
1790384743.0,8,145,145,58,0.4,2,Giant red frogx1
1790384744.3,8,145,145,58,0.4,2,Giant red frogx1
1790384745.6,8,145,145,58,0.4,2,Giant red frogx1
1790384746.3,9,145,145,2,0.01,2,Green worm massx1
1790384746.9,9,145,145,58,0.4,2,Giant red frogx1
1790384774.4,8,145,145,10,0.07,1,Rattlesnakex1
1790384777.6,8,145,145,35,0.24,3,Novice priestx7
1790384778.4,8,139,145,30,0.22,3,Novice priestx6
1790384778.8,8,139,145,25,0.18,3,Novice priestx5
1790384779.3,8,139,145,20,0.14,3,Novice priestx4
1790384779.6,8,139,145,15,0.11,3,Novice priestx3
1790384780.2,8,139,145,10,0.07,3,Novice priestx2
1790384780.7,8,139,145,5,0.04,3,Novice priestx1
1790384784.1,9,143,145,2,0.01,2,Giant white mousex1
1790384785.4,9,144,145,0,0.0,1,Blue jellyx1
1790384786.7,9,145,145,40,0.28,3,Hill orcx4
1790384788.0,9,145,145,4,0.03,0,Metallic red centipedex1
1790384795.9,9,145,145,4,0.03,1,White harpyx1
1790384797.2,9,145,145,14,0.1,3,Novice paladinx1
1790384813.0,9,145,145,5,0.03,2,Large yellow snakex1
1790384822.2,9,145,145,10,0.07,2,Green moldx1; Large koboldx1
1790384824.9,9,145,145,110,0.76,3,Hill orcx11
1790384830.2,9,145,145,10,0.07,3,Hill orcx1
1790384834.1,9,145,145,126,0.87,3,Wood spiderx9
1790384835.6,9,145,145,8,0.06,1,Skeleton koboldx1; Metallic green centipedex1
1790384836.9,9,145,145,6,0.04,1,Brown yeekx1
1790384856.7,8,145,145,6,0.04,1,Large grey snakex1
1790384859.9,9,145,145,6,0.04,1,Skeleton koboldx1
1790384863.9,9,145,145,0,0.0,2,Spotted mushroom patchx1
1790384865.2,9,145,145,5,0.03,3,Novice priestx1
1790384866.5,9,145,145,0,0.0,2,Brown moldx1
1790384871.8,9,145,145,6,0.04,1,Skeleton koboldx1
1790384878.4,9,145,145,24,0.17,3,Cave orcx3
1790384887.6,8,145,145,10,0.07,4,"Wormtongue, Agent of Sarumanx1"
1790384985.7,9,145,145,10,0.07,1,Skeleton orcx1
1790384992.3,9,145,145,58,0.4,2,Giant red frogx1
1790384997.6,9,145,145,10,0.07,2,Large koboldx1
1790385009.5,8,142,145,9,0.06,2,Kobold archerx1
1790385011.4,9,144,145,3,0.02,2,Giant white ratx1
1790385018.0,9,145,145,0,0.0,2,Spotted jellyx1
1790385023.2,8,143,145,6,0.04,2,Creeping copper coinsx1
1790385025.5,9,145,145,6,0.04,1,Green oozex1
1790385028.1,9,145,145,3,0.02,2,Giant white ratx1
1790385029.5,8,139,145,6,0.04,1,Skeleton koboldx1
1790385033.9,9,142,145,23,0.16,3,Novice paladinx1; Giant brown batx1
1790385041.8,9,145,145,8,0.06,1,Copperhead snakex1
1790385042.0,9,145,145,20,0.14,1,Copperhead snakex1; Crowx1
1790385049.7,9,145,145,3,0.02,2,Red worm massx1
1790385056.3,9,145,145,32,0.22,2,Manesx4
1790385057.6,9,145,145,4,0.03,1,Zombified koboldx1
1790385058.9,9,145,145,65,0.45,3,Novice priestx13
1790385061.5,9,145,145,12,0.08,2,Dark elfx1
1790385072.1,9,145,145,4,0.03,0,Metallic blue centipedex1
1790385078.6,8,143,145,16,0.11,2,Snagax2
1790385079.5,9,144,145,8,0.06,2,Snagax1
1790385090.0,8,152,152,12,0.08,1,Night lizardx1
1790385091.6,9,152,152,3,0.02,1,Giant green frogx1
1790385098.2,9,152,152,10,0.07,1,Metallic blue centipedex1; Large grey snakex1
1790385107.4,9,152,152,14,0.09,3,Novice warriorx1
1790385116.6,9,152,152,14,0.09,3,Novice warriorx1
1790385117.9,9,152,152,0,0.0,1,Green jellyx1
1790385129.8,9,152,152,0,0.0,2,Spotted mushroom patchx1
1790385131.1,9,152,152,24,0.16,4,Dark elven magex1
1790385133.7,9,152,152,8,0.05,2,Snagax1
1790385135.1,9,152,152,0,0.0,2,Brown moldx1
1790385149.5,9,152,152,20,0.13,2,Nighthawkx1
1790385153.5,9,152,152,6,0.04,1,Giant white centipedex1; White icky thingx1
1790385156.1,9,152,152,16,0.11,3,Cave orcx2
1790385157.4,9,152,152,5,0.03,2,Large yellow snakex1
1790385169.3,8,152,152,56,0.37,3,Cave orcx7
1790385170.6,8,152,152,48,0.32,3,Cave orcx6
1790385171.7,8,152,152,40,0.26,3,Cave orcx5
1790385173.0,8,152,152,32,0.21,3,Cave orcx4
1790385173.7,8,152,152,40,0.26,3,Cave orcx5
1790385174.7,8,152,152,50,0.33,3,Hill orcx1; Cave orcx5
1790385175.0,8,152,152,42,0.28,3,Hill orcx1; Cave orcx4
1790385175.9,8,152,152,34,0.22,3,Hill orcx1; Cave orcx3
1790385176.1,8,152,152,42,0.28,3,Hill orcx1; Cave orcx4
1790385176.7,8,152,152,80,0.53,4,"Lagduf, the Snagax1; Hill orcx1; Cave orcx4"
1790385177.4,8,152,152,72,0.47,4,"Lagduf, the Snagax1; Hill orcx1; Cave orcx3"
1790385178.2,8,152,152,82,0.54,4,"Lagduf, the Snagax1; Hill orcx2; Cave orcx3"
1790385178.9,8,152,152,72,0.47,4,"Lagduf, the Snagax1; Hill orcx1; Cave orcx3"
1790385179.7,8,152,152,80,0.53,4,"Lagduf, the Snagax1; Hill orcx1; Cave orcx4"
1790385180.6,8,152,152,72,0.47,4,"Lagduf, the Snagax1; Hill orcx1; Cave orcx3"
1790385180.9,8,152,152,82,0.54,4,"Lagduf, the Snagax1; Hill orcx2; Cave orcx3"
1790385182.1,8,86,152,74,0.86,4,"Lagduf, the Snagax1; Hill orcx2; Cave orcx2"
1790385183.2,8,86,152,66,0.77,4,"Lagduf, the Snagax1; Hill orcx2; Cave orcx1"
1790385183.2,8,86,152,76,0.88,4,"Lagduf, the Snagax1; Hill orcx3; Cave orcx1"
1790385184.0,8,66,152,86,1.3,4,"Lagduf, the Snagax1; Hill orcx4; Cave orcx1"
1790385185.3,8,65,152,84,1.29,3,Hill orcx6; Cave orcx3
1790385185.3,8,53,152,94,1.77,3,Hill orcx7; Cave orcx3
1790385186.0,8,53,152,104,1.96,3,Hill orcx8; Cave orcx3
1790385187.1,8,40,152,84,2.1,3,Hill orcx6; Cave orcx3
1790385187.3,8,40,152,94,2.35,3,Hill orcx7; Cave orcx3
1790385187.9,8,40,152,104,2.6,3,Hill orcx8; Cave orcx3
1790385189.0,8,38,152,38,1.0,3,Hill orcx3; Cave orcx1
1790385189.1,8,38,152,46,1.21,3,Hill orcx3; Cave orcx2
1790385189.3,8,38,152,56,1.47,3,Hill orcx4; Cave orcx2
1790385189.8,8,31,152,64,2.06,3,Hill orcx4; Cave orcx3
1790385190.5,8,32,152,46,1.44,4,"Lagduf, the Snagax1; Cave orcx1"
1790385193.5,8,34,152,8,0.24,3,Cave orcx1
1790385288.9,0,152,152,0,0.0,0,Filthy street urchinx1
1790385291.7,0,152,152,0,0.0,0,Filthy street urchinx1
1790385292.3,0,152,152,0,0.0,0,Filthy street urchinx1
1790385303.6,0,152,152,10,0.07,3,Mean-looking mercenaryx1
1790385366.6,10,152,152,14,0.09,3,Novice warriorx1
1790385386.4,10,152,152,14,0.09,1,Black harpyx1
1790385465.8,9,152,152,92,0.61,3,Hill orcx6; Snagax4
1790385469.8,10,152,152,5,0.03,1,Grey icky thingx1
1790385479.8,10,152,152,20,0.13,1,Hippogriffx1
1790385500.6,11,151,152,5,0.03,1,Small koboldx1
1790385875.9,12,152,152,12,0.08,1,Zombified orcx1
1790385880.1,12,152,152,12,0.08,1,Zombified orcx1
1790385881.5,12,152,152,12,0.08,1,Zombified orcx1
1790385895.2,12,152,152,48,0.32,4,"Brodda, the Easterlingx1"
1790385913.3,12,164,166,12,0.07,1,Zombified orcx1
1790385954.0,12,166,166,12,0.07,1,Zombified orcx1
1790385969.3,13,166,166,40,0.24,2,Lemurex5
1790385971.4,13,166,166,32,0.19,2,Lemurex4
1790385972.0,13,166,166,24,0.14,2,Lemurex3
1790385972.0,13,166,166,32,0.19,2,Lemurex4
1790385972.3,13,166,166,40,0.24,2,Lemurex5
1790385972.6,13,166,166,32,0.19,2,Lemurex4
1790385972.7,13,166,166,40,0.24,2,Lemurex5
1790385973.8,13,166,166,48,0.29,2,Lemurex6
1790385974.2,13,166,166,40,0.24,2,Lemurex5
1790385974.3,13,166,166,48,0.29,2,Lemurex6
1790385974.4,13,166,166,40,0.24,2,Lemurex5
1790385975.2,13,166,166,48,0.29,2,Lemurex6
1790385975.6,13,166,166,40,0.24,2,Lemurex5
1790385975.8,13,166,166,48,0.29,2,Lemurex6
1790385975.9,13,166,166,40,0.24,2,Lemurex5
1790385976.2,13,166,166,48,0.29,2,Lemurex6
1790385976.4,13,166,166,40,0.24,2,Lemurex5
1790385976.9,13,166,166,48,0.29,2,Lemurex6
1790385977.8,13,166,166,40,0.24,2,Lemurex5
1790385978.1,13,103,166,32,0.31,2,Lemurex4
1790385978.2,13,103,166,40,0.39,2,Lemurex5
1790385978.2,13,103,166,48,0.47,2,Lemurex6
1790385978.9,13,103,166,40,0.39,2,Lemurex5
1790385978.9,13,103,166,48,0.47,2,Lemurex6
1790385979.0,13,103,166,56,0.54,2,Lemurex7
1790385979.3,13,103,166,48,0.47,2,Lemurex6
1790385979.4,13,103,166,56,0.54,2,Lemurex7
1790385979.6,13,103,166,48,0.47,2,Lemurex6
1790385979.7,13,103,166,40,0.39,2,Lemurex5
1790385980.2,13,103,166,48,0.47,2,Lemurex6
1790385980.3,13,103,166,56,0.54,2,Lemurex7
1790385980.4,13,73,166,48,0.66,2,Lemurex6
1790385980.8,13,73,166,40,0.55,2,Lemurex5
1790385981.0,13,72,166,32,0.44,2,Lemurex4
1790385981.2,13,72,166,40,0.56,2,Lemurex5
1790385981.2,13,72,166,48,0.67,2,Lemurex6
1790385981.3,13,72,166,40,0.56,2,Lemurex5
1790385981.4,13,72,166,48,0.67,2,Lemurex6
1790385981.6,13,87,166,56,0.64,2,Lemurex7
1790385981.8,13,87,166,48,0.55,2,Lemurex6
1790385982.0,13,87,166,40,0.46,2,Lemurex5
1790385983.7,13,88,166,8,0.09,2,Lemurex1
1790385984.8,13,88,166,16,0.18,2,Lemurex2
1790385985.0,13,88,166,24,0.27,2,Lemurex3
1790385985.5,13,88,166,32,0.36,2,Lemurex4
1790385985.7,13,88,166,24,0.27,2,Lemurex3
1790385986.0,13,88,166,16,0.18,2,Lemurex2
1790385986.3,13,88,166,24,0.27,2,Lemurex3
1790385987.4,13,88,166,32,0.36,2,Lemurex4
1790385988.0,13,73,166,24,0.33,2,Lemurex3
1790385988.2,13,73,166,32,0.44,2,Lemurex4
1790385988.9,13,65,166,40,0.62,2,Lemurex5
1790385989.5,13,65,166,32,0.49,2,Dark elven warriorx1; Lemurex2
1790385990.3,13,65,166,40,0.62,2,Dark elven warriorx1; Lemurex3
1790385990.4,13,65,166,32,0.49,2,Dark elven warriorx1; Lemurex2
1790385990.6,13,65,166,40,0.62,2,Dark elven warriorx1; Lemurex3
1790385990.8,13,65,166,48,0.74,2,Dark elven warriorx1; Lemurex4
1790385991.0,13,65,166,56,0.86,2,Dark elven warriorx1; Lemurex5
1790385991.5,13,65,166,48,0.74,2,Dark elven warriorx1; Lemurex4
1790385991.9,13,67,166,40,0.6,2,Lemurex5
1790385992.6,13,58,166,48,0.83,2,Lemurex6
1790385992.7,13,58,166,56,0.97,2,Lemurex7
1790385993.5,13,69,166,64,0.93,2,Lemurex8
1790385993.7,13,69,166,31,0.45,2,Brown yeekx1; Kobold archerx1; Snagax2
1790385994.7,13,69,166,41,0.59,2,Brown yeekx1; Kobold archerx1; Rattlesnakex1; Snagax2
1790385995.4,13,69,166,31,0.45,2,Brown yeekx1; Kobold archerx1; Snagax2
1790385995.6,13,69,166,23,0.33,2,Brown yeekx1; Kobold archerx1; Snagax1
1790385995.9,13,69,166,31,0.45,2,Brown yeekx1; Kobold archerx1; Snagax2
1790385996.7,13,55,166,41,0.75,2,Brown yeekx1; Kobold archerx1; Rattlesnakex1; Snagax2
1790385996.9,13,55,166,33,0.6,2,Brown yeekx1; Kobold archerx1; Rattlesnakex1; Snagax1
1790385997.1,13,55,166,27,0.49,2,Kobold archerx1; Rattlesnakex1; Snagax1
1790385997.1,13,55,166,35,0.64,2,Kobold archerx1; Rattlesnakex1; Snagax2
1790385997.1,13,56,166,27,0.48,2,Kobold archerx1; Rattlesnakex1; Snagax1
1790385997.4,13,56,166,35,0.62,2,Kobold archerx1; Rattlesnakex1; Snagax2
1790386002.2,13,90,166,8,0.09,2,Lemurex1
1790386002.6,13,90,166,16,0.18,2,Lemurex2
1790386003.1,13,79,166,24,0.3,2,Lemurex3
1790386003.7,13,80,166,32,0.4,2,Lemurex4
1790386003.8,13,80,166,32,0.4,2,Lemurex4
1790386004.3,13,80,166,40,0.5,2,Lemurex5
1790386004.5,13,80,166,48,0.6,2,Snagax1; Lemurex5
1790386004.6,13,80,166,40,0.5,2,Snagax1; Lemurex4
1790386004.8,13,80,166,16,0.2,2,Snagax2
1790386005.3,13,80,166,25,0.31,2,Kobold archerx1; Snagax2
1790386006.2,13,96,166,17,0.18,2,Kobold archerx1; Snagax1
1790386006.3,13,96,166,25,0.26,2,Kobold archerx1; Snagax1; Lemurex1
1790386006.8,13,96,166,17,0.18,2,Kobold archerx1; Lemurex1
1790386006.8,13,96,166,25,0.26,2,Kobold archerx1; Lemurex2
1790386007.4,13,96,166,33,0.34,2,Kobold archerx1; Lemurex3
1790386007.7,13,96,166,24,0.25,2,Lemurex3
1790386008.0,13,96,166,16,0.17,2,Lemurex2
1790386008.3,13,96,166,24,0.25,2,Lemurex3
1790386008.6,13,96,166,32,0.33,2,Lemurex4
1790386009.5,13,96,166,24,0.25,2,Lemurex3
1790386009.5,13,96,166,32,0.33,2,Lemurex4
1790386010.5,13,82,166,40,0.49,2,Lemurex5
1790386010.8,13,82,166,32,0.39,2,Lemurex4
1790386011.3,13,82,166,40,0.49,2,Lemurex5
1790386016.5,13,74,166,8,0.11,2,Lemurex1
1790386016.6,13,74,166,16,0.22,2,Lemurex2
1790386020.6,13,90,166,8,0.09,2,Lemurex1
1790386020.8,13,90,166,16,0.18,2,Lemurex2
1790386021.9,13,81,166,24,0.3,2,Lemurex3
1790386022.6,13,82,166,32,0.39,2,Lemurex4
1790386024.4,13,98,166,8,0.08,2,Lemurex1
1790386025.1,13,98,166,16,0.16,2,Lemurex2
1790386025.6,13,98,166,24,0.24,2,Lemurex3
1790386026.6,13,98,166,16,0.16,2,Lemurex2
1790386026.8,13,98,166,24,0.24,2,Lemurex3
1790386026.9,13,98,166,16,0.16,2,Lemurex2
1790386027.4,13,88,169,8,0.09,2,Lemurex1
1790386109.3,0,169,169,0,0.0,0,Filthy street urchinx1
1790388692.1,15,182,182,6,0.03,2,Novice roguex1
1790388694.4,15,182,182,8,0.04,1,Skeleton humanx1
1790388700.2,15,179,182,1,0.01,0,Rock lizardx1
1790388701.7,15,180,182,1,0.01,0,Rock lizardx1
1790388788.7,15,182,182,4,0.02,1,Giant black antx1
1790389390.2,15,182,182,12,0.07,2,Wild catx1
1790389395.1,15,182,182,6,0.03,1,Giant gold dragon flyx1
1790389396.6,15,181,182,6,0.03,1,Giant gold dragon flyx1
1790389397.9,15,181,182,6,0.03,2,Spotted jellyx1; Giant gold dragon flyx1
1790389398.5,15,181,182,0,0.0,2,Spotted jellyx1
1790389398.8,15,181,182,6,0.03,2,Spotted jellyx1; Giant gold dragon flyx1
1790389399.2,15,181,182,14,0.08,2,Spotted jellyx1; Giant black lousex2; Giant gold dragon flyx1
1790389399.4,15,164,182,8,0.05,2,Spotted jellyx1; Giant black lousex2
1790389399.4,15,164,182,12,0.07,2,Spotted jellyx1; Giant black lousex3
1790389399.6,15,164,182,8,0.05,2,Spotted jellyx1; Giant black lousex2
1790389399.7,15,164,182,14,0.09,2,Spotted jellyx1; Giant black lousex2; Giant gold dragon flyx1
1790389399.7,15,164,182,18,0.11,2,Spotted jellyx1; Giant black lousex3; Giant gold dragon flyx1
1790389400.0,15,164,182,16,0.1,2,Spotted jellyx1; Giant black lousex4
1790389400.2,15,164,182,16,0.1,1,Giant black lousex4
1790389400.3,15,164,182,22,0.13,1,Giant black lousex4; Giant gold dragon flyx1
1790389400.4,15,164,182,18,0.11,1,Giant black lousex3; Giant gold dragon flyx1
1790389400.5,15,163,182,14,0.09,1,Giant gold dragon flyx1; Giant black lousex2
1790389400.6,15,163,182,8,0.05,1,Giant black lousex2
1790389400.7,15,163,182,4,0.02,1,Giant black lousex1
1790389401.4,15,163,182,12,0.07,1,Giant black lousex3
1790389401.6,15,163,182,8,0.05,1,Giant black lousex2
1790389401.6,15,164,182,12,0.07,1,Giant black lousex3
1790389401.8,15,164,182,8,0.05,1,Giant black lousex2
1790389401.9,15,164,182,4,0.02,1,Giant black lousex1
1790389403.0,15,165,182,4,0.02,1,Giant black lousex1
1790389405.1,15,167,182,4,0.02,1,Giant black lousex1
1790389405.3,15,167,182,8,0.05,1,Giant black lousex2
1790389405.5,15,167,182,4,0.02,1,Giant black lousex1
1790389405.7,15,167,182,8,0.05,1,Giant black lousex2
1790389405.8,15,167,182,12,0.07,1,Giant black lousex3
1790389406.1,15,168,182,8,0.05,1,Giant black lousex2
1790389408.3,15,169,182,4,0.02,1,Giant black lousex1
1790389408.9,15,169,182,4,0.02,1,Giant black lousex1
1790389409.8,15,171,182,4,0.02,1,Giant black lousex1
1790389410.4,15,171,182,8,0.05,1,Giant black lousex2
1790389412.2,15,170,182,12,0.07,1,Giant black lousex3
1790389413.8,15,166,182,16,0.1,1,Giant black lousex4
1790389414.4,15,167,182,20,0.12,1,Giant black lousex5
1790389414.8,15,167,182,16,0.1,1,Giant black lousex4
1790389415.3,15,167,182,20,0.12,1,Giant black lousex5
1790389416.0,15,167,182,16,0.1,1,Giant black lousex4
1790389416.7,15,168,182,20,0.12,1,Giant black lousex5
1790389417.1,15,168,182,16,0.1,1,Giant black lousex4
1790389417.2,15,168,182,12,0.07,1,Giant black lousex3
1790389417.5,15,168,182,16,0.1,1,Giant black lousex4
1790389417.6,15,168,182,20,0.12,1,Giant black lousex5
1790389417.6,15,168,182,24,0.14,1,Giant black lousex6
1790389418.0,15,168,182,20,0.12,1,Giant black lousex5
1790389418.3,15,169,182,24,0.14,1,Giant black lousex6
1790389418.5,15,169,182,20,0.12,1,Giant black lousex5
1790389418.6,15,169,182,24,0.14,1,Giant black lousex6
1790389419.1,15,170,182,28,0.16,1,Giant black lousex7
1790389419.8,15,170,182,4,0.02,1,Giant black lousex1
1790389421.7,15,171,182,8,0.05,1,Giant black lousex2
1790389422.4,15,171,182,4,0.02,1,Giant black lousex1
1790389422.5,15,171,182,8,0.05,1,Giant black lousex2
1790389422.7,15,171,182,12,0.07,1,Giant black lousex3
1790389423.0,15,171,182,4,0.02,1,Giant black lousex1
1790389423.1,15,171,182,8,0.05,1,Giant black lousex2
1790389423.3,15,171,182,12,0.07,1,Giant black lousex3
1790389423.9,15,171,182,8,0.05,1,Giant black lousex2
1790389424.2,15,171,182,12,0.07,1,Giant black lousex3
1790389424.3,15,171,182,16,0.09,1,Giant black lousex4
1790389424.4,15,171,182,8,0.05,1,Giant black lousex2
1790389424.7,15,171,182,12,0.07,1,Giant black lousex3
1790389424.9,15,171,182,16,0.09,1,Giant black lousex4
1790389425.1,15,171,182,16,0.09,2,Disenchanter moldx1; Zombified koboldx1; Giant black lousex3
1790389425.6,15,171,182,20,0.12,2,Disenchanter moldx1; Zombified koboldx1; Giant black lousex4
1790389425.7,15,171,182,8,0.05,2,Disenchanter moldx1; Zombified koboldx1; Giant black lousex1
1790389425.8,15,171,182,12,0.07,2,Disenchanter moldx1; Zombified koboldx1; Giant black lousex2
1790389425.8,15,171,182,16,0.09,2,Disenchanter moldx1; Zombified koboldx1; Giant black lousex3
1790389426.0,15,172,182,12,0.07,2,Disenchanter moldx1; Zombified koboldx1; Giant black lousex2
1790389426.2,15,172,182,8,0.05,2,Disenchanter moldx1; Zombified koboldx1; Giant black lousex1
1790389426.6,15,172,182,4,0.02,2,Disenchanter moldx1; Giant black lousex1
1790389426.7,15,172,182,0,0.0,2,Disenchanter moldx1
1790389426.8,15,172,182,4,0.02,2,Disenchanter moldx1; Giant black lousex1
1790389427.4,15,172,182,8,0.05,2,Disenchanter moldx1; Giant black lousex2
1790389428.1,15,172,182,4,0.02,2,Disenchanter moldx1; Giant black lousex1
1790389428.3,15,174,182,8,0.05,2,Disenchanter moldx1; Giant black lousex2
1790389428.6,15,174,182,4,0.02,2,Disenchanter moldx1; Giant black lousex1
1790389429.0,15,174,182,8,0.05,2,Disenchanter moldx1; Giant black lousex2
1790389429.0,15,174,182,12,0.07,2,Disenchanter moldx1; Giant black lousex3
1790389429.2,15,174,182,12,0.07,1,Giant black lousex3
1790389429.4,15,174,182,8,0.05,1,Giant black lousex2
1790389429.4,15,174,182,4,0.02,1,Giant black lousex1
1790389429.7,15,174,182,8,0.05,1,Giant black lousex2
1790389430.1,15,174,182,36,0.21,1,Black mambax1; Giant black lousex1
1790389430.1,15,174,182,40,0.23,1,Black mambax1; Giant black lousex2
1790389430.4,15,175,182,36,0.21,1,Black mambax1; Giant black lousex1
1790389430.8,15,175,182,40,0.23,1,Black mambax1; Giant black lousex2
1790389430.9,15,175,182,36,0.21,1,Black mambax1; Giant black lousex1
1790389431.6,15,175,182,4,0.02,1,Giant black lousex1
1790389431.7,15,175,182,8,0.05,1,Giant black lousex2
1790389432.1,15,175,182,12,0.07,1,Giant black lousex3
1790389432.2,15,175,182,4,0.02,1,Giant black lousex1
1790389432.2,15,175,182,8,0.05,1,Giant black lousex2
1790389432.6,15,175,182,12,0.07,1,Giant black lousex3
1790389433.0,15,175,182,4,0.02,1,Giant black lousex1
1790389433.2,15,175,182,8,0.05,1,Giant black lousex2
1790389433.7,15,175,182,12,0.07,1,Giant black lousex3
1790389434.0,15,175,182,8,0.05,1,Giant black lousex2
1790389434.8,15,176,182,8,0.05,1,Giant black lousex2
1790389434.8,15,176,182,4,0.02,1,Giant black lousex1
1790389435.1,15,177,182,4,0.02,1,Giant black lousex1
1790389435.4,15,177,182,8,0.05,1,Giant black lousex2
1790389435.8,15,177,182,4,0.02,1,Giant black lousex1
1790389435.8,15,177,182,8,0.05,1,Giant black lousex2
1790389435.8,15,177,182,4,0.02,1,Giant black lousex1
1790389437.6,15,179,182,4,0.02,1,Giant black lousex1
1790389438.0,15,179,182,4,0.02,1,Giant black lousex1
1790389439.2,15,179,182,4,0.02,1,Giant black lousex1
1790389439.4,15,179,182,8,0.04,1,Giant black lousex2
1790389439.7,15,179,182,12,0.07,1,Giant black lousex3
1790389440.5,15,179,182,8,0.04,1,Giant black lousex2
1790389440.7,15,179,182,12,0.07,1,Giant black lousex3
1790389441.4,15,179,182,8,0.04,1,Giant black lousex2
1790389443.1,15,179,182,12,0.07,1,Giant black lousex3
1790389443.3,15,179,182,16,0.09,1,Giant black lousex4
1790389443.4,15,179,182,12,0.07,1,Giant black lousex3
1790389443.6,15,179,182,16,0.09,1,Giant black lousex4
1790389443.7,15,179,182,16,0.09,1,Giant black lousex4
1790389443.9,15,179,182,12,0.07,1,Giant black lousex3
1790389444.3,15,179,182,16,0.09,1,Giant black lousex4
1790389444.9,15,179,182,12,0.07,1,Giant black lousex3
1790389445.2,15,179,182,16,0.09,1,Giant black lousex4
1790389445.2,15,179,182,20,0.11,1,Giant black lousex5
1790389446.2,15,176,182,24,0.14,1,Giant black lousex6
1790389446.9,15,177,182,20,0.11,1,Giant black lousex5
1790389447.0,15,177,182,16,0.09,1,Giant black lousex4
1790389447.0,15,177,182,16,0.09,1,Giant black lousex4
1790389447.0,15,177,182,12,0.07,1,Giant black lousex3
1790389447.1,15,177,182,8,0.05,1,Giant black lousex2
1790389448.9,15,178,182,4,0.02,1,Giant black lousex1
1790389449.4,15,179,182,4,0.02,1,Giant black lousex1
1790389449.5,15,179,182,8,0.04,1,Giant black lousex2
1790389450.0,15,179,182,4,0.02,1,Giant black lousex1
1790389450.2,15,179,182,8,0.04,1,Giant black lousex2
1790389450.6,15,179,182,8,0.04,1,Giant black lousex2
1790389450.7,15,179,182,4,0.02,1,Giant black lousex1
1790389450.9,15,179,182,8,0.04,1,Giant black lousex2
1790389451.3,15,179,182,12,0.07,1,Giant black lousex3
1790389452.0,15,176,182,16,0.09,1,Giant black lousex4
1790389452.6,15,176,182,12,0.07,1,Giant black lousex3
1790389452.7,15,176,182,8,0.05,1,Giant black lousex2
1790389453.1,15,177,182,4,0.02,1,Giant black lousex1
1790389461.4,15,176,182,4,0.02,1,Giant black lousex1
1790389461.6,15,177,182,8,0.05,1,Giant black lousex2
1790389462.0,15,177,182,12,0.07,1,Giant black lousex3
1790389462.2,15,177,182,8,0.05,1,Giant black lousex2
1790389462.7,15,177,182,4,0.02,1,Giant black lousex1
1790389463.1,15,177,182,8,0.05,1,Giant black lousex2
1790389463.1,15,177,182,12,0.07,1,Giant black lousex3
1790389463.4,15,177,182,16,0.09,1,Giant black lousex4
1790389463.6,15,177,182,20,0.11,1,Giant black lousex5
1790389463.7,15,177,182,24,0.14,1,Giant black lousex6
1790389464.0,15,177,182,20,0.11,1,Giant black lousex5
1790389464.2,15,177,182,16,0.09,1,Giant black lousex4
1790389464.4,15,177,182,12,0.07,1,Giant black lousex3
1790389464.5,15,177,182,16,0.09,1,Giant black lousex4
1790389464.6,15,177,182,12,0.07,1,Giant black lousex3
1790389464.7,15,177,182,8,0.05,1,Giant black lousex2
1790389464.7,15,177,182,12,0.07,1,Giant black lousex3
1790389464.7,15,177,182,8,0.05,1,Giant black lousex2
1790389464.9,15,177,182,12,0.07,1,Giant black lousex3
1790389464.9,15,177,182,8,0.05,1,Giant black lousex2
1790389465.0,15,177,182,12,0.07,1,Giant black lousex3
1790389465.1,15,177,182,16,0.09,1,Giant black lousex4
1790389465.1,15,177,182,20,0.11,1,Giant black lousex5
1790389465.6,15,177,182,28,0.16,1,Giant black lousex7
1790389465.6,15,177,182,32,0.18,1,Giant black lousex8
1790389465.8,15,177,182,28,0.16,1,Giant black lousex7
1790389466.1,15,177,182,32,0.18,1,Giant black lousex8
1790389466.2,15,177,182,36,0.2,1,Giant black lousex9
1790389466.4,15,177,182,32,0.18,1,Giant black lousex8
1790389466.5,15,177,182,36,0.2,1,Giant black lousex9
1790389466.6,15,177,182,32,0.18,1,Giant black lousex8
1790389466.7,15,177,182,28,0.16,1,Giant black lousex7
1790389466.9,15,177,182,24,0.14,1,Giant black lousex6
1790389467.0,15,177,182,28,0.16,1,Giant black lousex7
1790389467.1,15,177,182,24,0.14,1,Giant black lousex6
1790389467.4,15,169,182,20,0.12,1,Giant black lousex5
1790389467.5,15,169,182,24,0.14,1,Giant black lousex6
1790389467.6,15,169,182,20,0.12,1,Giant black lousex5
1790389467.7,15,169,182,16,0.09,1,Giant black lousex4
1790389467.9,15,169,182,16,0.09,1,Giant black lousex4
1790389468.1,15,169,182,12,0.07,1,Giant black lousex3
1790389468.2,15,169,182,8,0.05,1,Giant black lousex2
1790389468.3,15,169,182,12,0.07,1,Giant black lousex3
1790389468.4,15,169,182,8,0.05,1,Giant black lousex2
1790389468.7,15,168,182,4,0.02,1,Giant black lousex1
1790389469.0,15,168,182,8,0.05,1,Giant black lousex2
1790389469.1,15,168,182,12,0.07,1,Giant black lousex3
1790389469.1,15,168,182,16,0.1,1,Giant black lousex4
1790389469.2,15,168,182,12,0.07,1,Giant black lousex3
1790389469.4,15,168,182,8,0.05,1,Giant black lousex2
1790389469.4,15,168,182,12,0.07,1,Giant black lousex3
1790389469.9,15,168,182,8,0.05,1,Giant black lousex2
1790389470.0,15,168,182,4,0.02,1,Giant black lousex1
1790389470.4,15,167,182,4,0.02,1,Giant black lousex1
1790389470.6,15,167,182,4,0.02,1,Giant black lousex1
1790389470.7,15,167,182,8,0.05,1,Giant black lousex2
1790389470.7,15,167,182,12,0.07,1,Giant black lousex3
1790389470.7,15,167,182,16,0.1,1,Giant black lousex4
1790389470.9,15,167,182,20,0.12,1,Giant black lousex5
1790389471.0,15,167,182,16,0.1,1,Giant black lousex4
1790389471.2,15,167,182,12,0.07,1,Giant black lousex3
1790389471.2,15,167,182,8,0.05,1,Giant black lousex2
1790389471.3,15,167,182,4,0.02,1,Giant black lousex1
1790389471.3,15,167,182,8,0.05,1,Giant black lousex2
1790389471.4,15,167,182,12,0.07,1,Giant black lousex3
1790389471.6,15,167,182,16,0.1,1,Giant black lousex4
1790389471.6,15,167,182,20,0.12,1,Giant black lousex5
1790389471.7,15,167,182,16,0.1,1,Giant black lousex4
1790389471.9,15,167,182,20,0.12,1,Giant black lousex5
1790389471.9,15,167,182,16,0.1,1,Giant black lousex4
1790389472.0,15,167,182,20,0.12,1,Giant black lousex5
1790389472.1,15,166,182,20,0.12,1,Giant black lousex5
1790389472.3,15,166,182,24,0.14,1,Giant black lousex6
1790389472.5,15,166,182,28,0.17,1,Giant black lousex7
1790389472.6,15,166,182,20,0.12,1,Giant black lousex5
1790389472.6,15,166,182,24,0.14,1,Giant black lousex6
1790389472.7,15,166,182,28,0.17,1,Giant black lousex7
1790389472.8,15,166,182,24,0.14,1,Giant black lousex6
1790389472.9,15,166,182,28,0.17,1,Giant black lousex7
1790389472.9,15,166,182,24,0.14,1,Giant black lousex6
1790389472.9,15,166,182,20,0.12,1,Giant black lousex5
1790389473.1,15,166,182,16,0.1,1,Giant black lousex4
1790389473.1,15,166,182,20,0.12,1,Giant black lousex5
1790389473.2,15,166,182,24,0.14,1,Giant black lousex6
1790389473.2,15,166,182,20,0.12,1,Giant black lousex5
1790389473.3,15,166,182,24,0.14,1,Giant black lousex6
1790389473.3,15,166,182,28,0.17,1,Giant black lousex7
1790389473.4,15,166,182,32,0.19,1,Giant black lousex8
1790389473.5,15,166,182,28,0.17,1,Giant black lousex7
1790389473.6,15,166,182,24,0.14,1,Giant black lousex6
1790389473.9,15,166,182,20,0.12,1,Giant black lousex5
1790389473.9,15,166,182,24,0.14,1,Giant black lousex6
1790389474.0,15,166,182,28,0.17,1,Giant black lousex7
1790389474.1,15,166,182,24,0.14,1,Giant black lousex6
1790389474.1,15,166,182,20,0.12,1,Giant black lousex5
1790389474.2,15,166,182,24,0.14,1,Giant black lousex6
1790389474.2,15,166,182,28,0.17,1,Giant black lousex7
1790389474.2,15,166,182,24,0.14,1,Giant black lousex6
1790389474.3,15,166,182,20,0.12,1,Giant black lousex5
1790389474.4,15,166,182,20,0.12,1,Giant black lousex5
1790389474.4,15,166,182,24,0.14,1,Giant black lousex6
1790389474.5,15,166,182,20,0.12,1,Giant black lousex5
1790389474.5,15,166,182,16,0.1,1,Giant black lousex4
1790389474.6,15,166,182,12,0.07,1,Giant black lousex3
1790389474.7,15,166,182,12,0.07,1,Giant black lousex3
1790389474.7,15,166,182,8,0.05,1,Giant black lousex2
1790389474.8,15,166,182,4,0.02,1,Giant black lousex1
1790389474.9,15,166,182,8,0.05,1,Giant black lousex2
1790389474.9,15,166,182,12,0.07,1,Giant black lousex3
1790389475.0,15,166,182,16,0.1,1,Giant black lousex4
1790389475.1,15,166,182,20,0.12,1,Giant black lousex5
1790389475.2,15,166,182,12,0.07,1,Giant black lousex3
1790389475.5,15,167,182,16,0.1,1,Giant black lousex4
1790389475.7,15,167,182,20,0.12,1,Giant black lousex5
1790389475.9,15,167,182,16,0.1,1,Giant black lousex4
1790389475.9,15,167,182,20,0.12,1,Giant black lousex5
1790389476.0,15,167,182,24,0.14,1,Giant black lousex6
1790389476.0,15,167,182,20,0.12,1,Giant black lousex5
1790389476.2,15,167,182,16,0.1,1,Giant black lousex4
1790389476.5,15,167,182,12,0.07,1,Giant black lousex3
1790389476.6,15,167,182,16,0.1,1,Giant black lousex4
1790389476.7,15,167,182,12,0.07,1,Giant black lousex3
1790389476.9,15,168,182,8,0.05,1,Giant black lousex2
1790389477.5,15,168,182,4,0.02,1,Giant black lousex1
1790389477.6,15,168,182,8,0.05,1,Giant black lousex2
1790389477.9,15,168,182,4,0.02,1,Giant black lousex1
1790389477.9,15,168,182,8,0.05,1,Giant black lousex2
1790389478.2,15,168,182,4,0.02,1,Giant black lousex1
1790389478.5,15,168,182,8,0.05,1,Giant black lousex2
1790389479.1,15,170,182,12,0.07,1,Giant black lousex3
1790389479.2,15,170,182,16,0.09,1,Giant black lousex4
1790389479.5,15,170,182,12,0.07,1,Giant black lousex3
1790389479.7,15,170,182,8,0.05,1,Giant black lousex2
1790389479.9,15,171,182,4,0.02,1,Giant black lousex1
1790389481.0,15,172,182,8,0.05,1,Giant black lousex2
1790389481.2,15,172,182,4,0.02,1,Giant black lousex1
1790389481.4,15,172,182,8,0.05,1,Giant black lousex2
1790389481.4,15,172,182,12,0.07,1,Giant black lousex3
1790389481.7,15,172,182,8,0.05,1,Giant black lousex2
1790389481.8,15,172,182,4,0.02,1,Giant black lousex1
1790389482.0,15,172,182,8,0.05,1,Giant black lousex2
1790389482.1,15,172,182,12,0.07,1,Giant black lousex3
1790389482.5,15,173,182,8,0.05,1,Giant black lousex2
1790389482.7,15,173,182,12,0.07,1,Giant black lousex3
1790389483.0,15,173,182,16,0.09,1,Giant black lousex4
1790389483.0,15,173,182,12,0.07,1,Giant black lousex3
1790389483.2,15,173,182,8,0.05,1,Giant black lousex2
1790389483.3,15,173,182,12,0.07,1,Giant black lousex3
1790389483.4,15,173,182,8,0.05,1,Giant black lousex2
1790389483.7,15,173,182,16,0.09,1,Giant black lousex4
1790389483.9,15,173,182,20,0.12,1,Giant black lousex5
1790389484.0,15,173,182,24,0.14,1,Giant black lousex6
1790389484.0,15,173,182,20,0.12,1,Giant black lousex5
1790389484.2,15,173,182,16,0.09,1,Giant black lousex4
1790389484.4,15,175,182,20,0.11,1,Giant black lousex5
1790389484.6,15,175,182,24,0.14,1,Giant black lousex6
1790389484.6,15,175,182,20,0.11,1,Giant black lousex5
1790389484.8,15,175,182,24,0.14,1,Giant black lousex6
1790389484.9,15,175,182,20,0.11,1,Giant black lousex5
1790389485.1,15,175,182,20,0.11,1,Giant black lousex5
1790389485.2,15,175,182,16,0.09,1,Giant black lousex4
1790389485.4,15,175,182,16,0.09,1,Giant black lousex4
1790389485.4,15,175,182,12,0.07,1,Giant black lousex3
1790389485.6,15,175,182,16,0.09,1,Giant black lousex4
1790389485.7,15,175,182,12,0.07,1,Giant black lousex3
1790389485.7,15,175,182,16,0.09,1,Giant black lousex4
1790389485.8,15,175,182,20,0.11,1,Giant black lousex5
1790389486.2,15,175,182,24,0.14,1,Giant black lousex6
1790389486.4,15,173,182,20,0.12,1,Giant black lousex5
1790389486.6,15,173,182,16,0.09,1,Giant black lousex4
1790389486.7,15,173,182,12,0.07,1,Giant black lousex3
1790389486.8,15,173,182,16,0.09,1,Giant black lousex4
1790389486.9,15,173,182,16,0.09,1,Giant black lousex4
1790389487.2,15,173,182,12,0.07,1,Giant black lousex3
1790389487.4,15,173,182,8,0.05,1,Giant black lousex2
1790389487.7,15,173,182,12,0.07,1,Giant black lousex3
1790389487.7,15,173,182,16,0.09,1,Giant black lousex4
1790389488.0,15,172,182,20,0.12,1,Giant black lousex5
1790389488.1,15,172,182,12,0.07,1,Giant black lousex3
1790389488.3,15,172,182,16,0.09,1,Giant black lousex4
1790389488.3,15,172,182,20,0.12,1,Giant black lousex5
1790389488.5,15,172,182,24,0.14,1,Giant black lousex6
1790389488.6,15,172,182,20,0.12,1,Giant black lousex5
1790389488.7,15,172,182,16,0.09,1,Giant black lousex4
1790389488.8,15,172,182,20,0.12,1,Giant black lousex5
1790389488.9,15,172,182,16,0.09,1,Giant black lousex4
1790389489.1,15,172,182,12,0.07,1,Giant black lousex3
1790389489.2,15,172,182,16,0.09,1,Giant black lousex4
1790389489.3,15,172,182,24,0.14,1,Giant black lousex6
1790389489.3,15,172,182,20,0.12,1,Giant black lousex5
1790389489.3,15,172,182,16,0.09,1,Giant black lousex4
1790389489.5,15,174,182,20,0.11,1,Giant black lousex5
1790389489.6,15,174,182,16,0.09,1,Giant black lousex4
1790389489.9,15,174,182,16,0.09,1,Giant black lousex4
1790389489.9,15,174,182,20,0.11,1,Giant black lousex5
1790389490.0,15,174,182,24,0.14,1,Giant black lousex6
1790389490.0,15,174,182,28,0.16,1,Giant black lousex7
1790389490.1,15,174,182,24,0.14,1,Giant black lousex6
1790389490.3,15,174,182,28,0.16,1,Giant black lousex7
1790389490.4,15,174,182,32,0.18,1,Giant black lousex8
1790389490.6,15,174,182,28,0.16,1,Giant black lousex7
1790389490.6,15,174,182,24,0.14,1,Giant black lousex6
1790389490.6,15,174,182,20,0.11,1,Giant black lousex5
1790389490.8,15,174,182,16,0.09,1,Giant black lousex4
1790389490.8,15,174,182,20,0.11,1,Giant black lousex5
1790389490.9,15,174,182,24,0.14,1,Giant black lousex6
1790389491.0,15,174,182,20,0.11,1,Giant black lousex5
1790389491.0,15,174,182,24,0.14,1,Giant black lousex6
1790389491.1,15,174,182,20,0.11,1,Giant black lousex5
1790389491.1,15,174,182,16,0.09,1,Giant black lousex4
1790389491.4,15,174,182,20,0.11,1,Giant black lousex5
1790389491.4,15,174,182,24,0.14,1,Giant black lousex6
1790389491.5,15,174,182,28,0.16,1,Giant black lousex7
1790389491.6,15,172,182,32,0.19,1,Giant black lousex8
1790389491.8,15,172,182,28,0.16,1,Giant black lousex7
1790389492.0,15,172,182,24,0.14,1,Giant black lousex6
1790389492.0,15,172,182,28,0.16,1,Giant black lousex7
1790389492.1,15,172,182,20,0.12,1,Giant black lousex5
1790389492.3,15,173,182,16,0.09,1,Giant black lousex4
1790389492.3,15,173,182,20,0.12,1,Giant black lousex5
1790389492.4,15,173,182,24,0.14,1,Giant black lousex6
1790389492.4,15,173,182,28,0.16,1,Giant black lousex7
1790389492.4,15,173,182,24,0.14,1,Giant black lousex6
1790389492.5,15,173,182,28,0.16,1,Giant black lousex7
1790389492.6,15,173,182,24,0.14,1,Giant black lousex6
1790389492.7,15,173,182,28,0.16,1,Giant black lousex7
1790389492.8,15,173,182,24,0.14,1,Giant black lousex6
1790389492.8,15,173,182,20,0.12,1,Giant black lousex5
1790389493.0,15,173,182,16,0.09,1,Giant black lousex4
1790389493.1,15,173,182,12,0.07,1,Giant black lousex3
1790389493.1,15,173,182,8,0.05,1,Giant black lousex2
1790389493.2,15,173,182,12,0.07,1,Giant black lousex3
1790389493.3,15,173,182,16,0.09,1,Giant black lousex4
1790389493.5,15,173,182,20,0.12,1,Giant black lousex5
1790389493.7,15,174,182,4,0.02,1,Giant black lousex1
1790389493.8,15,174,182,8,0.05,1,Giant black lousex2
1790389494.2,15,174,182,12,0.07,1,Giant black lousex3
1790389494.3,15,174,182,16,0.09,1,Giant black lousex4
1790389494.3,15,174,182,20,0.11,1,Giant black lousex5
1790389494.4,15,174,182,12,0.07,1,Giant black lousex3
1790389494.7,15,174,182,16,0.09,1,Giant black lousex4
1790389494.9,15,174,182,20,0.11,1,Giant black lousex5
1790389495.1,15,174,182,16,0.09,1,Giant black lousex4
1790389495.1,15,174,182,4,0.02,1,Giant black lousex1
1790389495.5,15,173,182,4,0.02,1,Giant black lousex1
1790389495.7,15,173,182,8,0.05,1,Giant black lousex2
1790389495.8,15,173,182,12,0.07,1,Giant black lousex3
1790389496.4,15,174,182,8,0.05,1,Giant black lousex2
1790389496.4,15,174,182,4,0.02,1,Giant black lousex1
1790389496.9,15,174,182,8,0.05,1,Giant black lousex2
1790389497.1,15,174,182,12,0.07,1,Giant black lousex3
1790389497.2,15,174,182,16,0.09,1,Giant black lousex4
1790389497.6,15,174,182,20,0.11,1,Giant black lousex5
1790389497.6,15,174,182,16,0.09,1,Giant black lousex4
1790389497.7,15,174,182,20,0.11,1,Giant black lousex5
1790389497.9,15,174,182,12,0.07,1,Giant black lousex3
1790389498.0,15,174,182,16,0.09,1,Giant black lousex4
1790389498.2,15,174,182,12,0.07,1,Giant black lousex3
1790389498.3,15,174,182,8,0.05,1,Giant black lousex2
1790389498.6,15,174,182,12,0.07,1,Giant black lousex3
1790389498.7,15,174,182,8,0.05,1,Giant black lousex2
1790389498.8,15,174,182,4,0.02,1,Giant black lousex1
1790389499.1,15,174,182,8,0.05,1,Giant black lousex2
1790389499.3,15,174,182,12,0.07,1,Giant black lousex3
1790389499.4,15,174,182,8,0.05,1,Giant black lousex2
1790389499.5,15,174,182,12,0.07,1,Giant black lousex3
1790389499.7,15,174,182,8,0.05,1,Giant black lousex2
1790389499.8,15,174,182,4,0.02,1,Giant black lousex1
1790389500.0,15,174,182,8,0.05,1,Giant black lousex2
1790389500.4,15,174,182,4,0.02,1,Giant black lousex1
1790389500.5,15,174,182,8,0.05,1,Giant black lousex2
1790389500.7,15,174,182,4,0.02,1,Giant black lousex1
1790389500.7,15,174,182,8,0.05,1,Giant black lousex2
1790389500.8,15,174,182,12,0.07,1,Giant black lousex3
1790389501.1,15,174,182,8,0.05,1,Giant black lousex2
1790389501.1,15,174,182,12,0.07,1,Giant black lousex3
1790389501.4,15,174,182,8,0.05,1,Giant black lousex2
1790389501.7,15,174,182,12,0.07,1,Giant black lousex3
1790389502.0,15,174,182,16,0.09,1,Giant black lousex4
1790389502.1,15,174,182,12,0.07,1,Giant black lousex3
1790389502.3,15,174,182,8,0.05,1,Giant black lousex2
1790389502.3,15,174,182,12,0.07,1,Giant black lousex3
1790389502.4,15,174,182,16,0.09,1,Giant black lousex4
1790389502.6,15,174,182,12,0.07,1,Giant black lousex3
1790389502.7,15,174,182,16,0.09,1,Giant black lousex4
1790389502.7,15,174,182,12,0.07,1,Giant black lousex3
1790389502.8,15,174,182,8,0.05,1,Giant black lousex2
1790389503.0,15,174,182,4,0.02,1,Giant black lousex1
1790389503.9,15,174,182,4,0.02,1,Giant black lousex1
1790389505.4,15,174,182,4,0.02,1,Giant black lousex1
1790389506.1,15,174,182,8,0.05,1,Giant black lousex2
1790389506.2,15,174,182,4,0.02,1,Giant black lousex1
1790389530.7,0,182,182,0,0.0,0,Blubbering idiotx1
1790389537.0,0,182,182,0,0.0,0,Boil-covered wretchx1
1790389538.0,0,182,182,0,0.0,0,Pitiful-looking beggarx1
1790389538.0,0,182,182,0,0.0,0,Boil-covered wretchx1; Pitiful-looking beggarx1
1790389539.1,0,182,182,0,0.0,0,Pitiful-looking beggarx1
1790389568.9,0,182,182,1,0.01,0,Scruffy little dogx1
1790389569.4,0,182,182,1,0.01,0,Scruffy little dogx1
1790389605.5,15,182,182,0,0.0,1,Green jellyx1
1790389619.0,15,182,182,11,0.06,3,Baby black dragonx1
1790389620.3,15,182,182,11,0.06,3,Baby black dragonx1
1790389621.6,15,182,182,11,0.06,3,Baby black dragonx1
1790389622.3,15,182,182,11,0.06,3,Baby black dragonx1
1790389624.3,15,175,182,11,0.06,3,Baby black dragonx1
1790389639.2,16,181,182,12,0.07,4,Homunculusx1
1790389665.6,15,182,182,36,0.2,3,Novice warriorx2; Cave spiderx1
1790389665.7,15,182,182,50,0.27,3,Novice warriorx3; Cave spiderx1
1790389666.3,15,182,182,36,0.2,3,Novice warriorx2; Cave spiderx1
1790389666.4,15,182,182,22,0.12,3,Novice warriorx1; Cave spiderx1
1790389666.7,15,182,182,36,0.2,3,Novice warriorx2; Cave spiderx1
1790389666.9,15,182,182,22,0.12,3,Novice warriorx1; Cave spiderx1
1790389667.3,15,182,182,8,0.04,3,Cave spiderx1
1790389667.3,15,182,182,22,0.12,3,Novice warriorx1; Cave spiderx1
1790389667.6,15,182,182,36,0.2,3,Novice warriorx2; Cave spiderx1
1790389667.8,16,158,182,22,0.14,3,Novice warriorx1; Cave spiderx1
1790389667.8,16,158,182,30,0.19,3,Novice warriorx1; Cave spiderx2
1790389667.9,16,158,182,22,0.14,3,Novice warriorx1; Cave spiderx1
1790389668.0,16,158,182,36,0.23,3,Novice warriorx2; Cave spiderx1
1790389668.1,16,158,182,50,0.32,3,Novice warriorx3; Cave spiderx1
1790389668.3,16,158,182,36,0.23,3,Novice warriorx2; Cave spiderx1
1790389668.4,16,158,182,28,0.18,3,Novice warriorx2
1790389668.8,15,159,182,14,0.09,3,Novice warriorx1
1790389668.8,15,159,182,14,0.09,3,Novice warriorx1
1790389669.2,15,159,182,28,0.18,3,Novice warriorx2
1790389669.4,16,160,182,4,0.03,1,Giant white antx1
1790389670.1,15,160,182,1,0.01,2,White worm massx1
1790389680.9,16,169,182,72,0.43,3,Half-orcx3
1790389702.9,17,179,182,30,0.17,2,Swordsmanx1
1790389728.8,18,182,182,12,0.07,3,Wolfx1
1790389729.2,18,182,182,12,0.07,3,Wolfx1
1790389729.4,18,182,182,24,0.13,3,Wolfx2
1790389729.7,18,182,182,12,0.07,3,Wolfx1
1790389730.0,18,182,182,12,0.07,3,Wolfx1
1790390043.4,0,182,182,0,0.0,0,"Singing, happy drunkx1"
1790390044.4,0,182,182,0,0.0,0,"Village idiotx1; Singing, happy drunkx1"
1790390044.5,0,182,182,0,0.0,0,"Singing, happy drunkx1"
1790390046.2,0,182,182,0,0.0,0,"Singing, happy drunkx1"
1790390132.3,-25,182,182,8,0.04,1,Copperhead snakex1
1790390240.3,113,182,182,2,0.01,1,Fruit batx1
1790390257.6,37,182,182,12,0.07,2,Wild catx1
1790390283.1,-55,177,182,10,0.06,3,Novice rangerx1
1790390293.4,-107,181,182,16,0.09,2,Wargx1
1790390308.7,93,177,182,32,0.18,3,Pantherx1
1790390315.2,93,182,182,12,0.07,3,Wolfx1
1790390317.0,93,199,202,32,0.16,3,Pantherx1
1790390326.3,93,202,202,12,0.06,3,Wolfx1
1790390326.7,93,202,202,12,0.06,3,Wolfx1
1790390356.2,33,202,202,10,0.05,1,Rattlesnakex1
1790392401.6,18,202,202,5,0.02,1,Grey icky thingx1
1790392402.2,18,202,202,0,0.0,1,Giant black dragon flyx1
1790392402.4,18,202,202,5,0.02,1,Grey icky thingx1; Giant black dragon flyx1
1790392405.1,18,198,202,0,0.0,1,Giant black dragon flyx1
1790392405.4,18,198,202,5,0.03,1,Grey icky thingx1; Giant black dragon flyx1
1790392407.3,18,199,202,5,0.03,1,Grey icky thingx1
1790392407.7,18,200,202,0,0.0,1,Giant black dragon flyx1
1790392407.8,18,200,202,5,0.03,1,Grey icky thingx1; Giant black dragon flyx1
1790392408.8,18,202,202,5,0.02,1,Grey icky thingx1
1790392410.1,18,202,202,5,0.02,1,Grey icky thingx1
1790392413.1,18,202,202,29,0.14,3,Grey icky thingx1; Half-orcx1
1790392413.3,18,202,202,5,0.02,1,Grey icky thingx1
1790392413.8,18,202,202,29,0.14,3,Grey icky thingx1; Half-orcx1
1790392414.5,18,202,202,24,0.12,3,Half-orcx1
1790392415.0,18,202,202,48,0.24,3,Half-orcx2
1790392415.6,18,202,202,72,0.36,3,Half-orcx3
1790392416.2,18,202,202,48,0.24,3,Half-orcx2
1790392416.5,18,202,202,72,0.36,3,Half-orcx3
1790392417.6,18,202,202,48,0.24,3,Half-orcx2
1790392418.5,18,116,202,72,0.62,3,Half-orcx3
1790392419.3,18,116,202,48,0.41,3,Half-orcx2
1790392423.4,18,81,202,24,0.3,3,Half-orcx1
1790392423.4,18,81,202,48,0.59,3,Half-orcx2
1790392429.8,18,83,202,24,0.29,3,Half-orcx1
1790392430.3,18,83,202,48,0.58,3,Half-orcx2
1790392431.6,18,78,202,72,0.92,3,Half-orcx3
1790392432.0,18,78,202,24,0.31,3,Half-orcx1; Giant black dragon flyx1
1790392433.1,18,83,202,24,0.29,3,Half-orcx1
1790392433.3,18,92,202,26,0.28,3,Fruit batx1; Half-orcx1
1790392433.7,18,93,202,50,0.54,3,Fruit batx1; Half-orcx2
1790392434.7,18,94,202,74,0.79,3,Fruit batx1; Half-orcx3
1790392436.2,18,95,202,2,0.02,1,Fruit batx1
1790392437.2,18,96,202,0,0.0,1,Giant black dragon flyx1
1790392438.3,18,97,202,24,0.25,3,Half-orcx1
1790392439.2,18,95,202,24,0.25,3,Half-orcx1
1790392439.4,18,95,202,24,0.25,3,Half-orcx1; Giant black dragon flyx1
1790392441.0,18,96,202,24,0.25,3,Half-orcx1
1790392441.6,19,106,202,48,0.45,3,Half-orcx2
1790392450.1,18,93,202,24,0.26,4,Umber hulkx1
1790392454.3,18,96,202,12,0.12,4,Homunculusx1
1790392503.0,19,202,202,6,0.03,1,Giant yellow centipedex1
1790392515.1,20,196,202,30,0.15,3,Fire houndx1
1790392516.5,20,165,202,30,0.18,3,Fire houndx1
1790392516.9,20,165,202,30,0.18,3,Fire houndx1
1790392517.7,20,165,202,30,0.18,3,Fire houndx1
1790392519.1,20,165,220,30,0.18,3,Fire houndx1
1790392520.0,20,167,220,60,0.36,3,Fire houndx2
1790392520.0,20,167,220,90,0.54,3,Fire houndx3
1790392520.7,20,167,220,120,0.72,3,Fire houndx4
1790392522.1,20,167,220,30,0.18,3,Fire houndx1
1790392524.0,20,157,220,30,0.19,3,Fire houndx1
1790392524.2,20,157,220,60,0.38,3,Fire houndx2
1790392524.9,20,157,220,90,0.57,3,Fire houndx3
1790392525.2,20,157,220,60,0.38,3,Fire houndx2
1790392525.4,20,157,220,90,0.57,3,Fire houndx3
1790392525.6,20,157,220,120,0.76,3,Fire houndx4
1790392525.7,20,157,220,90,0.57,3,Fire houndx3
1790392526.4,20,157,220,60,0.38,3,Fire houndx2
1790392527.0,20,160,220,30,0.19,3,Fire houndx1
1790392533.6,20,161,220,30,0.19,3,Fire houndx1
1790392549.1,20,172,220,240,1.4,2,Stone trollx10
1790392549.1,20,172,220,168,0.98,2,Stone trollx7
1790392549.5,20,172,220,192,1.12,2,Stone trollx8
1790392549.6,20,172,220,216,1.26,2,Stone trollx9
1790392549.7,20,172,220,192,1.12,2,Stone trollx8
1790392549.7,20,172,220,216,1.26,2,Stone trollx9
1790392549.8,20,172,220,72,0.42,2,Stone trollx3
1790392550.2,20,172,220,96,0.56,2,Stone trollx4
1790392550.3,20,172,220,72,0.42,2,Stone trollx3
1790392550.3,20,172,220,96,0.56,2,Stone trollx4
1790392551.3,20,133,230,120,0.9,2,Stone trollx5
1790392551.6,20,133,230,96,0.72,2,Stone trollx4
1790392552.4,20,133,230,120,0.9,2,Stone trollx5
1790392553.1,20,101,230,96,0.95,2,Stone trollx4
1790392553.4,20,101,230,126,1.25,3,Stone trollx4; Gnome magex6
1790392553.5,20,101,230,150,1.49,3,Stone trollx5; Gnome magex6
1790392553.7,20,101,230,126,1.25,3,Stone trollx4; Gnome magex6
1790392553.8,20,101,230,150,1.49,3,Stone trollx5; Gnome magex6
1790392554.0,20,101,230,126,1.25,3,Stone trollx4; Gnome magex6
1790392554.6,20,101,230,150,1.49,3,Stone trollx5; Gnome magex6
1790392554.8,20,101,230,64,0.63,3,Novice magex16
1790392555.2,20,101,230,88,0.87,3,Stone trollx1; Novice magex16
1790392555.3,20,101,230,112,1.11,3,Stone trollx2; Novice magex16
1790406422.2,0,160,182,6,0.04,2,Squint-eyed roguex1; Mangy-looking leperx1
1790406422.7,0,160,182,6,0.04,2,Squint-eyed roguex1; Mangy-looking leperx1; Pitiful-looking beggarx1
1790406423.2,0,160,182,0,0.0,0,Mangy-looking leperx1; Pitiful-looking beggarx1
1790406426.3,0,160,182,0,0.0,0,Mangy-looking leperx1
1790406440.9,0,160,182,10,0.06,3,Mean-looking mercenaryx1
1790406441.7,0,160,182,22,0.14,3,Battle-scarred veteranx1; Mean-looking mercenaryx1
1790406442.8,0,160,182,12,0.07,3,Battle-scarred veteranx1
1790406443.8,0,160,182,24,0.15,3,Battle-scarred veteranx2
1790406448.5,0,160,182,34,0.21,3,Battle-scarred veteranx2; Mean-looking mercenaryx1
1790406448.8,0,160,182,22,0.14,3,Battle-scarred veteranx1; Mean-looking mercenaryx1
1790406449.8,0,160,182,10,0.06,3,Mean-looking mercenaryx1
1790406467.9,0,182,182,12,0.07,3,Battle-scarred veteranx1
1790406469.1,0,182,182,24,0.13,3,Battle-scarred veteranx2
1790406469.3,0,182,182,12,0.07,3,Battle-scarred veteranx1
1790406472.1,0,182,182,12,0.07,3,Battle-scarred veteranx1
1790406472.2,0,182,182,24,0.13,3,Battle-scarred veteranx2
1790406475.6,0,182,182,12,0.07,3,Battle-scarred veteranx1
1790406479.9,0,182,182,12,0.07,3,Battle-scarred veteranx1
1790406481.5,0,182,182,10,0.05,3,Mean-looking mercenaryx1
1790406482.7,0,182,182,22,0.12,3,Battle-scarred veteranx1; Mean-looking mercenaryx1
1790406482.8,0,182,182,12,0.07,3,Battle-scarred veteranx1
1790406484.1,0,182,182,24,0.13,3,Battle-scarred veteranx2
1790406484.9,0,182,182,34,0.19,3,Battle-scarred veteranx2; Mean-looking mercenaryx1
1790406485.0,0,182,182,34,0.19,3,Battle-scarred veteranx2; Mean-looking mercenaryx1
1790406485.4,0,182,182,44,0.24,3,Battle-scarred veteranx2; Mean-looking mercenaryx2
1790406485.5,0,182,182,34,0.19,3,Battle-scarred veteranx2; Mean-looking mercenaryx1
1790406485.8,0,182,182,22,0.12,3,Battle-scarred veteranx1; Mean-looking mercenaryx1
1790406485.8,0,182,182,32,0.18,3,Battle-scarred veteranx1; Mean-looking mercenaryx2
1790406486.0,0,182,182,22,0.12,3,Battle-scarred veteranx1; Mean-looking mercenaryx1
1790406486.3,0,182,182,12,0.07,3,Battle-scarred veteranx1
1790406486.3,0,182,182,22,0.12,3,Battle-scarred veteranx1; Mean-looking mercenaryx1
1790406486.5,0,182,182,12,0.07,3,Battle-scarred veteranx1
1790406486.8,0,182,182,22,0.12,3,Battle-scarred veteranx1; Mean-looking mercenaryx1
1790406487.0,0,182,182,12,0.07,3,Battle-scarred veteranx1
1790406487.2,0,182,182,22,0.12,3,Battle-scarred veteranx1; Mean-looking mercenaryx1
1790406487.5,0,182,182,12,0.07,3,Battle-scarred veteranx1
1790406487.7,0,182,182,22,0.12,3,Battle-scarred veteranx1; Mean-looking mercenaryx1
1790406488.0,0,182,182,12,0.07,3,Battle-scarred veteranx1
1790406488.2,0,182,182,22,0.12,3,Battle-scarred veteranx1; Mean-looking mercenaryx1
1790406488.5,0,182,182,12,0.07,3,Battle-scarred veteranx1
1790406495.6,0,182,182,10,0.05,3,Mean-looking mercenaryx1
1790406497.0,0,182,182,22,0.12,3,Mean-looking mercenaryx1; Battle-scarred veteranx1
1790406498.0,0,182,182,12,0.07,3,Battle-scarred veteranx1
1790406498.8,0,182,182,22,0.12,3,Mean-looking mercenaryx1; Battle-scarred veteranx1
1790406502.5,0,182,182,12,0.07,3,Battle-scarred veteranx1
1790406510.7,0,182,182,10,0.05,3,Mean-looking mercenaryx1
1790406524.6,0,182,182,10,0.05,3,Mean-looking mercenaryx1
1790406529.1,0,182,182,10,0.05,3,Mean-looking mercenaryx1
1790406534.0,0,182,182,12,0.07,3,Battle-scarred veteranx1
1790406535.5,0,182,182,22,0.12,3,Battle-scarred veteranx1; Mean-looking mercenaryx1
1790406536.1,0,182,182,12,0.07,3,Battle-scarred veteranx1
1790406536.7,0,182,182,24,0.13,3,Battle-scarred veteranx2
1790406538.2,0,182,182,12,0.07,3,Battle-scarred veteranx1
1790406538.3,0,182,182,22,0.12,3,Battle-scarred veteranx1; Mean-looking mercenaryx1
1790406542.3,0,182,182,10,0.05,3,Mean-looking mercenaryx1
1790406543.1,0,182,182,20,0.11,3,Mean-looking mercenaryx2
1790406544.4,0,182,182,10,0.05,3,Mean-looking mercenaryx1
1790406549.4,0,182,182,20,0.11,3,Mean-looking mercenaryx2
1790406552.0,0,182,182,10,0.05,3,Mean-looking mercenaryx1
1790406560.1,0,182,182,10,0.05,3,Mean-looking mercenaryx1
1790411221.2,0,182,182,6,0.03,2,Squint-eyed roguex1
1790411264.5,0,182,182,1,0.01,0,Scruffy little dogx1
1790411264.9,0,182,182,1,0.01,0,Scruffy little dogx1
1790411277.3,0,182,182,10,0.05,3,Mean-looking mercenaryx1
1790411280.2,0,182,182,10,0.05,3,Mean-looking mercenaryx1
1790411283.8,0,182,182,12,0.07,3,Battle-scarred veteranx1
1790411289.2,0,182,182,6,0.03,2,Squint-eyed roguex1
1790411311.7,0,182,182,12,0.07,3,Battle-scarred veteranx1
1790411318.1,0,182,182,0,0.0,0,Blubbering idiotx1
1790411318.3,0,182,182,6,0.03,2,Blubbering idiotx1; Squint-eyed roguex1
1790411318.5,0,182,182,6,0.03,2,Squint-eyed roguex1
1790411318.8,0,182,182,6,0.03,2,Blubbering idiotx1; Squint-eyed roguex1
1790411319.3,0,182,182,0,0.0,0,Blubbering idiotx1
1790411320.9,0,182,182,0,0.0,0,"Singing, happy drunkx1"
1790411322.4,0,182,182,0,0.0,0,Mangy-looking leperx1
1790411322.9,0,182,182,0,0.0,0,Village idiotx1; Mangy-looking leperx1
1790411323.4,0,182,182,0,0.0,0,Mangy-looking leperx1
1790411325.7,0,182,182,6,0.03,2,Squint-eyed roguex1
1790411358.5,0,182,182,0,0.0,0,Boil-covered wretchx1
1790411361.5,0,182,182,3,0.02,0,Aimless-looking merchantx1
1790411362.0,0,182,182,3,0.02,0,Aimless-looking merchantx1
1790411370.8,0,182,182,1,0.01,0,Scruffy little dogx1
1790411371.7,0,182,182,3,0.02,0,Aimless-looking merchantx1
1790411372.3,0,182,182,3,0.02,0,Aimless-looking merchantx1
1790411373.1,0,182,182,3,0.02,0,Aimless-looking merchantx1
1790411374.2,0,182,182,0,0.0,0,Village idiotx1
1790411374.3,0,182,182,0,0.0,0,"Singing, happy drunkx1; Village idiotx1"
1790411374.5,0,182,182,0,0.0,0,"Singing, happy drunkx1"
1790411376.7,0,182,182,6,0.03,2,Squint-eyed roguex1
1790411376.8,0,182,182,6,0.03,2,Village idiotx1; Squint-eyed roguex1
1790411377.7,0,182,182,0,0.0,0,Village idiotx1
1790411378.0,0,182,182,0,0.0,0,Mangy-looking leperx1; Village idiotx1
1790411378.7,0,182,182,3,0.02,0,Mangy-looking leperx1; Village idiotx1; Aimless-looking merchantx1
1790411379.2,0,182,182,3,0.02,0,Mangy-looking leperx1; Village idiotx1; Filthy street urchinx1; Aimless-looking merchantx1
1790411379.9,0,182,182,3,0.02,0,Mangy-looking leperx1; Filthy street urchinx1; Aimless-looking merchantx1
1790411379.9,0,182,182,3,0.02,0,Mangy-looking leperx1; Aimless-looking merchantx1
1790411380.0,0,182,182,3,0.02,0,Aimless-looking merchantx1
1790411381.9,0,182,182,0,0.0,0,Filthy street urchinx1
1790411385.4,0,182,182,0,0.0,0,Filthy street urchinx1; Blubbering idiotx1
1790411386.2,1,182,182,0,0.0,0,Filthy street urchinx1; Blubbering idiotx2
1790411386.3,1,182,182,0,0.0,0,Blubbering idiotx2
1790411387.5,1,182,182,0,0.0,0,Blubbering idiotx2
1790411387.9,1,182,182,0,0.0,0,Blubbering idiotx1
1790411389.0,1,182,182,3,0.02,0,Aimless-looking merchantx1
1790411390.3,1,182,182,3,0.02,0,Aimless-looking merchantx1
1790411398.2,1,182,182,1,0.01,2,White worm massx1; Grey mushroom patchx1
1790411399.8,1,182,182,0,0.0,2,Grey mushroom patchx1
1790411403.7,1,182,182,2,0.01,2,Grey mushroom patchx1; Giant white mousex1
1790411404.0,1,182,182,0,0.0,2,Grey mushroom patchx1
1790411404.2,1,182,182,2,0.01,2,Grey mushroom patchx1; Giant white mousex1
1790411405.3,1,182,182,4,0.02,2,Grey mushroom patchx1; Giant white mousex2
1790411406.2,1,182,182,6,0.03,2,Grey mushroom patchx1; Giant white mousex3
1790411406.6,1,182,182,4,0.02,2,Grey mushroom patchx1; Giant white mousex2
1790411407.6,1,182,182,4,0.02,2,Giant white mousex2
1790411408.0,1,182,182,6,0.03,2,Giant white mousex3
1790411409.5,1,180,182,4,0.02,2,Giant white mousex2
1790411412.5,1,182,182,2,0.01,2,Giant white mousex1
1790411413.8,1,182,182,2,0.01,2,Giant white mousex1
1790411414.0,1,182,182,4,0.02,2,Giant white mousex2
1790411415.7,1,182,182,2,0.01,2,Giant white mousex1
1790411600.9,1,182,182,0,0.0,2,Grey mushroom patchx1
1790411602.1,1,182,182,4,0.02,1,Blubbering icky thingx1
1790412854.2,2,182,182,1,0.01,0,Rock lizardx1
1790412854.9,2,182,182,14,0.08,3,Novice warriorx1
1790412856.0,2,182,182,1,0.01,0,Rock lizardx1
1790412859.8,2,182,182,0,0.0,1,Grey moldx1
1790412866.3,3,182,182,4,0.02,1,Giant white antx1
1790412898.1,5,182,182,6,0.04,1,Large grey snakex1
1790412903.3,5,182,182,0,0.0,1,Yellow jellyx1
1790412904.6,5,182,182,10,0.05,2,Koboldx1; Silver mousex1
1790412911.1,5,182,182,0,0.0,2,Shrieker mushroom patchx1
1790412912.4,5,182,182,0,0.0,2,Shrieker mushroom patchx1
1790412913.7,5,182,182,0,0.0,2,Shrieker mushroom patchx1
1790412918.9,5,182,182,0,0.0,2,Shrieker mushroom patchx1
1790412994.2,6,182,182,2,0.01,2,Giant white mousex1
1790412995.4,6,182,182,4,0.02,2,Giant white mousex2
1790412995.4,6,182,182,2,0.01,2,Giant white mousex1
1790412997.2,7,182,182,10,0.05,3,Novice priestx2
1790412997.7,6,182,182,15,0.08,3,Novice priestx3
1790413004.3,7,182,182,9,0.05,2,Kobold archerx1
1790413019.3,8,182,182,0,0.0,1,Blue jellyx1
1790413023.9,9,182,182,4,0.02,1,Large brown snakex1
1790413035.5,8,173,182,9,0.05,2,Kobold archerx1
1790413048.6,8,182,182,10,0.05,3,Novice rangerx1
1790413072.7,9,182,182,52,0.28,2,Yellow worm massx1
1790413074.0,8,182,182,11,0.06,2,Brown yeekx1; White icky thingx1; Giant white ratx1
1790413074.7,9,182,182,5,0.03,2,White icky thingx1; Giant white ratx1
1790413075.0,9,182,182,15,0.08,2,Rattlesnakex1; White icky thingx1; Giant white ratx1
1790413080.6,8,182,182,20,0.11,2,Green nagax1
1790413095.7,9,182,182,8,0.04,1,Black nagax1
1790413102.4,8,182,182,75,0.41,2,Novice roguex12; Red worm massx1
1790413103.1,8,182,182,56,0.31,3,Cave orcx7
1790413106.8,8,182,182,48,0.26,3,Cave orcx6
1790413107.2,8,182,182,40,0.22,3,Cave orcx5
1790413107.7,8,182,182,48,0.26,3,Cave orcx6
1790413108.6,8,182,182,40,0.22,3,Cave orcx5
1790413110.4,8,182,182,48,0.26,3,Cave orcx6
1790413110.4,8,182,182,40,0.22,3,Cave orcx5
1790413111.6,8,182,182,32,0.18,3,Cave orcx4
1790413114.2,8,182,182,24,0.13,3,Cave orcx3
1790413116.3,8,182,182,16,0.09,3,Cave orcx2
1790413118.3,8,182,182,8,0.04,3,Cave orcx1
1790413127.9,10,143,182,12,0.08,3,Priestx1
1790413134.0,9,137,182,20,0.15,2,Cave bearx1
1790413137.3,10,140,182,2,0.01,2,Blue worm massx1
1790413139.3,9,142,182,2,0.01,2,Silver mousex1; White jellyx1
1790413145.9,9,147,182,16,0.11,3,Tengux1
1790413147.9,10,148,182,48,0.32,3,Cave orcx6
1790413149.5,10,148,182,40,0.27,3,Cave orcx5
1790413151.8,10,148,182,32,0.22,3,Cave orcx4
1790413152.1,10,148,182,40,0.27,3,Cave orcx5
1790413154.3,10,148,182,32,0.22,3,Cave orcx4
1790413157.2,9,117,182,24,0.21,3,Cave orcx3
1790413157.4,9,117,182,32,0.27,3,Cave orcx4
1790413159.7,9,117,182,24,0.21,3,Cave orcx3
1790413162.4,9,117,182,16,0.14,3,Cave orcx2
1790413164.4,9,94,182,8,0.09,3,Cave orcx1
1790413171.1,9,132,182,12,0.09,2,Wild catx1
1790413176.6,10,137,182,14,0.1,3,Blue jellyx1; Novice paladinx1
1790413180.6,10,134,182,18,0.13,3,Giant salamanderx1
1790413181.9,10,135,182,20,0.15,2,Nighthawkx1
1790413183.2,9,135,182,42,0.31,2,White wolfx3
1790413185.7,10,138,182,14,0.1,3,King cobrax1
1790413187.5,9,139,182,58,0.42,2,Giant red frogx1
1790413196.1,10,146,182,57,0.39,2,Kobold archerx3; Large koboldx3
1790413198.4,10,146,182,47,0.32,2,Kobold archerx3; Large koboldx2
1790413199.2,10,146,182,56,0.38,2,Kobold archerx4; Large koboldx2
1790413200.0,9,114,182,46,0.4,2,Kobold archerx4; Large koboldx1
1790413200.9,9,114,182,37,0.32,2,Kobold archerx3; Large koboldx1
1790413201.1,9,114,182,46,0.4,2,Kobold archerx4; Large koboldx1
1790413202.7,9,114,182,55,0.48,2,Kobold archerx5; Large koboldx1
1790413204.4,9,114,182,45,0.39,2,Kobold archerx5
1790413204.9,9,114,182,36,0.32,2,Kobold archerx4
1790413205.0,9,114,182,45,0.39,2,Kobold archerx5
1790413205.4,9,114,182,75,0.66,4,Mughash the Kobold Lordx1; Kobold archerx5
1790413205.8,9,114,182,66,0.58,4,Mughash the Kobold Lordx1; Kobold archerx4
1790413206.4,9,79,182,57,0.72,4,Mughash the Kobold Lordx1; Kobold archerx3
1790413206.4,9,79,182,57,0.72,4,Mughash the Kobold Lordx1; Kobold archerx3
1790413206.8,9,79,182,48,0.61,4,Mughash the Kobold Lordx1; Kobold archerx2
1790413208.1,9,56,182,57,1.02,4,Mughash the Kobold Lordx1; Kobold archerx3
1790413208.7,9,66,182,66,1.0,4,Mughash the Kobold Lordx1; Kobold archerx4
1790413209.3,9,59,182,29,0.49,3,Kobold archerx2; Baby red dragonx1
1790413209.4,9,59,182,38,0.64,3,Kobold archerx3; Baby red dragonx1
1790413210.0,9,60,182,29,0.48,3,Kobold archerx2; Baby red dragonx1
1790413210.7,9,60,182,38,0.63,3,Kobold archerx3; Baby red dragonx1
1790413210.8,9,60,182,47,0.78,3,Kobold archerx4; Baby red dragonx1
1790413210.8,9,60,182,11,0.18,3,Baby red dragonx1
1790413212.7,9,86,182,20,0.23,3,Baby red dragonx1; Kobold archerx1
1790413215.4,9,104,182,11,0.11,3,Baby red dragonx1
1790413216.6,9,107,182,20,0.19,3,Baby red dragonx1; Kobold archerx1
1790413216.9,9,107,182,9,0.08,2,Kobold archerx1
1790413218.1,9,109,182,9,0.08,2,Kobold archerx1
1790413218.9,9,109,182,39,0.36,4,Mughash the Kobold Lordx1; Kobold archerx1
1790413219.9,9,109,182,30,0.28,4,Mughash the Kobold Lordx1
1790413220.5,9,109,182,39,0.36,4,Mughash the Kobold Lordx1; Kobold archerx1
1790413226.5,9,97,182,9,0.09,2,Kobold archerx1
1790413229.6,9,122,182,30,0.25,4,Mughash the Kobold Lordx1
1790413230.8,9,122,182,38,0.31,4,Manesx1; Mughash the Kobold Lordx1
1790413231.4,9,122,182,8,0.07,2,Manesx1
1790413233.0,9,122,182,8,0.07,2,Manesx1
1790413237.0,9,181,202,8,0.04,2,Manesx1
1790413237.6,9,181,202,16,0.09,2,Manesx2
1790413238.0,9,181,202,8,0.04,2,Manesx1
1790413245.6,9,202,202,8,0.04,2,Manesx1
1790413279.0,0,202,202,3,0.01,0,Aimless-looking merchantx1
1790450143.5,0,202,202,0,0.0,0,Boil-covered wretchx1
1790450144.0,0,202,202,0,0.0,0,Boil-covered wretchx1
1790450148.1,0,202,202,1,0.0,0,Scrawny catx1
1790450152.6,0,202,202,1,0.0,0,Scrawny catx1
1790450153.2,0,202,202,1,0.0,0,Scrawny catx1
1790450154.3,0,202,202,1,0.0,0,Scrawny catx1
1790450154.8,0,202,202,1,0.0,0,Scrawny catx1
1790450167.4,0,202,202,0,0.0,0,Blubbering idiotx1
1790450169.0,0,202,202,0,0.0,0,Blubbering idiotx1
1790450171.0,0,202,202,1,0.0,0,Scrawny catx1
1790450172.5,0,202,202,0,0.0,0,Blubbering idiotx1
1790450181.8,0,202,202,3,0.01,0,Aimless-looking merchantx1
1790450182.9,0,202,202,3,0.01,0,Aimless-looking merchantx1
1790450183.1,0,202,202,3,0.01,0,Pitiful-looking beggarx1; Aimless-looking merchantx1
1790450185.0,0,202,202,3,0.01,0,Aimless-looking merchantx1
1790450186.8,0,202,202,0,0.0,0,Pitiful-looking beggarx1
1790450193.3,0,202,202,0,0.0,0,Blubbering idiotx1
1790450194.8,0,202,202,0,0.0,0,Blubbering idiotx1
1790450195.8,0,202,202,0,0.0,0,Blubbering idiotx1
1790450229.8,0,202,202,0,0.0,0,Village idiotx1
1790450239.5,0,202,202,1,0.0,0,Scruffy little dogx1
1790450254.4,0,202,202,192,0.95,3,Black ogrex6
1790450254.8,0,202,202,160,0.79,3,Black ogrex5
1790450257.6,20,185,202,128,0.69,3,Black ogrex4
1790450325.6,20,202,202,192,0.95,3,Black ogrex6
1790450328.1,20,202,202,160,0.79,3,Black ogrex5
1790450329.5,20,202,202,128,0.63,3,Black ogrex4
1790450331.6,20,125,202,96,0.77,3,Black ogrex3
1790450333.4,20,100,202,128,1.28,3,Black ogrex4
1790450333.7,20,100,202,160,1.6,3,Black ogrex5
1790450336.9,20,125,202,32,0.26,3,Black ogrex1
1790450338.0,20,125,202,64,0.51,3,Black ogrex2
1790450338.2,20,92,202,96,1.04,3,Black ogrex3
1790450339.1,20,92,202,128,1.39,3,Black ogrex4
1790450339.9,20,92,202,160,1.74,3,Black ogrex5
1790450340.3,20,91,202,8,0.09,3,Illusionistx1
1790450377.7,0,196,202,0,0.0,0,Boil-covered wretchx1
1790450393.2,0,202,202,6,0.03,2,Squint-eyed roguex1
1790450419.1,0,200,202,6,0.03,2,Squint-eyed roguex1
1790450508.8,3,202,202,0,0.0,2,Yellow mushroom patchx1
1790450511.4,3,202,202,0,0.0,1,Yellow jellyx1
1790450514.7,3,202,202,5,0.02,3,Novice priestx1
1790450516.6,3,202,202,5,0.02,3,Novice priestx1
1790450524.4,3,202,202,4,0.02,2,Scruffy looking hobbitx1
1790450544.6,3,202,202,4,0.02,2,Scruffy looking hobbitx1
1790450551.5,3,202,202,4,0.02,2,Scruffy looking hobbitx1
1790450551.6,3,202,202,9,0.04,3,Scruffy looking hobbitx1; Novice priestx1
1790450552.6,3,202,202,4,0.02,2,Scruffy looking hobbitx1
1790450553.5,3,202,202,4,0.02,2,Scruffy looking hobbitx1
1790450614.5,3,202,202,8,0.04,1,Koboldx1
1790450616.3,3,202,202,5,0.02,2,Large yellow snakex1
1790450617.5,3,202,202,10,0.05,2,Large yellow snakex2
1790450618.2,3,202,202,5,0.02,2,Large yellow snakex1
1790450619.4,3,202,202,5,0.02,2,Large yellow snakex1
1790450624.0,3,202,202,5,0.02,2,Large yellow snakex1
1790450647.9,3,202,202,5,0.02,2,Large yellow snakex1
1790450668.5,3,202,202,5,0.02,2,Large yellow snakex1
1790450794.5,2,202,202,2,0.01,1,Soldier antx1
1790450804.0,3,202,202,2,0.01,1,Soldier antx1
1790450805.3,3,202,202,2,0.01,1,Fruit batx1
1790450807.3,3,199,202,5,0.03,1,Small koboldx1
1790450857.9,3,202,202,18,0.09,3,Novice warriorx1; Giant white centipedex1
1790450861.8,3,202,202,0,0.0,1,Grey moldx1
1790450862.5,2,202,202,0,0.0,2,Floating eyex1
1790450863.1,3,202,202,6,0.03,1,Giant white centipedex1; Fruit batx1
1790450863.8,3,202,202,4,0.02,1,Blubbering icky thingx1
1790450866.7,3,202,202,0,0.0,2,Spotted mushroom patchx1
1790450868.6,3,202,202,0,0.0,2,Spotted mushroom patchx1
1790450870.9,3,202,202,0,0.0,2,Spotted mushroom patchx1
1790450878.7,3,202,202,6,0.03,2,Giant yellow centipedex1; Spotted mushroom patchx1
1790450879.3,3,202,202,6,0.03,1,Giant yellow centipedex1
1790450884.4,3,202,202,0,0.0,1,Yellow moldx1
1790450894.5,3,202,202,0,0.0,2,Spotted mushroom patchx1
1790450896.4,3,202,202,0,0.0,2,Spotted mushroom patchx1
1790450928.7,4,202,202,10,0.05,3,Novice rangerx1
1790450931.0,4,202,202,4,0.02,2,Giant black antx1; Grey mushroom patchx1
1790450943.8,4,202,202,30,0.15,3,Cave spiderx3; Soldier antx1; Metallic blue centipedex1
1790450944.4,3,202,202,3,0.01,2,Giant white ratx1
1790450946.4,3,202,202,4,0.02,3,Novice magex1; Spotted mushroom patchx1
1790450946.8,4,202,202,0,0.0,2,Spotted mushroom patchx1
1790450954.7,3,201,202,6,0.03,3,Jackalx6
1790450954.9,3,201,202,5,0.02,3,Jackalx5
1790450955.1,3,201,202,4,0.02,3,Jackalx4
1790450955.7,3,201,202,3,0.01,3,Jackalx3
1790450955.9,3,201,202,2,0.01,3,Jackalx2
1790450956.7,3,201,202,3,0.01,3,Jackalx3
1790450956.7,3,201,202,2,0.01,3,Jackalx2
1790450957.3,3,202,202,3,0.01,3,Jackalx3
1790450957.7,3,202,202,2,0.01,3,Jackalx2
1790450957.9,3,202,202,1,0.0,3,Jackalx1
1790450965.3,4,202,202,0,0.0,1,Yellow moldx1
1790450977.3,4,202,202,6,0.03,1,Large grey snakex1
1790450980.9,4,202,202,4,0.02,2,Scruffy looking hobbitx1
1790450992.9,5,202,202,3,0.01,2,Red worm massx1
1790450995.4,5,202,202,3,0.01,2,Red worm massx1
1790451002.7,5,202,202,3,0.01,2,Red worm massx1
1790451007.6,5,202,202,3,0.01,2,Red worm massx1
1790451011.9,5,202,202,3,0.01,2,Red worm massx1
1790451012.7,5,202,202,6,0.03,2,Red worm massx2
1790451013.0,5,202,202,3,0.01,2,Red worm massx1
1790451013.7,5,202,202,3,0.01,2,Red worm massx1
1790451030.7,5,202,202,10,0.05,1,Rattlesnakex1
1790451053.3,5,202,202,0,0.0,1,Green jellyx1
1790451062.2,6,202,202,0,0.0,1,Blue jellyx1
1790451065.5,6,202,202,0,0.0,1,Yellow moldx1
1790451066.2,6,202,202,6,0.03,2,Novice roguex1; Yellow moldx1
1790451067.3,6,199,202,0,0.0,1,Yellow moldx1
1790451084.1,6,202,202,24,0.12,2,Snagax3
1790451085.4,7,195,202,16,0.08,2,Snagax2
1790451085.6,7,195,202,24,0.12,2,Snagax3
1790451086.5,6,196,202,16,0.08,2,Snagax2
1790451086.8,6,196,202,24,0.12,2,Snagax3
1790451089.7,7,199,202,5,0.03,1,Cave lizardx1
1790451091.0,7,201,202,9,0.04,2,Giant white ratx1; Skeleton koboldx1
1790451091.7,6,201,202,3,0.01,2,Red worm massx1
1790451093.0,6,202,202,1,0.0,0,Large white snakex1
1790451102.7,7,202,202,6,0.03,2,Novice roguex1
1790451103.3,6,202,202,72,0.36,3,Cave orcx9
1790451104.6,7,202,202,8,0.04,2,Snagax1
1790451107.2,7,202,202,8,0.04,2,Snagax1
1790451108.5,7,202,202,8,0.04,2,Snagax1
1790451109.6,7,202,202,8,0.04,2,Snagax1
1790451109.8,7,202,202,24,0.12,2,Snagax3
1790451112.2,7,202,202,8,0.04,2,Snagax1
1790451120.5,7,202,202,8,0.04,2,Snagax1
1790451121.8,7,202,202,16,0.08,2,Snagax2
1790451122.3,7,202,202,24,0.12,2,Snagax3
1790451123.7,7,202,202,16,0.08,2,Snagax2
1790451123.8,7,202,202,8,0.04,2,Snagax1
1790451128.3,7,202,202,8,0.04,2,Snagax1
1790451129.6,7,195,202,16,0.08,2,Snagax2
1790451130.8,7,195,202,24,0.12,2,Snagax3
1790451131.5,7,195,202,16,0.08,2,Snagax2
1790451132.3,7,192,202,8,0.04,2,Snagax1
1790451133.9,7,193,202,8,0.04,2,Snagax1
1790451139.0,7,193,202,8,0.04,2,Snagax1
1790451140.4,7,193,202,8,0.04,2,Snagax1
1790451147.1,7,202,202,26,0.13,2,Ravenx1; Large koboldx1
1790451147.3,7,202,202,10,0.05,2,Large koboldx1
1790451149.3,8,202,202,3,0.01,2,Red worm massx1
1790451209.5,8,202,202,0,0.0,1,Green moldx1
1790451211.5,8,202,202,0,0.0,1,Green moldx1
1790451212.2,8,202,202,14,0.07,3,Novice warriorx1; Green moldx1
1790451212.4,8,202,202,28,0.14,3,Novice warriorx2; Green moldx1
1790451213.0,8,190,202,28,0.15,3,Novice warriorx2
1790451213.5,8,190,202,14,0.07,3,Novice warriorx1
1790451213.6,8,190,202,28,0.15,3,Novice warriorx2
1790451213.9,8,190,202,14,0.07,3,Novice warriorx1
1790451214.5,8,190,202,28,0.15,3,Novice warriorx2
1790451214.5,8,190,202,14,0.07,3,Novice warriorx1; Green moldx1
1790451217.2,8,190,202,14,0.07,3,Novice warriorx1
1790451219.3,8,190,202,14,0.07,3,Novice warriorx1
1790451220.2,8,197,202,28,0.14,3,Novice warriorx2
1790451220.4,8,197,202,14,0.07,3,Novice warriorx1
1790451220.8,8,197,202,28,0.14,3,Novice warriorx2
1790451220.9,8,197,202,14,0.07,3,Novice warriorx1
1790451221.5,8,197,202,14,0.07,3,Novice warriorx1
1790451222.4,8,199,202,28,0.14,3,Novice warriorx2
1790451223.7,8,202,202,14,0.07,3,Novice warriorx1
1790451223.8,8,202,202,28,0.14,3,Novice warriorx2
1790451224.9,8,202,202,42,0.21,3,Novice warriorx3
1790451225.6,8,202,202,56,0.28,3,Novice warriorx4
1790451226.5,8,200,202,14,0.07,3,Novice warriorx1
1790451228.1,8,201,202,14,0.07,3,Novice warriorx1
1790451228.3,8,201,202,42,0.21,3,Novice warriorx3
1790451229.5,8,201,202,14,0.07,3,Novice warriorx1
1790451229.6,8,201,202,42,0.21,3,Novice warriorx3
1790451230.7,8,202,202,28,0.14,3,Novice warriorx2
1790451231.3,8,202,202,14,0.07,3,Novice warriorx1
1790451243.8,8,202,202,14,0.07,3,Novice warriorx1
1790451244.6,8,202,202,28,0.14,3,Novice warriorx2
1790451248.2,8,199,202,14,0.07,3,Novice warriorx1
1790451250.3,8,199,202,0,0.0,1,Green moldx1
1790451250.7,8,202,202,14,0.07,3,Novice warriorx1; Green moldx1
1790451252.1,8,202,202,14,0.07,3,Novice warriorx1
1790451252.8,8,202,202,14,0.07,3,Novice warriorx1
1790451255.0,8,202,202,14,0.07,3,Novice warriorx1
1790451261.4,8,202,202,14,0.07,3,Novice warriorx1
1790451262.3,8,202,202,28,0.14,3,Novice warriorx2
1790451263.2,8,191,202,14,0.07,3,Novice warriorx1
1790451265.2,8,191,202,14,0.07,3,Novice warriorx1
1790451267.5,8,190,202,0,0.0,1,Green moldx1
1790451280.2,8,202,202,0,0.0,1,Green moldx1
1790451289.8,8,202,202,0,0.0,1,Green moldx1
1790451293.4,8,202,202,0,0.0,1,Green moldx1
1790451295.3,8,202,202,0,0.0,1,Green moldx1
1790451307.6,8,202,202,0,0.0,1,Green moldx1
1790451316.4,8,202,202,0,0.0,1,Green moldx1
1790451323.8,8,202,202,4,0.02,1,Giant black antx1
1790451330.3,8,202,202,0,0.0,1,Green moldx1
1790451342.5,8,202,202,18,0.09,3,Giant salamanderx1
1790451342.9,8,202,202,23,0.11,3,Grey icky thingx1; Giant salamanderx1
1790451343.8,8,202,202,5,0.02,1,Grey icky thingx1
1790451350.2,8,202,202,0,0.0,1,Green moldx1
1790451364.2,8,202,202,0,0.0,1,Green moldx1
1790451426.5,8,202,202,0,0.0,1,Green moldx1
1790451450.1,9,202,202,2,0.01,2,Clear icky thingx1
1790451455.6,9,202,202,14,0.07,3,Novice paladinx1
1790451457.4,9,192,202,28,0.15,3,Novice paladinx2
1790451457.4,9,192,202,14,0.07,3,Novice paladinx1
1790451458.4,9,192,202,42,0.22,3,Novice paladinx3
1790451459.0,9,210,220,28,0.13,3,Novice paladinx2
1790451459.3,9,210,220,14,0.07,3,Novice paladinx1
1790451533.8,9,220,220,8,0.04,1,Koboldx1
1790451536.7,9,220,220,8,0.04,1,Koboldx1
1790451545.6,9,220,220,4,0.02,1,Zombified koboldx1
1790451547.7,9,220,220,9,0.04,2,Kobold archerx1
1790451549.4,9,220,220,9,0.04,2,Kobold archerx1
1790451555.3,9,190,220,9,0.05,2,Kobold archerx1
1790451566.2,9,190,220,1,0.01,2,White worm massx1
1790451578.8,9,214,220,20,0.09,2,Green nagax1
1790451584.0,9,219,220,20,0.09,2,Green nagax1
1790451587.5,9,220,220,20,0.09,2,Green nagax1
1790451589.5,9,220,220,20,0.09,2,Green nagax1
1790451594.4,9,220,220,20,0.09,2,Green nagax1
1790451595.0,9,220,220,20,0.09,2,Green nagax1
1790451606.4,9,220,220,20,0.09,2,Green nagax1
1790451669.4,9,220,220,12,0.05,3,Orc shamanx1
1790451670.8,9,220,220,22,0.1,3,Orc shamanx1; Large koboldx1
1790451672.3,9,215,220,10,0.05,2,Large koboldx1
1790451798.5,8,202,202,0,0.0,1,Green moldx1
1790451805.4,8,202,202,58,0.29,2,Giant red frogx1
1790451806.7,8,202,202,2,0.01,0,Metallic green centipedex1
1790451812.7,7,202,202,0,0.0,1,Green moldx1
1790451815.0,8,202,202,20,0.1,3,Novice priestx4
1790451817.7,8,202,202,0,0.0,1,Yellow moldx1
1790451821.7,7,202,202,5,0.02,1,Grey icky thingx1
1790451837.9,7,202,202,20,0.1,2,Green nagax1
1790451866.1,6,202,202,5,0.02,2,Large white snakex1; Scruffy looking hobbitx1
1790451870.8,7,202,202,2,0.01,2,Green worm massx1
1790451882.6,7,202,202,6,0.03,1,Skeleton koboldx1
1790451883.9,7,202,202,4,0.02,0,Metallic blue centipedex1
1790451891.2,7,202,202,9,0.04,2,Kobold archerx1
1790451893.1,7,202,202,9,0.04,2,Kobold archerx1
1790451908.6,7,202,202,4,0.02,1,Blue oozex1
1790451927.3,7,202,202,16,0.08,1,Ravenx1
1790451927.9,6,202,202,5,0.02,2,Large yellow snakex1
1790451932.6,6,202,202,0,0.0,2,Yellow mushroom patchx1
1790451939.2,7,202,202,9,0.04,1,Giant brown batx1
1790451947.9,7,198,202,5,0.03,1,Blue yeekx1
1790451950.0,7,200,202,8,0.04,1,Koboldx1
1790451951.3,7,201,202,4,0.02,0,Metallic blue centipedex1
1790451953.3,6,202,202,67,0.33,2,Giant green frogx1; Red nagax1
1790451957.3,7,202,202,20,0.1,3,Novice magex5
1790451958.4,7,202,202,16,0.08,3,Novice magex4
1790451958.8,7,220,220,12,0.05,3,Novice magex3
1790451959.3,7,220,220,8,0.04,3,Novice magex2
1790451959.7,7,220,220,4,0.02,3,Novice magex1
1790451973.6,7,220,220,8,0.04,3,Cave orcx1
1790451974.3,7,220,220,24,0.11,3,Cave orcx3
1790451974.9,6,220,220,8,0.04,3,Cave orcx1
1790451978.9,6,220,220,0,0.0,3,Red jellyx1
1790451979.5,6,220,220,12,0.05,1,Night lizardx1
1790451986.4,7,220,220,6,0.03,1,Large grey snakex1
1790451987.0,6,220,220,8,0.04,1,Black nagax1
1790451993.5,6,220,220,5,0.02,1,Cave lizardx1
1790451997.4,7,220,220,98,0.45,3,Spotted mushroom patchx1; Snagax11; Novice rangerx1
1790451998.7,6,220,220,0,0.0,2,Radiation eyex1
1790452001.2,6,220,220,0,0.0,2,Disenchanter eyex1
1790452001.9,6,220,220,1,0.0,2,White worm massx1
1790452015.3,7,220,220,12,0.05,2,Dark elfx1
1790452021.2,7,220,220,0,0.0,3,Bloodshot eyex1
1790452031.7,7,220,220,5,0.02,1,Blue yeekx1
1790452039.6,7,220,220,0,0.0,2,Disenchanter eyex1
1790452040.9,7,220,220,50,0.23,3,Novice priestx10
1790452048.0,7,220,220,80,0.36,3,Cave orcx10; Brown moldx1
1790452049.3,7,220,220,0,0.0,1,White jellyx1
1790452057.1,7,220,220,7,0.03,2,Silver mousex1; Blue yeekx1
1790452060.4,6,220,220,14,0.06,3,Novice warriorx1
1790452061.6,6,220,220,0,0.0,2,Shrieker mushroom patchx1
1790452062.4,7,220,220,1,0.0,2,White worm massx1
1790452069.5,6,220,220,12,0.05,3,Orc shamanx1
1790452071.4,7,220,220,4,0.02,3,Novice magex1
1790452081.1,6,220,220,0,0.0,2,Grey mushroom patchx1
1790452098.6,7,220,220,17,0.08,3,Novice warriorx1; Giant green frogx1
1790452099.9,7,220,220,14,0.06,3,Novice paladinx1
1790452103.8,7,220,220,2,0.01,2,Giant white mousex1
1790452111.1,7,220,220,10,0.05,3,Novice rangerx1
1790452114.7,7,220,220,0,0.0,1,White jellyx1
1790452116.0,7,220,220,0,0.0,2,Brown moldx1
1790452119.3,6,220,220,17,0.08,2,Small koboldx1; Zombified koboldx1; Snagax1
1790452121.3,7,220,220,12,0.05,1,Crowx1
1790452124.0,6,220,220,10,0.05,3,Novice priestx1; Blue yeekx1
1790452124.6,6,220,220,12,0.05,1,Zombified koboldx1; Copperhead snakex1
1790452125.0,7,219,220,4,0.02,1,Zombified koboldx1
1790452128.9,7,220,220,93,0.42,2,Cave lizardx1; Snagax11
1790452140.1,5,220,220,0,0.0,2,Brown moldx1
1790452144.7,6,220,220,20,0.09,2,Green nagax1
1790452145.4,5,220,220,0,0.0,2,Purple mushroom patchx1
1790452146.9,5,220,220,4,0.02,1,Blue oozex1
1790452147.6,5,220,220,16,0.07,1,Koboldx1; Copperhead snakex1
1790452149.5,5,214,220,8,0.04,1,Koboldx1
1790452150.2,5,215,220,16,0.07,1,Koboldx1; Copperhead snakex1
1790452151.3,5,216,220,8,0.04,1,Koboldx1
1790452151.4,5,216,220,16,0.07,1,Koboldx1; Copperhead snakex1
1790452152.4,5,217,220,8,0.04,1,Koboldx1
1790452152.7,5,218,220,16,0.07,1,Koboldx1; Copperhead snakex1
1790452153.6,5,219,220,8,0.04,1,Koboldx1
1790452153.9,5,219,220,16,0.07,1,Koboldx1; Copperhead snakex1
1790452154.7,5,220,220,8,0.04,1,Koboldx1
1790452155.2,5,220,220,16,0.07,1,Koboldx1; Copperhead snakex1
1790452155.9,5,220,220,8,0.04,1,Koboldx1
1790452156.4,5,220,220,16,0.07,1,Koboldx1; Copperhead snakex1
1790452157.3,5,220,220,8,0.04,1,Copperhead snakex1
1790452159.1,5,220,220,8,0.04,1,Copperhead snakex1
1790452175.5,6,220,220,0,0.0,2,Green jellyx1; Radiation eyex1
1790452180.0,5,220,220,88,0.4,3,Cave spiderx11
1790452180.6,6,220,220,4,0.02,0,Metallic blue centipedex1
1790452188.3,6,220,220,0,0.0,1,Blue jellyx1
1790452191.5,5,220,220,14,0.06,3,Novice paladinx1
1790452197.2,5,220,220,10,0.05,4,"Wormtongue, Agent of Sarumanx1"
1790452233.3,5,220,220,2,0.01,0,Metallic green centipedex1
1790452246.8,5,220,220,14,0.06,3,Novice paladinx1
1790452255.2,6,220,220,6,0.03,2,Novice roguex1; Spotted mushroom patchx1
1790452261.7,6,220,220,5,0.02,1,Cave lizardx1
1790452264.4,6,220,220,10,0.05,2,Large koboldx1
1790452274.1,6,220,220,8,0.04,3,Kobold shamanx1
1790452275.4,6,220,220,5,0.02,2,Large yellow snakex1
1790452276.7,6,220,220,0,0.0,2,Spotted mushroom patchx1
1790452278.0,5,220,220,20,0.09,2,Green nagax1
1790452278.7,6,220,220,64,0.29,3,Cave spiderx8
1790452278.9,6,220,220,56,0.25,3,Cave spiderx7
1790452279.1,6,220,220,48,0.22,3,Cave spiderx6
1790452279.3,6,220,220,40,0.18,3,Cave spiderx5
1790452281.6,6,220,220,32,0.15,3,Cave spiderx4
1790452281.8,6,220,220,40,0.18,3,Cave spiderx5
1790452281.9,6,220,220,32,0.15,3,Cave spiderx4
1790452282.2,6,220,220,24,0.11,3,Cave spiderx3
1790452283.8,6,220,220,16,0.07,3,Cave spiderx2
1790452284.2,6,220,220,8,0.04,3,Cave spiderx1
1790452284.3,6,220,220,16,0.07,3,Cave spiderx2
1790452284.9,6,220,220,24,0.11,3,Cave spiderx3
1790452284.9,6,220,220,16,0.07,3,Cave spiderx2
1790452285.5,6,220,220,8,0.04,3,Cave spiderx1
1790452285.8,5,220,220,16,0.07,3,Cave spiderx2
1790452303.6,5,220,220,14,0.06,3,Novice warriorx1
1790452304.6,5,220,220,14,0.06,3,Novice warriorx1
1790452307.9,5,220,220,16,0.07,1,Ravenx1
1790452313.6,6,220,220,6,0.03,1,Skeleton koboldx1
1790452314.9,6,220,220,0,0.0,1,Rot jellyx1
1790452329.7,4,220,220,14,0.06,3,Novice warriorx1
1790452331.6,5,220,220,4,0.02,0,Metallic blue centipedex1
1790452340.9,5,220,220,3,0.01,1,Salamanderx1
1790452343.5,5,220,220,6,0.03,2,Novice roguex1
1790452346.1,5,220,220,6,0.03,1,Green oozex1
1790452346.8,5,220,220,2,0.01,0,Metallic green centipedex1
1790452349.4,4,220,220,3,0.01,2,Red worm massx1
1790452352.6,4,220,220,4,0.02,1,White harpyx1
1790452354.0,4,220,220,6,0.03,2,Novice roguex1
1790452356.2,3,220,220,8,0.04,3,Kobold shamanx1
1790452356.7,4,220,220,11,0.05,1,Koboldx1; Giant green frogx1
1790452358.0,4,220,220,6,0.03,1,Green oozex1
1790452360.0,3,220,220,4,0.02,3,Novice magex1
1790452367.2,4,220,220,0,0.0,2,Spotted mushroom patchx1
1790452374.6,3,220,220,4,0.02,0,Metallic red centipedex1
1790452376.6,4,220,220,14,0.06,1,Grey moldx1; Black nagax1; Green oozex1
1790452379.2,4,220,220,4,0.02,0,Metallic red centipedex1
1790452379.9,3,220,220,3,0.01,1,Salamanderx1
1790452381.8,4,220,220,0,0.0,1,Yellow jellyx1
1790452383.2,3,220,220,8,0.04,1,Koboldx1
1790452396.7,3,220,220,8,0.04,1,Koboldx1
1790452449.7,4,220,220,5,0.02,3,Clear worm massx1; Metallic blue centipedex1; Floating eyex1
1790452457.6,3,220,220,0,0.0,1,Yellow moldx1
1790452461.5,3,220,220,3,0.01,2,Giant white ratx1
1790452462.1,4,220,220,0,0.0,1,Yellow jellyx1
1790452466.1,3,220,220,6,0.03,2,Novice roguex1
1790452469.1,4,220,220,4,0.02,1,Large brown snakex1
1790452469.7,4,220,220,16,0.07,1,Ravenx1
1790452474.9,4,220,220,14,0.06,3,Novice paladinx1
1790452476.9,4,220,220,0,0.0,1,White jellyx1
1790452524.5,4,220,220,6,0.03,3,White icky thingx1; Novice magex1
1790452531.1,3,220,220,5,0.02,1,Small koboldx1
1790452538.3,3,220,220,4,0.02,3,Novice magex1
1790452544.9,3,220,220,14,0.06,2,Giant white mousex1; Crowx1
1790452552.1,2,220,220,5,0.02,3,Novice priestx1
1790452555.3,3,220,220,8,0.04,3,Kobold shamanx1
1790452555.3,3,220,220,2,0.01,2,Green worm massx1
1790452556.0,2,220,220,3,0.01,1,Giant green frogx1
1790452557.3,3,220,220,4,0.02,2,Scruffy looking hobbitx1
1790452560.6,3,220,220,5,0.02,2,Large yellow snakex1
1790452562.5,2,220,220,2,0.01,2,Giant white lousex1
1790452563.2,3,220,220,4,0.02,1,Large brown snakex1
1790452563.9,2,220,220,14,0.06,3,Novice warriorx1
1790452567.8,3,220,220,52,0.23,2,Yellow worm massx1
1790452571.8,3,220,220,5,0.02,2,Large yellow snakex1
1790452587.5,2,218,220,0,0.0,2,White jellyx1; Shrieker mushroom patchx1
1790452588.3,3,216,220,0,0.0,2,Shrieker mushroom patchx1
1790452588.9,2,217,220,4,0.02,0,Metallic red centipedex1
1790452591.6,3,215,220,4,0.02,1,White harpyx1
1790452600.5,3,220,220,4,0.02,1,White harpyx1
1790452601.8,3,220,220,5,0.02,3,Novice priestx1
1790452603.1,3,220,220,12,0.05,2,Shrieker mushroom patchx1; Wild catx1
1790452603.6,3,220,220,0,0.0,2,Shrieker mushroom patchx1
1790452603.9,2,220,220,0,0.0,1,Yellow moldx1
1790452605.2,2,220,220,2,0.01,2,Giant white mousex1
1790452606.1,3,220,220,4,0.02,3,Novice magex1
1790452611.3,3,220,220,4,0.02,1,White harpyx1
1790452616.5,3,220,220,4,0.02,1,White harpyx1
1790452621.8,3,220,220,0,0.0,1,Grey moldx1
1790452622.5,2,220,220,6,0.03,1,Giant yellow centipedex1
1790452623.8,3,220,220,0,0.0,1,Grey moldx1
1790452625.7,3,220,220,3,0.01,1,Giant green frogx1
1790452627.0,2,220,220,9,0.04,2,Blubbering icky thingx1; Large yellow snakex1
1790452627.7,3,220,220,6,0.03,2,Blue yeekx1; Green worm massx1
1790452627.9,3,220,220,2,0.01,2,Green worm massx1
1790452628.6,2,220,220,2,0.01,2,Blue worm massx1
1790452630.6,3,220,220,18,0.08,3,Jackalx14; Novice magex1
1790452634.5,3,220,220,0,0.0,2,Shrieker mushroom patchx1
1790452641.1,3,220,220,3,0.01,1,Salamanderx1
1790452650.8,3,220,220,6,0.03,2,Novice roguex1
1790452658.6,3,220,220,2,0.01,2,Green worm massx1
1790452678.5,2,220,220,6,0.03,1,Giant yellow centipedex1
1790452696.9,2,220,220,3,0.01,1,Giant green frogx1
1790452836.1,3,220,220,0,0.0,2,Radiation eyex1
1790452839.3,3,220,220,2,0.01,2,Green worm massx1
1790452841.9,3,220,220,12,0.05,3,Jackalx12
1790452844.5,3,220,220,12,0.05,2,White jellyx1; Wild catx1
1790452856.3,3,220,220,0,0.0,1,White jellyx1
1790452862.9,3,220,220,4,0.02,1,Giant white centipedex1
1790452863.6,2,220,220,4,0.02,0,Metallic red centipedex1
1790452866.8,3,220,220,6,0.03,2,Novice roguex1
1790452868.2,3,220,220,5,0.02,1,Blue yeekx1
1790452873.4,2,220,220,6,0.03,2,Novice roguex1
1790452875.1,3,220,220,5,0.02,2,Large yellow snakex1
1790452877.7,3,220,220,12,0.05,1,Crowx1
1790452879.1,3,220,220,14,0.06,3,Novice warriorx1
1790452885.6,3,220,220,4,0.02,1,Blubbering icky thingx1
1790452887.0,3,220,220,93,0.42,3,Novice priestx1; Cave spiderx11
1790452887.6,3,220,220,4,0.02,0,Metallic blue centipedex1
1790452892.8,2,220,220,4,0.02,1,Giant white antx1
1790452897.4,3,220,220,3,0.01,1,Giant green frogx1
1790452900.0,3,220,220,3,0.01,1,Salamanderx1
1790452900.8,2,220,220,0,0.0,2,Shrieker mushroom patchx1
1790452901.5,3,220,220,5,0.02,2,Large yellow snakex1
1790452902.2,2,220,220,4,0.02,1,Large brown snakex1
1790452914.6,3,220,220,4,0.02,3,Novice magex1
1790452918.5,3,220,220,4,0.02,1,Blubbering icky thingx1
1790452922.5,3,220,220,5,0.02,1,Small koboldx1
1790452931.6,3,220,220,3,0.01,1,Giant green frogx1
1790452965.9,2,220,220,0,0.0,1,Grey moldx1
1790452967.9,2,220,220,2,0.01,2,Green worm massx1
1790452968.5,1,220,220,6,0.03,3,Jackalx6
1790452968.7,1,220,220,5,0.02,3,Jackalx5
1790452968.9,1,220,220,4,0.02,3,Jackalx4
1790452969.1,1,220,220,3,0.01,3,Jackalx3
1790452969.3,2,220,220,2,0.01,3,Jackalx2
1790452969.5,2,220,220,1,0.0,3,Jackalx1
1790452973.3,2,220,220,1,0.0,0,Rock lizardx1
1790452977.3,2,220,220,6,0.03,1,Giant yellow centipedex1
1790452982.5,2,220,220,1,0.0,0,Large white snakex1
1790452993.1,2,220,220,4,0.02,1,Large brown snakex1
1790452993.7,1,220,220,4,0.02,1,Giant black antx1
1790452997.9,0,220,220,12,0.05,3,Battle-scarred veteranx1
1790453008.1,0,220,220,12,0.05,3,Pitiful-looking beggarx1; Mangy-looking leperx1; Battle-scarred veteranx1
1790453017.5,0,220,220,0,0.0,0,Pitiful-looking beggarx1; Mangy-looking leperx1
1790453017.7,0,220,220,12,0.05,3,Pitiful-looking beggarx1; Mangy-looking leperx1; Battle-scarred veteranx1
1790453018.0,0,220,220,0,0.0,0,Pitiful-looking beggarx1; Mangy-looking leperx1
1790453021.1,0,220,220,3,0.01,0,Pitiful-looking beggarx1; Mangy-looking leperx1; Aimless-looking merchantx1
1790453021.3,0,220,220,3,0.01,0,Pitiful-looking beggarx1; Aimless-looking merchantx1
1790453021.5,0,220,220,3,0.01,0,Aimless-looking merchantx1
1790453043.7,0,220,220,12,0.05,3,Battle-scarred veteranx1
1790453047.9,0,220,220,0,0.0,0,Pitiful-looking beggarx1
1790453052.4,0,220,220,12,0.05,3,Pitiful-looking beggarx1; Battle-scarred veteranx1
1790453056.9,0,220,220,0,0.0,0,Pitiful-looking beggarx1
1790453136.1,0,220,220,12,0.05,3,Battle-scarred veteranx1
1790453153.4,0,220,220,12,0.05,3,Battle-scarred veteranx1
1790453672.0,0,220,220,12,0.05,3,Battle-scarred veteranx1
1790453672.8,0,220,220,12,0.05,3,Pitiful-looking beggarx1; Battle-scarred veteranx1
1790453673.2,0,220,220,12,0.05,3,Battle-scarred veteranx1
1790453673.4,0,220,220,12,0.05,3,Pitiful-looking beggarx1; Battle-scarred veteranx1
1790453674.9,0,220,220,0,0.0,0,Pitiful-looking beggarx1
1790453675.6,0,220,220,3,0.01,0,Pitiful-looking beggarx1; Aimless-looking merchantx1
1790453675.7,0,220,220,0,0.0,0,Pitiful-looking beggarx1
1790453675.8,0,220,220,3,0.01,0,Pitiful-looking beggarx1; Aimless-looking merchantx1
1790453678.8,0,220,220,0,0.0,0,Pitiful-looking beggarx1
1790453681.6,0,220,220,0,0.0,0,Pitiful-looking beggarx1; Mangy-looking leperx1
1790453681.7,0,220,220,0,0.0,0,Pitiful-looking beggarx1
1790453737.4,0,220,220,8,0.04,3,Illusionistx1
1790453819.4,20,220,220,11,0.05,3,Pseudo-dragonx1
1790453823.6,20,217,220,12,0.06,3,Green worm massx1; Pseudo-dragonx1
1790453825.0,20,217,220,11,0.05,3,Pseudo-dragonx1
1790453835.3,20,220,220,2,0.01,2,Green worm massx1
1790453837.6,20,220,220,3,0.01,2,Green worm massx2
1790453837.9,20,220,220,2,0.01,2,Green worm massx1
1790453877.3,20,220,220,5,0.02,2,Large yellow snakex1
1790453955.3,20,220,220,0,0.0,1,Red moldx1
1790453966.5,20,220,220,8,0.04,2,Manesx1
1790453986.1,20,205,220,8,0.04,2,Manesx1
1790453986.8,20,205,220,16,0.08,2,Manesx2
1790453987.7,20,205,220,24,0.12,2,Manesx3
1790453988.1,20,205,220,16,0.08,2,Manesx2
1790453988.2,20,205,220,24,0.12,2,Manesx3
1790453988.7,20,205,220,32,0.16,2,Manesx4
1790453988.9,20,205,220,40,0.2,2,Manesx5
1790453989.1,20,205,220,32,0.16,2,Manesx4
1790453989.6,20,205,220,48,0.23,2,Manesx6
1790453990.2,20,205,220,56,0.27,2,Manesx7
1790453991.6,20,205,220,64,0.31,2,Manesx8
1790453991.7,20,205,220,72,0.35,2,Manesx9
1790453992.5,20,205,220,80,0.39,2,Manesx10
1790453992.7,20,205,220,85,0.41,3,Novice priestx1; Manesx10
1790453993.4,20,205,220,93,0.45,3,Novice priestx1; Manesx11
1790453993.9,20,205,220,85,0.41,3,Novice priestx1; Manesx10
1790453994.2,20,205,220,77,0.38,3,Novice priestx1; Manesx9
1790453994.6,20,205,220,72,0.35,2,Manesx9
1790453995.5,20,140,220,88,0.63,2,Dark elven warriorx1; Manesx9
1790453995.8,20,140,220,80,0.57,2,Dark elven warriorx1; Manesx8
1790453996.7,20,140,220,72,0.51,2,Dark elven warriorx1; Manesx7
1790453997.7,20,107,220,64,0.6,2,Dark elven warriorx1; Manesx6
1790453998.4,20,106,220,56,0.53,2,Dark elven warriorx1; Manesx5
1790454000.3,21,108,220,24,0.22,2,Dark elven warriorx1; Manesx1
1790454000.9,20,108,220,32,0.3,2,Dark elven warriorx1; Manesx2
1790454001.1,20,108,220,40,0.37,2,Dark elven warriorx1; Manesx3
1790454001.1,20,108,220,48,0.44,2,Dark elven warriorx1; Manesx4
1790454002.1,21,110,220,18,0.16,3,Giant salamanderx1
1790454005.5,20,119,220,14,0.12,2,Dark houndx1
1790454006.8,20,119,220,28,0.24,2,Dark houndx2
1790454007.5,20,119,220,14,0.12,2,Dark houndx1
1790454008.1,20,119,220,14,0.12,2,Dark houndx1
1790454009.4,20,119,220,28,0.24,2,Dark houndx2
1790454010.5,20,119,220,42,0.35,2,Dark houndx3
1790454010.7,20,119,220,28,0.24,2,Dark houndx2
1790454011.4,20,119,220,14,0.12,2,Dark houndx1
1790454034.3,20,220,220,24,0.11,4,Umber hulkx1
1790454053.7,20,220,220,168,0.76,2,Black orcx7
1790454055.8,20,220,220,144,0.65,2,Black orcx6
1790454057.4,20,142,220,120,0.85,2,Black orcx5
1790454058.7,20,142,220,144,1.01,2,Black orcx6
1790454059.6,20,91,220,168,1.85,2,Black orcx7
1790454059.7,20,91,220,144,1.58,2,Black orcx6
1790454060.5,20,92,220,168,1.83,2,Black orcx7
1790454061.4,20,92,220,5,0.05,1,Blue yeekx1
1790454063.2,20,108,220,5,0.05,1,Blue yeekx1
1790454064.2,20,131,230,5,0.04,1,Blue yeekx1
1790454064.3,20,131,230,10,0.08,1,Blue yeekx2
1790454064.9,20,131,230,5,0.04,1,Blue yeekx1
1790454065.7,20,128,230,5,0.04,1,Blue yeekx1
1790454065.7,20,128,230,10,0.08,1,Blue yeekx2
1790454066.4,20,128,230,5,0.04,1,Blue yeekx1
1790454066.8,20,129,230,5,0.04,1,Blue yeekx1
1790454067.0,20,129,230,10,0.08,1,Blue yeekx2
1790454067.0,20,129,230,5,0.04,1,Blue yeekx1
1790454067.3,20,129,230,10,0.08,1,Blue yeekx2
1790454067.4,20,126,230,5,0.04,1,Blue yeekx1
1790454067.7,20,126,230,5,0.04,1,Blue yeekx1
1790454068.1,20,126,230,10,0.08,1,Blue yeekx2
1790454068.1,20,126,230,5,0.04,1,Blue yeekx1
1790454068.2,20,126,230,25,0.2,1,Blue yeekx5
1790454068.4,20,118,230,20,0.17,1,Blue yeekx4
1790454068.8,20,118,230,31,0.26,3,Blue yeekx4; Pseudo-dragonx1
1790454068.9,20,118,230,36,0.31,3,Blue yeekx5; Pseudo-dragonx1
1790454068.9,20,118,230,31,0.26,3,Blue yeekx4; Pseudo-dragonx1
1790454069.1,20,118,230,83,0.7,4,"Boldor, King of the Yeeksx1; Blue yeekx4; Pseudo-dragonx1"
1790454071.5,20,90,230,84,0.93,3,Blue yeekx5; Pseudo-dragonx1; Stegocentipedex1
1790454071.9,20,85,230,89,1.05,3,Blue yeekx6; Pseudo-dragonx1; Stegocentipedex1
1790454072.2,20,85,230,84,0.99,3,Blue yeekx5; Pseudo-dragonx1; Stegocentipedex1
1790454072.4,20,72,230,92,1.28,3,Blue yeekx5; Pseudo-dragonx1; Stegocentipedex1; Novice magex2
1790454074.5,20,88,230,52,0.59,4,"Boldor, King of the Yeeksx1"
1790454076.5,20,120,230,11,0.09,3,Pseudo-dragonx1
1790454077.2,20,104,230,59,0.57,3,Pseudo-dragonx1; Stegocentipedex1
1790454078.0,20,105,230,63,0.6,3,Pseudo-dragonx1; Stegocentipedex1; Novice magex1
1790454080.2,20,122,230,11,0.09,3,Pseudo-dragonx1
1790454081.0,20,123,230,15,0.12,3,Pseudo-dragonx1; Novice magex1
1790454081.3,20,123,230,20,0.16,3,Blue yeekx1; Pseudo-dragonx1; Novice magex1
1790454081.8,20,123,230,25,0.2,3,Blue yeekx2; Pseudo-dragonx1; Novice magex1
1790454082.3,20,114,230,73,0.64,3,Blue yeekx2; Pseudo-dragonx1; Stegocentipedex1; Novice magex1
1790454082.8,20,109,230,83,0.76,3,Blue yeekx4; Pseudo-dragonx1; Stegocentipedex1; Novice magex1
1790454083.6,20,97,230,88,0.91,3,Blue yeekx5; Pseudo-dragonx1; Stegocentipedex1; Novice magex1
1790454084.1,20,97,230,83,0.86,3,Blue yeekx4; Pseudo-dragonx1; Stegocentipedex1; Novice magex1
1790454084.2,20,97,230,88,0.91,3,Blue yeekx5; Pseudo-dragonx1; Stegocentipedex1; Novice magex1
1790454084.3,20,107,230,40,0.37,3,Blue yeekx5; Pseudo-dragonx1; Novice magex1
1790454084.3,20,107,230,58,0.54,3,Blue yeekx2; Half-orcx2
1790454084.4,20,107,230,82,0.77,3,Blue yeekx2; Half-orcx3
1790454084.8,20,107,230,87,0.81,3,Blue yeekx3; Half-orcx3
1790454085.9,20,102,230,135,1.32,3,Blue yeekx3; Half-orcx3; Stegocentipedex1
1790454086.3,20,102,230,159,1.56,3,Blue yeekx3; Half-orcx4; Stegocentipedex1
1790454086.5,20,102,230,135,1.32,3,Blue yeekx3; Half-orcx3; Stegocentipedex1
1790454086.6,20,102,230,140,1.37,3,Blue yeekx4; Half-orcx3; Stegocentipedex1
1790454086.7,20,102,230,92,0.9,3,Blue yeekx4; Half-orcx3
1790454087.1,20,102,230,49,0.48,3,Blue yeekx5; Half-orcx1
1790454087.7,20,108,230,54,0.5,3,Blue yeekx6; Half-orcx1
1790454087.8,20,108,230,59,0.55,3,Blue yeekx7; Half-orcx1
1790454087.9,20,94,230,107,1.14,3,Blue yeekx7; Half-orcx2; Black orcx1
1790454088.1,20,94,230,102,1.09,3,Blue yeekx6; Half-orcx2; Black orcx1
1790454088.6,20,94,230,97,1.03,3,Blue yeekx5; Half-orcx2; Black orcx1
1790454088.8,20,94,230,102,1.09,3,Blue yeekx6; Half-orcx2; Black orcx1
1790454088.9,20,105,230,126,1.2,3,Blue yeekx6; Half-orcx3; Black orcx1
1790454089.1,20,105,230,150,1.43,3,Blue yeekx6; Half-orcx3; Black orcx2
1790454089.8,20,105,230,126,1.2,3,Blue yeekx6; Half-orcx3; Black orcx1
1790454089.9,20,105,230,150,1.43,3,Blue yeekx6; Half-orcx4; Black orcx1
1790454090.0,20,105,230,174,1.66,3,Blue yeekx6; Half-orcx4; Black orcx2
1790454091.2,20,105,230,24,0.23,2,Black orcx1
1790454092.2,20,105,230,48,0.46,3,Half-orcx1; Black orcx1
1790454092.8,20,113,230,72,0.64,3,Half-orcx2; Black orcx1
1790454093.6,20,93,230,48,0.52,3,Half-orcx2
1790454093.6,20,93,230,72,0.77,3,Half-orcx2; Black orcx1
1790454093.7,20,93,230,96,1.03,3,Half-orcx2; Black orcx2
1790454094.6,20,78,230,120,1.54,3,Half-orcx2; Black orcx3
1790454094.6,20,78,230,144,1.85,3,Half-orcx2; Black orcx4
1790454094.7,20,78,230,173,2.22,3,Blue yeekx1; Half-orcx2; Black orcx5
1790454094.7,20,78,230,192,2.46,3,Blue yeekx4; Half-orcx7; Novice magex1
1790454095.0,20,78,230,187,2.4,3,Blue yeekx3; Half-orcx7; Novice magex1
1790454095.1,20,78,230,235,3.01,3,Blue yeekx3; Half-orcx7; Stegocentipedex1; Novice magex1
1790454095.1,20,78,230,240,3.08,3,Blue yeekx4; Half-orcx7; Stegocentipedex1; Novice magex1
1790454096.3,20,78,230,5,0.06,1,Blue yeekx1
1790454096.4,20,78,230,16,0.21,3,Blue yeekx1; Pseudo-dragonx1
1790454096.9,0,78,230,11,0.14,3,Pseudo-dragonx1
1790454097.5,0,78,230,16,0.21,3,Blue yeekx1; Pseudo-dragonx1
1790454097.8,0,78,230,21,0.27,3,Blue yeekx2; Pseudo-dragonx1
1790454097.8,0,78,230,10,0.13,1,Blue yeekx2
1790454097.9,0,78,230,0,0.0,0,"Singing, happy drunkx1"
1790454114.0,0,230,230,0,0.0,0,Mangy-looking leperx1
1790454203.4,13,230,230,60,0.26,3,Hill orcx6
1790454209.0,13,230,230,50,0.22,3,Hill orcx5
1790454209.2,13,230,230,60,0.26,3,Hill orcx6
1790454210.3,13,230,230,70,0.3,3,Hill orcx7
1790454210.4,13,230,230,60,0.26,3,Hill orcx6
1790454211.3,13,230,230,70,0.3,3,Hill orcx7
1790454212.3,13,230,230,114,0.5,4,"Grishnakh, the Hill Orcx1; Hill orcx7"
1790454212.8,13,230,230,104,0.45,4,"Grishnakh, the Hill Orcx1; Hill orcx6"
1790454213.2,13,230,230,116,0.5,4,"Grishnakh, the Hill Orcx1; Orc shamanx1; Hill orcx6"
1790454214.6,13,230,230,106,0.46,4,"Grishnakh, the Hill Orcx1; Orc shamanx1; Hill orcx5"
1790454215.8,13,230,230,116,0.5,4,"Grishnakh, the Hill Orcx1; Orc shamanx1; Hill orcx6"
1790454216.4,13,230,230,106,0.46,4,"Grishnakh, the Hill Orcx1; Orc shamanx1; Hill orcx5"
1790454216.9,13,230,230,116,0.5,4,"Grishnakh, the Hill Orcx1; Orc shamanx1; Hill orcx6"
1790454217.9,13,230,230,106,0.46,4,"Grishnakh, the Hill Orcx1; Orc shamanx1; Hill orcx5"
1790454218.2,13,230,230,116,0.5,4,"Grishnakh, the Hill Orcx1; Orc shamanx1; Hill orcx6"
1790454219.2,13,144,230,126,0.88,4,"Grishnakh, the Hill Orcx1; Orc shamanx1; Hill orcx7"
1790454220.0,13,144,230,136,0.94,4,"Grishnakh, the Hill Orcx1; Orc shamanx1; Hill orcx8"
1790454220.9,13,144,230,146,1.01,4,"Grishnakh, the Hill Orcx1; Orc shamanx1; Hill orcx9"
1790454221.7,13,109,230,156,1.43,4,"Grishnakh, the Hill Orcx1; Orc shamanx1; Hill orcx10"
1790454222.4,13,94,230,166,1.77,4,"Grishnakh, the Hill Orcx1; Orc shamanx1; Hill orcx11"
1790454223.2,13,91,230,176,1.93,4,"Grishnakh, the Hill Orcx1; Orc shamanx1; Hill orcx12"
1790454223.7,13,106,230,28,0.26,2,White wolfx2
1790454227.0,13,111,230,14,0.13,2,White wolfx1
1790454229.2,13,143,230,10,0.07,3,Hill orcx1
1790454229.5,13,143,230,24,0.17,3,White wolfx1; Hill orcx1
1790454229.8,13,143,230,14,0.1,2,White wolfx1
1790454230.2,13,143,230,24,0.17,3,White wolfx1; Hill orcx1
1790454230.5,13,145,230,34,0.23,3,White wolfx1; Hill orcx2
1790454230.9,13,145,230,24,0.17,3,White wolfx1; Hill orcx1
1790454231.0,13,145,230,34,0.23,3,White wolfx1; Hill orcx2
1790454231.0,13,145,230,24,0.17,3,White wolfx1; Hill orcx1
1790454231.2,13,145,230,34,0.23,3,White wolfx1; Hill orcx2
1790454231.7,13,146,230,24,0.16,3,White wolfx1; Hill orcx1
1790454231.7,13,146,230,14,0.1,2,White wolfx1
1790454231.8,13,146,230,24,0.16,3,White wolfx1; Hill orcx1
1790454232.3,13,147,230,34,0.23,3,White wolfx1; Hill orcx2
1790454232.4,13,147,230,24,0.16,3,White wolfx1; Hill orcx1
1790454232.5,13,147,230,34,0.23,3,White wolfx1; Hill orcx2
1790454233.0,13,147,230,24,0.16,3,White wolfx1; Hill orcx1
1790454233.1,13,147,230,14,0.1,2,White wolfx1
1790454233.2,13,147,230,24,0.16,3,White wolfx1; Hill orcx1
1790454233.6,13,146,230,10,0.07,3,Hill orcx1
1790454233.7,13,146,230,14,0.1,2,White wolfx1
1790454233.8,13,146,230,24,0.16,3,White wolfx1; Hill orcx1
1790454234.4,13,146,230,10,0.07,3,Hill orcx1
1790454235.2,13,148,230,10,0.07,3,Hill orcx1
1790454236.1,13,149,230,20,0.13,3,Hill orcx2
1790454236.1,13,149,230,10,0.07,3,Hill orcx1
1790454243.5,13,149,230,0,0.0,1,Grey moldx1
1790454243.8,13,149,230,10,0.07,3,Grey moldx1; Hill orcx1
1790454244.1,13,149,230,20,0.13,3,Grey moldx1; Hill orcx2
1790454244.3,13,149,230,30,0.2,3,Grey moldx1; Hill orcx3
1790454244.8,13,149,230,30,0.2,3,Hill orcx3
1790454245.8,13,119,230,40,0.34,3,Hill orcx4
1790454247.5,13,119,230,30,0.25,3,Hill orcx3
1790454249.7,13,119,230,20,0.17,3,Hill orcx2
1790454249.9,13,119,230,10,0.08,3,Hill orcx1
1790454252.3,13,109,230,20,0.18,3,Hill orcx2
1790454252.4,13,109,230,20,0.18,3,Grey moldx1; Hill orcx2
1790454254.4,13,111,230,10,0.09,3,Grey moldx1; Hill orcx1
1790454255.0,13,112,230,20,0.18,3,Grey moldx1; Hill orcx2
1790454260.6,13,114,230,10,0.09,3,Grey moldx1; Hill orcx1
1790454262.4,13,117,230,0,0.0,1,Grey moldx1
1790454278.0,13,133,230,30,0.23,2,Swordsmanx1
1790454298.5,13,180,230,5,0.03,3,Novice priestx1
1790454299.3,13,180,230,10,0.06,3,Novice priestx2
1790454299.6,13,180,230,5,0.03,3,Novice priestx1
1790454300.0,13,180,230,10,0.06,3,Novice priestx2
1790454300.3,13,180,230,20,0.11,3,Novice priestx2; Hill orcx1
1790454300.9,13,180,230,30,0.17,3,Novice priestx2; Hill orcx2
1790454302.0,13,180,230,25,0.14,3,Novice priestx1; Hill orcx2
1790454302.4,13,180,230,30,0.17,3,Novice priestx2; Hill orcx2
1790454302.5,13,180,230,25,0.14,3,Novice priestx1; Hill orcx2
1790454303.6,13,180,230,15,0.08,3,Novice priestx1; Hill orcx1
1790454303.6,13,180,230,25,0.14,3,Novice priestx1; Hill orcx2
1790454303.8,13,180,230,30,0.17,3,Novice priestx2; Hill orcx2
1790454303.8,13,180,230,25,0.14,3,Hill orcx2; Novice priestx1
1790454304.5,13,180,230,30,0.17,3,Hill orcx2; Novice priestx2
1790454305.3,13,180,230,40,0.22,3,Hill orcx3; Novice priestx2
1790454306.0,13,180,230,45,0.25,3,Hill orcx3; Novice priestx3
1790454306.4,13,180,230,35,0.19,3,Hill orcx2; Novice priestx3
1790454306.4,13,180,230,39,0.22,3,Zombified koboldx1; Hill orcx2; Novice priestx3
1790454306.8,13,180,230,34,0.19,3,Zombified koboldx1; Hill orcx2; Novice priestx2
1790454307.4,13,180,230,29,0.16,3,Zombified koboldx1; Hill orcx2; Novice priestx1
1790454307.5,13,180,230,39,0.22,3,Zombified koboldx1; Hill orcx2; Novice priestx3
1790454307.8,13,180,230,34,0.19,3,Zombified koboldx1; Hill orcx2; Novice priestx2
1790454307.9,13,180,230,24,0.13,3,Zombified koboldx1; Hill orcx1; Novice priestx2
1790454308.2,13,180,230,29,0.16,3,Zombified koboldx1; Novice priestx3; Hill orcx1
1790454308.9,13,180,230,19,0.11,3,Zombified koboldx1; Novice priestx3
1790454309.0,13,180,230,24,0.13,3,Zombified koboldx1; Novice priestx4
1790454309.1,13,180,230,34,0.19,3,Zombified koboldx1; Novice priestx4; Hill orcx1
1790454309.1,13,180,230,44,0.24,3,Zombified koboldx1; Novice priestx4; Hill orcx2
1790454309.6,13,180,230,39,0.22,3,Zombified koboldx1; Novice priestx3; Hill orcx2
1790454309.7,13,180,230,44,0.24,3,Zombified koboldx1; Novice priestx4; Hill orcx2
1790454310.0,13,180,230,39,0.22,3,Zombified koboldx1; Novice priestx3; Hill orcx2
1790454310.7,13,180,230,35,0.19,3,Novice priestx3; Hill orcx2
1790454310.9,13,180,230,45,0.25,3,Novice priestx3; Hill orcx3
1790454310.9,13,180,230,35,0.19,3,Novice priestx3; Hill orcx2
1790454311.2,13,180,230,25,0.14,3,Novice priestx3; Hill orcx1
1790454311.6,13,180,230,20,0.11,3,Novice priestx2; Hill orcx1
1790454311.7,13,180,230,30,0.17,3,Novice priestx2; Hill orcx2
1790454312.0,13,180,230,25,0.14,3,Hill orcx2; Novice priestx1
1790454312.5,13,180,230,20,0.11,3,Hill orcx2
1790454312.5,13,180,230,64,0.36,4,"Grishnakh, the Hill Orcx1; Hill orcx2"
1790454312.7,13,180,230,69,0.38,4,"Grishnakh, the Hill Orcx1; Novice priestx1; Hill orcx2"
1790454313.3,13,180,230,81,0.45,4,"Grishnakh, the Hill Orcx1; Novice priestx1; Wild catx1; Hill orcx2"
1790454314.0,13,120,230,71,0.59,4,"Grishnakh, the Hill Orcx1; Novice priestx1; Wild catx1; Hill orcx1"
1790454314.7,13,120,230,76,0.63,4,"Grishnakh, the Hill Orcx1; Novice priestx2; Wild catx1; Hill orcx1"
1790454315.6,13,120,230,71,0.59,4,"Grishnakh, the Hill Orcx1; Novice priestx1; Wild catx1; Hill orcx1"
1790454315.7,13,120,230,61,0.51,4,"Grishnakh, the Hill Orcx1; Novice priestx1; Wild catx1"
1790454315.9,13,120,230,71,0.59,4,"Grishnakh, the Hill Orcx1; Novice priestx1; Wild catx1; Hill orcx1"
1790454316.0,13,120,230,66,0.55,4,"Grishnakh, the Hill Orcx1; Wild catx1; Hill orcx1"
1790454316.3,13,120,230,54,0.45,4,"Grishnakh, the Hill Orcx1; Hill orcx1"
1790454316.8,13,86,230,59,0.69,4,"Grishnakh, the Hill Orcx1; Novice priestx1; Hill orcx1"
1790454317.7,13,86,230,69,0.8,4,"Grishnakh, the Hill Orcx1; Novice priestx1; Hill orcx2"
1790454320.8,13,104,230,5,0.05,3,Novice priestx1
1790454321.9,13,106,230,49,0.46,4,"Grishnakh, the Hill Orcx1; Novice priestx1"
1790454323.7,13,108,230,59,0.55,4,"Grishnakh, the Hill Orcx1; Novice priestx1; Hill orcx1"
1790454324.0,13,108,230,49,0.45,4,"Grishnakh, the Hill Orcx1; Novice priestx1"
1790454324.4,13,109,230,59,0.54,4,"Grishnakh, the Hill Orcx1; Novice priestx1; Hill orcx1"
1790454324.7,13,109,230,49,0.45,4,"Grishnakh, the Hill Orcx1; Novice priestx1"
1790454325.1,13,109,230,59,0.54,4,"Grishnakh, the Hill Orcx1; Novice priestx1; Hill orcx1"
1790454325.4,13,109,230,49,0.45,4,"Grishnakh, the Hill Orcx1; Novice priestx1"
1790454325.7,13,109,230,59,0.54,4,"Grishnakh, the Hill Orcx1; Novice priestx1; Hill orcx1"
1790454326.0,13,87,230,49,0.56,4,"Grishnakh, the Hill Orcx1; Novice priestx1"
1790454326.4,13,87,230,59,0.68,4,"Grishnakh, the Hill Orcx1; Novice priestx1; Hill orcx1"
1790454326.7,13,87,230,54,0.62,4,"Grishnakh, the Hill Orcx1; Hill orcx1"
1790454327.2,13,102,230,64,0.63,4,"Grishnakh, the Hill Orcx1; Hill orcx2"
1790454329.5,13,107,230,10,0.09,3,Hill orcx1
1790454329.8,13,82,230,54,0.66,4,"Grishnakh, the Hill Orcx1; Hill orcx1"
1790454330.5,13,83,230,64,0.77,4,"Grishnakh, the Hill Orcx1; Hill orcx2"
1790454331.8,13,83,230,10,0.12,3,Hill orcx1
1790454332.9,13,100,230,20,0.2,3,Hill orcx2
1790454333.1,13,100,230,64,0.64,4,"Grishnakh, the Hill Orcx1; Hill orcx2"
1790454333.6,13,100,230,54,0.54,4,"Grishnakh, the Hill Orcx1; Hill orcx1"
1790454334.2,13,100,230,44,0.44,4,"Grishnakh, the Hill Orcx1"
1790454396.5,13,230,230,32,0.14,3,Pantherx1
1790454493.2,13,230,230,20,0.09,2,Cave bearx1
1790454498.2,13,225,230,5,0.02,1,Small koboldx1
1790454499.4,13,226,230,20,0.09,2,Cave bearx1
1790454502.2,13,224,230,5,0.02,1,Small koboldx1
1790454505.2,13,228,230,5,0.02,1,Small koboldx1
1790454507.7,13,229,230,5,0.02,1,Small koboldx1
1790454510.5,13,230,230,13,0.06,2,Small koboldx1; Snagax1
1790454512.0,13,230,230,21,0.09,2,Small koboldx1; Snagax2
1790454512.3,13,220,230,16,0.07,2,Snagax2
1790454513.2,13,220,230,24,0.11,2,Snagax3
1790454513.6,13,220,230,16,0.07,2,Snagax2
1790454513.6,13,220,230,8,0.04,2,Snagax1
1790454515.6,13,222,230,8,0.04,2,Snagax1
1790454516.5,13,222,230,64,0.29,2,Snagax8
1790454517.6,13,222,230,56,0.25,2,Snagax7
1790454518.0,13,222,230,64,0.29,2,Snagax8
1790454518.1,13,222,230,56,0.25,2,Snagax7
1790454518.7,13,222,230,48,0.22,2,Snagax6
1790454518.9,13,222,230,56,0.25,2,Snagax7
1790454519.6,13,222,230,48,0.22,2,Snagax6
1790454519.8,13,222,230,40,0.18,2,Snagax5
1790454520.5,13,222,230,32,0.14,2,Snagax4
1790454521.2,13,222,230,24,0.11,2,Snagax3
1790454522.3,13,206,230,16,0.08,2,Snagax2
1790454523.0,13,206,230,8,0.04,2,Snagax1
1790454523.6,13,207,230,10,0.05,2,Metallic green centipedex1; Snagax1
1790454524.3,13,209,230,2,0.01,0,Metallic green centipedex1
1790454532.3,13,218,230,8,0.04,2,Snagax1
1790454556.5,13,230,230,12,0.05,3,Orc shamanx1
1790454612.7,13,230,230,5,0.02,3,Novice priestx1
1790454614.9,13,230,230,5,0.02,3,Novice priestx1
1790454615.1,13,230,230,10,0.04,3,Novice priestx1; Cave lizardx1
1790454616.0,13,230,230,20,0.09,3,Hill orcx1; Novice priestx1; Cave lizardx1
1790454616.5,13,230,230,15,0.07,3,Hill orcx1; Cave lizardx1
1790454616.9,13,230,230,10,0.04,3,Hill orcx1
1790454617.4,13,223,230,20,0.09,3,Hill orcx2
1790454617.6,13,223,230,25,0.11,3,Hill orcx2; Novice priestx1
1790454618.5,13,223,230,15,0.07,3,Hill orcx1; Novice priestx1
1790454618.6,13,223,230,25,0.11,3,Hill orcx2; Novice priestx1
1790454618.9,13,223,230,35,0.16,3,Hill orcx3; Novice priestx1
1790454619.7,13,223,230,40,0.18,3,Novice priestx2; Hill orcx3
1790454620.6,13,223,230,50,0.22,3,Hill orcx4; Novice priestx2
1790454621.1,13,223,230,62,0.28,3,Orc shamanx1; Hill orcx4; Novice priestx2
1790454621.1,13,223,230,52,0.23,3,Orc shamanx1; Hill orcx3; Novice priestx2
1790454621.7,13,223,230,62,0.28,3,Orc shamanx1; Hill orcx4; Novice priestx2
1790454622.3,13,223,230,72,0.32,3,Orc shamanx1; Hill orcx5; Novice priestx2
1790454622.3,13,223,230,67,0.3,3,Orc shamanx1; Hill orcx5; Novice priestx1
1790454622.7,13,223,230,57,0.26,3,Orc shamanx1; Hill orcx4; Novice priestx1
1790454623.0,13,223,230,62,0.28,3,Orc shamanx1; Hill orcx4; Novice priestx2
1790454623.4,13,223,230,72,0.32,3,Orc shamanx1; Hill orcx5; Novice priestx2
1790454623.9,13,223,230,82,0.37,3,Orc shamanx1; Hill orcx6; Novice priestx2
1790454624.0,13,223,230,72,0.32,3,Orc shamanx1; Hill orcx5; Novice priestx2
1790454624.7,13,223,230,62,0.28,3,Orc shamanx1; Hill orcx4; Novice priestx2
1790454625.1,13,223,230,50,0.22,3,Hill orcx4; Novice priestx2
1790454625.4,13,223,230,60,0.27,3,Hill orcx5; Novice priestx2
1790454626.1,13,223,230,50,0.22,3,Hill orcx4; Novice priestx2
1790454626.7,13,126,230,40,0.32,3,Hill orcx3; Novice priestx2
1790454628.1,13,126,230,50,0.4,3,Hill orcx4; Novice priestx2
1790454628.7,13,126,230,40,0.32,3,Hill orcx3; Novice priestx2
1790454629.4,13,126,230,50,0.4,3,Hill orcx4; Novice priestx2
1790454629.9,13,126,230,45,0.36,3,Hill orcx4; Novice priestx1
1790454630.2,13,126,230,35,0.28,3,Hill orcx3; Novice priestx1
1790454631.8,13,97,230,25,0.26,3,Hill orcx2; Novice priestx1
1790454633.5,13,97,230,15,0.15,3,Hill orcx1; Novice priestx1
1790454633.9,13,97,230,10,0.1,3,Hill orcx1
1790454634.5,13,104,240,20,0.19,3,Hill orcx2
1790454635.0,13,104,240,10,0.1,3,Hill orcx1
1790454635.9,13,108,240,10,0.09,3,Hill orcx1
1790454719.5,13,230,230,48,0.21,2,Black orcx2
1790454720.1,13,230,230,72,0.31,2,Black orcx3
1790454722.1,13,230,230,78,0.34,2,Black orcx3; Large grey snakex1
1790454732.1,13,230,230,54,0.24,2,Black orcx2; Large grey snakex1
1790454734.8,13,214,244,30,0.14,2,Black orcx1; Large grey snakex1
1790454739.3,13,209,244,24,0.11,2,Black orcx1
1790454750.1,13,225,244,24,0.11,2,Black orcx1
1790454752.9,13,217,244,20,0.09,2,Green nagax1
1790454786.6,13,244,244,20,0.08,2,Green nagax1
1790454801.0,13,244,244,32,0.13,3,Giant spiderx1
1790454802.4,13,244,244,32,0.13,3,Giant spiderx1
1790454806.4,13,244,244,32,0.13,3,Giant spiderx1
1790454879.4,13,244,244,10,0.04,4,"Wormtongue, Agent of Sarumanx1"
1790454881.5,13,244,244,18,0.07,4,"Banditx1; Wormtongue, Agent of Sarumanx1"
1790454882.8,13,244,244,10,0.04,4,"Wormtongue, Agent of Sarumanx1"
1790454892.4,13,240,244,11,0.05,3,Baby green dragonx1
1790454915.8,13,244,244,52,0.21,4,"Boldor, King of the Yeeksx1"
1790454918.2,13,244,244,52,0.21,4,"Boldor, King of the Yeeksx1"
1790454973.4,13,244,244,14,0.06,3,Novice warriorx1
1790454976.4,13,234,244,16,0.07,2,Dark elven warriorx1
1790455213.0,0,244,244,3,0.01,0,Aimless-looking merchantx1
1790455216.7,0,244,244,3,0.01,0,Village idiotx1; Aimless-looking merchantx1
1790455216.8,0,244,244,3,0.01,0,Aimless-looking merchantx1
1790455217.7,0,244,244,3,0.01,0,Village idiotx1; Aimless-looking merchantx1
1790455217.8,0,244,244,3,0.01,0,Aimless-looking merchantx1
1790455218.2,0,244,244,3,0.01,0,Village idiotx1; Aimless-looking merchantx1
1790455218.2,0,244,244,3,0.01,0,Aimless-looking merchantx1
1790455218.7,0,244,244,3,0.01,0,Village idiotx1; Aimless-looking merchantx1
1790455218.7,0,244,244,3,0.01,0,Aimless-looking merchantx1
1790455219.2,0,244,244,3,0.01,0,Village idiotx1; Aimless-looking merchantx1
1790455221.0,0,244,244,0,0.0,0,Village idiotx1
1790455262.3,13,244,244,12,0.05,1,Crowx1
1790455275.6,13,244,244,6,0.02,1,Brown yeekx1
1790455279.7,13,244,244,6,0.02,1,Brown yeekx1
1790455285.0,13,224,244,38,0.17,3,Dark elven priestx1
1790455294.7,13,210,244,38,0.18,3,Dark elven priestx1
1790455326.9,13,215,244,0,0.0,2,Grey mushroom patchx1
1790455339.9,13,228,244,12,0.05,3,Orc shamanx1
1790455341.4,13,230,244,24,0.1,3,Priestx1; Orc shamanx1
1790455341.7,13,232,244,12,0.05,3,Priestx1
1790455479.9,13,244,244,12,0.05,1,Zombified orcx1
1790455485.2,13,240,244,26,0.11,1,Zombified orcx1; Black harpyx1
1790455486.0,13,238,244,12,0.05,1,Zombified orcx1
1790455488.8,13,240,244,12,0.05,1,Zombified orcx1
1790455489.4,13,240,244,26,0.11,1,Zombified orcx1; Black harpyx1
1790455491.5,13,232,244,14,0.06,1,Black harpyx1
1790455629.1,13,244,244,0,0.0,2,Yellow mushroom patchx1
1790455649.1,13,244,244,0,0.0,2,Yellow mushroom patchx1
1790455760.1,13,244,244,40,0.16,3,Phase spiderx1
1790455760.5,13,244,244,84,0.34,3,Phase spiderx1; Tigerx1
1790455760.8,13,212,244,92,0.43,3,Illusionistx1; Phase spiderx1; Tigerx1
1790455761.7,13,212,244,84,0.4,3,Phase spiderx1; Tigerx1
1790455762.1,13,212,244,44,0.21,2,Tigerx1
1790455764.3,13,178,244,84,0.47,3,Phase spiderx1; Tigerx1
1790455765.4,13,178,244,100,0.56,3,Dark elven warriorx1; Phase spiderx1; Tigerx1
1790455765.7,13,168,244,124,0.74,3,Dark elven warriorx1; Phase spiderx1; Tigerx1; Clear houndx1; Novice magex1
1790455765.8,13,168,244,84,0.5,3,Dark elven warriorx1; Tigerx1; Clear houndx1; Novice magex1
1790455766.0,13,168,244,80,0.48,3,Dark elven warriorx1; Tigerx1; Clear houndx1
1790455766.9,13,137,244,92,0.67,3,Dark elven warriorx1; Tigerx1; Clear houndx1; Priestx1
1790455768.0,13,87,244,100,1.15,3,Dark elven warriorx1; Skeleton humanx1; Tigerx1; Clear houndx1; Priestx1
1790455768.8,13,61,244,120,1.97,3,Dark elven warriorx1; Skeleton humanx1; Tigerx1; Clear houndx2; Priestx1
1790455774.0,13,98,244,44,0.45,2,Tigerx1
1790455775.4,13,93,244,52,0.56,2,Skeleton humanx1; Tigerx1
1790455775.8,13,93,244,20,0.22,3,Clear houndx1
1790455776.4,13,93,244,64,0.69,3,Tigerx1; Clear houndx1
1790455776.5,13,94,244,20,0.21,3,Clear houndx1
1790455776.7,13,94,244,64,0.68,3,Tigerx1; Clear houndx1
1790455777.3,13,94,244,44,0.47,2,Tigerx1
1790455777.4,13,94,244,64,0.68,3,Tigerx1; Clear houndx1
1790455778.6,13,86,244,84,0.98,3,Tigerx1; Clear houndx2
1790455779.2,13,92,244,64,0.7,3,Tigerx1; Clear houndx1
1790455779.3,13,92,244,104,1.13,3,Phase spiderx1; Tigerx1; Clear houndx1
1790455779.4,13,92,244,128,1.39,3,Dark elven warriorx1; Phase spiderx1; Skeleton humanx1; Tigerx1; Clear houndx1
1790455780.4,13,114,244,140,1.23,3,Dark elven warriorx1; Phase spiderx1; Skeleton humanx1; Tigerx1; Clear houndx1; Priestx1
1790455782.6,13,117,244,20,0.17,3,Clear houndx1
1790455783.4,13,117,244,60,0.51,3,Phase spiderx1; Clear houndx1
1790455784.0,13,119,244,40,0.34,3,Phase spiderx1
1790455784.1,13,119,244,48,0.4,3,Phase spiderx1; Skeleton humanx1
1790455784.5,13,119,244,8,0.07,1,Skeleton humanx1
1790455785.8,13,120,244,12,0.1,3,Priestx1
1790455788.2,0,125,244,16,0.12,3,Priestx1; Large brown snakex1
1790455806.7,0,244,244,0,0.0,0,Boil-covered wretchx1
1790455807.9,0,244,244,3,0.01,0,Aimless-looking merchantx1
1790455808.8,0,244,244,3,0.01,0,Aimless-looking merchantx1; Boil-covered wretchx1
1790455811.8,0,244,244,3,0.01,0,Aimless-looking merchantx1
1790455814.3,0,244,244,9,0.04,2,Squint-eyed roguex1; Aimless-looking merchantx1
1790455814.3,0,244,244,3,0.01,0,Aimless-looking merchantx1
1790455884.6,14,244,244,3,0.01,1,Giant green frogx1
1790455888.4,14,231,244,14,0.06,3,Novice paladinx1
1790455889.0,14,232,244,14,0.06,3,Novice paladinx1
1790455889.1,14,232,244,28,0.12,3,Novice paladinx2
1790455890.2,14,234,244,42,0.18,3,Novice paladinx3
1790455890.4,14,234,244,28,0.12,3,Novice paladinx2
1790455890.9,14,219,244,28,0.13,3,Novice paladinx2
1790455891.5,14,219,244,14,0.06,3,Novice paladinx1
1790455891.5,14,219,244,28,0.13,3,Novice paladinx2
1790455892.3,14,219,244,42,0.19,3,Novice paladinx3
1790455892.4,14,219,244,28,0.13,3,Novice paladinx2
1790455893.0,14,219,244,42,0.19,3,Novice paladinx3
1790455893.1,14,219,244,28,0.13,3,Novice paladinx2
1790455893.3,14,219,244,42,0.19,3,Novice paladinx3
1790455893.8,14,219,244,14,0.06,3,Novice paladinx1
1790455893.8,14,219,244,28,0.13,3,Novice paladinx2
1790455893.9,14,219,244,14,0.06,3,Novice paladinx1
1790455894.5,14,219,244,14,0.06,3,Novice paladinx1
1790455895.3,14,219,244,14,0.06,3,Novice paladinx1
1790455896.0,14,210,244,14,0.07,3,Novice paladinx1
1790455896.8,14,210,244,14,0.07,3,Novice paladinx1
1790455897.5,14,211,244,14,0.07,3,Novice paladinx1
1790455898.0,14,212,244,22,0.1,3,Novice paladinx1; Kobold shamanx1
1790455898.2,14,212,244,36,0.17,3,Novice paladinx2; Kobold shamanx1
1790455898.4,14,212,244,14,0.07,3,Novice paladinx1
1790455898.6,14,212,244,22,0.1,3,Novice paladinx1; Kobold shamanx1
1790455899.0,14,212,244,36,0.17,3,Novice paladinx2; Kobold shamanx1
1790455899.1,14,212,244,14,0.07,3,Novice paladinx1
1790455899.2,14,212,244,22,0.1,3,Novice paladinx1; Kobold shamanx1
1790455899.7,14,212,244,36,0.17,3,Novice paladinx2; Kobold shamanx1
1790455900.7,14,212,244,50,0.24,3,Novice paladinx3; Kobold shamanx1
1790455901.3,14,212,244,64,0.3,3,Novice paladinx4; Kobold shamanx1
1790455903.1,14,212,244,78,0.37,3,Novice paladinx5; Kobold shamanx1
1790455903.8,14,212,244,92,0.43,3,Novice paladinx6; Kobold shamanx1
1790455904.5,14,132,244,124,0.94,3,Novice paladinx6; Pantherx1; Kobold shamanx1
1790521749.6,1,244,244,3,0.01,0,Metallic green centipedex1; Rock lizardx1
1790521750.2,2,244,244,0,0.0,2,Floating eyex1
1790521752.2,1,244,244,6,0.02,2,Novice roguex1
1790521757.5,2,244,244,0,0.0,1,Yellow moldx1
1790521787.4,3,244,244,5,0.02,1,Blue yeekx1
1790521835.8,5,244,244,9,0.04,2,Kobold archerx1
1790521836.4,4,244,244,4,0.02,0,Metallic red centipedex1
1790521837.1,5,244,244,0,0.0,2,Shrieker mushroom patchx1
1790521843.2,4,244,244,0,0.0,2,Radiation eyex1
1790521847.5,4,244,244,0,0.0,2,Radiation eyex1
1790521851.3,4,244,244,0,0.0,2,Radiation eyex1
1790521855.1,4,244,244,0,0.0,2,Radiation eyex1
1790521858.8,4,244,244,0,0.0,2,Radiation eyex1
1790521862.6,4,244,244,0,0.0,2,Radiation eyex1
1790521866.3,4,244,244,0,0.0,2,Radiation eyex1
1790521870.1,4,244,244,0,0.0,2,Radiation eyex1
1790521873.9,4,244,244,0,0.0,2,Radiation eyex1
1790521877.6,4,244,244,0,0.0,2,Radiation eyex1
1790521881.4,4,244,244,0,0.0,2,Radiation eyex1
1790521885.1,4,244,244,0,0.0,2,Radiation eyex1
1790521888.9,4,244,244,0,0.0,2,Radiation eyex1
1790521892.7,4,244,244,0,0.0,2,Radiation eyex1
1790521896.4,4,244,244,0,0.0,2,Radiation eyex1
1790521900.2,4,244,244,0,0.0,2,Radiation eyex1
1790521903.9,4,244,244,0,0.0,2,Radiation eyex1
1790521907.7,4,244,244,0,0.0,2,Radiation eyex1
1790521911.5,4,244,244,0,0.0,2,Radiation eyex1
1790521915.2,4,244,244,0,0.0,2,Radiation eyex1
1790521919.0,4,244,244,0,0.0,2,Radiation eyex1
1790521922.7,4,244,244,0,0.0,2,Radiation eyex1
1790521926.5,4,244,244,0,0.0,2,Radiation eyex1
1790521930.3,4,244,244,0,0.0,2,Radiation eyex1
1790521934.0,4,244,244,0,0.0,2,Radiation eyex1
1790521937.8,4,244,244,0,0.0,2,Radiation eyex1
1790521941.5,4,244,244,0,0.0,2,Radiation eyex1
1790521945.3,4,244,244,0,0.0,2,Radiation eyex1
1790521949.1,4,244,244,0,0.0,2,Radiation eyex1
1790521952.8,4,244,244,0,0.0,2,Radiation eyex1
1790521956.6,4,244,244,0,0.0,2,Radiation eyex1
1790521960.3,4,244,244,0,0.0,2,Radiation eyex1
1790521964.1,4,244,244,0,0.0,2,Radiation eyex1
1790521967.9,4,244,244,0,0.0,2,Radiation eyex1
1790521971.6,4,244,244,0,0.0,2,Radiation eyex1
1790521975.4,4,244,244,0,0.0,2,Radiation eyex1
1790521979.1,4,244,244,0,0.0,2,Radiation eyex1
1790521982.9,4,244,244,0,0.0,2,Radiation eyex1
1790521986.7,4,244,244,0,0.0,2,Radiation eyex1
1790521990.4,4,244,244,0,0.0,2,Radiation eyex1
1790521994.2,4,244,244,0,0.0,2,Radiation eyex1
1790521997.9,4,244,244,0,0.0,2,Radiation eyex1
1790522001.7,4,244,244,0,0.0,2,Radiation eyex1
1790522005.5,4,244,244,0,0.0,2,Radiation eyex1
1790522009.2,4,244,244,0,0.0,2,Radiation eyex1
1790522013.0,4,244,244,0,0.0,2,Radiation eyex1
1790522016.7,4,244,244,0,0.0,2,Radiation eyex1
1790522020.5,4,244,244,0,0.0,2,Radiation eyex1
1790522024.3,4,244,244,0,0.0,2,Radiation eyex1
1790522028.0,4,244,244,0,0.0,2,Radiation eyex1
1790522031.8,4,244,244,0,0.0,2,Radiation eyex1
1790522035.5,4,244,244,0,0.0,2,Radiation eyex1
1790522039.3,4,244,244,0,0.0,2,Radiation eyex1
1790522043.1,4,244,244,0,0.0,2,Radiation eyex1
1790522046.8,4,244,244,0,0.0,2,Radiation eyex1
1790522050.6,4,244,244,0,0.0,2,Radiation eyex1
1790522054.3,4,244,244,0,0.0,2,Radiation eyex1
1790522058.1,4,244,244,0,0.0,2,Radiation eyex1
1790522061.9,4,244,244,0,0.0,2,Radiation eyex1
1790522065.6,4,244,244,0,0.0,2,Radiation eyex1
1790522069.4,4,244,244,0,0.0,2,Radiation eyex1
1790522073.1,4,244,244,0,0.0,2,Radiation eyex1
1790522076.9,4,244,244,0,0.0,2,Radiation eyex1
1790522080.7,4,244,244,0,0.0,2,Radiation eyex1
1790522084.4,4,244,244,0,0.0,2,Radiation eyex1
1790522088.2,4,244,244,0,0.0,2,Radiation eyex1
1790522091.9,4,244,244,0,0.0,2,Radiation eyex1
1790522095.7,4,244,244,0,0.0,2,Radiation eyex1
1790522099.5,4,244,244,0,0.0,2,Radiation eyex1
1790522103.2,4,244,244,0,0.0,2,Radiation eyex1
1790522107.0,4,244,244,0,0.0,2,Radiation eyex1
1790522110.7,4,244,244,0,0.0,2,Radiation eyex1
1790522114.5,4,244,244,0,0.0,2,Radiation eyex1
1790522118.3,4,244,244,0,0.0,2,Radiation eyex1
1790522122.0,4,244,244,0,0.0,2,Radiation eyex1
1790522125.8,4,244,244,0,0.0,2,Radiation eyex1
1790522129.5,4,244,244,0,0.0,2,Radiation eyex1
1790522133.3,4,244,244,0,0.0,2,Radiation eyex1
1790522137.1,4,244,244,0,0.0,2,Radiation eyex1
1790522140.8,4,244,244,0,0.0,2,Radiation eyex1
1790522144.6,4,244,244,0,0.0,2,Radiation eyex1
1790522148.3,4,244,244,0,0.0,2,Radiation eyex1
1790522152.1,4,244,244,0,0.0,2,Radiation eyex1
1790522155.9,4,244,244,0,0.0,2,Radiation eyex1
1790522159.6,4,244,244,0,0.0,2,Radiation eyex1
1790522163.4,4,244,244,0,0.0,2,Radiation eyex1
1790522167.1,4,244,244,0,0.0,2,Radiation eyex1
1790522170.9,4,244,244,0,0.0,2,Radiation eyex1
1790522174.7,4,244,244,0,0.0,2,Radiation eyex1
1790522178.4,4,244,244,0,0.0,2,Radiation eyex1
1790522182.2,4,244,244,0,0.0,2,Radiation eyex1
1790522185.9,4,244,244,0,0.0,2,Radiation eyex1
1790522189.7,4,244,244,0,0.0,2,Radiation eyex1
1790522193.5,4,244,244,0,0.0,2,Radiation eyex1
1790522197.2,4,244,244,0,0.0,2,Radiation eyex1
1790522201.0,4,244,244,0,0.0,2,Radiation eyex1
1790522204.7,4,244,244,0,0.0,2,Radiation eyex1
1790522208.5,4,244,244,0,0.0,2,Radiation eyex1
1790522212.3,4,244,244,0,0.0,2,Radiation eyex1
1790522216.0,4,244,244,0,0.0,2,Radiation eyex1
1790522219.8,4,244,244,0,0.0,2,Radiation eyex1
1790522223.5,4,244,244,0,0.0,2,Radiation eyex1
1790522227.3,4,244,244,0,0.0,2,Radiation eyex1
1790522231.1,4,244,244,0,0.0,2,Radiation eyex1
1790522234.8,4,244,244,0,0.0,2,Radiation eyex1
1790522238.6,4,244,244,0,0.0,2,Radiation eyex1
1790522242.3,4,244,244,0,0.0,2,Radiation eyex1
1790522246.1,4,244,244,0,0.0,2,Radiation eyex1
1790522249.9,4,244,244,0,0.0,2,Radiation eyex1
1790522253.6,4,244,244,0,0.0,2,Radiation eyex1
1790522257.4,4,244,244,0,0.0,2,Radiation eyex1
1790522261.1,4,244,244,0,0.0,2,Radiation eyex1
1790522264.9,4,244,244,0,0.0,2,Radiation eyex1
1790522268.7,4,244,244,0,0.0,2,Radiation eyex1
1790522272.4,4,244,244,0,0.0,2,Radiation eyex1
1790522276.2,4,244,244,0,0.0,2,Radiation eyex1
1790522279.9,4,244,244,0,0.0,2,Radiation eyex1
1790522283.7,4,244,244,0,0.0,2,Radiation eyex1
1790522287.5,4,244,244,0,0.0,2,Radiation eyex1
1790522291.2,4,244,244,0,0.0,2,Radiation eyex1
1790522295.0,4,244,244,0,0.0,2,Radiation eyex1
1790522298.7,4,244,244,0,0.0,2,Radiation eyex1
1790522302.5,4,244,244,0,0.0,2,Radiation eyex1
1790522306.3,4,244,244,0,0.0,2,Radiation eyex1
1790522310.0,4,244,244,0,0.0,2,Radiation eyex1
1790522313.8,4,244,244,0,0.0,2,Radiation eyex1
1790522317.5,4,244,244,0,0.0,2,Radiation eyex1
1790522321.3,4,244,244,0,0.0,2,Radiation eyex1
1790522325.1,4,244,244,0,0.0,2,Radiation eyex1
1790522328.8,4,244,244,0,0.0,2,Radiation eyex1
1790522332.6,4,244,244,0,0.0,2,Radiation eyex1
1790522336.3,4,244,244,0,0.0,2,Radiation eyex1
1790522340.1,4,244,244,0,0.0,2,Radiation eyex1
1790522343.9,4,244,244,0,0.0,2,Radiation eyex1
1790522347.6,4,244,244,0,0.0,2,Radiation eyex1
1790522351.4,4,244,244,0,0.0,2,Radiation eyex1
1790522355.1,4,244,244,0,0.0,2,Radiation eyex1
1790522358.9,4,244,244,0,0.0,2,Radiation eyex1
1790522362.7,4,244,244,0,0.0,2,Radiation eyex1
1790522366.4,4,244,244,0,0.0,2,Radiation eyex1
1790522370.2,4,244,244,0,0.0,2,Radiation eyex1
1790522373.9,4,244,244,0,0.0,2,Radiation eyex1
1790522377.7,4,244,244,0,0.0,2,Radiation eyex1
1790522381.5,4,244,244,0,0.0,2,Radiation eyex1
1790522385.2,4,244,244,0,0.0,2,Radiation eyex1
1790522389.0,4,244,244,0,0.0,2,Radiation eyex1
1790522392.7,4,244,244,0,0.0,2,Radiation eyex1
1790522396.5,4,244,244,0,0.0,2,Radiation eyex1
1790522400.2,4,244,244,0,0.0,2,Radiation eyex1
1790522404.0,4,244,244,0,0.0,2,Radiation eyex1
1790522407.8,4,244,244,0,0.0,2,Radiation eyex1
1790522411.5,4,244,244,0,0.0,2,Radiation eyex1
1790522415.3,4,244,244,0,0.0,2,Radiation eyex1
1790522419.0,4,244,244,0,0.0,2,Radiation eyex1
1790522422.8,4,244,244,0,0.0,2,Radiation eyex1
1790522426.6,4,244,244,0,0.0,2,Radiation eyex1
1790522430.3,4,244,244,0,0.0,2,Radiation eyex1
1790522434.1,4,244,244,0,0.0,2,Radiation eyex1
1790522437.8,4,244,244,0,0.0,2,Radiation eyex1
1790522441.6,4,244,244,0,0.0,2,Radiation eyex1
1790522445.4,4,244,244,0,0.0,2,Radiation eyex1
1790522449.1,4,244,244,0,0.0,2,Radiation eyex1
1790522452.9,4,244,244,0,0.0,2,Radiation eyex1
1790522456.7,4,244,244,0,0.0,2,Radiation eyex1
1790522460.4,4,244,244,0,0.0,2,Radiation eyex1
1790522464.2,4,244,244,0,0.0,2,Radiation eyex1
1790522467.9,4,244,244,0,0.0,2,Radiation eyex1
1790522471.7,4,244,244,0,0.0,2,Radiation eyex1
1790522475.5,4,244,244,0,0.0,2,Radiation eyex1
1790522479.2,4,244,244,0,0.0,2,Radiation eyex1
1790522483.0,4,244,244,0,0.0,2,Radiation eyex1
1790522486.7,4,244,244,0,0.0,2,Radiation eyex1
1790522490.5,4,244,244,0,0.0,2,Radiation eyex1
1790522494.2,4,244,244,0,0.0,2,Radiation eyex1
1790522498.0,4,244,244,0,0.0,2,Radiation eyex1
1790522501.8,4,244,244,0,0.0,2,Radiation eyex1
1790522505.5,4,244,244,0,0.0,2,Radiation eyex1
1790522509.3,4,244,244,0,0.0,2,Radiation eyex1
1790522513.0,4,244,244,0,0.0,2,Radiation eyex1
1790522516.8,4,244,244,0,0.0,2,Radiation eyex1
1790522520.6,4,244,244,0,0.0,2,Radiation eyex1
1790522524.3,4,244,244,0,0.0,2,Radiation eyex1
1790522528.1,4,244,244,0,0.0,2,Radiation eyex1
1790522531.8,4,244,244,0,0.0,2,Radiation eyex1
1790522535.6,4,244,244,0,0.0,2,Radiation eyex1
1790522539.4,4,244,244,0,0.0,2,Radiation eyex1
1790522543.1,4,244,244,0,0.0,2,Radiation eyex1
1790522546.9,4,244,244,0,0.0,2,Radiation eyex1
1790522550.6,4,244,244,0,0.0,2,Radiation eyex1
1790522554.4,4,244,244,0,0.0,2,Radiation eyex1
1790522558.2,4,244,244,0,0.0,2,Radiation eyex1
1790522561.9,4,244,244,0,0.0,2,Radiation eyex1
1790522565.7,4,244,244,0,0.0,2,Radiation eyex1
1790522569.4,4,244,244,0,0.0,2,Radiation eyex1
1790522573.2,4,244,244,0,0.0,2,Radiation eyex1
1790522577.0,4,244,244,0,0.0,2,Radiation eyex1
1790522580.7,4,244,244,0,0.0,2,Radiation eyex1
1790522584.5,4,244,244,0,0.0,2,Radiation eyex1
1790522588.2,4,244,244,0,0.0,2,Radiation eyex1
1790522592.0,4,244,244,0,0.0,2,Radiation eyex1
1790522595.8,4,244,244,0,0.0,2,Radiation eyex1
1790522599.5,4,244,244,0,0.0,2,Radiation eyex1
1790522603.3,4,244,244,0,0.0,2,Radiation eyex1
1790522607.0,4,244,244,0,0.0,2,Radiation eyex1
1790522610.8,4,244,244,0,0.0,2,Radiation eyex1
1790522614.6,4,244,244,0,0.0,2,Radiation eyex1
1790522618.3,4,244,244,0,0.0,2,Radiation eyex1
1790522622.1,4,244,244,0,0.0,2,Radiation eyex1
1790522625.8,4,244,244,0,0.0,2,Radiation eyex1
1790522629.6,4,244,244,0,0.0,2,Radiation eyex1
1790522633.4,4,244,244,0,0.0,2,Radiation eyex1
1790522637.1,4,244,244,0,0.0,2,Radiation eyex1
1790522640.9,4,244,244,0,0.0,2,Radiation eyex1
1790522644.6,4,244,244,0,0.0,2,Radiation eyex1
1790522648.4,4,244,244,0,0.0,2,Radiation eyex1
1790522652.2,4,244,244,0,0.0,2,Radiation eyex1
1790522655.9,4,244,244,0,0.0,2,Radiation eyex1
1790522659.7,4,244,244,0,0.0,2,Radiation eyex1
1790522663.4,4,244,244,0,0.0,2,Radiation eyex1
1790522667.2,4,244,244,0,0.0,2,Radiation eyex1
1790522671.0,4,244,244,0,0.0,2,Radiation eyex1
1790522674.7,4,244,244,0,0.0,2,Radiation eyex1
1790522678.5,4,244,244,0,0.0,2,Radiation eyex1
1790522682.2,4,244,244,0,0.0,2,Radiation eyex1
1790522686.0,4,244,244,0,0.0,2,Radiation eyex1
1790522689.8,4,244,244,0,0.0,2,Radiation eyex1
1790522693.5,4,244,244,0,0.0,2,Radiation eyex1
1790522697.3,4,244,244,0,0.0,2,Radiation eyex1
1790522701.0,4,244,244,0,0.0,2,Radiation eyex1
1790522704.8,4,244,244,0,0.0,2,Radiation eyex1
1790522708.6,4,244,244,0,0.0,2,Radiation eyex1
1790522712.3,4,244,244,0,0.0,2,Radiation eyex1
1790522716.1,4,244,244,0,0.0,2,Radiation eyex1
1790522719.2,4,244,244,0,0.0,2,Radiation eyex1
1790522725.8,4,244,244,0,0.0,1,White jellyx1
1790522735.6,6,244,244,18,0.07,3,Giant salamanderx1
1790522735.8,6,244,244,30,0.12,3,Giant salamanderx1; Wild catx1
1790522751.4,7,244,244,3,0.01,2,Red worm massx1
1790522754.7,8,244,244,2,0.01,2,Giant white mousex1
1790522756.0,8,244,244,5,0.02,1,Small koboldx1
1790522758.6,8,244,244,6,0.02,1,Giant yellow centipedex1
1790522770.1,9,244,244,0,0.0,3,Red jellyx1
1790522839.3,9,244,244,10,0.04,1,Rattlesnakex1
1790522840.1,9,244,244,10,0.04,1,Rattlesnakex1
1790522840.8,9,244,244,10,0.04,1,Rattlesnakex1
1790522841.7,9,244,244,10,0.04,1,Rattlesnakex1
1790522882.8,9,244,244,10,0.04,1,Skeleton orcx1
1790522884.7,9,244,244,10,0.04,1,Skeleton orcx1
1790522897.0,9,244,244,8,0.03,2,Manesx1
1790522900.3,9,244,244,8,0.03,2,Manesx1
1790522900.4,9,244,244,16,0.07,2,Manesx2
1790522901.0,9,244,244,24,0.1,2,Manesx3
1790522901.3,9,244,244,16,0.07,2,Manesx2
1790522901.6,9,244,244,24,0.1,2,Manesx3
1790522902.0,9,244,244,16,0.07,2,Manesx2
1790522902.0,9,244,244,24,0.1,2,Manesx3
1790522902.1,9,244,244,32,0.13,2,Manesx4
1790522902.8,9,244,244,24,0.1,2,Manesx3
1790522903.1,9,244,244,32,0.13,2,Manesx4
1790522903.1,9,244,244,40,0.16,2,Manesx5
1790522903.7,9,244,244,32,0.13,2,Manesx4
1790522904.0,9,244,244,40,0.16,2,Manesx5
1790522904.6,9,244,244,32,0.13,2,Manesx4
1790522905.9,9,244,244,24,0.1,2,Manesx3
1790522906.7,9,244,244,16,0.07,2,Manesx2
1790522907.6,9,215,244,8,0.04,2,Manesx1
1790522908.5,9,215,244,16,0.07,2,Manesx2
1790522908.7,9,215,244,8,0.04,2,Manesx1
1790522941.0,9,244,244,3,0.01,2,Red worm massx1
1790522943.3,9,244,244,18,0.07,3,Giant salamanderx1
1790523022.0,9,244,244,18,0.07,3,Hill orcx1; Cave orcx1
1790523022.7,9,244,244,26,0.11,3,Hill orcx1; Cave orcx2
1790523023.4,9,244,244,36,0.15,3,Hill orcx2; Cave orcx2
1790523024.5,9,244,244,26,0.11,3,Hill orcx1; Cave orcx2
1790523024.6,9,244,244,36,0.15,3,Hill orcx2; Cave orcx2
1790523025.2,9,244,244,44,0.18,3,Hill orcx2; Cave orcx3
1790523025.3,9,244,244,36,0.15,3,Hill orcx2; Cave orcx2
1790523026.9,9,244,244,26,0.11,3,Hill orcx1; Cave orcx2
1790523028.2,9,244,244,18,0.07,3,Hill orcx1; Cave orcx1
1790523029.5,9,244,244,10,0.04,3,Hill orcx1
1790523058.6,9,244,244,0,0.0,1,Blue jellyx1
1790523059.9,9,244,244,0,0.0,1,Blue jellyx1
1790523183.7,9,244,244,10,0.04,1,Skeleton orcx1
1790523185.7,9,244,244,10,0.04,1,Skeleton orcx1
1790523189.4,9,244,244,10,0.04,1,Skeleton orcx1
1790523209.0,9,244,244,10,0.04,1,Skeleton orcx1
1790523219.9,9,244,244,8,0.03,1,Black nagax1
1790523222.8,9,244,244,10,0.04,1,Skeleton orcx1
1790523223.0,9,244,244,10,0.04,1,Skeleton orcx1
1790523232.9,9,244,244,8,0.03,1,Black nagax1
1790523298.0,9,244,244,8,0.03,3,Kobold shamanx1
1790523299.9,9,244,244,8,0.03,3,Kobold shamanx1
1790523304.3,9,244,244,20,0.08,2,Cave bearx1
1790523308.9,9,244,244,6,0.02,2,Novice roguex1
1790523309.5,9,240,244,26,0.11,2,Novice roguex1; Cave bearx1
1790523309.5,9,240,244,32,0.13,2,Novice roguex2; Cave bearx1
1790523309.9,9,240,244,38,0.16,2,Novice roguex3; Cave bearx1
1790523310.2,9,241,244,32,0.13,2,Novice roguex2; Cave bearx1
1790523310.4,9,241,244,26,0.11,2,Novice roguex1; Cave bearx1
1790523311.1,9,241,244,18,0.07,2,Novice roguex3
1790523311.3,9,241,244,38,0.16,2,Novice roguex3; Cave bearx1
1790523311.9,9,241,244,32,0.13,2,Novice roguex2; Cave bearx1
1790523312.0,9,241,244,38,0.16,2,Novice roguex3; Cave bearx1
1790523312.1,9,241,244,32,0.13,2,Novice roguex2; Cave bearx1
1790523312.4,9,241,244,26,0.11,2,Novice roguex1; Cave bearx1
1790523313.1,9,244,244,20,0.08,2,Cave bearx1
1790523321.7,9,241,244,6,0.02,2,Novice roguex1
1790523346.6,9,244,244,0,0.0,1,Green jellyx1
1790523365.1,9,244,244,2,0.01,2,Blue worm massx1
1790523366.2,9,244,244,2,0.01,2,Blue worm massx1
1790523383.6,9,244,244,2,0.01,2,Blue worm massx1
1790523384.3,9,244,244,10,0.04,2,Blue worm massx2; Brown yeekx1
1790523385.6,9,244,244,4,0.02,2,Blue worm massx2
1790523385.8,9,244,244,2,0.01,2,Blue worm massx1
1790523387.1,9,244,244,22,0.09,2,Cave bearx1; Blue worm massx1
1790523388.4,9,244,244,20,0.08,2,Cave bearx1
1790523389.1,9,244,244,22,0.09,2,Cave bearx1; Blue worm massx1
1790523390.4,9,244,244,2,0.01,2,Blue worm massx1
1790523391.0,9,244,244,4,0.02,2,Blue worm massx2
1790523392.3,9,244,244,6,0.02,2,Blue worm massx3
1790523393.6,9,244,244,4,0.02,2,Blue worm massx2
1790523396.9,9,244,244,6,0.02,2,Blue worm massx3
1790523396.9,9,244,244,4,0.02,2,Blue worm massx2
1790523398.2,9,244,244,2,0.01,2,Blue worm massx1
1790523408.7,9,244,244,2,0.01,2,Blue worm massx1
1790523409.3,9,244,244,4,0.02,2,Blue worm massx2
1790523409.9,9,244,244,2,0.01,2,Blue worm massx1
1790523409.9,9,244,244,4,0.02,2,Blue worm massx2
1790523410.6,9,244,244,6,0.02,2,Blue worm massx3
1790523412.7,9,244,244,8,0.03,2,Blue worm massx4
1790523415.2,9,244,244,6,0.02,2,Blue worm massx3
1790523416.5,9,244,244,26,0.11,2,Cave bearx1; Blue worm massx3
1790523417.1,9,244,244,28,0.11,2,Cave bearx1; Blue worm massx4
1790523419.1,9,244,244,30,0.12,2,Cave bearx1; Blue worm massx5
1790523419.7,9,244,244,32,0.13,2,Cave bearx1; Blue worm massx6
1790523419.7,9,244,244,32,0.13,2,Cave bearx1; Blue worm massx6
1790523420.4,9,244,244,12,0.05,2,Blue worm massx6
1790523422.3,9,244,244,10,0.04,2,Blue worm massx5
1790523423.4,9,244,244,12,0.05,2,Blue worm massx6
1790523424.4,9,244,244,14,0.06,2,Blue worm massx7
1790523424.7,9,244,244,10,0.04,2,Blue worm massx5
1790523425.6,9,244,244,8,0.03,2,Blue worm massx4
1790523426.1,9,244,244,6,0.02,2,Blue worm massx3
1790523707.6,9,243,244,7,0.03,3,Fruit batx1; Cave lizardx1; Red jellyx1
1790523708.2,9,243,244,5,0.02,3,Cave lizardx1; Red jellyx1
1790523712.2,9,244,244,0,0.0,3,Red jellyx1
1790523835.1,9,244,244,6,0.02,2,Blue worm massx3
1790523836.7,9,244,244,8,0.03,2,Blue worm massx4
1790523837.1,9,244,244,10,0.04,2,Blue worm massx5
1790523837.2,9,244,244,8,0.03,2,Blue worm massx4
1790523837.7,9,244,244,10,0.04,2,Blue worm massx5
1790523838.0,9,244,244,12,0.05,2,Blue worm massx6
1790523838.5,9,244,244,16,0.07,2,Blue worm massx8
1790523839.0,9,244,244,14,0.06,2,Blue worm massx7
1790523839.9,9,244,244,14,0.06,2,Blue worm massx7
1790523841.0,9,244,244,12,0.05,2,Blue worm massx6
1790523841.2,9,244,244,14,0.06,2,Blue worm massx7
1790523841.6,9,244,244,12,0.05,2,Blue worm massx6
1790523841.7,9,244,244,14,0.06,2,Blue worm massx7
1790523843.6,9,244,244,34,0.14,2,Blue worm massx7; Cave bearx1
1790523844.5,9,244,244,32,0.13,2,Blue worm massx6; Cave bearx1
1790523844.9,9,244,244,30,0.12,2,Blue worm massx5; Cave bearx1
1790523845.6,9,244,244,28,0.11,2,Blue worm massx4; Cave bearx1
1790523845.6,9,244,244,30,0.12,2,Blue worm massx5; Cave bearx1
1790523846.2,9,244,244,22,0.09,2,Blue worm massx1; Cave bearx1
1790523847.2,9,244,244,24,0.1,2,Blue worm massx2; Cave bearx1
1790523847.5,9,244,244,22,0.09,2,Blue worm massx1; Cave bearx1; Rot jellyx1
1790523848.2,9,244,244,22,0.09,2,Blue worm massx1; Cave bearx1
1790523848.4,9,244,244,24,0.1,2,Blue worm massx2; Cave bearx1
1790523850.1,9,241,244,4,0.02,2,Blue worm massx2
1790523850.8,9,241,244,4,0.02,2,Blue worm massx2; Rot jellyx1
1790523851.4,9,241,244,0,0.0,1,Rot jellyx1
1790523853.4,9,241,244,4,0.02,2,Blue worm massx2; Rot jellyx1
1790523853.6,9,241,244,2,0.01,2,Blue worm massx1; Rot jellyx1
1790523854.7,9,244,244,11,0.05,3,Blue worm massx1; Rot jellyx1; Red jellyx1; Giant black antx1; Large yellow snakex1
1790523855.6,9,244,244,11,0.05,3,Blue worm massx1; Red jellyx1; Giant black antx1; Large yellow snakex1
1790523856.3,9,244,244,9,0.04,3,Red jellyx1; Giant black antx1; Large yellow snakex1
1790523856.9,9,244,244,11,0.05,3,Blue worm massx1; Red jellyx1; Giant black antx1; Large yellow snakex1
1790523859.6,9,244,244,11,0.05,2,Blue worm massx1; Giant black antx1; Large yellow snakex1
1790523860.2,9,244,244,9,0.04,2,Giant black antx1; Large yellow snakex1
1790523861.3,9,244,244,4,0.02,1,Giant black antx1
1790523861.9,9,244,244,6,0.02,2,Blue worm massx1; Giant black antx1
1790523862.6,9,244,244,4,0.02,1,Giant black antx1
1790523864.8,9,244,244,6,0.02,2,Blue worm massx1; Giant black antx1
1790523865.5,9,244,244,8,0.03,2,Blue worm massx2; Giant black antx1
1790523866.1,9,244,244,4,0.02,2,Blue worm massx2
1790523866.8,9,244,244,6,0.02,2,Blue worm massx3
1790523867.7,9,244,244,6,0.02,2,Blue worm massx3; Rot jellyx1
1790523869.4,9,244,244,8,0.03,2,Blue worm massx4; Rot jellyx1
1790523870.7,9,244,244,10,0.04,2,Blue worm massx5; Rot jellyx1
1790523871.6,9,244,244,10,0.04,2,Blue worm massx5
1790523872.4,9,244,244,12,0.05,2,Blue worm massx6
1790523872.9,9,244,244,14,0.06,2,Blue worm massx7
1790523873.2,9,244,244,16,0.07,2,Blue worm massx8
1790523873.3,9,244,244,14,0.06,2,Blue worm massx7
1790523873.5,9,244,244,18,0.07,2,Blue worm massx9
1790523874.2,9,244,244,22,0.09,2,Blue worm massx11
1790523874.4,9,244,244,20,0.08,2,Blue worm massx10
1790523874.9,9,244,244,22,0.09,2,Blue worm massx11
1790523875.3,9,244,244,24,0.1,2,Blue worm massx12
1790523875.8,9,244,244,26,0.11,2,Blue worm massx13
1790523876.0,9,244,244,24,0.1,2,Blue worm massx12
1790523876.4,9,244,244,22,0.09,2,Blue worm massx11
1790523876.8,9,242,244,20,0.08,2,Blue worm massx10
1790523876.9,9,242,244,18,0.07,2,Blue worm massx9
1790523877.7,9,242,244,16,0.07,2,Blue worm massx8
1790523878.2,9,242,244,18,0.07,2,Blue worm massx9
1790523879.1,9,242,244,20,0.08,2,Blue worm massx10
1790523879.5,9,242,244,18,0.07,2,Blue worm massx9
1790523880.1,9,242,244,16,0.07,2,Blue worm massx8
1790523880.5,9,242,244,14,0.06,2,Blue worm massx7
1790523880.9,9,242,244,16,0.07,2,Blue worm massx8
1790523880.9,9,242,244,18,0.07,2,Blue worm massx9
1790523881.0,9,242,244,16,0.07,2,Blue worm massx8
1790523881.2,9,242,244,18,0.07,2,Blue worm massx9
1790523882.1,9,244,244,16,0.07,2,Blue worm massx8
1790523882.2,9,244,244,18,0.07,2,Blue worm massx9
1790523882.2,9,244,244,20,0.08,2,Blue worm massx10
1790523882.7,9,244,244,18,0.07,2,Blue worm massx9
1790523883.5,9,244,244,16,0.07,2,Blue worm massx8
1790523884.0,9,244,244,6,0.02,2,Blue worm massx3
1790523884.7,9,244,244,4,0.02,2,Blue worm massx2
1790523884.9,9,244,244,6,0.02,2,Blue worm massx3
1790523885.3,9,244,244,4,0.02,2,Blue worm massx2
1790523885.3,9,244,244,8,0.03,2,Blue worm massx4
1790523886.0,9,244,244,10,0.04,2,Blue worm massx5
1790523886.6,9,244,244,8,0.03,2,Blue worm massx4
1790523886.7,9,244,244,6,0.02,2,Blue worm massx3
1790523887.1,9,244,244,4,0.02,2,Blue worm massx2
1790523887.5,9,244,244,2,0.01,2,Blue worm massx1
1790523887.9,9,244,244,4,0.02,2,Blue worm massx2
1790523888.2,9,244,244,6,0.02,2,Blue worm massx3
1790523888.8,9,244,244,8,0.03,2,Blue worm massx4
1790523889.5,9,244,244,10,0.04,2,Blue worm massx5
1790523889.5,9,244,244,8,0.03,2,Blue worm massx4
1790523890.1,9,244,244,6,0.02,2,Blue worm massx3
1790523890.6,9,244,244,4,0.02,2,Blue worm massx2
1790523890.8,9,244,244,6,0.02,2,Blue worm massx3
1790523890.8,9,244,244,8,0.03,2,Blue worm massx4
1790523891.9,9,244,244,6,0.02,2,Blue worm massx3
1790523891.9,9,244,244,8,0.03,2,Blue worm massx4
1790523892.1,9,244,244,10,0.04,2,Blue worm massx5
1790523892.3,9,244,244,8,0.03,2,Blue worm massx4
1790523892.5,9,244,244,6,0.02,2,Blue worm massx3
1790523893.1,9,244,244,8,0.03,2,Blue worm massx4
1790523894.3,9,244,244,6,0.02,2,Blue worm massx3
1790523894.3,9,244,244,4,0.02,2,Blue worm massx2
1790523894.9,9,244,244,6,0.02,2,Blue worm massx3
1790523895.7,9,244,244,4,0.02,2,Blue worm massx2
1790523895.8,9,244,244,2,0.01,2,Blue worm massx1
1790523896.5,9,244,244,4,0.02,2,Blue worm massx2
1790523898.2,9,244,244,2,0.01,2,Blue worm massx1
1790523917.0,9,244,244,2,0.01,2,Blue worm massx1
1790523917.3,9,244,244,2,0.01,2,Blue worm massx1
1790523923.3,9,244,244,4,0.02,2,Blue worm massx2
1790523925.2,9,244,244,2,0.01,2,Blue worm massx1
1790523926.5,9,244,244,4,0.02,2,Blue worm massx2
1790523926.9,9,244,244,6,0.02,2,Blue worm massx3
1790523927.0,9,244,244,8,0.03,2,Blue worm massx4
1790523927.2,9,244,244,10,0.04,2,Blue worm massx5
1790523927.8,9,244,244,8,0.03,2,Blue worm massx4
1790523928.3,9,244,244,10,0.04,2,Blue worm massx5
1790523929.1,9,244,244,12,0.05,2,Blue worm massx6
1790523929.2,9,244,244,10,0.04,2,Blue worm massx5
1790523929.5,9,244,244,8,0.03,2,Blue worm massx4
1790523930.1,9,244,244,10,0.04,2,Blue worm massx5
1790523930.5,9,244,244,20,0.08,2,Blue worm massx10
1790523931.0,9,244,244,18,0.07,2,Blue worm massx9
1790523931.7,9,244,244,20,0.08,2,Blue worm massx10
1790523932.2,9,244,244,18,0.07,2,Blue worm massx9
1790523932.9,9,244,244,22,0.09,2,Blue worm massx11
1790523933.5,9,244,244,24,0.1,2,Blue worm massx12
1790523933.6,9,244,244,22,0.09,2,Blue worm massx11
1790523933.7,9,244,244,20,0.08,2,Blue worm massx10
1790523933.9,9,244,244,18,0.07,2,Blue worm massx9
1790523934.3,9,244,244,20,0.08,2,Blue worm massx10
1790523934.5,9,244,244,12,0.05,2,Blue worm massx6
1790523934.6,9,244,244,14,0.06,2,Blue worm massx7
1790523935.0,9,244,244,12,0.05,2,Blue worm massx6
1790523935.1,9,244,244,14,0.06,2,Blue worm massx7
1790523935.8,9,244,244,12,0.05,2,Blue worm massx6
1790523936.2,9,244,244,10,0.04,2,Blue worm massx5
1790523936.9,9,244,244,14,0.06,2,Blue worm massx7
1790523937.3,9,244,244,16,0.07,2,Blue worm massx8
1790523937.4,9,244,244,18,0.07,2,Blue worm massx9
1790523937.5,9,244,244,16,0.07,2,Blue worm massx8
1790523938.0,9,244,244,14,0.06,2,Blue worm massx7
1790523938.3,9,244,244,12,0.05,2,Blue worm massx6
1790523938.6,9,244,244,10,0.04,2,Blue worm massx5
1790523938.6,9,244,244,8,0.03,2,Blue worm massx4
1790523939.9,9,244,244,2,0.01,2,Blue worm massx1
1790523941.2,9,244,244,2,0.01,2,Blue worm massx1
1790523941.5,9,244,244,4,0.02,2,Blue worm massx2
1790523941.9,9,244,244,2,0.01,2,Blue worm massx1
1790523944.1,9,244,244,2,0.01,2,Blue worm massx1
1790523951.2,9,244,244,2,0.01,2,Blue worm massx1
1790523951.9,9,244,244,4,0.02,2,Blue worm massx2
1790523953.0,9,244,244,2,0.01,2,Blue worm massx1
1790524004.7,10,244,244,6,0.03,1,Large grey snakex1
1790524023.9,10,244,244,6,0.03,1,Large grey snakex1
1790524028.7,10,244,244,12,0.05,3,Wolfx1
1790524030.4,10,244,244,12,0.05,3,Wolfx1
1790524030.5,10,244,244,24,0.1,3,Wolfx2
1790524031.1,10,244,244,12,0.05,3,Wolfx1
1790524033.0,10,244,244,12,0.05,3,Wolfx1
1790524034.2,10,244,244,12,0.05,3,Wolfx1
1790524049.9,10,244,244,12,0.05,3,Wolfx1
1790524093.9,10,244,244,6,0.03,1,Large grey snakex1
1790524143.8,10,244,244,16,0.07,3,Tengux1
1790524146.3,10,244,244,16,0.07,3,Tengux1
1790524148.9,10,244,244,16,0.07,3,Tengux1
1790524149.5,10,244,244,16,0.07,3,Tengux1
1790524153.0,10,240,244,16,0.07,3,Tengux1
1790524153.4,10,240,244,3,0.01,1,Salamanderx1
1790524154.0,10,240,244,19,0.08,3,Tengux1; Salamanderx1
1790524154.3,10,240,244,16,0.07,3,Tengux1
1790524157.6,10,244,244,0,0.0,2,Floating eyex1
1790524160.4,10,244,244,8,0.03,3,Kobold shamanx1
1790524165.1,10,244,244,8,0.03,3,Kobold shamanx1
1790524250.3,10,244,244,4,0.02,2,Scruffy looking hobbitx1
1790524253.3,10,244,244,1,0.0,3,Yellow mushroom patchx1; Clear worm massx1
1790524253.9,10,244,244,1,0.0,3,Clear worm massx1
1790524255.5,10,244,244,1,0.0,3,Yellow mushroom patchx1; Clear worm massx1
1790524255.7,10,244,244,0,0.0,2,Yellow mushroom patchx1
1790524287.3,10,244,244,11,0.05,3,Pseudo-dragonx1
1790524307.8,10,244,244,2,0.01,3,Jackalx2
1790524308.5,10,244,244,1,0.0,3,Jackalx1
1790524308.7,10,244,244,2,0.01,3,Jackalx2
1790524309.6,10,244,244,1,0.0,3,Jackalx1
1790524309.8,10,244,244,2,0.01,3,Jackalx2
1790524310.2,10,244,244,6,0.02,3,Jackalx6
1790524310.5,10,244,244,5,0.02,3,Jackalx5
1790524310.7,10,244,244,4,0.02,3,Jackalx4
1790524311.1,10,244,244,5,0.02,3,Jackalx5
1790524311.2,10,244,244,6,0.02,3,Jackalx6
1790524311.3,10,244,244,5,0.02,3,Jackalx5
1790524311.4,10,244,244,4,0.02,3,Jackalx4
1790524312.0,10,244,244,3,0.01,3,Jackalx3
1790524312.3,10,244,244,2,0.01,3,Jackalx2
1790524312.8,10,244,244,3,0.01,3,Jackalx3
1790524313.0,10,244,244,2,0.01,3,Jackalx2
1790524313.3,10,244,244,3,0.01,3,Jackalx3
1790524313.8,10,244,244,2,0.01,3,Jackalx2
1790524314.0,10,244,244,1,0.0,3,Jackalx1
1790524314.1,10,244,244,2,0.01,3,Jackalx2
1790524314.3,10,244,244,1,0.0,3,Jackalx1
1790524314.5,10,244,244,6,0.02,3,Jackalx6
1790524314.6,10,244,244,5,0.02,3,Jackalx5
1790524315.1,10,244,244,4,0.02,3,Jackalx4
1790524315.1,10,244,244,3,0.01,3,Jackalx3
1790524315.2,10,244,244,4,0.02,3,Jackalx4
1790524315.6,10,244,244,3,0.01,3,Jackalx3
1790524315.9,10,244,244,4,0.02,3,Jackalx4
1790524316.2,10,244,244,5,0.02,3,Jackalx5
1790524316.2,10,244,244,4,0.02,3,Jackalx4
1790524316.7,10,244,244,3,0.01,3,Jackalx3
1790524316.9,10,244,244,2,0.01,3,Jackalx2
1790524317.4,10,244,244,1,0.0,3,Jackalx1
1790524317.6,10,244,244,2,0.01,3,Jackalx2
1790524318.5,10,244,244,1,0.0,3,Jackalx1
1790524334.8,10,244,244,2,0.01,2,Blue worm massx1
1790524334.9,10,244,244,4,0.02,2,Blue worm massx2
1790524335.7,10,244,244,6,0.02,2,Blue worm massx3
1790524336.1,10,244,244,8,0.03,2,Blue worm massx4
1790524337.0,10,244,244,6,0.02,2,Blue worm massx3
1790524337.1,10,244,244,4,0.02,2,Blue worm massx2
1790524337.5,10,244,244,2,0.01,2,Blue worm massx1
1790524338.2,10,244,244,4,0.02,2,Blue worm massx2
1790524338.6,10,244,244,2,0.01,2,Blue worm massx1
1790524346.9,10,244,244,3,0.01,1,Giant green frogx1
1790524348.6,10,244,244,0,0.0,2,Yellow mushroom patchx1
1790524375.4,10,244,244,11,0.05,3,Pseudo-dragonx1
1790524376.1,10,244,244,11,0.05,3,Pseudo-dragonx1; Blue jellyx1
1790524379.0,10,226,244,0,0.0,1,Blue jellyx1
1790524459.5,10,244,244,16,0.07,2,Dark elven warriorx1
1790524474.2,10,256,256,30,0.12,2,Swordsmanx1
1790524499.0,10,256,256,4,0.02,2,Giant fleax1
1790524499.7,10,256,256,8,0.03,2,Giant fleax2
1790524499.9,10,256,256,16,0.06,2,Zombified humanx1; Giant fleax2
1790524500.6,10,256,256,12,0.05,2,Zombified humanx1; Giant fleax1
1790524500.9,10,256,256,16,0.06,2,Zombified humanx1; Giant fleax2
1790524501.8,10,256,256,12,0.05,2,Zombified humanx1; Giant fleax1
1790524502.1,10,256,256,36,0.14,4,Dark elven magex1; Zombified humanx1; Giant fleax1
1790524503.0,10,256,256,32,0.12,4,Dark elven magex1; Zombified humanx1
1790524503.3,10,256,256,36,0.14,4,Dark elven magex1; Zombified humanx1; Giant fleax1
1790524503.6,10,256,256,32,0.12,4,Dark elven magex1; Zombified humanx1
1790524504.9,10,236,256,24,0.1,4,Dark elven magex1
1790524505.0,10,236,256,8,0.03,1,Skeleton humanx1
1790524505.4,10,235,256,12,0.05,2,Skeleton humanx1; Giant fleax1
1790524505.5,10,235,256,4,0.02,2,Giant fleax1
1790524505.8,10,236,256,4,0.02,2,Giant fleax1
1790524506.3,10,236,256,4,0.02,2,Giant fleax1
1790524506.4,10,236,256,4,0.02,2,Giant fleax1
1790524506.5,10,236,256,8,0.03,2,Giant fleax2
1790524506.6,10,236,256,4,0.02,2,Giant fleax1
1790524506.9,10,236,256,4,0.02,2,Giant fleax1
1790524507.1,10,236,256,8,0.03,2,Giant fleax2
1790524507.5,10,236,256,8,0.03,2,Giant fleax2
1790524507.6,10,236,256,12,0.05,2,Giant fleax3
1790524507.8,10,236,256,16,0.07,2,Giant fleax4
1790524507.9,10,236,256,12,0.05,2,Giant fleax3
1790524507.9,10,236,256,8,0.03,2,Giant fleax2
1790524508.0,10,236,256,12,0.05,2,Giant fleax3
1790524508.2,10,237,256,16,0.07,2,Giant fleax4
1790524508.4,10,237,256,20,0.08,2,Giant fleax5
1790524508.6,10,237,256,16,0.07,2,Giant fleax4
1790524508.7,10,237,256,20,0.08,2,Giant fleax5
1790524508.7,10,237,256,16,0.07,2,Giant fleax4
1790524508.8,10,237,256,12,0.05,2,Giant fleax3
1790524509.0,10,237,256,8,0.03,2,Giant fleax2
1790524509.1,10,237,256,4,0.02,2,Giant fleax1
1790524509.4,10,237,256,4,0.02,2,Giant fleax1
1790524509.8,10,237,256,4,0.02,2,Giant fleax1
1790524510.8,10,238,256,8,0.03,2,Giant fleax2
1790524510.8,10,238,256,4,0.02,2,Giant fleax1
1790524511.1,10,240,256,8,0.03,2,Giant fleax2
1790524511.3,10,240,256,4,0.02,2,Giant fleax1
1790524511.4,10,240,256,4,0.02,2,Giant fleax1
1790524511.8,10,240,256,4,0.02,2,Giant fleax1
1790524512.2,10,240,256,4,0.02,2,Giant fleax1
1790524512.7,10,241,256,4,0.02,2,Giant fleax1
1790524513.0,10,241,256,8,0.03,2,Giant fleax2
1790524513.2,10,242,256,4,0.02,2,Giant fleax1
1790524513.5,10,242,256,4,0.02,2,Giant fleax1
1790524513.9,10,242,256,4,0.02,2,Giant fleax1
1790524514.0,10,242,256,8,0.03,2,Giant fleax2
1790524514.0,10,242,256,4,0.02,2,Giant fleax1
1790524514.9,10,244,256,4,0.02,2,Giant fleax1
1790524515.4,10,245,256,4,0.02,2,Giant fleax1
1790524515.8,10,245,256,4,0.02,2,Giant fleax1
1790524515.9,10,245,256,8,0.03,2,Giant fleax2
1790524516.0,10,245,256,4,0.02,2,Giant fleax1
1790524516.3,10,244,256,8,0.03,2,Giant fleax2
1790524516.4,10,244,256,12,0.05,2,Giant fleax3
1790524516.5,10,244,256,8,0.03,2,Giant fleax2
1790524516.6,10,244,256,4,0.02,2,Giant fleax1
1790524517.2,10,244,256,8,0.03,2,Giant fleax2
1790524517.3,10,244,256,4,0.02,2,Giant fleax1
1790524517.4,10,244,256,8,0.03,2,Giant fleax2
1790524517.4,10,244,256,4,0.02,2,Giant fleax1
1790524518.1,10,246,256,4,0.02,2,Giant fleax1
1790524518.1,10,246,256,8,0.03,2,Giant fleax2
1790524518.2,10,246,256,12,0.05,2,Giant fleax3
1790524518.5,10,247,256,8,0.03,2,Giant fleax2
1790524518.8,10,247,256,4,0.02,2,Giant fleax1
1790524519.1,10,247,256,4,0.02,2,Giant fleax1
1790524519.4,10,247,256,8,0.03,2,Giant fleax2
1790524519.4,10,247,256,4,0.02,2,Giant fleax1
1790524519.7,10,248,256,4,0.02,2,Giant fleax1
1790524519.9,10,248,256,4,0.02,2,Giant fleax1
1790524520.1,10,249,256,8,0.03,2,Giant fleax2
1790524520.2,10,249,256,4,0.02,2,Giant fleax1
1790524520.3,10,249,256,8,0.03,2,Giant fleax2
1790524520.4,10,249,256,4,0.02,2,Giant fleax1
1790524520.5,10,249,256,12,0.05,2,Giant fleax3
1790524520.7,10,250,256,8,0.03,2,Giant fleax2
1790524520.7,10,250,256,4,0.02,2,Giant fleax1
1790524521.0,10,250,256,8,0.03,2,Giant fleax2
1790524521.0,10,250,256,4,0.02,2,Giant fleax1
1790524521.3,10,250,256,8,0.03,2,Giant fleax2
1790524521.4,10,250,256,4,0.02,2,Giant fleax1
1790524521.6,10,250,256,4,0.02,2,Giant fleax1
1790524521.6,10,250,256,8,0.03,2,Giant fleax2
1790524521.9,10,250,256,4,0.02,2,Giant fleax1
1790524522.0,10,250,256,8,0.03,2,Giant fleax2
1790524522.1,10,250,256,4,0.02,2,Giant fleax1
1790524522.3,10,249,256,8,0.03,2,Giant fleax2
1790524522.7,10,249,256,4,0.02,2,Giant fleax1
1790524522.7,10,249,256,16,0.06,2,Giant fleax4
1790524523.0,10,249,256,12,0.05,2,Giant fleax3
1790524523.0,10,249,256,8,0.03,2,Giant fleax2
1790524523.2,10,249,256,4,0.02,2,Giant fleax1
1790524523.2,10,249,256,8,0.03,2,Giant fleax2
1790524523.3,10,249,256,12,0.05,2,Giant fleax3
1790524523.5,10,249,256,8,0.03,2,Giant fleax2
1790524523.6,10,249,256,4,0.02,2,Giant fleax1
1790524523.9,10,249,256,8,0.03,2,Giant fleax2
1790524524.1,10,251,256,12,0.05,2,Giant fleax3
1790524524.3,10,251,256,16,0.06,2,Giant fleax4
1790524524.3,10,251,256,4,0.02,2,Giant fleax1
1790524524.5,10,251,256,4,0.02,2,Giant fleax1
1790524524.9,10,251,256,8,0.03,2,Giant fleax2
1790524524.9,10,251,256,8,0.03,2,Giant fleax2
1790524525.2,10,252,256,4,0.02,2,Giant fleax1
1790524525.3,10,252,256,8,0.03,2,Giant fleax2
1790524525.4,10,252,256,4,0.02,2,Giant fleax1
1790524525.9,10,252,256,8,0.03,2,Giant fleax2
1790524526.0,10,252,256,4,0.02,2,Giant fleax1
1790524526.4,10,252,256,8,0.03,2,Giant fleax2
1790524526.6,10,252,256,4,0.02,2,Giant fleax1
1790524526.8,10,252,256,8,0.03,2,Giant fleax2
1790524526.9,10,252,256,12,0.05,2,Giant fleax3
1790524527.1,10,252,256,8,0.03,2,Giant fleax2
1790524527.1,10,252,256,4,0.02,2,Giant fleax1
1790524527.1,10,252,256,8,0.03,2,Giant fleax2
1790524527.3,10,253,256,12,0.05,2,Giant fleax3
1790524527.4,10,253,256,12,0.05,2,Giant fleax3
1790524527.5,10,253,256,16,0.06,2,Giant fleax4
1790524527.6,10,253,256,12,0.05,2,Giant fleax3
1790524527.8,10,253,256,8,0.03,2,Giant fleax2
1790524527.8,10,253,256,12,0.05,2,Giant fleax3
1790524527.9,10,253,256,8,0.03,2,Giant fleax2
1790524528.0,10,253,256,4,0.02,2,Giant fleax1
1790524528.3,10,253,256,4,0.02,2,Giant fleax1
1790524528.5,10,253,256,8,0.03,2,Giant fleax2
1790524528.5,10,253,256,4,0.02,2,Giant fleax1
1790524529.3,10,254,256,8,0.03,2,Giant fleax2
1790524529.6,10,254,256,4,0.02,2,Giant fleax1
1790524529.7,10,254,256,8,0.03,2,Giant fleax2
1790524530.0,10,254,256,4,0.02,2,Giant fleax1
1790524530.2,10,256,256,8,0.03,2,Giant fleax2
1790524530.2,10,256,256,4,0.02,2,Giant fleax1
1790524530.3,10,256,256,8,0.03,2,Giant fleax2
1790524530.4,10,256,256,4,0.02,2,Giant fleax1
1790524530.9,10,247,256,4,0.02,2,Giant fleax1
1790524531.7,10,247,256,8,0.03,2,Giant fleax2
1790524532.1,10,247,256,4,0.02,2,Giant fleax1
1790524532.2,10,247,256,4,0.02,2,Giant fleax1
1790524533.2,10,247,256,4,0.02,2,Giant fleax1
1790524533.4,10,247,256,8,0.03,2,Giant fleax2
1790524533.5,10,247,256,12,0.05,2,Giant fleax3
1790524533.5,10,247,256,8,0.03,2,Giant fleax2
1790524533.9,10,247,256,12,0.05,2,Giant fleax3
1790524534.2,10,247,256,8,0.03,2,Giant fleax2
1790524534.3,10,247,256,4,0.02,2,Giant fleax1
1790524534.5,10,247,256,8,0.03,2,Giant fleax2
1790524534.9,10,247,256,4,0.02,2,Giant fleax1
1790524535.9,10,247,256,4,0.02,2,Giant fleax1
1790524536.1,10,247,256,8,0.03,2,Giant fleax2
1790524536.4,10,250,256,12,0.05,2,Giant fleax3
1790524536.7,10,250,256,8,0.03,2,Giant fleax2
1790524537.1,10,251,256,4,0.02,2,Giant fleax1
1790524537.2,10,251,256,4,0.02,2,Giant fleax1
1790524537.8,10,251,256,4,0.02,2,Giant fleax1
1790524538.0,10,251,256,12,0.05,2,Giant fleax3
1790524538.0,10,251,256,16,0.06,2,Giant fleax4
1790524538.2,10,251,256,12,0.05,2,Giant fleax3
1790524538.2,10,251,256,8,0.03,2,Giant fleax2
1790524538.4,10,251,256,4,0.02,2,Giant fleax1
1790524538.5,10,251,256,8,0.03,2,Giant fleax2
1790524539.1,10,251,256,12,0.05,2,Giant fleax3
1790524539.1,10,251,256,8,0.03,2,Giant fleax2
1790524539.2,10,251,256,12,0.05,2,Giant fleax3
1790524539.2,10,251,256,16,0.06,2,Giant fleax4
1790524539.4,10,251,256,20,0.08,2,Giant fleax5
1790524539.4,10,251,256,24,0.1,2,Giant fleax6
1790524539.5,10,251,256,20,0.08,2,Giant fleax5
1790524539.5,10,251,256,16,0.06,2,Giant fleax4
1790524539.8,10,251,256,8,0.03,2,Giant fleax2
1790524539.8,10,251,256,12,0.05,2,Giant fleax3
1790524540.0,10,251,256,16,0.06,2,Giant fleax4
1790524540.0,10,251,256,12,0.05,2,Giant fleax3
1790524540.1,10,251,256,16,0.06,2,Giant fleax4
1790524540.2,10,251,256,12,0.05,2,Giant fleax3
1790524540.4,10,251,256,20,0.08,2,Giant fleax5
1790524540.4,10,251,256,16,0.06,2,Giant fleax4
1790524540.7,10,251,256,12,0.05,2,Giant fleax3
1790524540.7,10,251,256,16,0.06,2,Giant fleax4
1790524540.9,10,251,256,12,0.05,2,Giant fleax3
1790524541.0,10,251,256,8,0.03,2,Giant fleax2
1790524541.1,10,251,256,4,0.02,2,Giant fleax1
1790524541.3,10,251,256,8,0.03,2,Giant fleax2
1790524541.7,10,251,256,4,0.02,2,Giant fleax1
1790524542.2,10,252,256,4,0.02,2,Giant fleax1
1790524542.7,10,252,256,8,0.03,2,Giant fleax2
1790524542.9,10,252,256,4,0.02,2,Giant fleax1
1790524543.1,10,252,256,4,0.02,2,Giant fleax1
1790524543.4,10,254,256,8,0.03,2,Giant fleax2
1790524543.5,10,254,256,4,0.02,2,Giant fleax1
1790524544.0,10,254,256,8,0.03,2,Giant fleax2
1790524544.0,10,254,256,4,0.02,2,Giant fleax1
1790524544.2,10,254,256,4,0.02,2,Giant fleax1
1790524544.9,10,254,256,4,0.02,2,Giant fleax1
1790524544.9,10,254,256,8,0.03,2,Giant fleax2
1790524545.1,10,255,256,12,0.05,2,Giant fleax3
1790524545.4,10,255,256,16,0.06,2,Giant fleax4
1790524545.5,10,255,256,12,0.05,2,Giant fleax3
1790524545.5,10,255,256,8,0.03,2,Giant fleax2
1790524545.6,10,255,256,12,0.05,2,Giant fleax3
1790524545.6,10,255,256,16,0.06,2,Giant fleax4
1790524546.0,10,255,256,12,0.05,2,Giant fleax3
1790524546.0,10,255,256,16,0.06,2,Giant fleax4
1790524546.2,10,255,256,12,0.05,2,Giant fleax3
1790524546.2,10,255,256,16,0.06,2,Giant fleax4
1790524546.3,10,255,256,12,0.05,2,Giant fleax3
1790524546.4,10,255,256,8,0.03,2,Giant fleax2
1790524546.4,10,255,256,12,0.05,2,Giant fleax3
1790524546.5,10,255,256,8,0.03,2,Giant fleax2
1790524546.5,10,255,256,4,0.02,2,Giant fleax1
1790524546.7,10,255,256,8,0.03,2,Giant fleax2
1790524546.9,10,255,256,12,0.05,2,Giant fleax3
1790524546.9,10,255,256,16,0.06,2,Giant fleax4
1790524547.0,10,255,256,12,0.05,2,Giant fleax3
1790524547.1,10,255,256,8,0.03,2,Giant fleax2
1790524547.1,10,255,256,4,0.02,2,Giant fleax1
1790524547.2,10,255,256,8,0.03,2,Giant fleax2
1790524547.3,10,255,256,12,0.05,2,Giant fleax3
1790524547.3,10,255,256,8,0.03,2,Giant fleax2
1790524547.6,10,256,256,4,0.02,2,Giant fleax1
1790524547.9,10,256,256,4,0.02,2,Giant fleax1
1790524547.9,10,256,256,8,0.03,2,Giant fleax2
1790524547.9,10,256,256,8,0.03,2,Giant fleax2
1790524548.0,10,256,256,4,0.02,2,Giant fleax1
1790524548.2,10,256,256,4,0.02,2,Giant fleax1
1790524548.3,10,256,256,8,0.03,2,Giant fleax2
1790524548.4,10,256,256,4,0.02,2,Giant fleax1
1790524548.6,10,256,256,8,0.03,2,Giant fleax2
1790524548.7,10,256,256,4,0.02,2,Giant fleax1
1790524549.1,10,256,256,4,0.02,2,Giant fleax1
1790524549.1,10,256,256,8,0.03,2,Giant fleax2
1790524549.2,10,256,256,12,0.05,2,Giant fleax3
1790524549.2,10,256,256,8,0.03,2,Giant fleax2
1790524549.3,10,256,256,12,0.05,2,Giant fleax3
1790524549.3,10,256,256,8,0.03,2,Giant fleax2
1790524549.4,10,256,256,12,0.05,2,Giant fleax3
1790524549.5,10,256,256,12,0.05,2,Giant fleax3
1790524549.6,10,256,256,16,0.06,2,Giant fleax4
1790524549.7,10,256,256,12,0.05,2,Giant fleax3
1790524549.8,10,256,256,8,0.03,2,Giant fleax2
1790524549.9,10,256,256,4,0.02,2,Giant fleax1
1790524550.1,10,256,256,8,0.03,2,Giant fleax2
1790524550.3,10,256,256,12,0.05,2,Giant fleax3
1790524550.4,10,256,256,16,0.06,2,Giant fleax4
1790524550.4,10,256,256,20,0.08,2,Giant fleax5
1790524550.7,10,256,256,16,0.06,2,Giant fleax4
1790524550.7,10,256,256,12,0.05,2,Giant fleax3
1790524550.8,10,256,256,8,0.03,2,Giant fleax2
1790524551.0,10,256,256,12,0.05,2,Giant fleax3
1790524551.1,10,256,256,8,0.03,2,Giant fleax2
1790524551.3,10,256,256,4,0.02,2,Giant fleax1
1790524551.6,10,256,256,4,0.02,2,Giant fleax1
1790524551.7,10,256,256,8,0.03,2,Giant fleax2
1790524551.7,10,256,256,12,0.05,2,Giant fleax3
1790524551.8,10,256,256,8,0.03,2,Giant fleax2
1790524552.0,10,256,256,4,0.02,2,Giant fleax1
1790524552.9,10,256,256,8,0.03,2,Giant fleax2
1790524553.3,10,256,256,4,0.02,2,Giant fleax1
1790524553.7,10,256,256,4,0.02,2,Giant fleax1
1790524554.3,10,256,256,4,0.02,2,Giant fleax1
1790524554.8,10,256,256,4,0.02,2,Giant fleax1
1790524555.2,10,256,256,4,0.02,2,Giant fleax1
1790524555.6,10,256,256,8,0.03,2,Giant fleax2
1790524555.6,10,256,256,4,0.02,2,Giant fleax1
1790524555.9,10,256,256,8,0.03,2,Giant fleax2
1790524555.9,10,256,256,4,0.02,2,Giant fleax1
1790524557.7,10,256,256,4,0.02,2,Giant fleax1
1790524557.8,10,256,256,8,0.03,2,Giant fleax2
1790524557.8,10,256,256,4,0.02,2,Giant fleax1
1790524557.8,10,256,256,8,0.03,2,Giant fleax2
1790524557.9,10,256,256,4,0.02,2,Giant fleax1
1790524557.9,10,256,256,8,0.03,2,Giant fleax2
1790524557.9,10,256,256,4,0.02,2,Giant fleax1
1790524559.0,0,256,256,4,0.02,2,Giant fleax1
1790524559.3,0,256,256,4,0.02,2,Giant fleax1
1790524559.3,0,256,256,4,0.02,2,Giant fleax1
1790524559.7,0,256,256,4,0.02,2,Giant fleax1
1790524560.3,0,256,256,4,0.02,2,Giant fleax1
1790524574.5,0,256,256,0,0.0,0,Boil-covered wretchx1
1790525205.2,12,256,256,8,0.03,2,Snagax1
1790525205.8,12,256,256,8,0.03,2,Snagax1
1790525206.4,12,256,256,8,0.03,2,Snagax1
1790525207.0,12,256,256,8,0.03,2,Snagax1
1790525207.7,12,256,256,8,0.03,2,Snagax1
1790525213.6,12,256,256,8,0.03,2,Snagax1
1790525214.3,12,256,256,32,0.12,2,Snagax1; Black orcx1
1790525214.4,12,256,256,40,0.16,2,Snagax2; Black orcx1
1790525214.9,12,256,256,32,0.12,2,Snagax1; Black orcx1
1790525216.0,12,256,256,40,0.16,2,Snagax2; Black orcx1
1790525216.5,12,256,256,62,0.24,3,Snagax1; Black orcx1; Urukx1
1790525217.0,12,256,256,72,0.28,3,Snagax1; Black orcx1; Hill orcx1; Urukx1
1790525217.8,12,256,256,96,0.38,3,Snagax1; Black orcx2; Hill orcx1; Urukx1
1790525218.1,12,256,256,72,0.28,3,Snagax1; Hill orcx1; Black orcx1; Urukx1
1790525218.4,12,256,256,80,0.31,3,Snagax2; Hill orcx1; Black orcx1; Urukx1
1790525219.0,12,256,256,104,0.41,3,Snagax2; Black orcx2; Hill orcx1; Urukx1
1790525220.7,12,193,256,74,0.38,3,Snagax2; Black orcx2; Hill orcx1
1790525221.3,12,193,256,104,0.54,3,Snagax2; Black orcx2; Hill orcx1; Urukx1
1790525221.8,12,193,256,96,0.5,3,Snagax1; Black orcx2; Hill orcx1; Urukx1
1790525222.9,12,193,256,126,0.65,3,Snagax1; Black orcx2; Hill orcx1; Urukx2
1790525224.1,12,193,256,116,0.6,3,Snagax1; Black orcx2; Urukx2
1790525224.9,12,138,256,161,1.17,4,Snagax1; Black orcx2; Urukx2; Orc captainx1
1790525225.2,12,138,256,137,0.99,4,Snagax1; Black orcx1; Urukx2; Orc captainx1
1790525226.5,12,138,256,145,1.05,4,Snagax2; Black orcx1; Urukx2; Orc captainx1
1790525226.9,12,138,256,121,0.88,4,Snagax2; Urukx2; Orc captainx1
1790525227.3,12,138,256,145,1.05,4,Snagax2; Black orcx1; Urukx2; Orc captainx1
1790525228.5,12,99,256,115,1.16,4,Snagax2; Black orcx1; Urukx1; Orc captainx1
1790525231.8,12,138,256,10,0.07,3,Hill orcx1
1790525236.7,12,137,256,34,0.25,3,Black orcx1; Hill orcx1
1790525237.7,12,137,256,20,0.15,3,Hill orcx2
1790525238.2,12,137,256,44,0.32,3,Black orcx1; Hill orcx2
1790525238.3,12,137,256,34,0.25,3,Black orcx1; Hill orcx1
1790525238.4,12,137,256,44,0.32,3,Black orcx1; Hill orcx2
1790525239.0,12,137,256,54,0.39,3,Black orcx1; Hill orcx3
1790525239.0,12,137,256,44,0.32,3,Black orcx1; Hill orcx2
1790525239.1,12,137,256,52,0.38,3,Snagax1; Black orcx1; Hill orcx2
1790525239.7,12,137,256,28,0.2,3,Snagax1; Hill orcx2
1790525240.1,12,137,256,36,0.26,3,Snagax2; Hill orcx2
1790525240.3,12,137,256,46,0.34,3,Snagax2; Hill orcx3
1790525240.6,12,137,256,38,0.28,3,Snagax1; Hill orcx3
1790525241.7,12,137,256,28,0.2,3,Snagax1; Hill orcx2
1790525241.9,12,137,256,36,0.26,3,Snagax2; Hill orcx2
1790525242.0,12,137,256,26,0.19,3,Snagax2; Hill orcx1
1790525243.1,12,137,256,16,0.12,2,Snagax2
1790525243.2,12,137,256,24,0.18,2,Snagax3
1790525243.7,12,137,256,16,0.12,2,Snagax2
1790525244.6,12,107,256,24,0.22,2,Snagax3
1790525244.9,12,107,256,16,0.15,2,Snagax2
1790525245.5,12,107,256,24,0.22,2,Snagax3
1790525245.7,12,107,256,16,0.15,2,Snagax2
1790525246.9,12,104,256,8,0.08,2,Snagax1
1790525248.6,12,117,256,10,0.09,3,Hill orcx1
1790525248.7,12,117,256,18,0.15,3,Snagax1; Hill orcx1
1790525249.4,12,117,256,8,0.07,2,Snagax1
1790525250.1,12,117,256,18,0.15,3,Snagax1; Hill orcx1
1790525251.4,12,117,256,8,0.07,2,Snagax1
1790525252.4,12,119,256,8,0.07,2,Snagax1
1790525253.2,12,119,256,16,0.13,2,Snagax2
1790525254.7,12,114,256,8,0.07,2,Snagax1
1790525255.1,12,114,256,32,0.28,2,Snagax1; Black orcx1
1790525255.9,12,101,256,40,0.4,2,Snagax2; Black orcx1
1790525320.9,12,256,256,48,0.19,3,Stegocentipedex1
1790525535.4,0,256,256,0,0.0,0,Boil-covered wretchx1
1790525537.7,0,256,256,0,0.0,0,Boil-covered wretchx1
1790525599.9,12,256,256,4,0.02,1,Giant white centipedex1
1790525606.3,12,256,256,4,0.02,1,Zombified koboldx1
1790525615.0,12,256,256,0,0.0,1,Green jellyx1
1790525620.7,12,256,256,0,0.0,1,Green jellyx1
1790525623.9,12,256,256,0,0.0,1,Green jellyx1
1790525638.1,12,249,256,10,0.04,3,Novice rangerx1
1790525647.5,12,256,256,0,0.0,1,Green jellyx1
1790525652.0,12,256,256,38,0.15,3,Dark elven priestx1
1790525664.9,12,256,256,0,0.0,3,Red jellyx1
1790525676.9,12,256,256,0,0.0,3,Red jellyx1
1790525689.7,12,256,256,0,0.0,3,Red jellyx1
1790525697.3,12,256,256,0,0.0,3,Red jellyx1
1790525707.4,12,256,256,0,0.0,1,Green jellyx1
1790525764.5,12,253,256,0,0.0,1,Green jellyx1
1790525788.5,12,256,256,32,0.12,3,Pantherx1
1790525796.5,12,256,256,14,0.05,3,Novice warriorx1
1790525797.0,12,256,256,28,0.11,3,Novice warriorx2
1790525797.6,12,251,256,42,0.17,3,Novice warriorx3
1790525797.8,12,251,256,56,0.22,3,Novice warriorx4
1790525798.0,12,251,256,42,0.17,3,Novice warriorx3
1790525798.5,12,252,256,28,0.11,3,Novice warriorx2
1790525799.0,12,252,256,42,0.17,3,Novice warriorx3
1790525799.1,12,252,256,28,0.11,3,Novice warriorx2
1790525799.8,12,252,256,42,0.17,3,Novice warriorx3
1790525800.0,12,254,256,56,0.22,3,Novice warriorx4
1790525800.5,12,254,256,42,0.17,3,Novice warriorx3
1790525800.9,12,254,256,28,0.11,3,Novice warriorx2
1790525801.8,12,254,256,14,0.06,3,Novice warriorx1
1790525801.8,12,254,256,28,0.11,3,Novice warriorx2
1790525802.8,12,256,256,14,0.05,3,Novice warriorx1
1790525802.9,12,256,256,28,0.11,3,Novice warriorx2
1790525803.5,12,256,256,14,0.05,3,Novice warriorx1
1790525803.8,12,256,256,28,0.11,3,Novice warriorx2
1790525804.0,12,256,256,14,0.05,3,Novice warriorx1
1790525814.7,12,256,256,14,0.05,3,Novice warriorx1
1790525815.3,12,256,256,14,0.05,3,Novice warriorx1
1790525816.0,12,256,256,14,0.05,3,Novice warriorx1
1790525817.3,12,256,256,14,0.05,3,Novice warriorx1
1790525818.0,12,256,256,14,0.05,3,Novice warriorx1
1790525820.0,12,256,256,14,0.05,3,King cobrax1
1790525824.0,12,256,256,14,0.05,3,King cobrax1
1790525824.6,12,256,256,14,0.05,3,King cobrax1
1790525828.6,12,252,256,12,0.05,1,Crowx1
1790525830.9,12,252,256,14,0.06,3,King cobrax1
1790525887.9,12,256,256,14,0.05,3,King cobrax1
1790525888.6,12,256,256,14,0.05,3,King cobrax1
1790525894.5,12,256,256,0,0.0,1,Yellow moldx1
1790525899.6,12,256,256,14,0.05,3,King cobrax1
1790525900.7,12,256,256,14,0.05,3,King cobrax1
1790525903.6,12,256,256,14,0.05,3,King cobrax1
1790525904.3,12,256,256,14,0.05,3,King cobrax1
1790525904.9,12,256,256,14,0.05,3,King cobrax1
1790525905.6,12,256,256,14,0.05,3,King cobrax1
1790525913.1,12,256,256,14,0.05,3,King cobrax1
1790525924.0,12,256,256,0,0.0,2,Yellow mushroom patchx1
1790525932.2,12,256,256,0,0.0,2,Yellow mushroom patchx1
1790525944.8,12,254,256,14,0.06,3,King cobrax1
1790526061.7,0,256,256,0,0.0,0,Boil-covered wretchx1
1790526125.5,12,256,256,0,0.0,2,Floating eyex1
1790526136.1,12,256,256,0,0.0,1,Hairy moldx1
1790526152.7,12,256,256,11,0.04,3,Pseudo-dragonx1
1790526161.1,12,256,256,11,0.04,3,Pseudo-dragonx1
1790526232.1,12,256,256,10,0.04,2,Large koboldx1
1790526260.4,12,256,256,11,0.04,3,Baby white dragonx1
1790526274.5,12,256,256,11,0.04,3,Baby gold dragonx1
1790526299.7,12,256,256,64,0.25,2,Red nagax1
1790526308.9,12,256,256,10,0.04,1,Rattlesnakex1
1790526376.3,12,256,256,14,0.05,2,White wolfx1
1790526381.5,12,255,256,14,0.05,2,White wolfx1
1790526381.8,12,255,256,28,0.11,2,White wolfx2
1790526382.7,12,255,256,42,0.16,2,White wolfx3
1790526382.9,12,255,256,28,0.11,2,White wolfx2
1790526383.3,12,255,256,28,0.11,2,White wolfx2
1790526384.0,12,256,256,14,0.05,2,White wolfx1
1790526388.2,12,256,256,14,0.05,2,White wolfx1
1790526406.9,12,244,256,14,0.06,2,White wolfx1
1790526409.4,12,244,256,14,0.06,2,White wolfx1
1790526412.6,12,251,256,14,0.06,2,White wolfx1
1790526415.9,12,249,256,14,0.06,2,White wolfx1
1790526416.6,12,243,256,14,0.06,2,White wolfx1
1790526469.2,12,256,256,5,0.02,3,Novice priestx1
1790526505.1,13,256,256,8,0.03,3,Kobold shamanx1
1790526514.9,12,256,256,7,0.03,3,Jackalx3; Novice magex1
1790526517.7,12,256,256,8,0.03,3,Jackalx4; Novice magex1
1790526518.4,12,256,256,9,0.04,3,Jackalx5; Novice magex1
1790526518.9,12,256,256,11,0.04,3,Jackalx7; Novice magex1
1790526519.1,12,256,256,12,0.05,3,Jackalx8; Novice magex1
1790526519.3,12,256,256,13,0.05,3,Jackalx9; Novice magex1
1790526519.5,12,256,256,12,0.05,3,Jackalx8; Novice magex1
1790526519.6,12,256,256,11,0.04,3,Jackalx7; Novice magex1
1790526519.8,12,256,256,12,0.05,3,Jackalx8; Novice magex1
1790526520.0,12,256,256,11,0.04,3,Jackalx7; Novice magex1
1790526520.2,12,255,256,12,0.05,3,Jackalx8; Novice magex1
1790526520.3,12,255,256,8,0.03,3,Jackalx8
1790526520.3,12,255,256,7,0.03,3,Jackalx7
1790526520.7,12,255,256,6,0.02,3,Jackalx6
1790526520.8,12,255,256,7,0.03,3,Jackalx7
1790526521.2,12,255,256,6,0.02,3,Jackalx6
1790526521.3,12,256,256,7,0.03,3,Jackalx7
1790526521.4,12,256,256,6,0.02,3,Jackalx6
1790526521.6,12,256,256,5,0.02,3,Jackalx5
1790526522.1,12,256,256,6,0.02,3,Jackalx6
1790526522.1,12,256,256,7,0.03,3,Jackalx7
1790526522.2,12,256,256,9,0.04,3,Jackalx9
1790526522.5,12,256,256,8,0.03,3,Jackalx8
1790526522.7,12,256,256,8,0.03,3,Jackalx8
1790526523.4,12,256,256,7,0.03,3,Jackalx7
1790526523.4,12,256,256,8,0.03,3,Jackalx8
1790526523.8,12,256,256,7,0.03,3,Jackalx7
1790526524.1,12,256,256,6,0.02,3,Jackalx6
1790526524.3,12,256,256,5,0.02,3,Jackalx5
1790526524.7,12,256,256,6,0.02,3,Jackalx6
1790526524.7,12,256,256,5,0.02,3,Jackalx5
1790526524.9,12,256,256,6,0.02,3,Jackalx6
1790526524.9,12,256,256,5,0.02,3,Jackalx5
1790526525.3,12,256,256,23,0.09,3,Jackalx5; Giant salamanderx1
1790526525.4,12,256,256,24,0.09,3,Jackalx6; Giant salamanderx1
1790526525.4,12,256,256,23,0.09,3,Jackalx5; Giant salamanderx1
1790526525.6,12,256,256,21,0.08,3,Jackalx3; Giant salamanderx1
1790526525.9,12,256,256,20,0.08,3,Jackalx2; Giant salamanderx1
1790526525.9,12,256,256,2,0.01,3,Jackalx2
1790526526.4,12,256,256,3,0.01,3,Jackalx3
1790526526.5,12,256,256,2,0.01,3,Jackalx2
1790526526.6,12,256,256,20,0.08,3,Jackalx2; Giant salamanderx1
1790526527.0,12,256,256,19,0.07,3,Jackalx1; Giant salamanderx1
1790526527.2,12,256,256,1,0.0,3,Jackalx1
1790526527.8,12,256,256,18,0.07,3,Giant salamanderx1
1790526537.6,12,255,256,18,0.07,3,Giant salamanderx1
1790526546.8,12,251,256,18,0.07,3,Giant salamanderx1
1790526634.5,12,256,256,12,0.05,3,Orc shamanx1
1790526653.9,13,256,256,120,0.47,2,Manesx15
1790526659.0,12,256,256,112,0.44,2,Manesx14
1790526659.9,12,256,256,104,0.41,2,Manesx13
1790526661.0,12,256,256,96,0.38,2,Manesx12
1790526662.6,12,256,256,88,0.34,2,Manesx11
1790526663.7,12,256,256,80,0.31,2,Manesx10
1790526664.6,12,256,256,72,0.28,2,Manesx9
1790526665.5,12,256,256,64,0.25,2,Manesx8
1790526665.7,12,256,256,56,0.22,2,Manesx7
1790526666.1,12,256,256,48,0.19,2,Manesx6
1790526666.5,12,256,256,56,0.22,2,Manesx7
1790526666.8,12,256,256,48,0.19,2,Manesx6
1790526667.5,12,256,256,40,0.16,2,Manesx5
1790526668.1,12,256,256,32,0.12,2,Manesx4
1790526669.0,12,183,256,24,0.13,2,Manesx3
1790526669.5,12,183,256,16,0.09,2,Manesx2
1790526672.8,12,181,256,8,0.04,2,Manesx1
1790526673.1,12,181,256,16,0.09,2,Manesx2
1790526679.0,12,183,256,8,0.04,2,Manesx1
1790526725.2,12,244,256,6,0.02,1,Skeleton koboldx1
1790526740.1,12,256,256,32,0.12,3,Pantherx1
1790526749.2,12,256,256,12,0.05,2,Wild catx1
1790526769.2,12,256,256,6,0.02,1,Brown yeekx1
1790526779.4,12,256,256,6,0.02,1,Brown yeekx1
1790526814.0,12,256,256,8,0.03,1,Koboldx1
1790526815.1,12,251,256,14,0.06,1,Black harpyx1
1790526816.7,12,251,256,14,0.06,1,Black harpyx1
1790526818.0,12,251,256,0,0.0,2,Disenchanter moldx1
1790526822.7,12,256,256,12,0.05,1,Killer brown beetlex1
1790526833.1,13,256,256,4,0.02,1,Giant white antx1
1790526864.4,12,256,256,6,0.03,1,Large grey snakex1
1790526876.4,12,256,256,3,0.01,2,Giant white ratx1
1790526881.0,12,256,256,12,0.05,3,Orc shamanx1
1790526904.6,12,256,256,182,0.71,4,"Lagduf, the Snagax1; Cave orcx8; Hill orcx8"
1790526904.8,12,256,256,190,0.74,4,"Lagduf, the Snagax1; Cave orcx9; Hill orcx8"
1790526905.1,12,256,256,152,0.59,3,Cave orcx9; Hill orcx8
1790526905.5,12,256,256,144,0.56,3,Cave orcx8; Hill orcx8
1790526905.7,12,256,256,152,0.59,3,Cave orcx9; Hill orcx8
1790526906.3,12,256,256,144,0.56,3,Cave orcx8; Hill orcx8
1790526906.4,12,256,256,114,0.45,3,Cave orcx8; Hill orcx5
1790526907.0,12,256,256,106,0.41,3,Cave orcx7; Hill orcx5
1790526907.1,12,256,256,82,0.32,3,Cave orcx4; Hill orcx5
1790526907.7,12,256,256,74,0.29,3,Cave orcx3; Hill orcx5
1790526907.8,12,256,256,54,0.21,3,Cave orcx3; Hill orcx3
1790526908.4,12,256,256,28,0.11,3,Cave orcx1; Hill orcx2
1790526908.6,12,256,256,20,0.08,3,Hill orcx2
1790526914.6,12,256,256,10,0.04,3,Hill orcx1
1790526916.4,12,253,256,48,0.19,4,"Lagduf, the Snagax1; Hill orcx1"
1790526917.2,12,254,256,58,0.23,4,"Lagduf, the Snagax1; Hill orcx2"
1790526917.2,12,254,256,48,0.19,4,"Lagduf, the Snagax1; Hill orcx1"
1790526918.6,12,256,256,10,0.04,3,Hill orcx1
1790526919.1,12,256,256,48,0.19,4,"Lagduf, the Snagax1; Hill orcx1"
1790526919.8,12,256,256,56,0.22,4,"Lagduf, the Snagax1; Cave orcx1; Hill orcx1"
1790526919.9,12,256,256,10,0.04,3,Hill orcx1
1790526920.4,12,255,256,48,0.19,4,"Lagduf, the Snagax1; Hill orcx1"
1790526920.5,12,255,256,56,0.22,4,"Lagduf, the Snagax1; Cave orcx1; Hill orcx1"
1790526920.6,12,255,256,10,0.04,3,Hill orcx1
1790526921.7,12,255,256,18,0.07,3,Cave orcx1; Hill orcx1
1790526921.8,12,255,256,56,0.22,4,"Lagduf, the Snagax1; Cave orcx1; Hill orcx1"
1790526921.9,12,255,256,10,0.04,3,Hill orcx1
1790526922.4,12,255,256,48,0.19,4,"Lagduf, the Snagax1; Hill orcx1"
1790526923.0,12,255,256,56,0.22,4,"Lagduf, the Snagax1; Cave orcx1; Hill orcx1"
1790526923.2,12,255,256,46,0.18,4,"Lagduf, the Snagax1; Cave orcx1"
1790526923.9,12,255,256,56,0.22,4,"Lagduf, the Snagax1; Cave orcx1; Hill orcx1"
1790526924.1,12,255,256,64,0.25,4,"Lagduf, the Snagax1; Cave orcx2; Hill orcx1"
1790526924.9,12,255,256,72,0.28,4,"Lagduf, the Snagax1; Cave orcx3; Hill orcx1"
1790526925.3,12,255,256,80,0.31,4,"Lagduf, the Snagax1; Cave orcx4; Hill orcx1"
1790526925.4,12,255,256,70,0.27,4,"Lagduf, the Snagax1; Cave orcx4"
1790526925.8,12,255,256,78,0.31,4,"Lagduf, the Snagax1; Cave orcx5"
1790526926.4,12,255,256,70,0.27,4,"Lagduf, the Snagax1; Cave orcx4"
1790526926.9,12,255,256,80,0.31,4,"Lagduf, the Snagax1; Cave orcx4; Hill orcx1"
1790526927.2,12,255,256,72,0.28,4,"Lagduf, the Snagax1; Cave orcx3; Hill orcx1"
1790526927.9,12,255,256,80,0.31,4,"Lagduf, the Snagax1; Cave orcx4; Hill orcx1"
1790526928.4,12,255,256,70,0.27,4,"Lagduf, the Snagax1; Cave orcx4"
1790526928.6,12,255,256,32,0.13,3,Cave orcx4
1790526928.7,12,255,256,40,0.16,3,Cave orcx5
1790526929.2,12,255,256,50,0.2,3,Cave orcx5; Hill orcx1
1790526929.7,12,255,256,42,0.16,3,Cave orcx4; Hill orcx1
1790526929.9,12,255,256,32,0.13,3,Cave orcx4
1790526930.6,12,255,256,42,0.16,3,Cave orcx4; Hill orcx1
1790526930.8,12,255,256,34,0.13,3,Cave orcx3; Hill orcx1
1790526931.7,12,255,256,26,0.1,3,Cave orcx2; Hill orcx1
1790526933.2,12,255,256,18,0.07,3,Cave orcx1; Hill orcx1
1790526934.4,12,255,256,10,0.04,3,Hill orcx1
1790526938.7,12,191,256,12,0.06,3,Wolfx1
1790526941.1,12,191,256,12,0.06,3,Wolfx1
1790526942.7,12,191,256,30,0.16,3,Cave orcx1; Hill orcx1; Wolfx1
1790526943.4,12,191,256,58,0.3,3,Cave orcx2; Hill orcx3; Wolfx1
1790526943.6,12,191,256,50,0.26,3,Cave orcx1; Hill orcx3; Wolfx1
1790526943.7,12,191,256,58,0.3,3,Cave orcx2; Hill orcx3; Wolfx1
1790526943.7,12,191,256,68,0.36,3,Cave orcx2; Hill orcx4; Wolfx1
1790526944.1,12,191,256,86,0.45,3,Cave orcx3; Hill orcx5; Wolfx1
1790526944.3,12,191,256,76,0.4,3,Cave orcx3; Hill orcx4; Wolfx1
1790526944.4,12,191,256,66,0.35,3,Cave orcx3; Hill orcx3; Wolfx1
1790526944.7,12,191,256,92,0.48,3,Cave orcx5; Hill orcx4; Wolfx1
1790526944.9,12,191,256,102,0.53,3,Cave orcx5; Hill orcx5; Wolfx1
1790526945.2,12,191,256,94,0.49,3,Cave orcx4; Hill orcx5; Wolfx1
1790526945.4,12,191,256,114,0.6,3,Cave orcx4; Hill orcx7; Wolfx1
1790526946.9,12,191,256,12,0.06,3,Wolfx1
1790526948.5,12,191,256,12,0.06,3,Wolfx1
1790526956.8,11,174,256,10,0.06,3,Novice rangerx1
1790526957.9,11,178,256,20,0.11,3,Novice rangerx2
1790526958.1,11,178,256,10,0.06,3,Novice rangerx1
1790526958.4,11,179,256,20,0.11,3,Novice rangerx2
1790526963.8,11,185,256,10,0.05,3,Novice rangerx1
1790526965.0,11,186,256,10,0.05,3,Novice rangerx1
1790526967.0,11,186,256,10,0.05,3,Novice rangerx1
1790526968.7,11,186,256,26,0.14,3,Novice rangerx1; Tengux1
1790526969.2,11,186,256,36,0.19,3,Novice rangerx2; Tengux1
1790526970.5,11,169,256,46,0.27,3,Novice rangerx3; Tengux1
1790526970.6,11,169,256,30,0.18,3,Novice rangerx3
1790526970.7,11,169,256,20,0.12,3,Novice rangerx2
1790526971.0,11,161,256,30,0.19,3,Novice rangerx3
1790526971.1,11,161,256,48,0.3,3,Snagax1; Novice rangerx4
1790526971.8,11,162,256,40,0.25,3,Novice rangerx4
1790526972.2,11,162,256,30,0.19,3,Novice rangerx3
1790526972.2,11,162,256,40,0.25,3,Novice rangerx4
1790526972.5,11,158,256,30,0.19,3,Novice rangerx3
1790526973.1,11,159,256,26,0.16,3,Novice rangerx1; Tengux1
1790526973.2,11,159,256,10,0.06,3,Novice rangerx1
1790526974.1,11,159,256,20,0.13,3,Novice rangerx2
1790526974.4,11,159,256,18,0.11,3,Snagax1; Novice rangerx1
1790526974.5,11,159,256,28,0.18,3,Snagax1; Novice rangerx2
1790526975.3,11,159,256,38,0.24,3,Snagax1; Novice rangerx3
1790526975.5,11,159,256,54,0.34,3,Snagax1; Novice rangerx3; Tengux1
1790526975.5,11,159,256,62,0.39,3,Snagax2; Novice rangerx3; Tengux1
1790526975.6,11,159,256,54,0.34,3,Snagax1; Novice rangerx3; Tengux1
1790526976.0,11,159,256,44,0.28,3,Snagax1; Novice rangerx2; Tengux1
1790526976.7,11,159,256,54,0.34,3,Snagax1; Novice rangerx3; Tengux1
1790526976.7,11,159,256,38,0.24,3,Snagax1; Novice rangerx3
1790526977.4,11,159,256,56,0.35,3,Snagax2; Novice rangerx4
1790526977.8,11,159,256,48,0.3,3,Snagax1; Novice rangerx4
1790526978.4,11,159,256,58,0.36,3,Snagax1; Novice rangerx5
1790526978.4,11,159,256,48,0.3,3,Snagax1; Novice rangerx4
1790526978.9,11,159,256,38,0.24,3,Snagax1; Novice rangerx3
1790526979.0,11,159,256,48,0.3,3,Snagax1; Novice rangerx4
1790526979.3,11,159,256,38,0.24,3,Snagax1; Novice rangerx3
1790526980.2,11,159,256,30,0.19,3,Novice rangerx3
1790526980.3,11,159,256,40,0.25,3,Novice rangerx4
1790526980.7,11,159,256,30,0.19,3,Novice rangerx3
1790526981.3,11,133,261,20,0.15,3,Novice rangerx2
1790526981.6,11,134,261,30,0.22,3,Novice rangerx3
1790526981.8,11,134,261,20,0.15,3,Novice rangerx2
1790526982.2,11,135,261,10,0.07,3,Novice rangerx1
1790526982.5,11,135,261,20,0.15,3,Novice rangerx2
1790526984.2,11,136,261,10,0.07,3,Novice rangerx1
1790526984.9,11,136,261,20,0.15,3,Novice rangerx2
1790526988.5,11,136,261,10,0.07,3,Novice rangerx1
1790526989.8,11,136,261,20,0.15,3,Novice rangerx2
1790526991.5,11,136,261,28,0.21,3,Snagax1; Novice rangerx2
1790526991.6,11,136,261,10,0.07,3,Novice rangerx1
1790526994.3,11,136,261,10,0.07,3,Novice rangerx1
1790526994.4,11,136,261,20,0.15,3,Novice rangerx2
1790526994.9,11,136,261,10,0.07,3,Novice rangerx1
1790526995.2,11,136,261,20,0.15,3,Novice rangerx2
1790526995.2,11,136,261,28,0.21,3,Snagax1; Novice rangerx2
1790526995.6,11,144,261,18,0.12,3,Snagax1; Novice rangerx1
1790526995.8,11,144,261,8,0.06,2,Snagax1
1790526995.9,11,144,261,18,0.12,3,Snagax1; Novice rangerx1
1790526996.2,11,144,261,8,0.06,2,Snagax1
1790526996.7,11,144,261,18,0.12,3,Snagax1; Novice rangerx1
1790526996.7,12,145,261,10,0.07,3,Novice rangerx1
1790526997.4,12,145,261,10,0.07,3,Novice rangerx1
1790527000.0,12,167,261,5,0.03,3,Gnome magex1
1790527025.0,12,261,261,2,0.01,2,Clear icky thingx1
1790527032.6,12,261,261,10,0.04,3,Novice rangerx1
1790527118.9,12,261,261,24,0.09,2,Black orcx1
1790527119.5,12,261,261,48,0.18,2,Black orcx2
1790527120.9,12,246,261,24,0.1,2,Black orcx1
1790527138.3,12,246,261,24,0.1,2,Black orcx1
1790527476.8,0,261,261,0,0.0,0,Boil-covered wretchx1
1790527496.9,1,261,261,2,0.01,1,White icky thingx1
1790527498.0,1,261,261,2,0.01,1,White icky thingx1
1790527500.5,1,261,261,2,0.01,1,White icky thingx1
1790527502.5,1,261,261,2,0.01,1,White icky thingx1
1790527508.2,1,261,261,14,0.05,3,Novice warriorx1
1790527508.6,2,261,261,1,0.0,0,Large white snakex1
1790527509.3,1,261,261,0,0.0,2,Grey mushroom patchx1
1790527516.7,2,261,261,2,0.01,2,Green worm massx1
1790527518.0,2,261,261,2,0.01,2,Green worm massx1
1790527527.5,4,261,261,4,0.02,0,Metallic red centipedex1
1790527531.0,5,261,261,2,0.01,0,Metallic green centipedex1
1790527543.6,5,261,261,2,0.01,2,Silver mousex1
1790527550.3,5,261,261,20,0.08,3,Green oozex1; Novice paladinx1
1790527551.7,5,261,261,17,0.07,2,Metallic green centipedex1; Wild catx1; Giant green frogx1
1790527552.3,4,261,261,0,0.0,2,Radiation eyex1
1790527553.6,4,261,261,3,0.01,2,Giant green frogx1; Grey mushroom patchx1
1790527558.9,5,261,261,4,0.02,2,Scruffy looking hobbitx1
1790527560.2,5,261,261,4,0.02,1,Giant white antx1
1790527571.2,6,261,261,3,0.01,2,Giant white ratx1
1790527593.9,6,261,261,0,0.0,2,Spotted mushroom patchx1
1790527601.6,6,261,261,0,0.0,2,Spotted mushroom patchx1
1790527639.9,7,261,261,4,0.02,2,Scruffy looking hobbitx1
1790527653.2,7,261,261,5,0.02,1,Grey icky thingx1
1790527735.3,8,261,261,0,0.0,1,Green moldx1
1790527748.9,8,261,261,16,0.06,2,Manesx2
1790527768.9,8,261,261,23,0.09,3,Cave lizardx1; Novice warriorx1; Giant white centipedex1
1790527769.7,7,261,261,4,0.02,1,Zombified koboldx1
1790527770.4,8,261,261,8,0.03,1,Copperhead snakex1
1790527802.7,8,261,261,5,0.02,1,Cave lizardx1
1790527804.0,8,261,261,8,0.03,1,Black nagax1
1790527805.3,8,261,261,8,0.03,1,Black nagax1
1790527806.6,9,261,261,10,0.04,3,Novice rangerx1
1790527807.2,8,261,261,20,0.08,3,Novice rangerx2
1790527813.2,9,261,261,5,0.02,1,Small koboldx1
1790527814.5,9,261,261,20,0.08,2,Nighthawkx1
1790527830.6,9,261,261,52,0.2,2,Yellow worm massx1; Large white snakex1
1790527830.9,9,261,261,52,0.2,2,Yellow worm massx1
1790527849.1,9,261,261,52,0.2,2,Yellow worm massx1
1790527851.5,9,261,261,103,0.39,2,Yellow worm massx2
1790527899.0,8,261,261,12,0.05,1,Night lizardx1
1790527900.3,8,261,261,0,0.0,2,Floating eyex1
1790527901.0,9,261,261,1,0.0,2,White worm massx1
1790527904.3,8,261,261,3,0.01,2,Red worm massx1
1790527905.0,9,261,261,5,0.02,3,Novice priestx1
1790527914.2,10,261,261,8,0.03,1,Koboldx1
1790527916.0,9,261,261,30,0.11,2,Swordsmanx1
1790527916.7,10,261,261,4,0.02,1,Blubbering icky thingx1
1790527926.2,9,261,261,14,0.05,3,Novice paladinx1
1790527926.8,10,261,261,14,0.05,3,Novice paladinx1
1790527930.6,10,261,261,11,0.04,3,Baby green dragonx1
1790527934.6,10,261,261,0,0.0,3,Red jellyx1
1790527941.4,10,261,261,40,0.15,3,Cave orcx5
1790527942.0,10,261,261,0,0.0,2,Grey mushroom patchx1
1790527944.9,10,261,261,10,0.04,3,Novice rangerx1; Grey mushroom patchx1
1790528001.9,11,261,261,2,0.01,0,Metallic green centipedex1
1790528007.2,11,261,261,16,0.06,3,Wood spiderx1; Metallic green centipedex1
1790528012.0,11,258,261,28,0.11,3,Wood spiderx1; Metallic green centipedex1; Wolfx1
1790528012.9,11,258,261,26,0.1,3,Wood spiderx1; Wolfx1
1790528013.2,11,258,261,28,0.11,3,Wood spiderx1; Metallic green centipedex1; Wolfx1
1790528014.6,11,255,261,16,0.06,3,Wood spiderx1; Metallic green centipedex1
1790528014.6,11,255,261,28,0.11,3,Wood spiderx1; Metallic green centipedex1; Wolfx1
1790528014.8,11,255,261,26,0.1,3,Wood spiderx1; Wolfx1
1790528014.9,11,255,261,38,0.15,3,Wood spiderx1; Wolfx2
1790528015.9,11,257,261,26,0.1,3,Wood spiderx1; Wolfx1
1790528016.6,11,258,261,54,0.21,3,Wood spiderx3; Wolfx1
1790528017.2,11,259,261,42,0.16,3,Wood spiderx3
1790528017.2,11,259,261,14,0.05,3,Wood spiderx1
1790528017.5,11,259,261,26,0.1,3,Wood spiderx1; Wolfx1
1790528018.6,11,260,261,82,0.32,3,Wood spiderx5; Wolfx1
1790528019.2,11,260,261,70,0.27,3,Wood spiderx5
1790528019.4,11,260,261,82,0.32,3,Wood spiderx5; Wolfx1
1790528019.9,11,261,261,70,0.27,3,Rot jellyx1; Wood spiderx5
1790528020.4,11,261,261,82,0.31,3,Rot jellyx1; Wood spiderx5; Wolfx1
1790528020.6,11,261,261,82,0.31,3,Wood spiderx5; Wolfx1
1790528020.7,11,261,261,70,0.27,3,Wood spiderx5
1790528021.0,11,261,261,82,0.31,3,Wood spiderx5; Wolfx1
1790528021.2,11,261,261,82,0.31,3,Rot jellyx1; Wood spiderx5; Wolfx1
1790528021.9,11,261,261,70,0.27,3,Rot jellyx1; Wood spiderx5
1790528023.7,11,260,261,70,0.27,3,Wood spiderx5
1790528025.0,11,261,261,56,0.21,3,Wood spiderx4
1790528026.6,11,261,261,42,0.16,3,Wood spiderx3
1790528027.1,11,261,261,28,0.11,3,Wood spiderx2
1790528028.2,11,261,261,14,0.05,3,Wood spiderx1
1790528113.6,11,261,261,0,0.0,1,Green moldx1
1790528124.6,11,261,261,0,0.0,1,Green moldx1
1790528126.6,11,261,261,0,0.0,1,Green moldx1
1790528135.3,11,261,261,8,0.03,2,Snagax1
1790528137.3,11,261,261,8,0.03,2,Snagax1
1790528139.7,11,261,261,8,0.03,2,Snagax1
1790528140.4,11,261,261,8,0.03,2,Snagax1
1790528140.7,11,261,261,16,0.06,2,Snagax2
1790528141.0,11,261,261,24,0.09,2,Snagax3
1790528141.7,11,261,261,24,0.09,2,Snagax3
1790528142.4,11,261,261,16,0.06,2,Snagax2
1790528142.4,11,261,261,24,0.09,2,Snagax3
1790528142.7,11,261,261,16,0.06,2,Snagax2
1790528143.3,11,261,261,24,0.09,2,Snagax3
1790528143.7,11,261,261,16,0.06,2,Snagax2
1790528143.9,11,261,261,24,0.09,2,Snagax3
1790528144.3,11,261,261,32,0.12,2,Snagax4
1790528144.4,11,261,261,24,0.09,2,Snagax3
1790528144.6,11,261,261,32,0.12,2,Snagax4
1790528146.0,11,261,261,24,0.09,2,Snagax3
1790528146.6,11,261,261,16,0.06,2,Snagax2
1790528146.9,11,261,261,24,0.09,2,Snagax3
1790528147.3,11,261,261,16,0.06,2,Snagax2
1790528148.6,11,255,261,8,0.03,2,Snagax1
1790528148.8,11,255,261,16,0.06,2,Snagax2
1790528150.0,11,257,261,8,0.03,2,Snagax1
1790528152.2,11,259,261,8,0.03,2,Snagax1
1790528254.8,11,261,261,8,0.03,2,Snagax1
1790528272.0,11,261,261,0,0.0,1,Green moldx1
1790528275.4,11,261,261,0,0.0,1,Green moldx1
1790528307.9,11,261,261,8,0.03,2,Snagax1
1790528344.9,11,258,261,4,0.02,1,Zombified koboldx1
1790528359.0,11,260,261,0,0.0,1,Rot jellyx1
1790528360.3,11,261,261,0,0.0,1,Rot jellyx1
1790528383.6,11,261,261,2,0.01,1,Fruit batx1
1790528385.6,11,261,261,2,0.01,1,Fruit batx1
1790528389.2,11,260,261,2,0.01,1,Fruit batx1
1790528390.5,11,260,261,2,0.01,1,Fruit batx1
1790528431.1,11,261,261,0,0.0,1,Rot jellyx1
1790528438.8,11,258,261,38,0.15,3,Dark elven priestx1
1790528439.1,11,258,261,38,0.15,3,Dark elven priestx1
1790528530.7,11,251,251,0,0.0,2,Disenchanter eyex1
1790528546.8,11,251,251,0,0.0,2,Disenchanter eyex1
1790528557.8,11,251,251,0,0.0,2,Disenchanter eyex1
1790528566.5,11,251,251,0,0.0,2,Disenchanter eyex1
1790528591.7,11,251,251,0,0.0,2,Disenchanter eyex1
1790530524.0,14,251,251,14,0.06,2,White wolfx1
1790530524.6,14,251,251,28,0.11,2,White wolfx2
1790530524.9,14,251,251,42,0.17,2,White wolfx3
1790530525.2,14,251,251,28,0.11,2,White wolfx2
1790530525.5,14,251,251,42,0.17,2,White wolfx3
1790530525.8,14,251,251,56,0.22,2,White wolfx3; Black harpyx1
1790530526.1,14,233,251,42,0.18,2,White wolfx2; Black harpyx1
1790530527.0,14,233,251,28,0.12,2,White wolfx1; Black harpyx1
1790530527.1,14,233,251,42,0.18,2,White wolfx2; Black harpyx1
1790530527.4,14,233,251,28,0.12,2,White wolfx1; Black harpyx1
1790530527.5,14,233,251,14,0.06,2,White wolfx1
1790530527.7,14,233,251,28,0.12,2,White wolfx2
1790530529.0,14,226,251,14,0.06,2,White wolfx1
1790530530.2,14,228,251,28,0.12,2,White wolfx2
1790530530.6,14,229,251,14,0.06,2,White wolfx1
1790530555.8,14,251,251,14,0.06,3,King cobrax1
1790530556.5,14,251,251,28,0.11,3,White wolfx1; King cobrax1
1790530557.6,14,242,251,14,0.06,2,White wolfx1
1790530594.6,14,251,251,4,0.02,2,Giant grey ratx1
1790530595.3,14,251,251,8,0.03,2,Giant grey ratx2
1790530595.4,14,251,251,4,0.02,2,Giant grey ratx1
1790530608.5,14,251,251,10,0.04,2,Large koboldx1
1790530652.6,14,251,251,8,0.03,3,Cave orcx1
1790530668.7,14,251,251,0,0.0,2,Disenchanter moldx1
1790530670.0,14,251,251,12,0.05,2,Disenchanter moldx1; Zombified orcx1
1790530670.7,14,251,251,0,0.0,2,Disenchanter moldx1
1790530682.1,14,251,251,8,0.03,3,Cave orcx1
1790530682.9,14,251,251,22,0.09,3,Baby multi-hued dragonx1; Cave orcx1
1790530683.9,14,251,251,14,0.06,3,Baby multi-hued dragonx1
1790530684.0,14,251,251,25,0.1,3,Baby multi-hued dragonx1; Baby white dragonx1
1790530685.4,14,251,251,33,0.13,3,Baby multi-hued dragonx1; Baby white dragonx1; Cave orcx1
1790530686.4,14,251,251,49,0.2,3,Dark elven warriorx1; Baby multi-hued dragonx1; Baby white dragonx1; Cave orcx1
1790530686.5,14,251,251,35,0.14,3,Dark elven warriorx1; Baby white dragonx1; Cave orcx1
1790530689.0,14,251,251,24,0.1,3,Dark elven warriorx1; Cave orcx1
1790530690.5,14,251,251,16,0.06,2,Dark elven warriorx1
1790530690.7,14,251,251,24,0.1,3,Dark elven warriorx1; Master yeekx1
1790530691.4,14,251,251,8,0.03,3,Master yeekx1
1790530694.1,14,231,251,8,0.03,3,Kobold shamanx1
1790530725.3,14,251,251,12,0.05,1,Zombified orcx1
1790530729.5,14,250,251,14,0.06,3,Baby multi-hued dragonx1
1790530749.0,14,251,251,16,0.06,2,Blink dogx1
1790530749.1,14,251,251,32,0.13,2,Blink dogx2
1790530750.4,14,251,251,16,0.06,2,Blink dogx1
1790530751.3,14,248,251,12,0.05,1,Crowx1
1790530752.7,14,249,251,16,0.06,2,Blink dogx1
1790530753.3,14,247,251,16,0.06,2,Blink dogx1
1790530753.9,14,248,251,32,0.13,2,Blink dogx2
1790530754.5,14,243,251,16,0.07,2,Blink dogx1
1790530755.0,14,243,251,32,0.13,2,Blink dogx2
1790530755.1,14,243,251,16,0.07,2,Blink dogx1
1790530755.7,14,244,251,32,0.13,2,Blink dogx2
1790530755.7,14,244,251,16,0.07,2,Blink dogx1
1790530767.5,14,251,251,6,0.02,2,Giant white tickx1
1790530846.9,14,251,251,30,0.12,2,Swordsmanx1
1790530860.3,14,251,251,30,0.12,2,Swordsmanx1
1790530874.8,14,251,251,0,0.0,1,White jellyx1
1790530884.1,14,251,251,14,0.06,2,White wolfx1
1790530884.6,14,251,251,28,0.11,2,White wolfx2
1790530884.8,14,251,251,42,0.17,2,White wolfx3
1790530885.3,14,251,251,56,0.22,2,White wolfx4
1790530885.4,14,251,251,42,0.17,2,White wolfx3
1790530885.6,14,251,251,54,0.22,3,White wolfx3; Orc shamanx1
1790530885.6,14,251,251,68,0.27,3,White wolfx4; Orc shamanx1
1790530886.1,14,251,251,54,0.22,3,White wolfx3; Orc shamanx1
1790530886.3,14,251,251,68,0.27,3,White wolfx4; Orc shamanx1
1790530886.4,14,251,251,82,0.33,3,White wolfx5; Orc shamanx1
1790530886.8,14,251,251,68,0.27,3,White wolfx4; Orc shamanx1
1790530887.2,14,251,251,68,0.27,3,White wolfx4; Orc shamanx1
1790530887.8,14,251,251,82,0.33,3,White wolfx5; Orc shamanx1
1790530888.6,14,251,251,68,0.27,3,White wolfx4; Orc shamanx1
1790530888.9,14,251,251,82,0.33,3,White wolfx5; Orc shamanx1
1790530889.3,14,251,251,68,0.27,3,White wolfx4; Orc shamanx1
1790530889.3,14,251,251,82,0.33,3,White wolfx5; Orc shamanx1
1790530889.4,14,251,251,68,0.27,3,White wolfx4; Orc shamanx1
1790530889.7,14,251,251,82,0.33,3,White wolfx5; Orc shamanx1
1790530890.0,14,251,251,68,0.27,3,White wolfx4; Orc shamanx1
1790530890.6,14,251,251,82,0.33,3,White wolfx5; Orc shamanx1
1790530890.8,14,251,251,70,0.28,2,White wolfx5
1790530891.1,14,251,251,84,0.33,2,White wolfx6
1790530891.9,14,251,251,70,0.28,2,White wolfx5
1790530892.0,14,251,251,84,0.33,2,White wolfx6
1790530892.6,14,251,251,70,0.28,2,White wolfx5
1790530893.1,14,251,251,84,0.33,2,White wolfx6
1790530893.7,14,251,251,70,0.28,2,White wolfx5
1790530893.9,14,251,251,84,0.33,2,White wolfx6
1790530894.3,14,251,251,70,0.28,2,White wolfx5
1790530894.8,14,251,251,56,0.22,2,White wolfx4
1790530896.3,14,182,251,42,0.23,2,White wolfx3
1790530896.4,14,182,251,28,0.15,2,White wolfx2
1790530897.2,14,182,251,14,0.08,2,White wolfx1
1790530900.9,14,183,251,14,0.08,2,White wolfx1
1790530901.7,14,183,251,28,0.15,2,White wolfx2
1790530901.8,14,183,251,14,0.08,2,White wolfx1
1790530903.8,14,184,251,14,0.08,2,White wolfx1
1790530903.9,14,184,251,14,0.08,2,White wolfx1
1790531007.5,14,251,251,0,0.0,1,White jellyx1
1790531017.6,14,251,251,0,0.0,1,White jellyx1
1790531024.6,14,251,251,0,0.0,1,White jellyx1
1790531070.0,14,251,251,8,0.03,3,Cave orcx1
1790531086.7,14,244,251,24,0.1,2,Black orcx1
1790531087.4,14,244,251,48,0.2,2,Black orcx2
1790531089.6,14,244,251,56,0.23,3,Black orcx2; Cave orcx1
1790531091.0,14,173,251,32,0.18,3,Black orcx1; Cave orcx1
1790531092.1,14,174,251,24,0.14,2,Black orcx1
1790531092.7,14,175,251,24,0.14,2,Black orcx1
1790531093.4,14,176,251,24,0.14,2,Black orcx1
1790531094.0,14,167,251,24,0.14,2,Black orcx1
1790531094.7,14,167,251,24,0.14,2,Black orcx1
1790531100.5,14,147,251,5,0.03,1,Grey icky thingx1
1790531102.3,14,148,251,5,0.03,1,Grey icky thingx1
1790531106.4,14,145,251,29,0.2,2,Grey icky thingx1; Black orcx1
1790531107.2,14,145,251,24,0.17,2,Black orcx1
1790531145.9,14,204,251,16,0.08,3,Tengux1
1790531147.1,14,204,251,24,0.12,3,Cave orcx1; Tengux1
1790531147.8,14,204,251,32,0.16,3,Cave orcx2; Tengux1
1790531148.0,14,204,251,16,0.08,3,Cave orcx2
1790531149.4,14,204,251,8,0.04,3,Cave orcx1
1790531149.4,14,204,251,16,0.08,3,Cave orcx2
1790531150.8,14,204,251,24,0.12,3,Cave orcx3
1790531151.5,14,204,251,16,0.08,3,Cave orcx2
1790531151.6,14,204,251,8,0.04,3,Cave orcx1
1790531151.8,14,204,251,16,0.08,3,Cave orcx2
1790531152.2,14,204,251,24,0.12,3,Cave orcx3
1790531152.7,14,204,251,16,0.08,3,Cave orcx2
1790531153.9,14,204,251,24,0.12,3,Cave orcx3
1790531154.5,14,204,251,16,0.08,3,Cave orcx2
1790531155.8,14,204,251,8,0.04,3,Cave orcx1
1790531257.3,15,251,251,10,0.04,3,Hill orcx1
1790531258.4,15,240,251,22,0.09,3,Orc shamanx1; Hill orcx1
1790531259.6,15,241,251,10,0.04,3,Hill orcx1
1790531260.3,15,241,251,8,0.03,2,Snagax1
1790531261.0,15,243,251,16,0.07,2,Snagax2
1790531261.9,15,243,251,8,0.03,2,Snagax1
1790531262.1,15,243,251,20,0.08,3,Snagax1; Orc shamanx1
1790531262.5,15,243,251,30,0.12,3,Snagax1; Hill orcx1; Orc shamanx1
1790531262.5,15,243,251,10,0.04,3,Hill orcx1
1790531262.7,15,243,251,22,0.09,3,Hill orcx1; Orc shamanx1
1790531263.4,15,243,251,34,0.14,3,Hill orcx1; Orc shamanx2
1790531263.9,15,243,251,24,0.1,3,Orc shamanx2
1790531264.1,15,243,251,34,0.14,3,Orc shamanx2; Hill orcx1
1790531264.2,15,243,251,22,0.09,3,Orc shamanx1; Hill orcx1
1790531264.8,15,243,251,30,0.12,3,Snagax1; Orc shamanx1; Hill orcx1
1790531264.8,15,243,251,18,0.07,3,Snagax1; Hill orcx1
1790531265.6,15,243,251,26,0.11,3,Snagax2; Hill orcx1
1790531266.6,15,243,251,16,0.07,2,Snagax2
1790531266.9,15,243,251,24,0.1,2,Snagax3
1790531267.0,15,243,251,16,0.07,2,Snagax2
1790531267.2,15,243,251,28,0.12,3,Snagax2; Orc shamanx1
1790531267.5,15,211,251,28,0.13,3,Snagax2; Orc shamanx1
1790531267.9,15,211,251,20,0.09,3,Snagax1; Orc shamanx1
1790531267.9,15,211,251,28,0.13,3,Snagax2; Orc shamanx1
1790531268.7,15,211,251,20,0.09,3,Snagax1; Orc shamanx1
1790531268.8,15,211,251,44,0.21,3,Snagax1; Black orcx1; Orc shamanx1
1790531268.8,15,211,251,32,0.15,2,Snagax1; Black orcx1
1790531269.2,15,211,251,44,0.21,3,Snagax1; Black orcx1; Orc shamanx1
1790531269.4,15,211,251,28,0.13,3,Snagax2; Orc shamanx1
1790531269.9,15,211,251,28,0.13,3,Snagax2; Orc shamanx1
1790531270.0,15,211,251,40,0.19,3,Snagax2; Orc shamanx2
1790531270.1,15,211,251,20,0.09,3,Snagax1; Orc shamanx1
1790531270.5,15,211,251,28,0.13,3,Snagax2; Orc shamanx1
1790531270.8,15,211,251,20,0.09,3,Snagax1; Orc shamanx1
1790531271.2,15,211,251,28,0.13,3,Snagax2; Orc shamanx1
1790531271.4,15,211,251,12,0.06,3,Orc shamanx1
1790531271.8,15,211,251,20,0.09,3,Snagax1; Orc shamanx1
1790531272.1,15,211,251,12,0.06,3,Orc shamanx1
1790531272.4,15,211,251,28,0.13,3,Snagax2; Orc shamanx1
1790531272.8,15,211,251,12,0.06,3,Orc shamanx1
1790531273.0,15,211,251,20,0.09,3,Snagax1; Orc shamanx1
1790531273.8,15,211,251,12,0.06,3,Orc shamanx1
1790531274.5,15,211,251,12,0.06,3,Orc shamanx1
1790531275.5,15,221,251,20,0.09,3,Snagax1; Orc shamanx1
1790531285.0,14,231,251,5,0.02,1,Blue yeekx1
1790531287.0,14,233,251,20,0.09,2,Disenchanter eyex1; Cave bearx1
1790531294.5,14,229,251,0,0.0,2,Disenchanter eyex1
1790531448.6,15,251,251,60,0.24,3,Hill orcx6
1790531450.8,15,251,251,50,0.2,3,Hill orcx5
1790531452.6,15,251,251,40,0.16,3,Hill orcx4
1790531454.8,15,251,251,30,0.12,3,Hill orcx3
1790531456.6,15,251,251,20,0.08,3,Hill orcx2
1790531457.9,15,251,251,10,0.04,3,Hill orcx1
1790531465.9,14,226,251,8,0.04,1,Zombified humanx1
1790531467.9,15,227,251,62,0.27,2,Snagax4; Swordsmanx1
1790531469.3,15,225,251,54,0.24,2,Snagax3; Swordsmanx1
1790531470.6,15,225,251,8,0.04,3,Master yeekx1
1790531490.3,14,243,251,0,0.0,2,Brown moldx1
1790531491.7,14,245,251,2,0.01,2,Green worm massx1
1790531494.3,14,248,251,96,0.39,3,Black ogrex3
1790531495.7,14,248,251,25,0.1,3,Gnome magex5
1790531496.2,15,251,251,20,0.08,3,Gnome magex4
1790531497.0,14,251,251,15,0.06,3,Gnome magex3
1790531497.7,15,251,251,12,0.05,1,Killer brown beetlex1
1790531498.3,15,251,251,0,0.0,1,Yellow moldx1
1790531605.1,15,251,251,0,0.0,1,Yellow moldx1
1790531606.4,15,251,251,0,0.0,1,Yellow moldx1
1790531607.8,15,251,251,0,0.0,1,Yellow moldx1
1790531609.1,15,251,251,0,0.0,1,Yellow moldx1
1790531610.4,15,251,251,0,0.0,1,Yellow moldx1
1790531611.8,15,251,251,0,0.0,1,Yellow moldx1
1790531613.1,15,251,251,20,0.08,2,Yellow moldx1; Cave bearx1
1790531613.3,15,251,251,0,0.0,1,Yellow moldx1
1790531615.1,15,251,251,20,0.08,2,Yellow moldx1; Cave bearx1
1790531615.7,15,251,251,20,0.08,2,Cave bearx1
1790531615.9,15,251,251,20,0.08,2,Cave bearx1
1790531616.5,15,251,251,20,0.08,2,Cave bearx1
1790531617.1,15,251,251,20,0.08,2,Cave bearx1
1790531619.0,15,251,251,20,0.08,2,Cave bearx1
1790531619.6,15,251,251,20,0.08,2,Cave bearx1
1790531624.9,15,240,251,0,0.0,1,Yellow moldx1
1790531633.1,15,251,251,2,0.01,2,Clear icky thingx1
1790531634.4,15,251,251,12,0.05,1,Bloodshot icky thingx1
1790531642.4,15,251,251,4,0.02,3,Jackalx4
1790531659.2,16,251,251,52,0.21,2,Yellow worm massx1
1790531713.4,16,251,251,11,0.04,3,Baby black dragonx1
1790531714.9,16,251,251,11,0.04,3,Baby black dragonx1
1790531745.1,16,251,251,30,0.12,2,Swordsmanx1
1790531747.8,16,242,251,30,0.12,2,Swordsmanx1
1790531749.9,16,244,251,30,0.12,2,Swordsmanx1
1790531812.0,16,251,251,8,0.03,1,Copperhead snakex1
1790531812.6,16,251,251,8,0.03,1,Copperhead snakex1
1790531813.9,16,251,251,8,0.03,1,Copperhead snakex1
1790531815.1,16,251,251,8,0.03,1,Copperhead snakex1
1790531823.0,16,251,251,12,0.05,1,Killer brown beetlex1
1790561826.4,15,251,251,28,0.11,2,Dark houndx2
1790561826.8,15,242,251,42,0.17,2,Dark houndx3
1790561827.1,15,242,251,28,0.12,2,Dark houndx2
1790561827.6,15,242,251,42,0.17,2,Dark houndx3
1790561828.4,15,230,251,28,0.12,2,Dark houndx2
1790561829.3,15,230,251,14,0.06,2,Dark houndx1
1790561834.0,15,237,251,14,0.06,2,Dark houndx1
1790561834.7,15,238,251,14,0.06,2,Dark houndx1
1790561835.4,15,238,251,28,0.12,2,Dark houndx2
1790561836.0,15,240,251,14,0.06,2,Dark houndx1
1790561836.2,15,240,251,28,0.12,2,Dark houndx2
1790561836.6,15,239,251,14,0.06,2,Dark houndx1
1790561836.9,15,239,251,28,0.12,2,Dark houndx2
1790561837.3,15,239,251,14,0.06,2,Dark houndx1
1790561837.7,15,239,251,28,0.12,2,Dark houndx2
1790561838.4,15,240,251,28,0.12,2,Dark houndx2
1790561839.3,15,241,251,14,0.06,2,Dark houndx1
1790561839.9,15,239,251,28,0.12,2,Dark houndx2
1790561840.0,15,239,251,14,0.06,2,Dark houndx1
1790561840.7,15,239,251,14,0.06,2,Dark houndx1
1790561845.2,15,239,251,14,0.06,2,Dark houndx1
1790561845.3,15,239,251,28,0.12,2,Dark houndx2
1790561845.9,15,242,251,42,0.17,2,Dark houndx3
1790561846.0,15,242,251,28,0.12,2,Dark houndx2
1790561850.4,15,241,251,14,0.06,2,Dark houndx1
1790561869.4,15,253,253,10,0.04,1,Rattlesnakex1
1790561870.3,15,253,253,10,0.04,1,Rattlesnakex1
1790561883.9,15,253,253,16,0.06,2,Wargx1
1790561885.5,15,246,253,32,0.13,2,Wargx2
1790561886.7,15,239,253,16,0.07,2,Wargx1
1790561887.7,15,239,253,16,0.07,2,Wargx1
1790561890.4,15,233,253,32,0.14,2,Wargx2
1790561891.3,15,233,253,16,0.07,2,Wargx1
1790561891.7,15,233,253,16,0.07,2,Wargx1
1790561891.9,15,233,253,32,0.14,2,Wargx2
1790561892.4,15,233,253,48,0.21,2,Wargx3
1790561892.9,15,233,253,64,0.27,2,Wargx4
1790561893.3,15,233,253,80,0.34,2,Wargx5
1790561893.3,15,233,253,64,0.27,2,Wargx4
1790561894.2,15,233,253,48,0.21,2,Wargx3
1790561894.2,15,233,253,32,0.14,2,Wargx2
1790561894.5,15,233,253,48,0.21,2,Wargx3
1790561895.1,15,233,253,32,0.14,2,Wargx2
1790561895.3,15,233,253,48,0.21,2,Wargx3
1790561896.0,15,233,253,64,0.27,2,Wargx4
1790561896.3,15,233,253,80,0.34,2,Wargx5
1790561896.9,15,233,253,64,0.27,2,Wargx4
1790561897.0,15,233,253,48,0.21,2,Wargx3
1790561897.3,15,233,253,64,0.27,2,Wargx4
1790561898.0,15,233,253,48,0.21,2,Wargx3
1790561898.2,15,233,253,32,0.14,2,Wargx2
1790561898.3,15,233,253,16,0.07,2,Wargx1
1790561898.3,15,233,253,32,0.14,2,Wargx2
1790561898.6,15,233,253,48,0.21,2,Wargx3
1790561898.7,15,233,253,32,0.14,2,Wargx2
1790561898.7,15,233,253,48,0.21,2,Wargx3
1790561898.9,15,233,253,32,0.14,2,Wargx2
1790561899.0,15,233,253,48,0.21,2,Wargx3
1790561899.1,15,233,253,32,0.14,2,Wargx2
1790561899.6,15,233,253,48,0.21,2,Wargx3
1790561899.9,15,233,253,64,0.27,2,Wargx4
1790561901.0,15,233,253,48,0.21,2,Wargx3
1790561901.8,15,158,253,32,0.2,2,Wargx2
1790561901.8,15,158,253,16,0.1,2,Wargx1
1790561904.5,15,162,253,32,0.2,2,Wargx2
1790561904.5,15,162,253,16,0.1,2,Wargx1
1790561905.4,15,162,253,32,0.2,2,Wargx2
1790561906.3,15,163,253,16,0.1,2,Wargx1
1790561909.1,15,155,253,32,0.21,2,Wargx2
1790561909.1,15,155,253,16,0.1,2,Wargx1
1790561929.5,15,200,253,16,0.08,2,Wargx1
1790561961.0,15,247,253,3,0.01,2,Red worm massx1
1790561962.4,15,249,253,41,0.16,3,Red worm massx1; Dark elven priestx1
1790561962.6,15,249,253,38,0.15,3,Dark elven priestx1
1790561963.8,15,239,253,50,0.21,3,Dark elven priestx1; Killer brown beetlex1
1790561965.8,15,239,253,12,0.05,1,Killer brown beetlex1
1790561988.3,15,241,253,30,0.12,2,Swordsmanx1
1790562007.8,15,247,253,10,0.04,1,Skeleton orcx1
1790562011.5,15,242,253,10,0.04,1,Skeleton orcx1
1790562067.4,15,253,253,30,0.12,2,Swordsmanx1
1790562087.5,15,250,253,6,0.02,2,Novice roguex1
1790562101.1,15,253,253,14,0.06,3,King cobrax1
1790562102.4,15,253,253,14,0.06,3,King cobrax1
1790562103.6,15,253,253,14,0.06,3,King cobrax1
1790562113.0,15,253,253,4,0.02,1,Giant white antx1
1790562120.5,15,253,253,6,0.02,2,Novice roguex1
1790562184.9,15,253,253,14,0.06,2,Dark houndx1
1790562185.8,15,253,253,28,0.11,2,Dark houndx2
1790562187.2,15,237,253,14,0.06,2,Dark houndx1
1790562188.4,15,236,253,4,0.02,3,Novice magex1
1790562287.2,15,253,253,14,0.06,2,Dark houndx1
1790562306.6,15,253,253,14,0.06,2,Dark houndx1
1790562325.4,15,253,253,12,0.05,1,Killer brown beetlex1
1790562332.8,15,253,253,3,0.01,2,Red worm massx1
1790562334.1,15,253,253,8,0.03,2,Cave lizardx1; Red worm massx1
1790562334.8,15,253,253,5,0.02,1,Cave lizardx1
1790562335.4,15,252,253,8,0.03,2,Cave lizardx1; Red worm massx1
1790562336.1,15,253,253,3,0.01,2,Red worm massx1
1790562336.7,15,253,253,3,0.01,2,Red worm massx1
1790562373.5,15,253,253,5,0.02,3,Gnome magex1
1790562374.2,15,253,253,5,0.02,3,Gnome magex1
1790562374.9,15,253,253,5,0.02,3,Gnome magex1
1790562375.7,15,253,253,10,0.04,3,Gnome magex2
1790562376.2,15,253,253,5,0.02,3,Gnome magex1
1790562376.4,15,253,253,5,0.02,3,Gnome magex1
1790562377.5,15,252,253,5,0.02,3,Gnome magex1
1790562378.7,15,252,253,5,0.02,3,Gnome magex1
1790562380.9,15,253,253,5,0.02,3,Gnome magex1
1790562393.5,15,253,253,5,0.02,3,Gnome magex1
1790562420.7,15,253,253,5,0.02,3,Gnome magex1
1790562506.4,15,207,253,185,0.89,3,Urukx4; Giant red scorpionx1; Shrieker mushroom patchx1
1790562516.1,15,65,253,155,2.38,3,Urukx3; Giant red scorpionx1; Shrieker mushroom patchx1
