t,time,hp,hpmax,worst,exp_ac25,exp_ac30,worst_ratio,exp_ratio_ac25,exp_ratio_ac30,in_reach,in_view
1790732230.332,21:37:10,77,77,0,0.0,0.0,0.0,0.0,0.0,,Blue yeek@7
1790732231.664,21:37:11,77,77,8,3.2,2.9,0.1,0.042,0.038,Cave spider@1,Cave spider@1
1790732232.676,21:37:12,77,77,0,0.0,0.0,0.0,0.0,0.0,,Clear icky thing@3
1790732234.918,21:37:14,77,77,0,0.0,0.0,0.0,0.0,0.0,,Giant white centipede@12
1790732235.934,21:37:15,77,77,0,0.0,0.0,0.0,0.0,0.0,,Giant white centipede@11
1790732237.004,21:37:17,77,77,0,0.0,0.0,0.0,0.0,0.0,,Giant white centipede@9
1790732238.277,21:37:18,77,77,0,0.0,0.0,0.0,0.0,0.0,,Giant white centipede@7
1790732239.294,21:37:19,77,77,0,0.0,0.0,0.0,0.0,0.0,,Giant white centipede@6
1790732240.317,21:37:20,77,77,0,0.0,0.0,0.0,0.0,0.0,,Giant white centipede@6
1790732241.951,21:37:21,77,77,0,0.0,0.0,0.0,0.0,0.0,,Giant white centipede@9
1790732245.362,21:37:25,77,77,0,0.0,0.0,0.0,0.0,0.0,,Giant white mouse@3
1790732250.643,21:37:30,77,77,5,1.9,1.7,0.06,0.025,0.022,Small kobold@1,Small kobold@1
1790732252.576,21:37:32,77,77,0,0.0,0.0,0.0,0.0,0.0,,Floating eye@16
1790732260.099,21:37:40,77,77,0,0.0,0.0,0.0,0.0,0.0,,Large white snake@7; Giant white centipede@9
1790732265.175,21:37:45,77,77,0,0.0,0.0,0.0,0.0,0.0,,Green worm mass@15; Green ooze@17
1790732266.496,21:37:46,77,77,0,0.0,0.0,0.0,0.0,0.0,,Blue ooze@11
1790732269.796,21:37:49,77,77,0,0.0,0.0,0.0,0.0,0.0,,Radiation eye@5
1790732315.938,21:38:35,77,77,8,2.9,2.6,0.1,0.038,0.034,Kobold@1,Kobold@1
1790732317.057,21:38:37,77,77,0,0.0,0.0,0.0,0.0,0.0,,Purple mushroom patch@10
1790732318.071,21:38:38,77,77,0,0.0,0.0,0.0,0.0,0.0,,Purple mushroom patch@9
1790732319.09,21:38:39,77,77,0,0.0,0.0,0.0,0.0,0.0,,Purple mushroom patch@9
1790732320.108,21:38:40,77,77,0,0.0,0.0,0.0,0.0,0.0,,Purple mushroom patch@9
1790732321.123,21:38:41,77,77,0,0.0,0.0,0.0,0.0,0.0,,Purple mushroom patch@9
1790732322.137,21:38:42,77,77,0,0.0,0.0,0.0,0.0,0.0,,Purple mushroom patch@9
1790732323.156,21:38:43,77,77,0,0.0,0.0,0.0,0.0,0.0,,Purple mushroom patch@9
1790732324.169,21:38:44,77,77,0,0.0,0.0,0.0,0.0,0.0,,Purple mushroom patch@8
1790732325.186,21:38:45,77,77,0,0.0,0.0,0.0,0.0,0.0,,Purple mushroom patch@6
1790732326.202,21:38:46,77,77,0,0.0,0.0,0.0,0.0,0.0,,Purple mushroom patch@6
1790732327.221,21:38:47,77,77,0,0.0,0.0,0.0,0.0,0.0,,Purple mushroom patch@7
1790732328.24,21:38:48,77,77,0,0.0,0.0,0.0,0.0,0.0,,Purple mushroom patch@8
1790732329.26,21:38:49,77,77,0,0.0,0.0,0.0,0.0,0.0,,Purple mushroom patch@10
1790732330.274,21:38:50,77,77,0,0.0,0.0,0.0,0.0,0.0,,Purple mushroom patch@10
1790732331.288,21:38:51,77,77,0,0.0,0.0,0.0,0.0,0.0,,Purple mushroom patch@10
1790732332.307,21:38:52,77,77,0,0.0,0.0,0.0,0.0,0.0,,Purple mushroom patch@9
1790732333.324,21:38:53,77,77,0,0.0,0.0,0.0,0.0,0.0,,Purple mushroom patch@8
1790732334.341,21:38:54,77,77,0,0.0,0.0,0.0,0.0,0.0,,Purple mushroom patch@6
1790732335.361,21:38:55,77,77,0,0.0,0.0,0.0,0.0,0.0,,Purple mushroom patch@6
1790732336.374,21:38:56,77,77,0,0.0,0.0,0.0,0.0,0.0,,Purple mushroom patch@7
1790732337.392,21:38:57,77,77,0,0.0,0.0,0.0,0.0,0.0,,Purple mushroom patch@9
1790732338.405,21:38:58,77,77,0,0.0,0.0,0.0,0.0,0.0,,Purple mushroom patch@10
1790732357.146,21:39:17,77,77,14,5.5,5.0,0.18,0.071,0.065,Novice paladin@2,Novice paladin@2; Skeleton kobold@4
1790732358.162,21:39:18,77,77,14,5.5,5.0,0.18,0.071,0.065,Novice paladin@2,Novice paladin@2
1790732359.181,21:39:19,65,77,14,5.5,5.0,0.22,0.085,0.077,Novice paladin@2,Novice paladin@2
1790732360.195,21:39:20,65,77,14,5.5,5.0,0.22,0.085,0.077,Novice paladin@1,Novice paladin@1
1790732361.779,21:39:21,66,77,14,5.5,5.0,0.21,0.083,0.076,Novice paladin@2,Novice paladin@2
1790732363.712,21:39:23,53,77,0,0.0,0.0,0.0,0.0,0.0,,Novice paladin@3
1790732364.725,21:39:24,53,77,0,0.0,0.0,0.0,0.0,0.0,,Novice paladin@3
1790732365.745,21:39:25,53,77,0,0.0,0.0,0.0,0.0,0.0,,Novice paladin@3
1790732366.763,21:39:26,54,77,0,0.0,0.0,0.0,0.0,0.0,,Novice paladin@3
1790732367.78,21:39:27,54,77,0,0.0,0.0,0.0,0.0,0.0,,Novice paladin@4
1790732369.256,21:39:29,55,77,0,0.0,0.0,0.0,0.0,0.0,,Novice paladin@3
1790732370.273,21:39:30,55,77,0,0.0,0.0,0.0,0.0,0.0,,Novice paladin@3
1790732371.289,21:39:31,56,77,0,0.0,0.0,0.0,0.0,0.0,,Novice paladin@3
1790732374.035,21:39:34,57,77,0,0.0,0.0,0.0,0.0,0.0,,Novice paladin@3
1790732375.151,21:39:35,57,77,0,0.0,0.0,0.0,0.0,0.0,,Novice paladin@3
1790732376.421,21:39:36,58,77,0,0.0,0.0,0.0,0.0,0.0,,Novice paladin@3
1790732377.692,21:39:37,58,77,0,0.0,0.0,0.0,0.0,0.0,,Novice paladin@3
1790732379.115,21:39:39,59,77,0,0.0,0.0,0.0,0.0,0.0,,Novice paladin@3
1790732380.127,21:39:40,59,77,0,0.0,0.0,0.0,0.0,0.0,,Novice paladin@3
1790732381.501,21:39:41,60,77,0,0.0,0.0,0.0,0.0,0.0,,Novice paladin@3
1790732384.04,21:39:44,61,77,0,0.0,0.0,0.0,0.0,0.0,,Novice paladin@3
1790732386.125,21:39:46,62,77,0,0.0,0.0,0.0,0.0,0.0,,Novice paladin@3
1790732387.137,21:39:47,62,77,0,0.0,0.0,0.0,0.0,0.0,,Novice paladin@3
1790732388.51,21:39:48,63,77,0,0.0,0.0,0.0,0.0,0.0,,Novice paladin@3
1790732391.207,21:39:51,48,77,0,0.0,0.0,0.0,0.0,0.0,,Crow@6
1790732392.218,21:39:52,48,77,12,5.1,4.6,0.25,0.106,0.096,Crow@3,Crow@3
1790732418.886,21:40:18,77,77,8,3.2,2.9,0.1,0.042,0.038,Cave spider@2,Cave spider@2
1790732419.898,21:40:19,76,77,8,3.2,2.9,0.11,0.042,0.038,Cave spider@1,Cave spider@1
1790732420.916,21:40:20,76,77,8,3.2,2.9,0.11,0.042,0.038,Cave spider@2,Cave spider@2
1790732421.93,21:40:21,77,77,8,3.2,2.9,0.1,0.042,0.038,Cave spider@2,Cave spider@2
1790732422.945,21:40:22,74,77,8,3.2,2.9,0.11,0.043,0.039,Cave spider@1,Cave spider@1
1790732423.96,21:40:23,71,77,8,3.2,2.9,0.11,0.045,0.041,Cave spider@1,Cave spider@1
1790732424.976,21:40:24,71,77,8,3.2,2.9,0.11,0.045,0.041,Cave spider@2,Cave spider@2
1790732425.994,21:40:25,67,77,8,3.2,2.9,0.12,0.048,0.043,Cave spider@2,Cave spider@2
1790732427.007,21:40:27,67,77,8,3.2,2.9,0.12,0.048,0.043,Cave spider@2,Cave spider@2
1790732428.026,21:40:28,66,77,8,3.2,2.9,0.12,0.048,0.044,Cave spider@2,Cave spider@2
1790732429.064,21:40:29,65,77,8,3.2,2.9,0.12,0.049,0.045,Cave spider@2,Cave spider@2
1790732430.079,21:40:30,65,77,8,3.2,2.9,0.12,0.049,0.045,Cave spider@2,Cave spider@2
1790732431.096,21:40:31,61,77,8,3.2,2.9,0.13,0.052,0.048,Cave spider@2,Cave spider@2
1790732432.108,21:40:32,61,77,8,3.2,2.9,0.13,0.052,0.048,Cave spider@2,Cave spider@2
1790732433.126,21:40:33,59,77,8,3.2,2.9,0.14,0.054,0.049,Cave spider@2,Cave spider@2
1790732434.142,21:40:34,57,77,8,3.2,2.9,0.14,0.056,0.051,Cave spider@2,Cave spider@2
1790732435.156,21:40:35,56,77,8,3.2,2.9,0.14,0.057,0.052,Cave spider@1,Cave spider@1
1790732436.175,21:40:36,56,77,8,3.2,2.9,0.14,0.057,0.052,Cave spider@1,Cave spider@1
1790732437.189,21:40:37,52,77,8,3.2,2.9,0.15,0.062,0.056,Cave spider@2,Cave spider@2
1790732438.207,21:40:38,51,77,8,3.2,2.9,0.16,0.063,0.057,Cave spider@2,Cave spider@2
1790732439.221,21:40:39,47,77,8,3.2,2.9,0.17,0.068,0.062,Cave spider@2,Cave spider@2
1790732440.241,21:40:40,44,77,8,3.2,2.9,0.18,0.073,0.066,Cave spider@2,Cave spider@2
1790732441.257,21:40:41,44,77,8,3.2,2.9,0.18,0.073,0.066,Cave spider@1,Cave spider@1
1790732442.271,21:40:42,40,77,8,3.2,2.9,0.2,0.08,0.072,Cave spider@2,Cave spider@2
1790732443.291,21:40:43,37,77,8,3.2,2.9,0.22,0.086,0.078,Cave spider@2,Cave spider@2
1790732444.303,21:40:44,35,77,8,3.2,2.9,0.23,0.091,0.083,Cave spider@2,Cave spider@2
1790732445.677,21:40:45,47,77,8,3.2,2.9,0.17,0.068,0.062,Cave spider@3,Cave spider@3
1790732446.694,21:40:46,62,77,24,9.5,8.6,0.39,0.153,0.139,Cave spider@2; Cave spider@3; Cave spider@1,Cave spider@2; Cave spider@3; Cave spider@1
1790732447.708,21:40:47,58,77,48,19.0,17.2,0.83,0.328,0.297,Cave spider@2; Cave spider@3; Cave spider@2; Cave spider@3; Cave spider@2; Cave spider@3,Cave spider@2; Cave spider@3; Cave spider@2; Cave spider@3; Cave spider@2; Cave spider@3
1790732450.462,21:40:50,49,77,16,6.3,5.7,0.33,0.129,0.116,Cave spider@2; Cave spider@1,Cave spider@2; Cave spider@1
1790732451.476,21:40:51,48,77,8,3.2,2.9,0.17,0.067,0.06,Cave spider@2,Cave spider@2
1790732452.493,21:40:52,46,77,24,9.5,8.6,0.52,0.207,0.187,Cave spider@3; Cave spider@2; Cave spider@2,Cave spider@3; Cave spider@2; Cave spider@2
1790732453.511,21:40:53,46,77,8,3.2,2.9,0.17,0.07,0.063,Cave spider@2,Cave spider@2
1790732454.523,21:40:54,46,77,8,3.2,2.9,0.17,0.07,0.063,Cave spider@2,Cave spider@2
1790732455.54,21:40:55,47,77,8,3.2,2.9,0.17,0.068,0.062,Cave spider@2,Cave spider@2
1790732506.768,21:41:46,77,77,0,0.0,0.0,0.0,0.0,0.0,,Red worm mass@3
1790732507.781,21:41:47,77,77,0,0.0,0.0,0.0,0.0,0.0,,Red worm mass@2
1790732508.801,21:41:48,77,77,0,0.0,0.0,0.0,0.0,0.0,,Red worm mass@3
1790732509.815,21:41:49,77,77,0,0.0,0.0,0.0,0.0,0.0,,Red worm mass@4
1790732510.834,21:41:50,77,77,3,0.5,0.3,0.04,0.006,0.004,Red worm mass@1,Red worm mass@1; Red worm mass@2
1790732511.85,21:41:51,77,77,0,0.0,0.0,0.0,0.0,0.0,,Red worm mass@2
1790732512.866,21:41:52,77,77,3,0.5,0.3,0.04,0.006,0.004,Red worm mass@1,Red worm mass@1
1790732571.167,21:42:51,77,77,0,0.0,0.0,0.0,0.0,0.0,,Kobold@3
1790732572.183,21:42:52,77,77,8,2.9,2.6,0.1,0.038,0.034,Kobold@1,Kobold@1
1790732588.545,21:43:08,77,77,0,0.0,0.0,0.0,0.0,0.0,,Grey icky thing@20
1790732589.666,21:43:09,77,77,0,0.0,0.0,0.0,0.0,0.0,,Grey icky thing@19
1790732590.682,21:43:10,77,77,0,0.0,0.0,0.0,0.0,0.0,,Grey icky thing@17
1790732591.703,21:43:11,77,77,0,0.0,0.0,0.0,0.0,0.0,,Grey icky thing@15
1790732592.723,21:43:12,77,77,0,0.0,0.0,0.0,0.0,0.0,,Grey icky thing@12
1790732593.739,21:43:13,77,77,0,0.0,0.0,0.0,0.0,0.0,,Grey icky thing@10
1790732594.761,21:43:14,77,77,0,0.0,0.0,0.0,0.0,0.0,,Grey icky thing@6
1790732595.778,21:43:15,77,77,0,0.0,0.0,0.0,0.0,0.0,,Grey icky thing@5
1790732596.792,21:43:16,77,77,0,0.0,0.0,0.0,0.0,0.0,,Grey icky thing@4
1790732597.81,21:43:17,77,77,5,2.0,1.8,0.06,0.026,0.023,Grey icky thing@2,Grey icky thing@2
1790732598.825,21:43:18,77,77,5,2.0,1.8,0.06,0.026,0.023,Grey icky thing@2,Grey icky thing@2
1790732599.847,21:43:19,77,77,5,2.0,1.8,0.06,0.026,0.023,Grey icky thing@2,Grey icky thing@2
1790732600.865,21:43:20,77,77,0,0.0,0.0,0.0,0.0,0.0,,Grey icky thing@4
1790732601.878,21:43:21,77,77,0,0.0,0.0,0.0,0.0,0.0,,Grey icky thing@4
1790732602.9,21:43:22,77,77,0,0.0,0.0,0.0,0.0,0.0,,Grey icky thing@4
1790732603.918,21:43:23,77,77,0,0.0,0.0,0.0,0.0,0.0,,Grey icky thing@3
1790732604.938,21:43:24,77,77,0,0.0,0.0,0.0,0.0,0.0,,Grey icky thing@4
1790732606.368,21:43:26,77,77,0,0.0,0.0,0.0,0.0,0.0,,Grey icky thing@5
1790732610.242,21:43:30,77,77,0,0.0,0.0,0.0,0.0,0.0,,Soldier ant@3
1790732611.256,21:43:31,76,77,2,0.9,0.8,0.03,0.012,0.011,Soldier ant@1,Soldier ant@1
1790732615.543,21:43:35,77,77,0,0.0,0.0,0.0,0.0,0.0,,Grey icky thing@3
1790732616.559,21:43:36,77,77,0,0.0,0.0,0.0,0.0,0.0,,Grey icky thing@3
1790732617.578,21:43:37,77,77,5,2.0,1.8,0.06,0.026,0.023,Grey icky thing@2,Grey icky thing@2
1790732618.596,21:43:38,77,77,0,0.0,0.0,0.0,0.0,0.0,,Grey icky thing@3
1790732619.614,21:43:39,77,77,5,2.0,1.8,0.06,0.026,0.023,Grey icky thing@2,Grey icky thing@2
1790732621.093,21:43:41,77,77,5,2.0,1.8,0.06,0.026,0.023,Grey icky thing@2,Grey icky thing@2
1790732622.109,21:43:42,77,77,0,0.0,0.0,0.0,0.0,0.0,,Grey icky thing@3
1790732623.132,21:43:43,77,77,0,0.0,0.0,0.0,0.0,0.0,,Grey icky thing@3
1790732624.146,21:43:44,77,77,0,0.0,0.0,0.0,0.0,0.0,,Grey icky thing@3
1790732635.835,21:43:55,77,77,5,2.0,1.8,0.06,0.026,0.023,Grey icky thing@2,Grey icky thing@2
1790732636.85,21:43:56,77,77,5,2.0,1.8,0.06,0.026,0.023,Grey icky thing@2,Grey icky thing@2
1790732638.226,21:43:58,77,77,5,2.0,1.8,0.06,0.026,0.023,Grey icky thing@2,Grey icky thing@2
1790732639.243,21:43:59,77,77,5,2.0,1.8,0.06,0.026,0.023,Grey icky thing@2,Grey icky thing@2
1790732640.267,21:44:00,77,77,5,2.0,1.8,0.06,0.026,0.023,Grey icky thing@2,Grey icky thing@2
1790732641.283,21:44:01,77,77,5,2.0,1.8,0.06,0.026,0.023,Grey icky thing@2,Grey icky thing@2
1790732642.304,21:44:02,77,77,5,2.0,1.8,0.06,0.026,0.023,Grey icky thing@2,Grey icky thing@2
1790732643.323,21:44:03,77,77,5,2.0,1.8,0.06,0.026,0.023,Grey icky thing@2,Grey icky thing@2
1790732645.103,21:44:05,77,77,0,0.0,0.0,0.0,0.0,0.0,,Grey icky thing@3
1790732647.602,21:44:07,77,77,0,0.0,0.0,0.0,0.0,0.0,,Grey icky thing@3
1790732648.619,21:44:08,77,77,5,2.0,1.8,0.06,0.026,0.023,Grey icky thing@2,Grey icky thing@2
1790732649.638,21:44:09,77,77,5,2.0,1.8,0.06,0.026,0.023,Grey icky thing@2,Grey icky thing@2
1790732650.653,21:44:10,76,77,5,2.0,1.8,0.07,0.026,0.024,Grey icky thing@1,Grey icky thing@1
1790732651.668,21:44:11,96,97,5,2.0,1.8,0.05,0.021,0.019,Grey icky thing@1,Grey icky thing@1
1790732665.665,21:44:25,77,97,0,0.0,0.0,0.0,0.0,0.0,,Kobold archer@3
1790732666.682,21:44:26,66,97,9,3.3,3.0,0.14,0.05,0.045,Kobold archer@2,Kobold archer@2
1790732681.831,21:44:41,86,97,0,0.0,0.0,0.0,0.0,0.0,,Grey mushroom patch@10
1790732696.919,21:44:56,96,97,0,0.0,0.0,0.0,0.0,0.0,,Giant white centipede@3
1790732697.936,21:44:57,97,97,4,1.9,1.7,0.04,0.02,0.018,Giant white centipede@2,Giant white centipede@2
1790732698.956,21:44:58,96,97,6,3.1,2.8,0.06,0.032,0.029,Fruit bat@1; Giant white centipede@1,Fruit bat@1; Giant white centipede@1
1790732711.828,21:45:11,97,97,0,0.0,0.0,0.0,0.0,0.0,,Silver mouse@3
1790732712.841,21:45:12,97,97,2,0.1,0.1,0.02,0.001,0.001,Silver mouse@2,Silver mouse@2
1790732713.863,21:45:13,97,97,2,0.1,0.1,0.02,0.001,0.001,Silver mouse@1,Silver mouse@1
1790732723.167,21:45:23,97,97,0,0.0,0.0,0.0,0.0,0.0,,Kobold@5
1790732724.186,21:45:24,97,97,0,0.0,0.0,0.0,0.0,0.0,,Kobold@3
1790732743.999,21:45:43,97,97,4,0.2,0.2,0.04,0.002,0.002,Green jelly@2,Green jelly@2
1790732745.013,21:45:45,97,97,4,0.2,0.2,0.04,0.002,0.002,Green jelly@1,Green jelly@1
1790732746.028,21:45:46,96,97,4,0.2,0.2,0.04,0.002,0.002,Green jelly@1,Green jelly@1
1790732747.043,21:45:47,96,97,4,0.2,0.2,0.04,0.002,0.002,Green jelly@1,Green jelly@1
1790732797.791,21:46:37,97,97,0,0.0,0.0,0.0,0.0,0.0,,Giant red frog@3
1790732798.81,21:46:38,97,97,0,0.0,0.0,0.0,0.0,0.0,,Giant red frog@3
1790732799.833,21:46:39,97,97,62,9.9,2.9,0.64,0.102,0.03,Giant red frog@1; Blubbering icky thing@2,Giant red frog@1; Blubbering icky thing@2
1790732800.855,21:46:40,91,97,4,0.1,0.1,0.04,0.001,0.001,Grey mushroom patch@1,Grey mushroom patch@1
1790732801.872,21:46:41,91,97,4,0.1,0.1,0.04,0.001,0.001,Grey mushroom patch@2,Grey mushroom patch@2
1790732802.894,21:46:42,92,97,0,0.0,0.0,0.0,0.0,0.0,,Grey mushroom patch@4
1790732803.913,21:46:43,92,97,0,0.0,0.0,0.0,0.0,0.0,,Grey mushroom patch@5; Giant red frog@4
1790732804.929,21:46:44,93,97,4,0.1,0.1,0.04,0.001,0.001,Blubbering icky thing@2,Grey mushroom patch@6; Blubbering icky thing@2; Giant red frog@3
1790732805.956,21:46:45,93,97,58,9.8,2.8,0.62,0.105,0.03,Giant red frog@2,Grey mushroom patch@7; Giant red frog@2
1790732806.986,21:46:46,94,97,58,9.8,2.8,0.62,0.104,0.03,Giant red frog@2,Giant red frog@2
1790732808.012,21:46:48,94,97,58,9.8,2.8,0.62,0.104,0.03,Giant red frog@1,Giant red frog@1
1790732809.903,21:46:49,95,97,0,0.0,0.0,0.0,0.0,0.0,,Giant red frog@4
1790732810.925,21:46:50,96,97,58,9.8,2.8,0.6,0.102,0.029,Giant red frog@2,Grey mushroom patch@11; Giant red frog@2
1790732811.948,21:46:51,96,97,58,9.8,2.8,0.6,0.102,0.029,Giant red frog@1,Giant red frog@1
1790732814.403,21:46:54,97,97,0,0.0,0.0,0.0,0.0,0.0,,Grey mushroom patch@7; Giant red frog@3
1790732815.422,21:46:55,97,97,58,9.8,2.8,0.6,0.101,0.029,Giant red frog@2,Grey mushroom patch@8; Giant red frog@2
1790732816.446,21:46:56,92,97,58,9.8,2.8,0.63,0.107,0.03,Giant red frog@2,Giant red frog@2
1790732817.474,21:46:57,92,97,0,0.0,0.0,0.0,0.0,0.0,,Giant red frog@12
1790732818.49,21:46:58,93,97,0,0.0,0.0,0.0,0.0,0.0,,Giant red frog@10
1790733188.401,21:53:08,97,97,58,9.8,2.8,0.6,0.101,0.029,Giant red frog@2,Grey mushroom patch@9; Giant red frog@2
1790733197.037,21:53:17,97,97,0,0.0,0.0,0.0,0.0,0.0,,Grey mushroom patch@9
1790733230.737,21:53:50,97,97,8,3.2,2.9,0.08,0.033,0.03,"Fang, Farmer Maggot's dog@1","Fang, Farmer Maggot's dog@1"
1790733231.752,21:53:51,93,97,8,3.2,2.9,0.09,0.034,0.031,"Fang, Farmer Maggot's dog@2","Fang, Farmer Maggot's dog@2"
1790733232.774,21:53:52,94,97,8,3.2,2.9,0.09,0.034,0.031,"Fang, Farmer Maggot's dog@3","Fang, Farmer Maggot's dog@3"
1790733235.232,21:53:55,95,97,8,3.2,2.9,0.08,0.034,0.031,"Fang, Farmer Maggot's dog@3","Fang, Farmer Maggot's dog@3"
1790733236.25,21:53:56,93,97,8,3.2,2.9,0.09,0.034,0.031,"Fang, Farmer Maggot's dog@1","Fang, Farmer Maggot's dog@1"
1790733238.04,21:53:58,92,97,0,0.0,0.0,0.0,0.0,0.0,,Jackal@10; Jackal@9; Jackal@9; Jackal@8; Jackal@8; Bullroarer the Hobbit@7
1790733239.062,21:53:59,93,97,32,11.9,10.9,0.34,0.128,0.117,Bullroarer the Hobbit@3,Jackal@9; Jackal@8; Jackal@8; Jackal@7; Jackal@7; Bullroarer the Hobbit@3
1790733240.338,21:54:00,85,97,32,11.9,10.9,0.38,0.14,0.128,Bullroarer the Hobbit@1,Bullroarer the Hobbit@1
1790733241.351,21:54:01,71,97,32,11.9,10.9,0.45,0.168,0.154,Bullroarer the Hobbit@1,Bullroarer the Hobbit@1
1790733242.372,21:54:02,64,97,32,11.9,10.9,0.5,0.186,0.17,Bullroarer the Hobbit@2,Bullroarer the Hobbit@2
1790733243.389,21:54:03,64,97,32,11.9,10.9,0.5,0.186,0.17,Bullroarer the Hobbit@2,Bullroarer the Hobbit@2
1790733244.418,21:54:04,52,97,32,11.9,10.9,0.62,0.229,0.21,Bullroarer the Hobbit@2,Bullroarer the Hobbit@2
1790733245.947,21:54:05,40,97,32,11.9,10.9,0.8,0.297,0.273,Bullroarer the Hobbit@2,Bullroarer the Hobbit@2
1790733246.964,21:54:06,56,97,32,11.9,10.9,0.57,0.212,0.195,Bullroarer the Hobbit@1,Bullroarer the Hobbit@1
1790733247.987,21:54:07,50,97,32,11.9,10.9,0.64,0.238,0.218,Bullroarer the Hobbit@1,Bullroarer the Hobbit@1
1790733249.001,21:54:09,47,97,32,11.9,10.9,0.68,0.253,0.232,Bullroarer the Hobbit@2,Bullroarer the Hobbit@2
1790733251.342,21:54:11,57,97,32,11.9,10.9,0.56,0.209,0.191,Bullroarer the Hobbit@1,Bullroarer the Hobbit@1
1790733252.361,21:54:12,42,97,33,12.5,11.4,0.79,0.298,0.271,Jackal@2; Bullroarer the Hobbit@1,Jackal@2; Bullroarer the Hobbit@1
1790733253.378,21:54:13,35,97,33,12.5,11.4,0.94,0.357,0.326,Bullroarer the Hobbit@1; Jackal@1,Bullroarer the Hobbit@1; Jackal@1
1790733254.393,21:54:14,25,97,33,12.5,11.4,1.32,0.5,0.456,Bullroarer the Hobbit@1; Jackal@1,Bullroarer the Hobbit@1; Jackal@1
1790733255.411,21:54:15,22,115,2,1.2,1.1,0.09,0.055,0.05,Jackal@2; Jackal@2,Jackal@2; Jackal@2
1790734078.546,22:07:58,115,115,12,0.4,0.4,0.1,0.003,0.003,Smeagol@2,Smeagol@2
1790734079.563,22:07:59,115,115,12,0.4,0.4,0.1,0.003,0.003,Smeagol@1,Smeagol@1
1790734080.588,22:08:00,115,115,12,0.4,0.4,0.1,0.003,0.003,Smeagol@2,Smeagol@2
1790734081.606,22:08:01,115,115,12,0.4,0.4,0.1,0.003,0.003,Smeagol@1,Smeagol@1
1790734082.622,22:08:02,115,115,12,0.4,0.4,0.1,0.003,0.003,Smeagol@3,Smeagol@3
1790734164.302,22:09:24,115,115,0,0.0,0.0,0.0,0.0,0.0,,Salamander@3
1790734165.317,22:09:25,115,115,3,0.1,0.1,0.03,0.001,0.001,Salamander@2,Salamander@2
1790734166.334,22:09:26,115,115,3,0.1,0.1,0.03,0.001,0.001,Salamander@1,Salamander@1
1790734181.674,22:09:41,115,115,0,0.0,0.0,0.0,0.0,0.0,,Black naga@7
1790734182.795,22:09:42,115,115,0,0.0,0.0,0.0,0.0,0.0,,Black naga@5
1790734183.812,22:09:43,115,115,0,0.0,0.0,0.0,0.0,0.0,,Black naga@4
1790734184.832,22:09:44,115,115,0,0.0,0.0,0.0,0.0,0.0,,Black naga@6
1790734187.691,22:09:47,115,115,0,0.0,0.0,0.0,0.0,0.0,,Large white snake@3
1790734188.708,22:09:48,115,115,0,0.0,0.0,0.0,0.0,0.0,,Black naga@10; Large white snake@2
1790734189.727,22:09:49,115,115,1,0.6,0.6,0.01,0.005,0.005,Large white snake@1,Large white snake@1
1790734193.244,22:09:53,115,115,0,0.0,0.0,0.0,0.0,0.0,,Black naga@10
1790734237.462,22:10:37,115,115,12,0.4,0.4,0.1,0.003,0.003,Smeagol@3,Smeagol@3
1790734238.48,22:10:38,115,115,12,0.4,0.4,0.1,0.003,0.003,Smeagol@2,Smeagol@2
1790734282.145,22:11:22,115,115,0,0.0,0.0,0.0,0.0,0.0,,Jackal@9; Jackal@8
1790734283.373,22:11:23,115,115,0,0.0,0.0,0.0,0.0,0.0,,Jackal@7; Jackal@7; Jackal@6; Jackal@6; Jackal@6
1790734284.397,22:11:24,115,115,0,0.0,0.0,0.0,0.0,0.0,,Jackal@6; Jackal@6; Jackal@5; Jackal@5; Jackal@4
1790734285.421,22:11:25,115,115,1,0.6,0.6,0.01,0.005,0.005,Jackal@1,Jackal@4; Jackal@3; Jackal@3; Jackal@3; Jackal@1
1790734286.443,22:11:26,114,115,6,3.7,3.4,0.05,0.032,0.03,Jackal@2; Jackal@2; Jackal@1; Jackal@1; Jackal@1; Jackal@1,Jackal@2; Jackal@2; Jackal@1; Jackal@1; Jackal@1; Jackal@1
1790734311.988,22:11:51,115,115,2,1.3,1.2,0.02,0.011,0.01,Giant white louse@3,Giant white louse@3
1790734313.005,22:11:53,115,115,4,2.6,2.3,0.03,0.023,0.02,Giant white louse@2; Giant white louse@2,Giant white louse@2; Giant white louse@2
1790734314.025,22:11:54,115,115,8,5.1,4.7,0.07,0.044,0.041,Giant white louse@3; Giant white louse@2; Giant white louse@1; Giant white louse@1,Giant white louse@3; Giant white louse@2; Giant white louse@1; Giant white louse@1
1790734315.044,22:11:55,115,115,2,1.3,1.2,0.02,0.011,0.01,Giant white louse@3,Giant white louse@3
1790734316.062,22:11:56,115,115,2,1.3,1.2,0.02,0.011,0.01,Giant white louse@2,Giant white louse@2
1790734317.083,22:11:57,115,115,4,2.6,2.3,0.03,0.023,0.02,Giant white louse@2; Giant white louse@1,Giant white louse@2; Giant white louse@1
1790734341.475,22:12:21,115,115,0,0.0,0.0,0.0,0.0,0.0,,Radiation eye@7
1790734342.487,22:12:22,115,115,0,0.0,0.0,0.0,0.0,0.0,,Radiation eye@7
1790734343.5,22:12:23,115,115,0,0.0,0.0,0.0,0.0,0.0,,Radiation eye@7
1790734344.515,22:12:24,115,115,0,0.0,0.0,0.0,0.0,0.0,,Radiation eye@7
1790734345.528,22:12:25,115,115,0,0.0,0.0,0.0,0.0,0.0,,Radiation eye@7
1790734346.541,22:12:26,115,115,0,0.0,0.0,0.0,0.0,0.0,,Radiation eye@7
1790734347.558,22:12:27,115,115,0,0.0,0.0,0.0,0.0,0.0,,Radiation eye@5
1790734348.572,22:12:28,115,115,0,0.0,0.0,0.0,0.0,0.0,,Radiation eye@4
1790734349.59,22:12:29,115,115,56,2.7,2.7,0.49,0.023,0.023,Radiation eye@2,Radiation eye@2
1790734385.417,22:13:05,115,115,0,0.0,0.0,0.0,0.0,0.0,,Yellow worm mass@3
1790734394.848,22:13:14,115,115,0,0.0,0.0,0.0,0.0,0.0,,Yellow worm mass@3
1790734395.863,22:13:15,115,115,0,0.0,0.0,0.0,0.0,0.0,,Yellow worm mass@2; Yellow worm mass@3
1790734411.635,22:13:31,115,115,0,0.0,0.0,0.0,0.0,0.0,,Yellow worm mass@3
1790734412.649,22:13:32,115,115,0,0.0,0.0,0.0,0.0,0.0,,Yellow worm mass@2
1790734413.667,22:13:33,115,115,0,0.0,0.0,0.0,0.0,0.0,,Yellow worm mass@3
1790734417.628,22:13:37,115,115,0,0.0,0.0,0.0,0.0,0.0,,Yellow worm mass@3
1790734418.642,22:13:38,115,115,0,0.0,0.0,0.0,0.0,0.0,,Yellow worm mass@2
1790734419.663,22:13:39,115,115,0,0.0,0.0,0.0,0.0,0.0,,Yellow worm mass@2
1790734420.677,22:13:40,115,115,0,0.0,0.0,0.0,0.0,0.0,,Yellow worm mass@2
1790734421.694,22:13:41,115,115,0,0.0,0.0,0.0,0.0,0.0,,Yellow worm mass@2
1790734422.711,22:13:42,115,115,0,0.0,0.0,0.0,0.0,0.0,,Yellow worm mass@2
1790734446.393,22:14:06,115,115,0,0.0,0.0,0.0,0.0,0.0,,Yellow worm mass@3; Yellow worm mass@3
1790734447.405,22:14:07,115,115,0,0.0,0.0,0.0,0.0,0.0,,Yellow worm mass@2; Yellow worm mass@3
1790734448.425,22:14:08,115,115,53,2.6,2.6,0.46,0.023,0.023,Yellow worm mass@1; Yellow worm mass@1,Yellow worm mass@1; Yellow worm mass@1; Yellow worm mass@3
1790734449.443,22:14:09,115,115,26,1.3,1.3,0.23,0.011,0.011,Yellow worm mass@1,Yellow worm mass@1
1790734454.07,22:14:14,115,115,0,0.0,0.0,0.0,0.0,0.0,,Yellow worm mass@3
1790734455.081,22:14:15,115,115,0,0.0,0.0,0.0,0.0,0.0,,Yellow worm mass@2; Yellow worm mass@3
1790734456.099,22:14:16,115,115,26,1.3,1.3,0.23,0.011,0.011,Yellow worm mass@1,Yellow worm mass@1; Yellow worm mass@3
1790734468.701,22:14:28,115,115,0,0.0,0.0,0.0,0.0,0.0,,Novice paladin@3
1790734475.405,22:14:35,115,115,16,6.3,5.7,0.14,0.055,0.05,Cave spider@2; Cave spider@3,Cave spider@2; Cave spider@3; Cave spider@4
1790734495.553,22:14:55,115,115,0,0.0,0.0,0.0,0.0,0.0,Shrieker mushroom patch@2,Shrieker mushroom patch@2; White icky thing@4
1790734496.566,22:14:56,115,115,12,0.4,0.4,0.1,0.003,0.003,Smeagol@2,Smeagol@2
1790734497.578,22:14:57,115,115,12,0.4,0.4,0.1,0.003,0.003,Smeagol@3,Smeagol@3
1790734499.252,22:14:59,115,115,12,0.4,0.4,0.1,0.003,0.003,Smeagol@3,Smeagol@3
1790734500.265,22:15:00,115,115,12,0.4,0.4,0.1,0.003,0.003,Smeagol@1,Smeagol@1
1790734501.277,22:15:01,115,115,12,0.4,0.4,0.1,0.003,0.003,Smeagol@2,Smeagol@2
1790734502.291,22:15:02,115,115,12,0.4,0.4,0.1,0.003,0.003,Smeagol@1,Smeagol@1
1790734503.303,22:15:03,115,115,12,0.4,0.4,0.1,0.003,0.003,Smeagol@3,Smeagol@3
1790734504.823,22:15:04,115,115,12,0.4,0.4,0.1,0.003,0.003,Smeagol@2,Smeagol@2
1790734505.835,22:15:05,115,115,12,0.4,0.4,0.1,0.003,0.003,Smeagol@3,Smeagol@3
1790734506.849,22:15:06,115,115,12,0.4,0.4,0.1,0.003,0.003,Smeagol@1,Smeagol@1
1790734513.989,22:15:13,115,115,6,2.3,2.1,0.05,0.02,0.018,Novice rogue@2,Novice rogue@2
1790734515.31,22:15:15,115,115,2,1.3,1.2,0.02,0.011,0.01,Giant white louse@3,Giant white louse@3
1790734516.322,22:15:16,111,115,9,3.3,3.0,0.08,0.03,0.027,Kobold archer@1,Kobold archer@1
1790734517.698,22:15:17,111,115,0,0.0,0.0,0.0,0.0,0.0,,White icky thing@3
1790734529.768,22:15:29,115,115,0,0.0,0.0,0.0,0.0,0.0,,Silver mouse@3
1790734530.781,22:15:30,115,115,2,0.1,0.1,0.02,0.001,0.001,Silver mouse@2,Silver mouse@2
1790734539.572,22:15:39,115,115,0,0.0,0.0,0.0,0.0,0.0,,Yellow jelly@7
1790734540.585,22:15:40,115,115,0,0.0,0.0,0.0,0.0,0.0,,Grey icky thing@15; Yellow jelly@6
1790734541.605,22:15:41,115,115,0,0.0,0.0,0.0,0.0,0.0,,Yellow jelly@8
1790734542.625,22:15:42,115,115,0,0.0,0.0,0.0,0.0,0.0,,Grey icky thing@17; Yellow jelly@6
1790734543.641,22:15:43,115,115,0,0.0,0.0,0.0,0.0,0.0,,Grey icky thing@18; Yellow jelly@5
1790734564.397,22:16:04,115,115,0,0.0,0.0,0.0,0.0,0.0,,Green naga@16
1790734565.412,22:16:05,115,115,0,0.0,0.0,0.0,0.0,0.0,,Green naga@17
1790734566.432,22:16:06,115,115,0,0.0,0.0,0.0,0.0,0.0,,Green naga@19
1790734572.84,22:16:12,115,115,0,0.0,0.0,0.0,0.0,0.0,,Grey icky thing@19
1790734573.854,22:16:13,115,115,6,0.2,0.2,0.05,0.002,0.002,Yellow jelly@2,Grey icky thing@18; Yellow jelly@2
1790734574.876,22:16:14,109,115,6,0.2,0.2,0.06,0.002,0.002,Yellow jelly@1,Grey icky thing@17; Yellow jelly@1
1790734582.107,22:16:22,107,115,0,0.0,0.0,0.0,0.0,0.0,,Grey icky thing@3
1790734583.122,22:16:23,108,115,5,2.0,1.8,0.05,0.019,0.017,Grey icky thing@1,Yellow jelly@11; Grey icky thing@1
1790734584.143,22:16:24,108,115,5,2.0,1.8,0.05,0.019,0.017,Grey icky thing@1,Yellow jelly@11; Grey icky thing@1
1790734585.161,22:16:25,109,115,5,2.0,1.8,0.05,0.018,0.017,Grey icky thing@1,Yellow jelly@11; Grey icky thing@1
1790734586.179,22:16:26,110,115,5,2.0,1.8,0.05,0.018,0.016,Grey icky thing@2,Yellow jelly@11; Grey icky thing@2
1790734587.194,22:16:27,110,115,0,0.0,0.0,0.0,0.0,0.0,,Yellow jelly@11; Grey icky thing@3
1790734588.21,22:16:28,111,115,0,0.0,0.0,0.0,0.0,0.0,,Yellow jelly@11
1790734612.811,22:16:52,115,115,0,0.0,0.0,0.0,0.0,0.0,,Large grey snake@3
1790734613.828,22:16:53,115,115,0,0.0,0.0,0.0,0.0,0.0,,Large grey snake@2
1790734614.844,22:16:54,115,115,6,2.4,2.2,0.05,0.021,0.019,Large grey snake@1,Large grey snake@1
1790734616.216,22:16:56,115,115,4,2.0,1.9,0.03,0.017,0.017,Zombified kobold@2,Zombified kobold@2
1790734617.229,22:16:57,112,115,4,2.0,1.9,0.04,0.018,0.017,Zombified kobold@1,Zombified kobold@1
1790734621.765,22:17:01,128,129,0,0.0,0.0,0.0,0.0,0.0,,Giant green frog@3
1790734622.781,22:17:02,129,129,3,1.3,1.1,0.02,0.01,0.009,Giant green frog@2,Giant green frog@2
1790734623.798,22:17:03,129,129,3,1.3,1.1,0.02,0.01,0.009,Giant green frog@1,Giant green frog@1
1790734639.494,22:17:19,129,129,0,0.0,0.0,0.0,0.0,0.0,,Disenchanter eye@3
1790734640.509,22:17:20,129,129,0,0.0,0.0,0.0,0.0,0.0,,Disenchanter eye@2
1790734641.526,22:17:21,129,129,0,0.0,0.0,0.0,0.0,0.0,Disenchanter eye@1,Disenchanter eye@1
1790734648.551,22:17:28,129,129,0,0.0,0.0,0.0,0.0,0.0,,Giant black ant@5
1790734649.565,22:17:29,129,129,0,0.0,0.0,0.0,0.0,0.0,,Giant black ant@4
1790734651.047,22:17:31,129,129,4,1.6,1.4,0.03,0.012,0.011,Giant black ant@2,Giant black ant@2
1790734652.059,22:17:32,129,129,4,1.6,1.4,0.03,0.012,0.011,Giant black ant@1,Giant black ant@1
1790734695.911,22:18:15,129,129,0,0.0,0.0,0.0,0.0,0.0,,Blue worm mass@6
1790734696.927,22:18:16,129,129,0,0.0,0.0,0.0,0.0,0.0,,Blue worm mass@5
1790734697.946,22:18:17,129,129,0,0.0,0.0,0.0,0.0,0.0,,Blue worm mass@3
1790734698.968,22:18:18,129,129,14,0.6,0.4,0.11,0.005,0.003,Blue worm mass@1; Smeagol@2,Blue worm mass@1; Smeagol@2
1790734699.985,22:18:19,129,129,12,0.4,0.4,0.09,0.003,0.003,Smeagol@1,Smeagol@1; Blue worm mass@2
1790734701.005,22:18:21,125,129,0,0.0,0.0,0.0,0.0,0.0,,Blue worm mass@4
1790734702.022,22:18:22,126,129,0,0.0,0.0,0.0,0.0,0.0,,Blue worm mass@6
1790734741.989,22:19:01,129,129,0,0.0,0.0,0.0,0.0,0.0,,Green mold@3
1790734743.006,22:19:03,129,129,4,1.2,0.9,0.03,0.009,0.007,Green mold@2,Green mold@2
1790734744.029,22:19:04,129,129,4,1.2,0.9,0.03,0.009,0.007,Green mold@1,Green mold@1
1790734745.045,22:19:05,127,129,4,1.2,0.9,0.03,0.009,0.007,Green mold@1,Green mold@1
1790734746.063,22:19:06,128,129,0,0.0,0.0,0.0,0.0,0.0,,Green mold@3
1790734771.523,22:19:31,129,129,0,0.0,0.0,0.0,0.0,0.0,,Green mold@3
1790734772.537,22:19:32,129,129,4,1.2,0.9,0.03,0.009,0.007,Green mold@2,Green mold@2
1790734773.555,22:19:33,126,129,4,1.2,0.9,0.03,0.01,0.007,Green mold@1,Green mold@1
1790734774.576,22:19:34,127,129,0,0.0,0.0,0.0,0.0,0.0,,Green mold@3
1790734784.664,22:19:44,129,129,0,0.0,0.0,0.0,0.0,0.0,,Green mold@3
1790734785.677,22:19:45,129,129,4,1.2,0.9,0.03,0.009,0.007,Green mold@2,Green mold@2
1790734786.693,22:19:46,128,129,4,1.2,0.9,0.03,0.009,0.007,Green mold@1,Green mold@1
1790734787.709,22:19:47,127,129,4,1.2,0.9,0.03,0.009,0.007,Green mold@1,Green mold@1
1790734828.464,22:20:28,129,129,12,0.4,0.4,0.09,0.003,0.003,Smeagol@2,Smeagol@2
1790734829.479,22:20:29,129,129,12,0.4,0.4,0.09,0.003,0.003,Smeagol@1,Smeagol@1
1790734839.156,22:20:39,129,129,6,2.3,2.1,0.05,0.018,0.016,Skeleton kobold@2,Skeleton kobold@2
1790734840.173,22:20:40,128,129,6,2.3,2.1,0.05,0.018,0.016,Skeleton kobold@1,Skeleton kobold@1
1790734848.506,22:20:48,129,129,0,0.0,0.0,0.0,0.0,0.0,,Green naga@15
1790734850.401,22:20:50,129,129,0,0.0,0.0,0.0,0.0,0.0,,Blue worm mass@2
1790734851.415,22:20:51,129,129,2,0.3,0.1,0.02,0.002,0.001,Blue worm mass@1,Blue worm mass@1
1790734852.432,22:20:52,129,129,0,0.0,0.0,0.0,0.0,0.0,,Blue worm mass@2
1790734853.45,22:20:53,129,129,0,0.0,0.0,0.0,0.0,0.0,,Blue worm mass@2
1790734854.467,22:20:54,129,129,2,0.3,0.1,0.02,0.002,0.001,Blue worm mass@1,Blue worm mass@1
1790734855.489,22:20:55,129,129,2,0.3,0.1,0.02,0.002,0.001,Blue worm mass@1,Blue worm mass@1
1790734856.504,22:20:56,129,129,2,0.3,0.1,0.02,0.002,0.001,Blue worm mass@1,Blue worm mass@1
1790734890.811,22:21:30,129,129,0,0.0,0.0,0.0,0.0,0.0,,Green naga@13
1790734891.832,22:21:31,129,129,0,0.0,0.0,0.0,0.0,0.0,,Green naga@12
1790734892.864,22:21:32,129,129,0,0.0,0.0,0.0,0.0,0.0,,Green naga@10; Rock lizard@5
1790734893.885,22:21:33,129,129,1,0.6,0.6,0.01,0.005,0.005,Rock lizard@2,Green naga@9; Rock lizard@2
1790734894.901,22:21:34,128,129,1,0.6,0.6,0.01,0.005,0.005,Rock lizard@1,Green naga@8; Rock lizard@1
1790734895.922,22:21:35,129,129,0,0.0,0.0,0.0,0.0,0.0,,Green naga@7
1790734896.946,22:21:36,129,129,0,0.0,0.0,0.0,0.0,0.0,,Green naga@5
1790734897.968,22:21:37,129,129,0,0.0,0.0,0.0,0.0,0.0,,Green naga@3
1790734898.99,22:21:38,129,129,20,3.3,3.1,0.16,0.026,0.024,Green naga@1,Green naga@1
1790734900.004,22:21:40,122,129,20,3.3,3.1,0.16,0.027,0.025,Green naga@1,Green naga@1
1790734901.018,22:21:41,122,129,20,3.3,3.1,0.16,0.027,0.025,Green naga@1,Green naga@1
1790734902.038,22:21:42,123,129,20,3.3,3.1,0.16,0.027,0.025,Green naga@2,Green naga@3; Green naga@2
1790734903.06,22:21:43,124,129,20,3.3,3.1,0.16,0.027,0.025,Green naga@1,Green naga@1; Green naga@4
1790734904.088,22:21:44,124,129,20,3.3,3.1,0.16,0.027,0.025,Green naga@1,Green naga@1; Green naga@7
1790734905.105,22:21:45,124,129,20,3.3,3.1,0.16,0.027,0.025,Green naga@1,Green naga@1; Green naga@9
1790734906.123,22:21:46,125,129,20,3.3,3.1,0.16,0.026,0.025,Green naga@2,Green naga@2; Green naga@10
1790734940.36,22:22:20,129,129,0,0.0,0.0,0.0,0.0,0.0,,Green naga@15
1790734950.366,22:22:30,129,129,4,0.2,0.2,0.03,0.002,0.002,Green jelly@3,Green jelly@3
1790734951.386,22:22:31,129,129,4,0.2,0.2,0.03,0.002,0.002,Green jelly@2,Green jelly@2
1790734952.403,22:22:32,129,129,4,0.2,0.2,0.03,0.002,0.002,Green jelly@1,Green jelly@1
1790734953.418,22:22:33,128,129,4,0.2,0.2,0.03,0.002,0.002,Green jelly@1,Green jelly@1
1790734954.433,22:22:34,127,129,4,0.2,0.2,0.03,0.002,0.002,Green jelly@1,Green jelly@1
1790734960.644,22:22:40,129,129,20,3.3,3.1,0.16,0.026,0.024,Green naga@2,Green naga@2
1790734961.662,22:22:41,129,129,20,3.3,3.1,0.16,0.026,0.024,Green naga@1,Green naga@1
1790734962.678,22:22:42,129,129,20,3.3,3.1,0.16,0.026,0.024,Green naga@1,Green naga@1
1790734963.693,22:22:43,129,129,20,3.3,3.1,0.16,0.026,0.024,Green naga@1,Green naga@1
1790734975.435,22:22:55,129,129,6,2.3,2.1,0.05,0.018,0.016,Novice rogue@2,Novice rogue@2
1790734976.452,22:22:56,128,129,6,2.3,2.1,0.05,0.018,0.016,Novice rogue@1,Novice rogue@1
1790734977.468,22:22:57,128,129,6,2.3,2.1,0.05,0.018,0.016,Novice rogue@1,Novice rogue@1
1790735021.599,22:23:41,129,129,0,0.0,0.0,0.0,0.0,0.0,,Green naga@3
1790735022.613,22:23:42,129,129,20,3.3,3.1,0.16,0.026,0.024,Green naga@1,Green naga@1
1790735023.626,22:23:43,124,129,20,3.3,3.1,0.16,0.027,0.025,Green naga@1,Green naga@1
1790735044.137,22:24:04,135,135,0,0.0,0.0,0.0,0.0,0.0,,Green naga@7
1790735045.155,22:24:05,135,135,0,0.0,0.0,0.0,0.0,0.0,,Green naga@8
1790735126.076,22:25:26,135,135,0,0.0,0.0,0.0,0.0,0.0,,Novice rogue@3
1790735127.096,22:25:27,135,135,6,2.3,2.1,0.04,0.017,0.016,Novice rogue@1,Novice rogue@1
1790735178.573,22:26:18,135,135,0,0.0,0.0,0.0,0.0,0.0,,Novice priest@3
1790735179.589,22:26:19,135,135,5,2.0,1.8,0.04,0.015,0.013,Novice priest@1,Novice priest@1
1790735236.637,22:27:16,135,135,0,0.0,0.0,0.0,0.0,0.0,,Green naga@4
1790735237.655,22:27:17,135,135,20,3.3,3.1,0.15,0.024,0.023,Green naga@2,Green naga@2
1790735238.672,22:27:18,129,135,20,3.3,3.1,0.16,0.026,0.024,Green naga@1,Green naga@1
1790735276.564,22:27:56,135,135,0,0.0,0.0,0.0,0.0,0.0,,Kobold shaman@3
1790735277.582,22:27:57,130,135,21,7.7,6.9,0.16,0.059,0.053,Kobold shaman@1; Small kobold@2; Kobold shaman@2,Kobold shaman@1; Small kobold@2; Kobold shaman@2
1790735278.607,22:27:58,130,135,5,1.9,1.7,0.04,0.015,0.013,Small kobold@2,Small kobold@2
1790735279.635,22:27:59,131,135,13,4.8,4.3,0.1,0.037,0.033,Kobold shaman@1; Small kobold@2,Kobold shaman@1; Small kobold@2; Small kobold@3
1790735280.673,22:28:00,132,135,5,1.9,1.7,0.04,0.014,0.013,Small kobold@2,Small kobold@2
1790735281.696,22:28:01,133,135,5,1.9,1.7,0.04,0.014,0.013,Small kobold@1,Small kobold@1; Small kobold@3
1790735282.72,22:28:02,133,135,20,7.5,6.7,0.15,0.056,0.05,Small kobold@1; Small kobold@1; Small kobold@2; Small kobold@2,Small kobold@1; Small kobold@1; Small kobold@2; Small kobold@2
1790735283.739,22:28:03,134,135,5,1.9,1.7,0.04,0.014,0.013,Small kobold@1,Small kobold@1; Small kobold@3
1790735284.758,22:28:04,135,135,15,5.6,5.0,0.11,0.041,0.037,Small kobold@1; Small kobold@2; Small kobold@2,Small kobold@1; Small kobold@2; Small kobold@2
1790735285.78,22:28:05,135,135,5,1.9,1.7,0.04,0.014,0.013,Small kobold@2,Small kobold@2; Small kobold@3
1790735286.805,22:28:06,134,135,15,5.6,5.0,0.11,0.042,0.037,Small kobold@1; Small kobold@2; Small kobold@2,Small kobold@1; Small kobold@2; Small kobold@2; Small kobold@3; Large kobold@3
1790735287.831,22:28:07,132,135,15,5.6,5.0,0.11,0.042,0.038,Small kobold@1; Small kobold@2; Small kobold@2,Small kobold@1; Small kobold@2; Small kobold@2; Large kobold@3; Large kobold@3
1790735288.852,22:28:08,128,135,25,9.1,8.3,0.2,0.071,0.065,Large kobold@1; Small kobold@1; Large kobold@2,Large kobold@1; Small kobold@1; Large kobold@2; Small kobold@3; Large kobold@3
1790735289.879,22:28:09,126,135,15,5.5,5.0,0.12,0.044,0.04,Large kobold@2; Small kobold@2,Large kobold@2; Small kobold@2; Small kobold@3; Large kobold@3; Mughash the Kobold Lord@3
1790735290.911,22:28:10,127,135,0,0.0,0.0,0.0,0.0,0.0,,Large kobold@3; Large kobold@3
1790735291.934,22:28:11,128,135,0,0.0,0.0,0.0,0.0,0.0,,Large kobold@3; Large kobold@3
1790735293.27,22:28:13,128,135,10,3.6,3.3,0.08,0.028,0.026,Large kobold@2,Large kobold@2; Large kobold@3
1790735294.296,22:28:14,122,135,30,10.9,10.0,0.25,0.089,0.082,Large kobold@1; Large kobold@2; Large kobold@2,Large kobold@1; Large kobold@2; Large kobold@2; Large kobold@3
1790735295.33,22:28:15,122,135,20,7.3,6.6,0.16,0.06,0.054,Large kobold@2; Large kobold@2,Large kobold@2; Large kobold@2; Large kobold@3; Large kobold@3; Mughash the Kobold Lord@3; Small kobold@4
1790735296.361,22:28:16,123,135,10,3.6,3.3,0.08,0.029,0.027,Large kobold@2,Large kobold@2; Large kobold@3; Large kobold@3; Mughash the Kobold Lord@3; Large kobold@3; Small kobold@4; Small kobold@5
1790735297.405,22:28:17,123,135,10,3.6,3.3,0.08,0.029,0.027,Large kobold@2,Large kobold@2; Mughash the Kobold Lord@3; Large kobold@3; Large kobold@3; Small kobold@4; Large kobold@5; Small kobold@5; Small kobold@6; Large kobold@7
1790735298.453,22:28:18,124,135,10,3.6,3.3,0.08,0.029,0.027,Large kobold@2,Large kobold@2; Mughash the Kobold Lord@3; Large kobold@3; Small kobold@4; Large kobold@4; Small kobold@5; Large kobold@6; Large kobold@7
1790735299.484,22:28:19,125,135,10,3.6,3.3,0.08,0.029,0.026,Large kobold@2,Large kobold@2; Mughash the Kobold Lord@3; Large kobold@3; Large kobold@6; Small kobold@6; Large kobold@7
1790735300.522,22:28:20,126,135,10,3.6,3.3,0.08,0.029,0.026,Large kobold@2,Large kobold@2; Mughash the Kobold Lord@3; Large kobold@3; Large kobold@7; Small kobold@8
1790735301.555,22:28:21,126,135,10,3.6,3.3,0.08,0.029,0.026,Large kobold@2,Large kobold@2
1790735302.578,22:28:22,127,135,10,3.6,3.3,0.08,0.028,0.026,Large kobold@2,Large kobold@2; Mughash the Kobold Lord@3; Large kobold@4
1790735303.611,22:28:23,128,135,10,3.6,3.3,0.08,0.028,0.026,Large kobold@2,Large kobold@4; Large kobold@2; Mughash the Kobold Lord@3; Small kobold@4
1790735304.641,22:28:24,128,135,40,14.8,13.6,0.31,0.116,0.106,Large kobold@1; Mughash the Kobold Lord@2,Large kobold@3; Large kobold@1; Mughash the Kobold Lord@2; Small kobold@3; Large kobold@6
1790735305.671,22:28:25,129,135,10,3.6,3.3,0.08,0.028,0.026,Large kobold@2,Large kobold@4; Large kobold@2; Mughash the Kobold Lord@3; Small kobold@4; Large kobold@6; Large kobold@8
1790735306.707,22:28:26,130,135,10,3.6,3.3,0.08,0.028,0.025,Large kobold@2,Large kobold@2; Mughash the Kobold Lord@3; Large kobold@7; Large kobold@8; Large kobold@9
1790735307.74,22:28:27,130,135,40,14.8,13.6,0.31,0.114,0.105,Large kobold@1; Mughash the Kobold Lord@2,Large kobold@3; Large kobold@1; Mughash the Kobold Lord@2; Small kobold@3; Large kobold@8; Large kobold@9; Small kobold@10
1790735308.771,22:28:28,131,135,10,3.6,3.3,0.08,0.027,0.025,Large kobold@2,Large kobold@2; Mughash the Kobold Lord@3; Large kobold@9; Large kobold@10; Small kobold@11
1790735309.805,22:28:29,132,135,10,3.6,3.3,0.08,0.027,0.025,Large kobold@2,Small kobold@3; Large kobold@2; Mughash the Kobold Lord@3; Small kobold@11; Small kobold@14
1790735310.834,22:28:30,132,135,45,16.6,15.2,0.34,0.126,0.115,Small kobold@2; Large kobold@1; Mughash the Kobold Lord@2,Small kobold@2; Large kobold@1; Mughash the Kobold Lord@2; Small kobold@13; Small kobold@16
1790735311.862,22:28:31,133,135,10,3.6,3.3,0.08,0.027,0.025,Large kobold@2,Small kobold@3; Large kobold@2; Mughash the Kobold Lord@3; Small kobold@14; Small kobold@17
1790735312.894,22:28:32,134,135,10,3.6,3.3,0.07,0.027,0.025,Large kobold@2,Small kobold@3; Large kobold@2; Mughash the Kobold Lord@3; Small kobold@18
1790735313.92,22:28:33,135,135,10,3.6,3.3,0.07,0.027,0.024,Large kobold@2,Small kobold@3; Large kobold@2; Mughash the Kobold Lord@3; Small kobold@18
1790735314.954,22:28:34,135,135,10,3.6,3.3,0.07,0.027,0.024,Large kobold@2,Small kobold@3; Large kobold@2; Mughash the Kobold Lord@3
1790735315.986,22:28:35,135,135,10,3.6,3.3,0.07,0.027,0.024,Large kobold@2,Small kobold@3; Large kobold@2; Mughash the Kobold Lord@3
1790735317.013,22:28:37,135,135,15,5.5,5.0,0.11,0.041,0.037,Small kobold@2; Large kobold@2,Small kobold@2; Large kobold@2; Mughash the Kobold Lord@3
1790735318.046,22:28:38,135,135,15,5.5,5.0,0.11,0.041,0.037,Small kobold@2; Large kobold@2,Small kobold@2; Large kobold@2; Mughash the Kobold Lord@3
1790735319.077,22:28:39,135,135,10,3.6,3.3,0.07,0.027,0.024,Large kobold@2,Large kobold@2
1790735320.1,22:28:40,135,135,10,3.6,3.3,0.07,0.027,0.024,Large kobold@2,Large kobold@2
1790735321.13,22:28:41,135,135,10,3.6,3.3,0.07,0.027,0.024,Large kobold@2,Small kobold@4; Mughash the Kobold Lord@3; Large kobold@2
1790735322.159,22:28:42,135,135,40,14.8,13.6,0.3,0.11,0.101,Mughash the Kobold Lord@2; Large kobold@1,Large kobold@5; Small kobold@3; Mughash the Kobold Lord@2; Large kobold@1
1790735323.184,22:28:43,135,135,10,3.6,3.3,0.07,0.027,0.024,Large kobold@2,Large kobold@6; Mughash the Kobold Lord@3; Large kobold@2
1790735324.211,22:28:44,135,135,10,3.6,3.3,0.07,0.027,0.024,Large kobold@2,Small kobold@3; Mughash the Kobold Lord@3; Large kobold@2
1790735325.235,22:28:45,135,135,45,16.6,15.2,0.33,0.123,0.113,Small kobold@2; Mughash the Kobold Lord@2; Large kobold@1,Large kobold@9; Small kobold@2; Mughash the Kobold Lord@2; Large kobold@1
1790735326.258,22:28:46,135,135,10,3.6,3.3,0.07,0.027,0.024,Large kobold@2,Large kobold@12; Small kobold@3; Mughash the Kobold Lord@3; Large kobold@2
1790735327.286,22:28:47,135,135,10,3.6,3.3,0.07,0.027,0.024,Large kobold@2,Small kobold@14; Large kobold@13; Small kobold@3; Mughash the Kobold Lord@3; Large kobold@2
1790735328.306,22:28:48,135,135,10,3.6,3.3,0.07,0.027,0.024,Large kobold@2,Small kobold@15; Small kobold@3; Mughash the Kobold Lord@3; Large kobold@2
1790735329.333,22:28:49,135,135,34,12.7,11.7,0.25,0.094,0.087,Mughash the Kobold Lord@2; Scruffy looking hobbit@1,Mughash the Kobold Lord@2; Scruffy looking hobbit@1
1790735330.358,22:28:50,135,135,30,11.1,10.2,0.22,0.082,0.076,Mughash the Kobold Lord@2,Mughash the Kobold Lord@2
1790735331.378,22:28:51,135,135,30,11.1,10.2,0.22,0.082,0.076,Mughash the Kobold Lord@1,Mughash the Kobold Lord@1
1790735332.398,22:28:52,135,135,30,11.1,10.2,0.22,0.082,0.076,Mughash the Kobold Lord@2,Mughash the Kobold Lord@2
1790735333.422,22:28:53,135,135,30,11.1,10.2,0.22,0.082,0.076,Mughash the Kobold Lord@2,Mughash the Kobold Lord@2
1790735334.442,22:28:54,112,135,30,11.1,10.2,0.27,0.099,0.091,Mughash the Kobold Lord@1,Mughash the Kobold Lord@1
1790735335.458,22:28:55,112,135,30,11.1,10.2,0.27,0.099,0.091,Mughash the Kobold Lord@2,Mughash the Kobold Lord@2
1790735336.48,22:28:56,103,135,30,11.1,10.2,0.29,0.108,0.099,Mughash the Kobold Lord@1,Mughash the Kobold Lord@1
1790735337.507,22:28:57,104,135,30,11.1,10.2,0.29,0.107,0.098,Mughash the Kobold Lord@2,Large kobold@6; Mughash the Kobold Lord@2
1790735338.532,22:28:58,104,135,30,11.1,10.2,0.29,0.107,0.098,Mughash the Kobold Lord@2,Large kobold@4; Mughash the Kobold Lord@2
1790735339.548,22:28:59,105,135,40,14.8,13.6,0.38,0.141,0.13,Large kobold@2; Mughash the Kobold Lord@2,Large kobold@3; Large kobold@2; Mughash the Kobold Lord@2
1790735340.574,22:29:00,96,135,50,18.4,16.9,0.52,0.192,0.176,Large kobold@2; Mughash the Kobold Lord@1; Large kobold@1,Large kobold@3; Large kobold@2; Mughash the Kobold Lord@1; Large kobold@1
1790735341.596,22:29:01,76,135,60,22.0,20.2,0.79,0.289,0.266,Large kobold@1; Mughash the Kobold Lord@1; Large kobold@1; Large kobold@2,Small kobold@3; Large kobold@1; Mughash the Kobold Lord@1; Large kobold@1; Large kobold@2
1790735342.617,22:29:02,77,135,0,0.0,0.0,0.0,0.0,0.0,,Small kobold@8; Large kobold@6; Mughash the Kobold Lord@4; Large kobold@6; Large kobold@6
1790735343.637,22:29:03,78,135,30,11.1,10.2,0.38,0.142,0.131,Mughash the Kobold Lord@2,Small kobold@8; Large kobold@5; Mughash the Kobold Lord@2; Large kobold@4; Large kobold@5
1790735344.664,22:29:04,62,135,50,18.4,16.9,0.81,0.297,0.273,Large kobold@2; Mughash the Kobold Lord@1; Large kobold@2,Small kobold@7; Large kobold@3; Large kobold@2; Mughash the Kobold Lord@1; Large kobold@2
1790735345.687,22:29:05,58,135,35,12.9,11.7,0.6,0.222,0.202,Large kobold@1; Small kobold@1; Small kobold@1; Small kobold@2; Large kobold@2,Large kobold@1; Small kobold@1; Small kobold@1; Small kobold@2; Large kobold@2
1790735346.707,22:29:06,24,135,30,11.0,10.0,1.25,0.458,0.417,Large kobold@1; Small kobold@1; Small kobold@1; Large kobold@2,Large kobold@1; Small kobold@1; Small kobold@1; Large kobold@2
1790735356.396,22:29:16,12,12,4,2.2,2.0,0.33,0.183,0.167,White harpy@2,White harpy@2
1790735698.166,22:34:58,115,115,0,0.0,0.0,0.0,0.0,0.0,,White worm mass@18
1790735699.178,22:34:59,115,115,0,0.0,0.0,0.0,0.0,0.0,,White worm mass@18
1790735700.191,22:35:00,115,115,0,0.0,0.0,0.0,0.0,0.0,,White worm mass@18
1790735701.204,22:35:01,115,115,0,0.0,0.0,0.0,0.0,0.0,,White worm mass@18
1790735702.217,22:35:02,115,115,0,0.0,0.0,0.0,0.0,0.0,,White worm mass@18
1790735711.125,22:35:11,115,115,0,0.0,0.0,0.0,0.0,0.0,,Giant yellow centipede@5
1790735712.138,22:35:12,115,115,0,0.0,0.0,0.0,0.0,0.0,,Giant yellow centipede@5
1790735713.157,22:35:13,115,115,0,0.0,0.0,0.0,0.0,0.0,,Giant yellow centipede@4
1790735714.177,22:35:14,115,115,6,2.5,2.2,0.05,0.022,0.019,Giant yellow centipede@2,Giant yellow centipede@2
1790735715.191,22:35:15,112,115,6,2.5,2.2,0.05,0.022,0.02,Giant yellow centipede@1,Giant yellow centipede@1
1790735776.501,22:36:16,115,115,8,2.9,2.6,0.07,0.025,0.023,Kobold@1,Kobold@1
1790735793.639,22:36:33,115,115,0,0.0,0.0,0.0,0.0,0.0,,Yellow mushroom patch@20
1790735794.653,22:36:34,115,115,0,0.0,0.0,0.0,0.0,0.0,,Yellow mushroom patch@19
1790735795.674,22:36:35,115,115,0,0.0,0.0,0.0,0.0,0.0,,Yellow mushroom patch@17
1790735796.693,22:36:36,115,115,0,0.0,0.0,0.0,0.0,0.0,,Yellow mushroom patch@18
1790735797.708,22:36:37,115,115,1,0.6,0.6,0.01,0.005,0.005,Jackal@2,Yellow mushroom patch@18; Jackal@2
1790735798.729,22:36:38,115,115,1,0.6,0.6,0.01,0.005,0.005,Jackal@1,Yellow mushroom patch@18; Jackal@3; Jackal@1
1790735799.751,22:36:39,113,115,3,1.9,1.7,0.03,0.017,0.015,Jackal@2; Jackal@2; Jackal@1,Yellow mushroom patch@18; Jackal@4; Jackal@4; Jackal@3; Jackal@2; Jackal@2; Jackal@1
1790735800.771,22:36:40,114,115,2,1.2,1.1,0.02,0.011,0.01,Jackal@2; Jackal@2,Yellow mushroom patch@18; Jackal@3; Jackal@2; Jackal@2
1790735801.791,22:36:41,115,115,0,0.0,0.0,0.0,0.0,0.0,,Jackal@5; Jackal@4; Jackal@3; Jackal@3
1790735803.318,22:36:43,115,115,1,0.6,0.6,0.01,0.005,0.005,Jackal@2,Jackal@2
1790735804.333,22:36:44,115,115,0,0.0,0.0,0.0,0.0,0.0,,Jackal@3
1790735805.353,22:36:45,115,115,0,0.0,0.0,0.0,0.0,0.0,,Jackal@5; Jackal@4; Jackal@3
1790735806.371,22:36:46,115,115,1,0.6,0.6,0.01,0.005,0.005,Jackal@2,Jackal@6; Jackal@4; Jackal@3; Jackal@2
1790735807.597,22:36:47,115,115,1,0.6,0.6,0.01,0.005,0.005,Jackal@2,Jackal@2
1790735808.611,22:36:48,115,115,1,0.6,0.6,0.01,0.005,0.005,Jackal@2,Jackal@3; Jackal@2
1790735809.632,22:36:49,115,115,1,0.6,0.6,0.01,0.005,0.005,Jackal@2,Jackal@2; Jackal@3
1790735810.648,22:36:50,114,115,1,0.6,0.6,0.01,0.005,0.005,Jackal@1,Jackal@1
1790735811.663,22:36:51,114,115,1,0.6,0.6,0.01,0.005,0.005,Jackal@2,Jackal@2; Jackal@3
1790735812.681,22:36:52,115,115,1,0.6,0.6,0.01,0.005,0.005,Jackal@2,Jackal@2
1790735813.703,22:36:53,115,115,1,0.6,0.6,0.01,0.005,0.005,Jackal@2,Jackal@2
1790735814.717,22:36:54,115,115,1,0.6,0.6,0.01,0.005,0.005,Jackal@2,Jackal@2
1790735815.736,22:36:55,115,115,1,0.6,0.6,0.01,0.005,0.005,Jackal@2,Jackal@2
1790735816.759,22:36:56,115,115,1,0.6,0.6,0.01,0.005,0.005,Jackal@2,Jackal@2
1790735817.773,22:36:57,115,115,1,0.6,0.6,0.01,0.005,0.005,Jackal@2,Jackal@2
1790735823.583,22:37:03,115,115,2,0.9,0.8,0.02,0.008,0.007,Clear icky thing@2,Clear icky thing@2
1790735824.601,22:37:04,115,115,0,0.0,0.0,0.0,0.0,0.0,,Clear icky thing@3
1790735825.616,22:37:05,115,115,2,0.9,0.8,0.02,0.008,0.007,Clear icky thing@2,Clear icky thing@2
1790735827.503,22:37:07,114,115,0,0.0,0.0,0.0,0.0,0.0,,Yellow mushroom patch@19
1790735828.517,22:37:08,115,115,0,0.0,0.0,0.0,0.0,0.0,,Yellow mushroom patch@18
1790735829.538,22:37:09,115,115,0,0.0,0.0,0.0,0.0,0.0,,Yellow mushroom patch@16
1790735830.556,22:37:10,115,115,0,0.0,0.0,0.0,0.0,0.0,,Yellow mushroom patch@14
1790735831.57,22:37:11,115,115,0,0.0,0.0,0.0,0.0,0.0,,Yellow mushroom patch@13
1790735832.593,22:37:12,115,115,0,0.0,0.0,0.0,0.0,0.0,,Yellow mushroom patch@11; Yellow mushroom patch@11
1790735833.614,22:37:13,115,115,0,0.0,0.0,0.0,0.0,0.0,,Yellow mushroom patch@10; Yellow mushroom patch@10
1790735834.63,22:37:14,115,115,0,0.0,0.0,0.0,0.0,0.0,,Yellow mushroom patch@11; Yellow mushroom patch@11
1790735835.65,22:37:15,115,115,0,0.0,0.0,0.0,0.0,0.0,,Yellow mushroom patch@13; Yellow mushroom patch@13
1790735836.669,22:37:16,115,115,0,0.0,0.0,0.0,0.0,0.0,,Yellow mushroom patch@15; Yellow mushroom patch@15
1790735837.683,22:37:17,115,115,0,0.0,0.0,0.0,0.0,0.0,,Yellow mushroom patch@16; Yellow mushroom patch@16
1790735838.703,22:37:18,115,115,0,0.0,0.0,0.0,0.0,0.0,,Yellow mushroom patch@18
1790735839.719,22:37:19,115,115,0,0.0,0.0,0.0,0.0,0.0,,Yellow mushroom patch@19
1790735840.738,22:37:20,115,115,0,0.0,0.0,0.0,0.0,0.0,,Yellow mushroom patch@20
1790735849.861,22:37:29,115,115,0,0.0,0.0,0.0,0.0,0.0,,Yellow mushroom patch@20
1790735861.057,22:37:41,115,115,8,3.2,2.9,0.07,0.028,0.025,Cave spider@1,Cave spider@1
1790735862.071,22:37:42,108,115,24,9.5,8.6,0.22,0.088,0.08,Cave spider@3; Cave spider@2; Cave spider@1,Cave spider@3; Cave spider@2; Cave spider@1
1790735863.087,22:37:43,105,115,16,6.3,5.7,0.15,0.06,0.054,Cave spider@1; Cave spider@1,Cave spider@1; Cave spider@1
1790735864.108,22:37:44,105,115,8,3.2,2.9,0.08,0.03,0.028,Cave spider@2,Cave spider@6; Cave spider@4; Cave spider@2
1790735865.129,22:37:45,106,115,8,3.2,2.9,0.08,0.03,0.027,Cave spider@2,Cave spider@6; Cave spider@2
1790735866.151,22:37:46,105,115,8,3.2,2.9,0.08,0.03,0.028,Cave spider@2,Cave spider@4; Cave spider@7; Cave spider@2
1790735867.17,22:37:47,102,115,16,6.3,5.7,0.16,0.062,0.056,Cave spider@3; Cave spider@1,Cave spider@3; Cave spider@7; Cave spider@1
1790735868.19,22:37:48,102,115,16,6.3,5.7,0.16,0.062,0.056,Cave spider@2; Cave spider@2,Cave spider@2; Cave spider@7; Cave spider@2
1790735869.211,22:37:49,102,115,8,3.2,2.9,0.08,0.031,0.028,Cave spider@2,Cave spider@2; Cave spider@6
1790735870.229,22:37:50,101,115,8,3.2,2.9,0.08,0.032,0.029,Cave spider@1,Cave spider@1
1790735871.248,22:37:51,98,115,8,3.2,2.9,0.08,0.033,0.03,Cave spider@2,Cave spider@2
1790735872.269,22:37:52,99,115,16,6.3,5.7,0.16,0.064,0.058,Cave spider@1; Cave spider@2,Cave spider@1; Cave spider@2
1790735873.287,22:37:53,98,115,8,3.2,2.9,0.08,0.033,0.03,Cave spider@2,Cave spider@2
1790735874.303,22:37:54,98,115,0,0.0,0.0,0.0,0.0,0.0,,Cave spider@5
1790735875.319,22:37:55,99,115,0,0.0,0.0,0.0,0.0,0.0,,Cave spider@6
1790735876.337,22:37:56,100,115,8,3.2,2.9,0.08,0.032,0.029,Cave spider@1,Cave spider@1
1790735877.962,22:37:57,100,115,0,0.0,0.0,0.0,0.0,0.0,,Cave spider@5
1790735878.978,22:37:58,101,115,8,3.2,2.9,0.08,0.032,0.029,Cave spider@3,Cave spider@3
1790735879.999,22:37:59,98,115,8,3.2,2.9,0.08,0.033,0.03,Cave spider@2,Cave spider@2
1790735881.02,22:38:01,96,115,8,3.2,2.9,0.08,0.033,0.03,Cave spider@2,Cave spider@2
1790735882.034,22:38:02,92,115,8,3.2,2.9,0.09,0.035,0.032,Cave spider@1,Cave spider@1
1790735909.983,22:38:29,110,115,0,0.0,0.0,0.0,0.0,0.0,,Yellow mushroom patch@9
1790735911.002,22:38:31,111,115,0,0.0,0.0,0.0,0.0,0.0,,Yellow mushroom patch@8
1790735912.026,22:38:32,111,115,0,0.0,0.0,0.0,0.0,0.0,,Yellow mushroom patch@6
1790735913.05,22:38:33,112,115,0,0.0,0.0,0.0,0.0,0.0,,Yellow mushroom patch@5
1790735914.065,22:38:34,113,115,0,0.0,0.0,0.0,0.0,0.0,,Yellow mushroom patch@6
1790735915.087,22:38:35,113,115,0,0.0,0.0,0.0,0.0,0.0,,Yellow mushroom patch@6
1790735916.107,22:38:36,114,115,0,0.0,0.0,0.0,0.0,0.0,,Yellow mushroom patch@4
1790735917.12,22:38:37,115,115,0,0.0,0.0,0.0,0.0,0.0,,Yellow mushroom patch@3
1790735918.138,22:38:38,115,115,6,0.2,0.2,0.05,0.002,0.002,Yellow mushroom patch@2,Yellow mushroom patch@2
1790735919.159,22:38:39,115,115,6,0.2,0.2,0.05,0.002,0.002,Yellow mushroom patch@2,Yellow mushroom patch@2
1790735920.171,22:38:40,115,115,6,0.2,0.2,0.05,0.002,0.002,Yellow mushroom patch@2,Yellow mushroom patch@2
1790735921.184,22:38:41,115,115,6,0.2,0.2,0.05,0.002,0.002,Yellow mushroom patch@2,Yellow mushroom patch@2
1790735926.14,22:38:46,115,115,1,0.6,0.6,0.01,0.005,0.005,Rock lizard@2,Rock lizard@2
1790735927.156,22:38:47,115,115,1,0.6,0.6,0.01,0.005,0.005,Rock lizard@1,Rock lizard@1
1790735985.108,22:39:45,115,115,0,0.0,0.0,0.0,0.0,0.0,,Yellow mold@15
1790735986.126,22:39:46,115,115,0,0.0,0.0,0.0,0.0,0.0,,Yellow mold@16
1790735987.151,22:39:47,115,115,0,0.0,0.0,0.0,0.0,0.0,,Yellow mold@14
1790735988.174,22:39:48,115,115,0,0.0,0.0,0.0,0.0,0.0,,Yellow mold@13
1790735989.192,22:39:49,115,115,0,0.0,0.0,0.0,0.0,0.0,,Small kobold@4; Yellow mold@13
1790735990.209,22:39:50,115,115,5,1.9,1.7,0.04,0.017,0.015,Small kobold@1,Small kobold@1; Giant green frog@7
1790735991.225,22:39:51,113,115,5,1.9,1.7,0.04,0.017,0.015,Small kobold@1,Small kobold@1; Giant green frog@6
1790735992.244,22:39:52,114,115,0,0.0,0.0,0.0,0.0,0.0,,Giant green frog@5
1790735993.258,22:39:53,114,115,0,0.0,0.0,0.0,0.0,0.0,,Giant green frog@3
1790735994.282,22:39:54,115,115,0,0.0,0.0,0.0,0.0,0.0,,Giant green frog@4; Yellow mold@10
1790735995.302,22:39:55,115,115,0,0.0,0.0,0.0,0.0,0.0,,Yellow mold@10
1790735996.317,22:39:56,115,115,3,1.3,1.1,0.03,0.011,0.01,Giant green frog@2,Giant green frog@2; Yellow mold@9
1790735997.337,22:39:57,112,115,3,1.3,1.1,0.03,0.012,0.01,Giant green frog@1,Giant green frog@1; Yellow mold@7; Green worm mass@4
1790735998.36,22:39:58,113,115,0,0.0,0.0,0.0,0.0,0.0,,Yellow mold@7; Green worm mass@3
1790735999.375,22:39:59,113,115,0,0.0,0.0,0.0,0.0,0.0,,Yellow mold@8; Green worm mass@2; Green worm mass@2
1790736000.398,22:40:00,114,115,0,0.0,0.0,0.0,0.0,0.0,,Yellow mold@10; Green worm mass@4; Green worm mass@3
1790736001.42,22:40:01,114,115,0,0.0,0.0,0.0,0.0,0.0,,Green worm mass@7
1790736002.439,22:40:02,115,115,0,0.0,0.0,0.0,0.0,0.0,,Green worm mass@9
1790736003.459,22:40:03,115,115,0,0.0,0.0,0.0,0.0,0.0,,Green worm mass@11; Green worm mass@6
1790736004.482,22:40:04,115,115,0,0.0,0.0,0.0,0.0,0.0,,Green worm mass@12; Green worm mass@7; Green worm mass@7
1790736005.503,22:40:05,115,115,0,0.0,0.0,0.0,0.0,0.0,,Green worm mass@13; Green worm mass@8; Green worm mass@9
1790736006.531,22:40:06,115,115,0,0.0,0.0,0.0,0.0,0.0,,Green worm mass@14; Green worm mass@9; Green worm mass@9
1790736007.557,22:40:07,115,115,0,0.0,0.0,0.0,0.0,0.0,,Green worm mass@12; Green worm mass@16; Green worm mass@10
1790736008.578,22:40:08,115,115,0,0.0,0.0,0.0,0.0,0.0,,Green worm mass@13; Green worm mass@16; Green worm mass@11
1790736009.605,22:40:09,115,115,0,0.0,0.0,0.0,0.0,0.0,,Green worm mass@19; Green worm mass@13; Green worm mass@18; Green worm mass@15
1790736010.629,22:40:10,115,115,0,0.0,0.0,0.0,0.0,0.0,,Green worm mass@13; Green worm mass@16; Green worm mass@13
1790736011.647,22:40:11,115,115,0,0.0,0.0,0.0,0.0,0.0,,Green worm mass@15; Green worm mass@12
1790736012.666,22:40:12,115,115,0,0.0,0.0,0.0,0.0,0.0,,Green worm mass@11; Green worm mass@12
1790736013.685,22:40:13,115,115,0,0.0,0.0,0.0,0.0,0.0,,Green worm mass@12
1790736014.706,22:40:14,115,115,0,0.0,0.0,0.0,0.0,0.0,,Green worm mass@10
1790736015.728,22:40:15,115,115,0,0.0,0.0,0.0,0.0,0.0,,Yellow mold@13; Green worm mass@9; Green worm mass@10; Green worm mass@5; Green worm mass@7
1790736016.75,22:40:16,115,115,0,0.0,0.0,0.0,0.0,0.0,,Yellow mold@12; Green worm mass@4; Green worm mass@10; Green worm mass@6; Green worm mass@5
1790736017.776,22:40:17,115,115,0,0.0,0.0,0.0,0.0,0.0,,Yellow mold@10; Green worm mass@6; Green worm mass@8; Green worm mass@3
1790736018.802,22:40:18,115,115,2,0.1,0.1,0.02,0.001,0.001,Green worm mass@1,Green worm mass@3; Yellow mold@8; Green worm mass@6; Green worm mass@3; Green worm mass@6; Green worm mass@1; Green worm mass@2
1790736019.825,22:40:19,115,115,2,0.1,0.1,0.02,0.001,0.001,Green worm mass@1,Green worm mass@3; Yellow mold@8; Green worm mass@6; Green worm mass@3; Green worm mass@5; Green worm mass@1; Green worm mass@3
1790736020.852,22:40:20,115,115,0,0.0,0.0,0.0,0.0,0.0,,Green worm mass@3; Yellow mold@8; Green worm mass@5; Green worm mass@7; Green worm mass@3; Green worm mass@4
1790736021.881,22:40:21,115,115,2,0.1,0.1,0.02,0.001,0.001,Green worm mass@1,Green worm mass@1; Green worm mass@2; Green worm mass@4; Yellow mold@8; Green worm mass@8; Green worm mass@4; Green worm mass@6
1790736022.915,22:40:22,115,115,0,0.0,0.0,0.0,0.0,0.0,,Green worm mass@3; Green worm mass@4; Green worm mass@7; Green worm mass@3; Yellow mold@10; Green worm mass@9
1790736023.938,22:40:23,115,115,0,0.0,0.0,0.0,0.0,0.0,,Green worm mass@4; Green worm mass@8; Green worm mass@4; Green worm mass@5; Yellow mold@11
1790736024.963,22:40:24,115,115,0,0.0,0.0,0.0,0.0,0.0,,Green worm mass@5; Green worm mass@7; Green worm mass@9; Green worm mass@8; Yellow mold@13
1790736038.691,22:40:38,115,115,0,0.0,0.0,0.0,0.0,0.0,,Yellow mushroom patch@3
1790736039.707,22:40:39,115,115,6,0.2,0.2,0.05,0.002,0.002,Yellow mushroom patch@2,Yellow mushroom patch@2
1790736040.73,22:40:40,115,115,6,0.2,0.2,0.05,0.002,0.002,Yellow mushroom patch@2,Yellow mushroom patch@2
1790736041.752,22:40:41,115,115,6,0.2,0.2,0.05,0.002,0.002,Yellow mushroom patch@2,Yellow mushroom patch@2
1790736042.769,22:40:42,115,115,0,0.0,0.0,0.0,0.0,0.0,,Yellow mushroom patch@3
1790736043.791,22:40:43,115,115,0,0.0,0.0,0.0,0.0,0.0,,Yellow mushroom patch@5
1790736044.814,22:40:44,115,115,0,0.0,0.0,0.0,0.0,0.0,,Yellow mushroom patch@7
1790736045.831,22:40:45,115,115,0,0.0,0.0,0.0,0.0,0.0,,Yellow mushroom patch@8
1790736046.85,22:40:46,115,115,0,0.0,0.0,0.0,0.0,0.0,,Yellow mushroom patch@9
1790736047.869,22:40:47,115,115,0,0.0,0.0,0.0,0.0,0.0,,Yellow mushroom patch@11
1790736048.889,22:40:48,115,115,0,0.0,0.0,0.0,0.0,0.0,,Yellow mushroom patch@13
1790736049.908,22:40:49,115,115,0,0.0,0.0,0.0,0.0,0.0,,Yellow mushroom patch@14
1790736050.927,22:40:50,115,115,0,0.0,0.0,0.0,0.0,0.0,,Yellow mushroom patch@16
1790736051.949,22:40:51,115,115,0,0.0,0.0,0.0,0.0,0.0,,Yellow mushroom patch@18
1790736052.968,22:40:52,115,115,0,0.0,0.0,0.0,0.0,0.0,,Yellow mushroom patch@19
1790736058.991,22:40:58,115,115,0,0.0,0.0,0.0,0.0,0.0,,Yellow mushroom patch@3
1790736060.005,22:41:00,115,115,0,0.0,0.0,0.0,0.0,0.0,,Yellow mushroom patch@3
1790736061.017,22:41:01,115,115,0,0.0,0.0,0.0,0.0,0.0,,Yellow mushroom patch@3
1790736062.03,22:41:02,115,115,0,0.0,0.0,0.0,0.0,0.0,,Yellow mushroom patch@3
1790736063.043,22:41:03,115,115,0,0.0,0.0,0.0,0.0,0.0,,Yellow mushroom patch@3
1790736064.058,22:41:04,115,115,6,0.2,0.2,0.05,0.002,0.002,Yellow mushroom patch@1,Yellow mushroom patch@1
1790736166.457,22:42:46,115,115,0,0.0,0.0,0.0,0.0,0.0,,White harpy@8
1790736167.47,22:42:47,115,115,0,0.0,0.0,0.0,0.0,0.0,,White harpy@8
1790736168.481,22:42:48,115,115,0,0.0,0.0,0.0,0.0,0.0,,White harpy@8
1790736169.496,22:42:49,115,115,0,0.0,0.0,0.0,0.0,0.0,,White harpy@8
1790736170.508,22:42:50,115,115,0,0.0,0.0,0.0,0.0,0.0,,White harpy@8
1790736171.523,22:42:51,115,115,0,0.0,0.0,0.0,0.0,0.0,,White harpy@7
1790736172.538,22:42:52,115,115,0,0.0,0.0,0.0,0.0,0.0,,White harpy@7
1790736173.552,22:42:53,115,115,0,0.0,0.0,0.0,0.0,0.0,,White harpy@5
1790736174.567,22:42:54,115,115,0,0.0,0.0,0.0,0.0,0.0,,White harpy@5
1790736175.585,22:42:55,115,115,0,0.0,0.0,0.0,0.0,0.0,,White harpy@7
1790736176.6,22:42:56,115,115,0,0.0,0.0,0.0,0.0,0.0,,White harpy@8
1790736177.616,22:42:57,115,115,0,0.0,0.0,0.0,0.0,0.0,,White harpy@11
1790736178.635,22:42:58,115,115,0,0.0,0.0,0.0,0.0,0.0,,White harpy@12
1790736179.65,22:42:59,115,115,0,0.0,0.0,0.0,0.0,0.0,,White harpy@11
1790736180.667,22:43:00,115,115,0,0.0,0.0,0.0,0.0,0.0,,White harpy@10
1790736181.686,22:43:01,115,115,0,0.0,0.0,0.0,0.0,0.0,,White harpy@8
1790736182.699,22:43:02,115,115,0,0.0,0.0,0.0,0.0,0.0,,White harpy@6
1790736183.716,22:43:03,115,115,0,0.0,0.0,0.0,0.0,0.0,,White harpy@3
1790736184.737,22:43:04,115,115,0,0.0,0.0,0.0,0.0,0.0,,White harpy@5
1790736209.106,22:43:29,115,115,0,0.0,0.0,0.0,0.0,0.0,,Silver mouse@3
1790736210.124,22:43:30,115,115,2,0.1,0.1,0.02,0.001,0.001,Silver mouse@1,Silver mouse@1
1790736211.14,22:43:31,115,115,2,0.1,0.1,0.02,0.001,0.001,Silver mouse@1,Silver mouse@1
1790736322.435,22:45:22,115,115,0,0.0,0.0,0.0,0.0,0.0,,White harpy@3
1790736338.033,22:45:38,115,115,0,0.0,0.0,0.0,0.0,0.0,,White harpy@3
1790736339.05,22:45:39,115,115,4,2.2,2.0,0.03,0.019,0.017,White harpy@1,White harpy@1
1790736341.441,22:45:41,113,115,6,0.2,0.2,0.05,0.002,0.002,Yellow mushroom patch@2,Yellow mushroom patch@2
1790736342.456,22:45:42,113,115,6,0.2,0.2,0.05,0.002,0.002,Yellow mushroom patch@1,Yellow mushroom patch@1
1790736365.641,22:46:05,115,115,0,0.0,0.0,0.0,0.0,0.0,,Kobold@3
1790736366.655,22:46:06,115,115,8,2.9,2.6,0.07,0.025,0.023,Kobold@1,Kobold@1
1790736367.671,22:46:07,115,115,8,2.9,2.6,0.07,0.025,0.023,Kobold@1,Kobold@1
1790736483.976,22:48:03,115,115,0,0.0,0.0,0.0,0.0,0.0,,Giant green frog@3
1790736484.991,22:48:04,114,115,3,1.3,1.1,0.03,0.011,0.01,Giant green frog@1,Giant green frog@1
1790736530.135,22:48:50,115,115,0,0.0,0.0,0.0,0.0,0.0,,Salamander@3
1790736531.151,22:48:51,115,115,3,0.1,0.1,0.03,0.001,0.001,Salamander@2,Salamander@2
1790736532.168,22:48:52,115,115,3,0.1,0.1,0.03,0.001,0.001,Salamander@1,Salamander@1
1790736539.625,22:48:59,115,115,0,0.0,0.0,0.0,0.0,0.0,,Novice priest@7
1790736540.644,22:49:00,115,115,0,0.0,0.0,0.0,0.0,0.0,,Novice priest@8
1790736541.972,22:49:01,115,115,0,0.0,0.0,0.0,0.0,0.0,,Novice priest@5
1790736543.76,22:49:03,115,115,0,0.0,0.0,0.0,0.0,0.0,,Novice priest@5
1790736544.773,22:49:04,115,115,0,0.0,0.0,0.0,0.0,0.0,,Novice priest@5
1790736545.787,22:49:05,115,115,0,0.0,0.0,0.0,0.0,0.0,,Novice priest@4
1790736546.81,22:49:06,115,115,0,0.0,0.0,0.0,0.0,0.0,,Giant white mouse@7; Novice priest@4
1790736547.834,22:49:07,115,115,0,0.0,0.0,0.0,0.0,0.0,,Giant white mouse@5; Novice priest@4
1790736548.85,22:49:08,115,115,0,0.0,0.0,0.0,0.0,0.0,,Giant white mouse@4; Novice priest@4
1790736549.872,22:49:09,110,115,5,2.0,1.8,0.05,0.018,0.016,Novice priest@1,Giant white mouse@5; Novice priest@1
1790736550.888,22:49:10,110,115,0,0.0,0.0,0.0,0.0,0.0,,Giant white mouse@5
1790736551.908,22:49:11,111,115,0,0.0,0.0,0.0,0.0,0.0,,Giant white mouse@3
1790736552.93,22:49:12,111,115,2,0.9,0.8,0.02,0.008,0.007,Giant white mouse@1,Giant yellow centipede@6; Giant white mouse@1
1790736553.947,22:49:13,112,115,2,0.9,0.8,0.02,0.008,0.007,Giant white mouse@1,Green worm mass@10; Giant yellow centipede@6; Giant white mouse@1
1790736554.973,22:49:14,113,115,2,0.9,0.8,0.02,0.008,0.007,Giant white mouse@1,Green worm mass@9; Giant yellow centipede@7; Giant white mouse@1; Giant white mouse@3
1790736555.997,22:49:15,113,115,10,3.8,3.4,0.09,0.034,0.03,Kobold@1; Giant white mouse@2,Kobold@1; Green worm mass@8; Giant yellow centipede@8; Giant white mouse@2; Giant white mouse@4; Giant white mouse@3
1790736557.019,22:49:17,113,115,0,0.0,0.0,0.0,0.0,0.0,,Giant white mouse@4
1790736558.04,22:49:18,114,115,0,0.0,0.0,0.0,0.0,0.0,,Giant white mouse@6; Giant white mouse@4
1790736562.589,22:49:22,115,115,2,0.9,0.8,0.02,0.008,0.007,Giant white mouse@2,Giant white mouse@2
1790736563.614,22:49:23,114,115,2,0.9,0.8,0.02,0.008,0.007,Giant white mouse@1,Giant white mouse@1
1790736564.64,22:49:24,113,115,10,4.4,3.9,0.09,0.039,0.035,Giant white mouse@1; Giant yellow centipede@2; Giant white mouse@2,Giant white mouse@1; Giant yellow centipede@2; Giant white mouse@2; Giant white mouse@3
1790736565.672,22:49:25,114,115,6,2.8,2.5,0.05,0.025,0.022,Giant white mouse@1; Giant white mouse@2; Giant white mouse@1,Green worm mass@7; Giant white mouse@1; Giant white mouse@2; Giant white mouse@3; Giant white mouse@1; Giant white mouse@5
1790736566.696,22:49:26,111,115,8,3.7,3.4,0.07,0.033,0.031,Giant white mouse@1; Giant white mouse@2; Giant white mouse@1; Giant white mouse@2,Giant white mouse@1; Giant white mouse@2; Green worm mass@7; Giant white mouse@1; Giant white mouse@2; Giant white mouse@3; Giant white mouse@5
1790736567.731,22:49:27,112,115,4,1.9,1.7,0.04,0.017,0.015,Giant white mouse@1; Giant white mouse@1,Green worm mass@8; Giant white mouse@1; Giant white mouse@3; Giant white mouse@1
1790736568.751,22:49:28,110,115,0,0.0,0.0,0.0,0.0,0.0,,Green worm mass@8; Green worm mass@7; Giant white mouse@5
1790736569.782,22:49:29,111,115,0,0.0,0.0,0.0,0.0,0.0,,Giant white mouse@4; Giant white mouse@3
1790736570.805,22:49:30,111,115,0,0.0,0.0,0.0,0.0,0.0,,Giant white mouse@5
1790736571.829,22:49:31,112,115,0,0.0,0.0,0.0,0.0,0.0,,Giant white mouse@7; Giant white mouse@7
1790736572.851,22:49:32,112,115,0,0.0,0.0,0.0,0.0,0.0,,Giant white mouse@8; Giant white mouse@8
1790736573.876,22:49:33,113,115,0,0.0,0.0,0.0,0.0,0.0,,Giant white mouse@8
1790736588.564,22:49:48,115,115,12,5.1,4.6,0.1,0.044,0.04,Wild cat@3,Wild cat@3
1790736589.581,22:49:49,115,115,12,5.1,4.6,0.1,0.044,0.04,Wild cat@2,Wild cat@2
1790736597.758,22:49:57,115,115,0,0.0,0.0,0.0,0.0,0.0,,Wild cat@12
1790736598.779,22:49:58,115,115,0,0.0,0.0,0.0,0.0,0.0,,Wild cat@12
1790736599.804,22:49:59,115,115,0,0.0,0.0,0.0,0.0,0.0,,Wild cat@10
1790736607.436,22:50:07,115,115,0,0.0,0.0,0.0,0.0,0.0,,Kobold@5
1790736608.454,22:50:08,115,115,0,0.0,0.0,0.0,0.0,0.0,,Kobold@4
1790736609.472,22:50:09,115,115,8,2.9,2.6,0.07,0.025,0.023,Kobold@2,Kobold@2
1790736610.488,22:50:10,109,115,8,2.9,2.6,0.07,0.027,0.024,Kobold@1,Kobold@1
1790736624.191,22:50:24,115,115,0,0.0,0.0,0.0,0.0,0.0,,Yellow mushroom patch@3
1790736625.204,22:50:25,115,115,0,0.0,0.0,0.0,0.0,0.0,,Yellow mushroom patch@3
1790736662.166,22:51:02,115,115,0,0.0,0.0,0.0,0.0,0.0,,Rock lizard@3
1790736663.18,22:51:03,114,115,1,0.6,0.6,0.01,0.005,0.005,Rock lizard@1,Rock lizard@1
1790736684.788,22:51:24,115,115,0,0.0,0.0,0.0,0.0,0.0,,Novice warrior@3
1790736685.802,22:51:25,106,115,14,5.3,4.9,0.13,0.05,0.046,Novice warrior@1,Novice warrior@1
1790736686.817,22:51:26,106,115,14,5.3,4.9,0.13,0.05,0.046,Novice warrior@1,Novice warrior@1
1790736687.832,22:51:27,107,115,14,5.3,4.9,0.13,0.05,0.046,Novice warrior@2,Novice warrior@2
1790736688.846,22:51:28,106,115,14,5.3,4.9,0.13,0.05,0.046,Novice warrior@1,Novice warrior@1
1790736729.96,22:52:09,115,115,0,0.0,0.0,0.0,0.0,0.0,,Giant white ant@11
1790736730.976,22:52:10,115,115,0,0.0,0.0,0.0,0.0,0.0,,Giant white ant@10
1790736731.998,22:52:11,115,115,0,0.0,0.0,0.0,0.0,0.0,,Giant white ant@9
1790736733.016,22:52:13,115,115,0,0.0,0.0,0.0,0.0,0.0,,Giant white ant@9
1790736794.487,22:53:14,115,115,0,0.0,0.0,0.0,0.0,0.0,,Yellow mushroom patch@3
1790736795.501,22:53:15,115,115,0,0.0,0.0,0.0,0.0,0.0,,Yellow mushroom patch@3
1790736796.52,22:53:16,115,115,6,0.2,0.2,0.05,0.002,0.002,Yellow mushroom patch@1,Yellow mushroom patch@1
1790736856.279,22:54:16,115,115,0,0.0,0.0,0.0,0.0,0.0,,Spotted mushroom patch@10; Giant white ant@9
1790736857.292,22:54:17,115,115,0,0.0,0.0,0.0,0.0,0.0,,Spotted mushroom patch@9; Giant white ant@8
1790736858.313,22:54:18,115,115,0,0.0,0.0,0.0,0.0,0.0,,Spotted mushroom patch@7; Giant white ant@6
1790736868.759,22:54:28,115,115,0,0.0,0.0,0.0,0.0,0.0,,Giant white ant@3
1790736869.773,22:54:29,115,115,0,0.0,0.0,0.0,0.0,0.0,,Spotted mushroom patch@6; Giant white ant@3
1790736870.792,22:54:30,115,115,0,0.0,0.0,0.0,0.0,0.0,,Spotted mushroom patch@8; Giant white ant@3
1790736871.808,22:54:31,115,115,4,1.6,1.5,0.03,0.014,0.013,Giant white ant@2,Spotted mushroom patch@9; Giant white ant@2
1790736873.587,22:54:33,115,115,4,1.6,1.5,0.03,0.014,0.013,Giant white ant@2,Giant white ant@2
1790736874.601,22:54:34,115,115,4,1.6,1.5,0.03,0.014,0.013,Giant white ant@2,Giant white ant@2
1790736875.62,22:54:35,115,115,4,1.6,1.5,0.03,0.014,0.013,Giant white ant@2,Giant white ant@2
1790736876.64,22:54:36,115,115,4,1.6,1.5,0.03,0.014,0.013,Giant white ant@1,Giant white ant@1
1790736877.662,22:54:37,115,115,4,1.6,1.5,0.03,0.014,0.013,Giant white ant@2,Giant white ant@2
1790736878.686,22:54:38,115,115,4,1.6,1.5,0.03,0.014,0.013,Giant white ant@2,Giant white ant@2
1790736879.703,22:54:39,115,115,4,1.6,1.5,0.03,0.014,0.013,Giant white ant@1,Giant white ant@1
1790736880.724,22:54:40,114,115,4,1.6,1.5,0.04,0.014,0.013,Giant white ant@2,Giant white ant@2
1790736881.742,22:54:41,114,115,0,0.0,0.0,0.0,0.0,0.0,,Giant white ant@3
1790736882.759,22:54:42,115,115,4,1.6,1.5,0.03,0.014,0.013,Giant white ant@2,Giant white ant@2
1790736883.775,22:54:43,115,115,0,0.0,0.0,0.0,0.0,0.0,,Giant white ant@3
1790736884.793,22:54:44,115,115,0,0.0,0.0,0.0,0.0,0.0,,Giant white ant@3
1790736885.807,22:54:45,115,115,0,0.0,0.0,0.0,0.0,0.0,,Giant white ant@3
1790736886.825,22:54:46,115,115,4,1.6,1.5,0.03,0.014,0.013,Giant white ant@2,Giant white ant@2
1790736887.845,22:54:47,115,115,4,1.6,1.5,0.03,0.014,0.013,Giant white ant@2,Giant white ant@2
1790736888.861,22:54:48,115,115,4,1.6,1.5,0.03,0.014,0.013,Giant white ant@2,Giant white ant@2
1790736889.882,22:54:49,115,115,4,1.6,1.5,0.03,0.014,0.013,Giant white ant@2,Giant white ant@2
1790736890.902,22:54:50,115,115,4,1.6,1.5,0.03,0.014,0.013,Giant white ant@2,Giant white ant@2
1790736891.918,22:54:51,115,115,4,1.6,1.5,0.03,0.014,0.013,Giant white ant@2,Giant white ant@2
1790736892.938,22:54:52,115,115,4,1.6,1.5,0.03,0.014,0.013,Giant white ant@2,Giant white ant@2
1790736893.955,22:54:53,113,115,4,1.6,1.5,0.04,0.014,0.013,Giant white ant@2,Giant white ant@2
1790736894.97,22:54:54,113,115,4,1.6,1.5,0.04,0.014,0.013,Giant white ant@2,Giant white ant@2
1790736895.991,22:54:55,114,115,4,1.6,1.5,0.04,0.014,0.013,Giant white ant@2,Giant white ant@2
1790736897.01,22:54:57,115,115,4,1.6,1.5,0.03,0.014,0.013,Giant white ant@2,Giant white ant@2
1790736898.024,22:54:58,115,115,4,1.6,1.5,0.03,0.014,0.013,Giant white ant@2,Giant white ant@2
1790736899.044,22:54:59,115,115,4,1.6,1.5,0.03,0.014,0.013,Giant white ant@2,Giant white ant@2
1790736900.057,22:55:00,114,115,4,1.6,1.5,0.04,0.014,0.013,Giant white ant@1,Giant white ant@1
1790736922.381,22:55:22,115,115,0,0.0,0.0,0.0,0.0,0.0,,Giant white ant@8
1790736923.395,22:55:23,115,115,0,0.0,0.0,0.0,0.0,0.0,,Giant white ant@9
1790736924.418,22:55:24,115,115,0,0.0,0.0,0.0,0.0,0.0,,Giant white ant@13
1790736925.438,22:55:25,115,115,0,0.0,0.0,0.0,0.0,0.0,,Giant white ant@14
1790736928.235,22:55:28,115,115,0,0.0,0.0,0.0,0.0,0.0,,Giant white ant@9
1790736929.252,22:55:29,115,115,0,0.0,0.0,0.0,0.0,0.0,,Giant white ant@8
1790736930.269,22:55:30,115,115,0,0.0,0.0,0.0,0.0,0.0,,Giant white ant@6
1790736931.287,22:55:31,115,115,0,0.0,0.0,0.0,0.0,0.0,,Giant white ant@6
1790736932.303,22:55:32,115,115,0,0.0,0.0,0.0,0.0,0.0,,Giant white ant@6
1790736933.321,22:55:33,115,115,0,0.0,0.0,0.0,0.0,0.0,,Giant white ant@6
1790736934.341,22:55:34,115,115,0,0.0,0.0,0.0,0.0,0.0,,Giant white ant@7
1790736937.401,22:55:37,115,115,4,1.6,1.5,0.03,0.014,0.013,Giant white ant@2,Giant white ant@2
1790736938.416,22:55:38,115,115,4,1.6,1.5,0.03,0.014,0.013,Giant white ant@2,Giant white ant@2
1790736939.435,22:55:39,115,115,4,1.6,1.5,0.03,0.014,0.013,Giant white ant@1,Giant white ant@1
1790736940.448,22:55:40,115,115,4,1.6,1.5,0.03,0.014,0.013,Giant white ant@1,Giant white ant@1
1790736972.322,22:56:12,115,115,12,0.4,0.4,0.1,0.003,0.003,Silver jelly@3,Silver jelly@3
1790736973.334,22:56:13,115,115,12,0.4,0.4,0.1,0.003,0.003,Silver jelly@3,Silver jelly@3
1790737028.165,22:57:08,115,115,0,0.0,0.0,0.0,0.0,0.0,,Scruffy looking hobbit@11
1790737029.184,22:57:09,115,115,0,0.0,0.0,0.0,0.0,0.0,,Scruffy looking hobbit@10
1790737033.733,22:57:13,115,115,0,0.0,0.0,0.0,0.0,0.0,,Scruffy looking hobbit@3
1790737034.746,22:57:14,115,115,4,1.6,1.5,0.03,0.014,0.013,Scruffy looking hobbit@1,Scruffy looking hobbit@1
1790737049.276,22:57:29,115,115,0,0.0,0.0,0.0,0.0,0.0,,Grey icky thing@8
1790737050.294,22:57:30,115,115,0,0.0,0.0,0.0,0.0,0.0,,Grey icky thing@8; Salamander@7
1790737054.432,22:57:34,115,115,0,0.0,0.0,0.0,0.0,0.0,,Grey icky thing@7
1790737055.449,22:57:35,115,115,0,0.0,0.0,0.0,0.0,0.0,,Grey icky thing@6; Salamander@5
1790737056.468,22:57:36,115,115,0,0.0,0.0,0.0,0.0,0.0,,Grey icky thing@5; Salamander@3
1790737057.488,22:57:37,115,115,3,0.1,0.1,0.03,0.001,0.001,Salamander@2,Grey icky thing@3; Salamander@2
1790737058.501,22:57:38,115,115,3,0.1,0.1,0.03,0.001,0.001,Salamander@2,Grey icky thing@4; Salamander@2
1790737059.523,22:57:39,115,115,3,0.1,0.1,0.03,0.001,0.001,Salamander@2,Salamander@2; Grey icky thing@3
1790737060.543,22:57:40,115,115,0,0.0,0.0,0.0,0.0,0.0,,Salamander@3; Grey icky thing@5
1790737061.562,22:57:41,115,115,0,0.0,0.0,0.0,0.0,0.0,,Salamander@4; Grey icky thing@5
1790737062.587,22:57:42,115,115,0,0.0,0.0,0.0,0.0,0.0,,Grey icky thing@4; Salamander@6
1790737066.569,22:57:46,115,115,0,0.0,0.0,0.0,0.0,0.0,,Grey icky thing@3
1790737067.586,22:57:47,115,115,0,0.0,0.0,0.0,0.0,0.0,,Grey icky thing@3
1790737068.608,22:57:48,115,115,5,2.0,1.8,0.04,0.017,0.016,Grey icky thing@2,Grey icky thing@2
1790737069.624,22:57:49,115,115,5,2.0,1.8,0.04,0.017,0.016,Grey icky thing@1,Grey icky thing@1
1790737070.643,22:57:50,115,115,0,0.0,0.0,0.0,0.0,0.0,,Grey icky thing@3
1790737071.665,22:57:51,115,115,5,2.0,1.8,0.04,0.017,0.016,Grey icky thing@2,Grey icky thing@2
1790737072.684,22:57:52,115,115,5,2.0,1.8,0.04,0.017,0.016,Grey icky thing@1,Grey icky thing@1
1790737073.701,22:57:53,115,115,15,5.7,5.3,0.13,0.05,0.046,Grey icky thing@2; Hill orc@1,Grey icky thing@2; Hill orc@1
1790737074.716,22:57:54,105,115,15,5.7,5.3,0.14,0.054,0.05,Grey icky thing@1; Hill orc@1,Grey icky thing@1; Hill orc@1
1790737075.732,22:57:55,100,115,15,5.7,5.3,0.15,0.057,0.053,Grey icky thing@1; Hill orc@1,Grey icky thing@1; Hill orc@1
1790737076.745,22:57:56,98,115,15,5.7,5.3,0.15,0.058,0.054,Grey icky thing@1; Hill orc@1,Grey icky thing@1; Hill orc@1
1790737077.761,22:57:57,99,115,0,0.0,0.0,0.0,0.0,0.0,,Hill orc@3
1790737078.778,22:57:58,100,115,10,3.7,3.5,0.1,0.037,0.035,Hill orc@2,Hill orc@2
1790737079.801,22:57:59,100,115,10,3.7,3.5,0.1,0.037,0.035,Hill orc@2,Hill orc@2
1790737080.815,22:58:00,101,115,10,3.7,3.5,0.1,0.037,0.035,Hill orc@2,Hill orc@2
1790737081.838,22:58:01,101,115,10,3.7,3.5,0.1,0.037,0.035,Hill orc@2,Hill orc@2
1790737082.86,22:58:02,102,115,10,3.7,3.5,0.1,0.036,0.034,Hill orc@2,Hill orc@2
1790737083.876,22:58:03,103,115,10,3.7,3.5,0.1,0.036,0.034,Hill orc@2,Hill orc@2
1790737087.652,22:58:07,105,115,0,0.0,0.0,0.0,0.0,0.0,,Hill orc@3
1790737088.668,22:58:08,105,115,10,3.7,3.5,0.1,0.035,0.033,Hill orc@2,Hill orc@2
1790737089.686,22:58:09,106,115,10,3.7,3.5,0.09,0.035,0.033,Hill orc@1,Hill orc@1
1790737110.445,22:58:30,115,115,0,0.0,0.0,0.0,0.0,0.0,,Salamander@8
1790737111.463,22:58:31,115,115,0,0.0,0.0,0.0,0.0,0.0,,Salamander@8
1790737112.49,22:58:32,115,115,0,0.0,0.0,0.0,0.0,0.0,,Salamander@6
1790737113.516,22:58:33,115,115,0,0.0,0.0,0.0,0.0,0.0,,Salamander@5
1790737114.533,22:58:34,115,115,0,0.0,0.0,0.0,0.0,0.0,,Salamander@4
1790737115.555,22:58:35,115,115,3,0.1,0.1,0.03,0.001,0.001,Salamander@2,Salamander@2
1790737147.492,22:59:07,115,115,4,1.6,1.5,0.03,0.014,0.013,Yellow mold@2,Yellow mold@2
1790737159.877,22:59:19,115,115,4,1.9,1.8,0.03,0.017,0.016,Metallic blue centipede@1,Metallic blue centipede@1
1790737172.358,22:59:32,115,115,3,0.1,0.1,0.03,0.001,0.001,Salamander@2,Salamander@2
1790737174.995,22:59:34,115,115,0,0.0,0.0,0.0,0.0,0.0,,Scruffy looking hobbit@8; Novice rogue@7
1790737176.316,22:59:36,115,115,0,0.0,0.0,0.0,0.0,0.0,,Giant green frog@16
1790737177.327,22:59:37,115,115,0,0.0,0.0,0.0,0.0,0.0,,Novice ranger@15
1790737187.528,22:59:47,115,115,0,0.0,0.0,0.0,0.0,0.0,,Yellow worm mass@3
1790737196.409,22:59:56,115,115,0,0.0,0.0,0.0,0.0,0.0,,Yellow worm mass@9; Yellow worm mass@9
1790737197.421,22:59:57,115,115,2,1.2,1.1,0.02,0.01,0.01,Fruit bat@3,Fruit bat@3
1790737199.705,22:59:59,115,115,0,0.0,0.0,0.0,0.0,0.0,,Novice warrior@15; Grey mold@14; Large brown snake@3
1790737213.866,23:00:13,115,115,2,1.3,1.1,0.02,0.011,0.01,Metallic green centipede@1,Metallic green centipede@1
1790737217.872,23:00:17,115,115,0,0.0,0.0,0.0,0.0,0.0,,Salamander@11
1790737220.463,23:00:20,115,115,0,0.0,0.0,0.0,0.0,0.0,,Crow@4; Novice warrior@3
1790737223.759,23:00:23,115,115,0,0.0,0.0,0.0,0.0,0.0,,Novice priest@3
1790737225.077,23:00:25,115,115,2,1.3,1.1,0.02,0.011,0.01,Metallic green centipede@2,Metallic green centipede@2
1790737226.396,23:00:26,115,115,12,5.1,4.6,0.1,0.044,0.04,Wild cat@2,Scruffy looking hobbit@3; Wild cat@2
1790737227.412,23:00:27,114,115,0,0.0,0.0,0.0,0.0,0.0,,Scruffy looking hobbit@3
1790737228.477,23:00:28,115,115,4,1.6,1.5,0.03,0.014,0.013,Giant white ant@1,Giant white ant@1
1790737230.097,23:00:30,112,115,0,0.0,0.0,0.0,0.0,0.0,,Novice rogue@3
1790737231.417,23:00:31,113,115,0,0.0,0.0,0.0,0.0,0.0,,Giant white ant@6
1790737232.43,23:00:32,113,115,0,0.0,0.0,0.0,0.0,0.0,,Giant white ant@6
1790737234.515,23:00:34,115,115,4,1.9,1.8,0.03,0.017,0.016,Metallic blue centipede@2,Metallic blue centipede@2
1790737235.527,23:00:35,115,115,0,0.0,0.0,0.0,0.0,0.0,,White worm mass@2; Blubbering icky thing@6
1790737249.231,23:00:49,115,115,4,2.2,2.0,0.03,0.019,0.017,White harpy@2,White harpy@2
1790737250.551,23:00:50,115,115,0,0.0,0.0,0.0,0.0,0.0,,Large brown snake@8; Blubbering icky thing@5
1790737253.188,23:00:53,115,115,0,0.0,0.0,0.0,0.0,0.0,,White jelly@11
1790737254.202,23:00:54,115,115,0,0.0,0.0,0.0,0.0,0.0,,White harpy@3
1790737255.829,23:00:55,115,115,4,0.1,0.1,0.03,0.001,0.001,Grey mushroom patch@1,Grey mushroom patch@1
1790737272.087,23:01:12,115,115,0,0.0,0.0,0.0,0.0,0.0,,Fruit bat@7
1790737274.721,23:01:14,115,115,0,0.0,0.0,0.0,0.0,0.0,,Salamander@10
1790737276.699,23:01:16,115,115,0,0.0,0.0,0.0,0.0,0.0,,Giant black ant@3
1790737278.018,23:01:18,115,115,2,1.3,1.2,0.02,0.011,0.01,Giant white louse@2,Giant white louse@2
1790737288.838,23:01:28,115,115,0,0.0,0.0,0.0,0.0,0.0,,Green worm mass@7
1790737294.772,23:01:34,115,115,0,0.0,0.0,0.0,0.0,0.0,,Radiation eye@11
1790737323.414,23:02:03,115,115,0,0.0,0.0,0.0,0.0,0.0,,Skeleton kobold@8
1790737324.428,23:02:04,115,115,0,0.0,0.0,0.0,0.0,0.0,,Skeleton kobold@9
1790737325.443,23:02:05,115,115,0,0.0,0.0,0.0,0.0,0.0,,Skeleton kobold@9
1790737334.431,23:02:14,115,115,2,0.9,0.8,0.02,0.008,0.007,White icky thing@2,White icky thing@2
1790737335.75,23:02:15,115,115,0,0.0,0.0,0.0,0.0,0.0,,White worm mass@4; White icky thing@11
1790737337.727,23:02:17,115,115,0,0.0,0.0,0.0,0.0,0.0,,White harpy@4; Blue yeek@3
1790737338.741,23:02:18,115,115,5,1.9,1.7,0.04,0.017,0.015,Blue yeek@2,White harpy@3; Blue yeek@2
1790737357.588,23:02:37,115,115,0,0.0,0.0,0.0,0.0,0.0,,Fruit bat@6
1790737358.601,23:02:38,115,115,0,0.0,0.0,0.0,0.0,0.0,,Fruit bat@5
1790737359.62,23:02:39,115,115,2,1.2,1.1,0.02,0.01,0.01,Fruit bat@3,Fruit bat@3
1790737360.637,23:02:40,114,115,2,1.2,1.1,0.02,0.011,0.01,Fruit bat@2,Fruit bat@2
1790737361.649,23:02:41,114,115,2,1.2,1.1,0.02,0.011,0.01,Fruit bat@2,Fruit bat@2
1790737364.897,23:02:44,115,115,0,0.0,0.0,0.0,0.0,0.0,,Grey mold@6; Grey mushroom patch@10
1790737366.216,23:02:46,115,115,0,0.0,0.0,0.0,0.0,0.0,,Soldier ant@3
1790737368.194,23:02:48,115,115,0,0.0,0.0,0.0,0.0,0.0,,Kobold shaman@18
1790737369.21,23:02:49,115,115,0,0.0,0.0,0.0,0.0,0.0,,Kobold shaman@17
1790737370.227,23:02:50,115,115,0,0.0,0.0,0.0,0.0,0.0,,Kobold shaman@15
1790737371.242,23:02:51,115,115,0,0.0,0.0,0.0,0.0,0.0,,Kobold shaman@16
1790737372.261,23:02:52,115,115,0,0.0,0.0,0.0,0.0,0.0,,Kobold shaman@18
1790737381.253,23:03:01,115,115,0,0.0,0.0,0.0,0.0,0.0,,Giant white centipede@9
1790737383.892,23:03:03,115,115,6,0.2,0.2,0.05,0.002,0.002,Green ooze@2,Green ooze@2; Large brown snake@3
1790737387.845,23:03:07,115,115,0,0.0,0.0,0.0,0.0,0.0,,Small kobold@3
1790737389.165,23:03:09,115,115,0,0.0,0.0,0.0,0.0,0.0,,Giant white mouse@5; Giant white mouse@3
1790737396.522,23:03:16,115,115,6,2.5,2.2,0.05,0.022,0.019,Giant yellow centipede@1,White worm mass@6; Giant yellow centipede@1; Floating eye@10
1790737399.972,23:03:19,115,115,3,1.3,1.1,0.03,0.011,0.01,Giant green frog@2,Giant green frog@2
1790737410.428,23:03:30,115,115,2,1.2,1.1,0.02,0.01,0.01,Fruit bat@2,Fruit bat@2
1790737435.918,23:03:55,115,115,0,0.0,0.0,0.0,0.0,0.0,,Soldier ant@9
1790737437.895,23:03:57,115,115,0,0.0,0.0,0.0,0.0,0.0,,Novice priest@6; White jelly@19
1790737439.214,23:03:59,115,115,0,0.0,0.0,0.0,0.0,0.0,,Metallic green centipede@4
1790737446.417,23:04:06,115,115,0,0.0,0.0,0.0,0.0,0.0,,Small kobold@3
1790737450.322,23:04:10,115,115,0,0.0,0.0,0.0,0.0,0.0,,Grey mold@7
1790737451.641,23:04:11,115,115,0,0.0,0.0,0.0,0.0,0.0,,Giant white mouse@6
1790737454.229,23:04:14,115,115,6,2.5,2.2,0.05,0.022,0.019,Giant yellow centipede@1,Giant yellow centipede@1
1790737455.242,23:04:15,115,115,6,2.5,2.2,0.05,0.022,0.019,Giant yellow centipede@2,Giant yellow centipede@2
1790737469.857,23:04:29,115,115,0,0.0,0.0,0.0,0.0,0.0,,Rock lizard@3
1790737474.474,23:04:34,115,115,0,0.0,0.0,0.0,0.0,0.0,,White worm mass@2
1790737475.486,23:04:35,115,115,0,0.0,0.0,0.0,0.0,0.0,,Large yellow snake@7
1790737477.112,23:04:37,115,115,0,0.0,0.0,0.0,0.0,0.0,Floating eye@1,Large brown snake@2; Floating eye@1
1790737478.125,23:04:38,115,115,0,0.0,0.0,0.0,0.0,0.0,,Large brown snake@2
1790737479.137,23:04:39,115,115,0,0.0,0.0,0.0,0.0,0.0,,Large brown snake@2
1790737480.457,23:04:40,115,115,0,0.0,0.0,0.0,0.0,0.0,,Grey mushroom patch@13
1790737511.665,23:05:11,115,115,2,1.2,1.1,0.02,0.01,0.01,Fruit bat@3,Fruit bat@3
1790737512.679,23:05:12,114,115,2,1.2,1.1,0.02,0.011,0.01,Fruit bat@1,Fruit bat@1
1791044508.211,12:21:48,115,115,0,0.0,0.0,0.0,0.0,0.0,,Rock lizard@14
1791044510.869,12:21:50,115,115,0,0.0,0.0,0.0,0.0,0.0,,Rock lizard@8
1791044512.196,12:21:52,115,115,0,0.0,0.0,0.0,0.0,0.0,,Small kobold@4
1791044513.21,12:21:53,115,115,0,0.0,0.0,0.0,0.0,0.0,,Small kobold@3
1791044514.229,12:21:54,115,115,0,0.0,0.0,0.0,0.0,0.0,,Small kobold@4
1791044515.247,12:21:55,115,115,5,1.9,1.7,0.04,0.017,0.015,Small kobold@2,Small kobold@2
1791044516.261,12:21:56,114,115,5,1.9,1.7,0.04,0.017,0.015,Small kobold@1,Small kobold@1
1791044517.279,12:21:57,114,115,5,1.9,1.7,0.04,0.017,0.015,Small kobold@2,Small kobold@2
1791044518.297,12:21:58,115,115,5,1.9,1.7,0.04,0.017,0.015,Small kobold@2,Small kobold@2
1791044519.313,12:21:59,115,115,5,1.9,1.7,0.04,0.017,0.015,Small kobold@2,Jackal@3; Small kobold@2
1791044520.337,12:22:00,114,115,9,4.4,3.9,0.08,0.039,0.034,Jackal@2; Jackal@1; Small kobold@1; Jackal@2; Jackal@1,Jackal@2; Jackal@1; Small kobold@1; Jackal@2; Jackal@1
1791044524.913,12:22:04,115,115,0,0.0,0.0,0.0,0.0,0.0,,Jackal@4
1791044525.928,12:22:05,115,115,0,0.0,0.0,0.0,0.0,0.0,,Jackal@5
1791044526.949,12:22:06,115,115,0,0.0,0.0,0.0,0.0,0.0,,Jackal@7; Jackal@6; Grey mold@10
1791044527.971,12:22:07,115,115,0,0.0,0.0,0.0,0.0,0.0,,Clear icky thing@3; Grey mold@8; White worm mass@19
1791044528.987,12:22:08,115,115,0,0.0,0.0,0.0,0.0,0.0,,Jackal@4; Grey mold@7; White worm mass@18
1791044530.005,12:22:10,115,115,0,0.0,0.0,0.0,0.0,0.0,,Grey mold@5; White worm mass@16
1791044531.024,12:22:11,115,115,0,0.0,0.0,0.0,0.0,0.0,,Jackal@6; Jackal@5; Jackal@3; Grey mold@5; White worm mass@16
1791044532.043,12:22:12,115,115,1,0.6,0.6,0.01,0.005,0.005,Jackal@2,Jackal@2; Grey mold@5
1791044533.063,12:22:13,115,115,0,0.0,0.0,0.0,0.0,0.0,,Grey mold@6
1791044534.082,12:22:14,115,115,0,0.0,0.0,0.0,0.0,0.0,,Jackal@3
1791044535.096,12:22:15,115,115,0,0.0,0.0,0.0,0.0,0.0,,Jackal@3
1791044536.116,12:22:16,115,115,0,0.0,0.0,0.0,0.0,0.0,,Jackal@3; Jackal@4
1791044537.136,12:22:17,115,115,0,0.0,0.0,0.0,0.0,0.0,,Jackal@3
1791044538.15,12:22:18,115,115,0,0.0,0.0,0.0,0.0,0.0,,Jackal@3
1791044539.375,12:22:19,115,115,0,0.0,0.0,0.0,0.0,0.0,,Jackal@3
1791044540.598,12:22:20,115,115,1,0.6,0.6,0.01,0.005,0.005,Jackal@2,Jackal@2
1791044541.615,12:22:21,115,115,0,0.0,0.0,0.0,0.0,0.0,,Jackal@3
1791044542.636,12:22:22,115,115,2,1.2,1.1,0.02,0.01,0.01,Jackal@2; Jackal@2,Jackal@2; Jackal@2
1791044543.654,12:22:23,115,115,3,1.9,1.7,0.03,0.017,0.015,Jackal@1; Jackal@2; Jackal@1,Jackal@1; Jackal@2; Jackal@1
1791044544.673,12:22:24,115,115,2,1.2,1.1,0.02,0.01,0.01,Jackal@2; Jackal@2,Jackal@2; Jackal@2
1791044545.694,12:22:25,115,115,0,0.0,0.0,0.0,0.0,0.0,,Jackal@3; Jackal@3
1791044546.715,12:22:26,115,115,4,2.5,2.2,0.03,0.022,0.019,Jackal@2; Jackal@1; Jackal@2; Jackal@1,Jackal@2; Jackal@1; Jackal@2; Jackal@1
1791044547.734,12:22:27,113,115,1,0.6,0.6,0.01,0.005,0.005,Jackal@2,Jackal@2
1791044548.752,12:22:28,114,115,1,0.6,0.6,0.01,0.005,0.005,Jackal@1,Jackal@1
1791044567.332,12:22:47,115,115,0,0.0,0.0,0.0,0.0,0.0,,Grey mold@12
1791044568.348,12:22:48,115,115,0,0.0,0.0,0.0,0.0,0.0,,Grey mold@11
1791044569.37,12:22:49,115,115,0,0.0,0.0,0.0,0.0,0.0,,Grey mold@9
1791044570.394,12:22:50,115,115,0,0.0,0.0,0.0,0.0,0.0,,Grey mold@7
1791044571.409,12:22:51,115,115,0,0.0,0.0,0.0,0.0,0.0,,Grey mold@6
1791044572.431,12:22:52,115,115,0,0.0,0.0,0.0,0.0,0.0,,Grey mold@4
1791044573.454,12:22:53,115,115,8,3.1,2.8,0.07,0.027,0.024,Grey mold@2,Grey mold@2
1791044574.471,12:22:54,115,115,8,3.1,2.8,0.07,0.027,0.024,Grey mold@2,Grey mold@2
1791044575.489,12:22:55,115,115,8,3.1,2.8,0.07,0.027,0.024,Grey mold@2,Grey mold@2; White worm mass@13
1791044576.51,12:22:56,115,115,0,0.0,0.0,0.0,0.0,0.0,,Grey mold@3
1791044577.526,12:22:57,115,115,0,0.0,0.0,0.0,0.0,0.0,,Grey mold@3
1791044578.546,12:22:58,115,115,0,0.0,0.0,0.0,0.0,0.0,,Grey mold@5
1791044579.564,12:22:59,115,115,0,0.0,0.0,0.0,0.0,0.0,,Grey mold@6
1791044580.586,12:23:00,115,115,0,0.0,0.0,0.0,0.0,0.0,,Grey mold@8
1791044581.606,12:23:01,115,115,0,0.0,0.0,0.0,0.0,0.0,,Grey mold@6
1791044582.626,12:23:02,115,115,0,0.0,0.0,0.0,0.0,0.0,,Grey mold@5
1791044583.645,12:23:03,115,115,0,0.0,0.0,0.0,0.0,0.0,,Grey mold@3
1791044584.666,12:23:04,115,115,0,0.0,0.0,0.0,0.0,0.0,,Grey mold@4
1791044585.681,12:23:05,115,115,0,0.0,0.0,0.0,0.0,0.0,,Grey mold@5
1791044586.698,12:23:06,115,115,0,0.0,0.0,0.0,0.0,0.0,,Grey mold@7; White worm mass@18
1791044587.716,12:23:07,115,115,0,0.0,0.0,0.0,0.0,0.0,,Grey mold@9
1791044588.736,12:23:08,115,115,0,0.0,0.0,0.0,0.0,0.0,,Grey mold@11
1791044596.53,12:23:16,115,115,0,0.0,0.0,0.0,0.0,0.0,,Grey mold@16
1791044605.237,12:23:25,115,115,0,0.0,0.0,0.0,0.0,0.0,,Grey mold@16
1791044609.92,12:23:29,115,115,0,0.0,0.0,0.0,0.0,0.0,,Giant white mouse@3
1791044611.249,12:23:31,115,115,0,0.0,0.0,0.0,0.0,0.0,,Giant white mouse@3
1791044612.264,12:23:32,115,115,2,0.9,0.8,0.02,0.008,0.007,Giant white mouse@2,Rock lizard@3; Giant white mouse@2
1791044613.28,12:23:33,115,115,1,0.6,0.6,0.01,0.005,0.005,Rock lizard@2,Rock lizard@2
1791044652.688,12:24:12,115,115,0,0.0,0.0,0.0,0.0,0.0,,Giant white mouse@6
1791044666.641,12:24:26,115,115,0,0.0,0.0,0.0,0.0,0.0,,Small kobold@9
1791044669.433,12:24:29,115,115,0,0.0,0.0,0.0,0.0,0.0,,Small kobold@3
1791044670.445,12:24:30,115,115,5,1.9,1.7,0.04,0.017,0.015,Small kobold@1,Small kobold@1
1791044671.464,12:24:31,109,115,5,1.9,1.7,0.05,0.017,0.016,Small kobold@1,Small kobold@1
1791044672.48,12:24:32,110,115,5,1.9,1.7,0.05,0.017,0.015,Small kobold@2,Small kobold@2
1791044673.495,12:24:33,110,115,5,1.9,1.7,0.05,0.017,0.015,Small kobold@2,Small kobold@2
1791044674.512,12:24:34,111,115,5,1.9,1.7,0.05,0.017,0.015,Small kobold@1,Small kobold@1
1791044675.526,12:24:35,110,115,5,1.9,1.7,0.05,0.017,0.015,Small kobold@2,Small kobold@2
1791044687.559,12:24:47,129,129,3,1.3,1.1,0.02,0.01,0.009,Giant green frog@2,Giant green frog@2
1791044688.573,12:24:48,129,129,3,1.3,1.1,0.02,0.01,0.009,Giant green frog@1,Giant green frog@1
1791044691.369,12:24:51,129,129,5,2.0,1.8,0.04,0.016,0.014,Novice priest@2,Novice priest@2
1791044692.382,12:24:52,129,129,5,2.0,1.8,0.04,0.016,0.014,Novice priest@1,Novice priest@1
1791044693.4,12:24:53,129,129,5,2.0,1.8,0.04,0.016,0.014,Novice priest@2,Novice priest@2
1791044730.051,12:25:30,129,129,0,0.0,0.0,0.0,0.0,0.0,,Large grey snake@3
1791044731.065,12:25:31,129,129,0,0.0,0.0,0.0,0.0,0.0,,Large grey snake@2
1791044732.081,12:25:32,129,129,6,2.4,2.2,0.05,0.019,0.017,Large grey snake@1,Large grey snake@1
1791044741.551,12:25:41,129,129,2,1.3,1.2,0.02,0.01,0.009,Giant white louse@3,Giant white louse@3
1791044742.569,12:25:42,129,129,2,1.3,1.2,0.02,0.01,0.009,Giant white louse@2,Giant white louse@2
1791044814.456,12:26:54,129,129,8,2.9,2.6,0.06,0.022,0.02,Black naga@2,Black naga@2
1791044815.47,12:26:55,122,129,8,2.9,2.6,0.07,0.024,0.021,Black naga@1,Black naga@1
1791044816.48,12:26:56,123,129,8,2.9,2.6,0.07,0.024,0.021,Black naga@1,Black naga@1
1791044983.043,12:29:43,129,129,0,0.0,0.0,0.0,0.0,0.0,,Spotted mushroom patch@9
1791044984.065,12:29:44,129,129,0,0.0,0.0,0.0,0.0,0.0,,Spotted mushroom patch@8
1791044985.095,12:29:45,129,129,0,0.0,0.0,0.0,0.0,0.0,,Spotted mushroom patch@6
1791044986.12,12:29:46,129,129,0,0.0,0.0,0.0,0.0,0.0,,Spotted mushroom patch@5
1791044987.146,12:29:47,129,129,0,0.0,0.0,0.0,0.0,0.0,,Spotted mushroom patch@3
1791044988.175,12:29:48,129,129,8,0.2,0.2,0.06,0.002,0.002,Spotted mushroom patch@1,Spotted mushroom patch@1
1791045002.772,12:30:02,129,129,2,0.9,0.8,0.02,0.007,0.006,Clear icky thing@2,Clear icky thing@2
1791045003.789,12:30:03,129,129,2,0.9,0.8,0.02,0.007,0.006,Clear icky thing@1,Clear icky thing@1
1791045042.808,12:30:42,129,129,0,0.0,0.0,0.0,0.0,0.0,,Giant green frog@12
1791045044.084,12:30:44,129,129,0,0.0,0.0,0.0,0.0,0.0,,Giant green frog@15
1791045111.329,12:31:51,129,129,6,0.2,0.2,0.05,0.002,0.002,Green ooze@2,Green ooze@2
1791045129.518,12:32:09,129,129,2,1.3,1.1,0.02,0.01,0.009,Metallic green centipede@3,Metallic green centipede@3
1791045130.537,12:32:10,128,129,2,1.3,1.1,0.02,0.01,0.009,Metallic green centipede@1,Metallic green centipede@1
1791045131.551,12:32:11,127,129,2,1.3,1.1,0.02,0.01,0.009,Metallic green centipede@1,Metallic green centipede@1
1791045171.74,12:32:51,129,129,0,0.0,0.0,0.0,0.0,0.0,,Giant green frog@11
1791045172.761,12:32:52,129,129,0,0.0,0.0,0.0,0.0,0.0,,Giant green frog@11
1791045173.793,12:32:53,129,129,0,0.0,0.0,0.0,0.0,0.0,,Silver mouse@10
1791045174.823,12:32:54,129,129,0,0.0,0.0,0.0,0.0,0.0,,Silver mouse@9
1791045175.858,12:32:55,129,129,0,0.0,0.0,0.0,0.0,0.0,,Silver mouse@5; Giant green frog@4
1791045176.89,12:32:56,129,129,3,1.3,1.1,0.02,0.01,0.009,Giant green frog@1,Giant green frog@1
1791045177.91,12:32:57,129,129,2,0.1,0.1,0.02,0.001,0.001,Silver mouse@1,Silver mouse@1
1791045178.934,12:32:58,129,129,4,0.2,0.2,0.03,0.002,0.002,Silver mouse@2; Silver mouse@1,Silver mouse@2; Silver mouse@1
1791045184.583,12:33:04,129,129,0,0.0,0.0,0.0,0.0,0.0,,Blue yeek@9
1791045185.816,12:33:05,129,129,0,0.0,0.0,0.0,0.0,0.0,,Blue yeek@9
1791045190.289,12:33:10,129,129,0,0.0,0.0,0.0,0.0,0.0,,Blue yeek@7
1791045191.313,12:33:11,129,129,0,0.0,0.0,0.0,0.0,0.0,,Blue yeek@4
1791045192.337,12:33:12,129,129,5,1.9,1.7,0.04,0.015,0.013,Blue yeek@1,Blue yeek@1
1791045218.241,12:33:38,129,129,0,0.0,0.0,0.0,0.0,0.0,,Scruffy looking hobbit@14
1791045221.388,12:33:41,129,129,0,0.0,0.0,0.0,0.0,0.0,,Scruffy looking hobbit@3
1791045225.698,12:33:45,129,129,4,1.9,1.8,0.03,0.015,0.014,Metallic red centipede@3,Metallic red centipede@3
1791045229.059,12:33:49,129,129,0,0.0,0.0,0.0,0.0,0.0,,Kobold archer@19
1791045230.073,12:33:50,129,129,0,0.0,0.0,0.0,0.0,0.0,,Kobold archer@17
1791045231.09,12:33:51,129,129,0,0.0,0.0,0.0,0.0,0.0,,Kobold archer@12
1791045233.941,12:33:53,122,129,9,3.3,3.0,0.07,0.027,0.025,Kobold archer@1,Kobold archer@1
1791045234.955,12:33:54,118,129,9,3.3,3.0,0.08,0.028,0.025,Kobold archer@1,Kobold archer@1
1791045245.786,12:34:05,125,129,0,0.0,0.0,0.0,0.0,0.0,,Salamander@3
1791045246.8,12:34:06,125,129,3,0.1,0.1,0.02,0.001,0.001,Salamander@2,Salamander@2
1791045247.818,12:34:07,126,129,3,0.1,0.1,0.02,0.001,0.001,Salamander@1,Salamander@1
1791045349.715,12:35:49,129,129,12,5.1,4.6,0.09,0.04,0.036,Wild cat@3,Wild cat@3
1791045350.731,12:35:50,129,129,12,5.1,4.6,0.09,0.04,0.036,Wild cat@1,Wild cat@1
1791045362.769,12:36:02,129,129,4,1.6,1.5,0.03,0.012,0.012,Scruffy looking hobbit@2,Scruffy looking hobbit@2
1791045363.781,12:36:03,129,129,4,1.6,1.5,0.03,0.012,0.012,Scruffy looking hobbit@2,Scruffy looking hobbit@2
1791045364.797,12:36:04,129,129,4,1.6,1.5,0.03,0.012,0.012,Scruffy looking hobbit@2,Scruffy looking hobbit@2
1791045365.817,12:36:05,129,129,4,1.6,1.5,0.03,0.012,0.012,Scruffy looking hobbit@2,Scruffy looking hobbit@2
1791045366.889,12:36:06,129,129,4,1.6,1.5,0.03,0.012,0.012,Scruffy looking hobbit@2,Scruffy looking hobbit@2
1791045367.905,12:36:07,129,129,4,1.6,1.5,0.03,0.012,0.012,Scruffy looking hobbit@2,Scruffy looking hobbit@2
1791045368.926,12:36:08,129,129,0,0.0,0.0,0.0,0.0,0.0,,Scruffy looking hobbit@4
1791045369.944,12:36:09,129,129,0,0.0,0.0,0.0,0.0,0.0,,Scruffy looking hobbit@5
1791045370.962,12:36:10,129,129,0,0.0,0.0,0.0,0.0,0.0,,Scruffy looking hobbit@4
1791045371.98,12:36:11,129,129,0,0.0,0.0,0.0,0.0,0.0,,Scruffy looking hobbit@4
1791045372.994,12:36:12,129,129,0,0.0,0.0,0.0,0.0,0.0,,Scruffy looking hobbit@5
1791045433.478,12:37:13,129,129,0,0.0,0.0,0.0,0.0,0.0,,Grey icky thing@9
1791045434.496,12:37:14,129,129,0,0.0,0.0,0.0,0.0,0.0,,Grey icky thing@9
1791045459.561,12:37:39,129,129,0,0.0,0.0,0.0,0.0,0.0,,Grey icky thing@3
1791045460.576,12:37:40,129,129,5,2.0,1.8,0.04,0.016,0.014,Grey icky thing@2,Grey icky thing@2
1791045461.595,12:37:41,129,129,5,2.0,1.8,0.04,0.016,0.014,Grey icky thing@1,Grey icky thing@1
1791045498.447,12:38:18,129,129,0,0.0,0.0,0.0,0.0,0.0,,Salamander@18
1791045499.468,12:38:19,129,129,0,0.0,0.0,0.0,0.0,0.0,,Salamander@17
1791045500.492,12:38:20,129,129,0,0.0,0.0,0.0,0.0,0.0,,Salamander@15
1791045501.51,12:38:21,129,129,0,0.0,0.0,0.0,0.0,0.0,,Salamander@15
1791045502.526,12:38:22,129,129,0,0.0,0.0,0.0,0.0,0.0,,Salamander@14
1791045503.543,12:38:23,129,129,0,0.0,0.0,0.0,0.0,0.0,,Salamander@13
1791045504.558,12:38:24,129,129,0,0.0,0.0,0.0,0.0,0.0,,Salamander@13
1791045509.428,12:38:29,129,129,0,0.0,0.0,0.0,0.0,0.0,,Novice priest@9; Large kobold@11
1791045510.446,12:38:30,129,129,0,0.0,0.0,0.0,0.0,0.0,,Novice priest@8; Large kobold@11
1791045511.47,12:38:31,129,129,0,0.0,0.0,0.0,0.0,0.0,,Novice priest@7; Large kobold@12
1791045512.489,12:38:32,129,129,0,0.0,0.0,0.0,0.0,0.0,,Novice priest@6; Large kobold@13
1791045513.517,12:38:33,129,129,0,0.0,0.0,0.0,0.0,0.0,,Black naga@3
1791045514.536,12:38:34,129,129,8,2.9,2.6,0.06,0.022,0.02,Black naga@1,Black naga@1
1791045515.549,12:38:35,122,129,8,2.9,2.6,0.07,0.024,0.021,Black naga@1,Black naga@1
1791045516.568,12:38:36,119,129,0,0.0,0.0,0.0,0.0,0.0,,Novice priest@3
1791045517.59,12:38:37,120,129,0,0.0,0.0,0.0,0.0,0.0,,Novice priest@3
1791045518.612,12:38:38,121,129,5,2.0,1.8,0.04,0.017,0.015,Novice priest@2,Novice priest@2
1791045519.626,12:38:39,121,129,5,2.0,1.8,0.04,0.017,0.015,Novice priest@1,Novice priest@1
1791045520.641,12:38:40,120,129,5,2.0,1.8,0.04,0.017,0.015,Novice priest@1,Novice priest@1
1791045521.664,12:38:41,121,129,0,0.0,0.0,0.0,0.0,0.0,,Novice priest@3
1791045548.819,12:39:08,129,129,0,0.0,0.0,0.0,0.0,0.0,,Large kobold@4
1791045549.834,12:39:09,129,129,10,3.6,3.3,0.08,0.028,0.026,Large kobold@2,Large kobold@2
1791045550.849,12:39:10,122,129,10,3.6,3.3,0.08,0.03,0.027,Large kobold@1,Large kobold@1
1791045551.863,12:39:11,123,129,10,3.6,3.3,0.08,0.029,0.027,Large kobold@1,Large kobold@1
1791045561.449,12:39:21,129,129,0,0.0,0.0,0.0,0.0,0.0,,Kobold archer@3
1791045562.466,12:39:22,129,129,9,3.3,3.0,0.07,0.026,0.023,Kobold archer@1,Kobold archer@1
1791045563.485,12:39:23,126,129,9,3.3,3.0,0.07,0.026,0.024,Kobold archer@1,Kobold archer@1
1791045567.178,12:39:27,122,129,0,0.0,0.0,0.0,0.0,0.0,,Blubbering icky thing@3
1791045568.194,12:39:28,122,129,4,0.1,0.1,0.03,0.001,0.001,Blubbering icky thing@1,Blubbering icky thing@1
1791045593.673,12:39:53,129,129,0,0.0,0.0,0.0,0.0,0.0,,Novice priest@19
1791045594.695,12:39:54,129,129,0,0.0,0.0,0.0,0.0,0.0,,Novice priest@19
1791045595.725,12:39:55,129,129,0,0.0,0.0,0.0,0.0,0.0,,Novice priest@20
1791045596.749,12:39:56,129,129,0,0.0,0.0,0.0,0.0,0.0,,Novice priest@20
1791045597.764,12:39:57,129,129,0,0.0,0.0,0.0,0.0,0.0,,Salamander@4
1791045598.785,12:39:58,129,129,0,0.0,0.0,0.0,0.0,0.0,,Salamander@4
1791045599.807,12:39:59,129,129,0,0.0,0.0,0.0,0.0,0.0,,Salamander@4
1791045600.821,12:40:00,129,129,0,0.0,0.0,0.0,0.0,0.0,,Salamander@4
1791045604.155,12:40:04,129,129,0,0.0,0.0,0.0,0.0,0.0,,Salamander@5
1791045605.17,12:40:05,129,129,0,0.0,0.0,0.0,0.0,0.0,,Salamander@6
1791045606.192,12:40:06,129,129,0,0.0,0.0,0.0,0.0,0.0,,Salamander@8
1791045607.219,12:40:07,129,129,0,0.0,0.0,0.0,0.0,0.0,,Salamander@13
1791045614.556,12:40:14,129,129,5,2.0,1.8,0.04,0.016,0.014,Novice priest@2,Novice priest@2
1791045615.574,12:40:15,127,129,5,2.0,1.8,0.04,0.016,0.014,Novice priest@1,Novice priest@1
1791045667.055,12:41:07,129,129,0,0.0,0.0,0.0,0.0,0.0,,Spotted mushroom patch@7
1791045668.066,12:41:08,129,129,0,0.0,0.0,0.0,0.0,0.0,,Spotted mushroom patch@6
1791045670.35,12:41:10,129,129,0,0.0,0.0,0.0,0.0,0.0,,Spotted mushroom patch@4
1791045672.99,12:41:12,129,129,0,0.0,0.0,0.0,0.0,0.0,,Blue yeek@5
1791045675.68,12:41:15,129,129,0,0.0,0.0,0.0,0.0,0.0,,Giant white ant@3
1791045682.226,12:41:22,129,129,0,0.0,0.0,0.0,0.0,0.0,,Green worm mass@19
1791045690.145,12:41:30,129,129,0,0.0,0.0,0.0,0.0,0.0,,Spotted mushroom patch@7
1791045691.464,12:41:31,129,129,0,0.0,0.0,0.0,0.0,0.0,,Skeleton kobold@13
1791045695.425,12:41:35,129,129,8,2.9,2.6,0.06,0.022,0.02,Black naga@2,Yellow mushroom patch@14; Black naga@2
1791045696.744,12:41:36,129,129,8,2.9,2.6,0.06,0.022,0.02,Kobold@2,Kobold@2
1791045701.358,12:41:41,129,129,0,0.0,0.0,0.0,0.0,0.0,,Giant brown bat@5
1791045703.336,12:41:43,129,129,0,0.0,0.0,0.0,0.0,0.0,Shrieker mushroom patch@2,Shrieker mushroom patch@2
1791045712.431,12:41:52,129,129,32,11.9,10.9,0.25,0.092,0.084,Bullroarer the Hobbit@2,Bullroarer the Hobbit@2; Salamander@7
1791045718.107,12:41:58,123,129,0,0.0,0.0,0.0,0.0,0.0,,Blue ooze@16
1791045719.119,12:41:59,124,129,0,0.0,0.0,0.0,0.0,0.0,,Blue ooze@16
1791045720.133,12:42:00,125,129,0,0.0,0.0,0.0,0.0,0.0,,Blue ooze@16
1791045721.144,12:42:01,125,129,0,0.0,0.0,0.0,0.0,0.0,,Blue ooze@16
1791045722.156,12:42:02,126,129,32,11.9,10.9,0.25,0.094,0.087,Bullroarer the Hobbit@3,Blue ooze@16; Bullroarer the Hobbit@3
1791045723.932,12:42:03,127,129,9,3.3,3.0,0.07,0.026,0.024,Kobold archer@2,Kobold archer@2
1791045826.001,12:43:46,129,129,40,15.9,14.3,0.31,0.123,0.111,Cave spider@3; Cave spider@3; Cave spider@2; Cave spider@2; Cave spider@1,Cave spider@3; Cave spider@3; Cave spider@2; Cave spider@2; Cave spider@1
1791045827.021,12:43:47,126,129,32,12.7,11.4,0.25,0.101,0.09,Cave spider@3; Cave spider@2; Cave spider@2; Cave spider@1,Cave spider@3; Cave spider@2; Cave spider@2; Cave spider@1
1791045828.04,12:43:48,123,129,16,6.3,5.7,0.13,0.051,0.046,Cave spider@2; Cave spider@1,Cave spider@2; Cave spider@1
1791045830.077,12:43:50,124,129,8,3.2,2.9,0.06,0.026,0.023,Cave spider@1,Cave spider@1
1791045831.101,12:43:51,125,129,16,6.3,5.7,0.13,0.05,0.046,Cave spider@2; Cave spider@2,Cave spider@6; Cave spider@4; Yellow jelly@11; Cave spider@2; Cave spider@2
1791045832.135,12:43:52,125,129,16,6.3,5.7,0.13,0.05,0.046,Cave spider@2; Cave spider@3,Cave spider@8; Yellow jelly@9; Cave spider@8; Cave spider@2; Cave spider@3
1791045833.166,12:43:53,125,129,8,3.2,2.9,0.06,0.026,0.023,Cave spider@1,Yellow jelly@8; Cave spider@1
1791045834.185,12:43:54,125,129,8,3.2,2.9,0.06,0.026,0.023,Cave spider@2,Cave spider@2
1791045835.211,12:43:55,125,129,8,3.2,2.9,0.06,0.026,0.023,Cave spider@2,Cave spider@2
1791045836.232,12:43:56,123,129,8,3.2,2.9,0.07,0.026,0.024,Cave spider@1,Cave spider@1
1791045837.251,12:43:57,124,129,8,3.2,2.9,0.06,0.026,0.023,Cave spider@3,Cave spider@3
1791045838.269,12:43:58,124,129,0,0.0,0.0,0.0,0.0,0.0,,Cave spider@6
1791045839.289,12:43:59,125,129,0,0.0,0.0,0.0,0.0,0.0,,Cave spider@9
1791045840.31,12:44:00,126,129,0,0.0,0.0,0.0,0.0,0.0,,Cave spider@10
1791045841.332,12:44:01,127,129,0,0.0,0.0,0.0,0.0,0.0,,Cave spider@10
1791045842.351,12:44:02,127,129,0,0.0,0.0,0.0,0.0,0.0,,Cave spider@10
1791045843.372,12:44:03,128,129,0,0.0,0.0,0.0,0.0,0.0,,Cave spider@10
1791045844.392,12:44:04,129,129,0,0.0,0.0,0.0,0.0,0.0,,Cave spider@10
1791045845.412,12:44:05,129,129,0,0.0,0.0,0.0,0.0,0.0,,Cave spider@7
1791045846.437,12:44:06,129,129,0,0.0,0.0,0.0,0.0,0.0,,Cave spider@5
1791045847.77,12:44:07,129,129,8,3.2,2.9,0.06,0.025,0.022,Cave spider@2,Cave spider@2
1791045848.786,12:44:08,126,129,8,3.2,2.9,0.06,0.025,0.023,Cave spider@1,Cave spider@1
1791045849.814,12:44:09,124,129,8,3.2,2.9,0.06,0.026,0.023,Cave spider@2,Cave spider@2
1791045850.838,12:44:10,124,129,8,3.2,2.9,0.06,0.026,0.023,Cave spider@1,Cave spider@1
1791045851.863,12:44:11,125,129,8,3.2,2.9,0.06,0.026,0.023,Cave spider@3,Cave spider@3
1791045852.884,12:44:12,124,129,8,3.2,2.9,0.06,0.026,0.023,Cave spider@2,Cave spider@2
1791045853.908,12:44:13,123,129,8,3.2,2.9,0.07,0.026,0.024,Cave spider@2,Cave spider@2
1791045854.933,12:44:14,124,129,8,3.2,2.9,0.06,0.026,0.023,Cave spider@2,Cave spider@2
1791045855.951,12:44:15,116,129,8,3.2,2.9,0.07,0.028,0.025,Cave spider@1,Cave spider@1
1791045856.967,12:44:16,117,129,8,3.2,2.9,0.07,0.027,0.025,Cave spider@2,Cave spider@2
1791045859.586,12:44:19,119,129,0,0.0,0.0,0.0,0.0,0.0,,Cave spider@8
1791045860.927,12:44:20,120,129,0,0.0,0.0,0.0,0.0,0.0,,Cave spider@11
1791045862.828,12:44:22,121,129,0,0.0,0.0,0.0,0.0,0.0,,Cave spider@15
1791045875.334,12:44:35,129,129,0,0.0,0.0,0.0,0.0,0.0,,Cave spider@20
1791045876.359,12:44:36,129,129,0,0.0,0.0,0.0,0.0,0.0,,Cave spider@20
1791045877.39,12:44:37,129,129,0,0.0,0.0,0.0,0.0,0.0,,Cave spider@20
1791045878.472,12:44:38,129,129,0,0.0,0.0,0.0,0.0,0.0,,Cave spider@20
1791045879.709,12:44:39,129,129,0,0.0,0.0,0.0,0.0,0.0,,Cave spider@19
1791045884.747,12:44:44,129,129,0,0.0,0.0,0.0,0.0,0.0,,Cave spider@14
1791045885.767,12:44:45,129,129,0,0.0,0.0,0.0,0.0,0.0,,Cave spider@17
1791045890.702,12:44:50,129,129,0,0.0,0.0,0.0,0.0,0.0,,Cave spider@16
1791045891.723,12:44:51,129,129,0,0.0,0.0,0.0,0.0,0.0,,Cave spider@15
1791045892.749,12:44:52,129,129,0,0.0,0.0,0.0,0.0,0.0,,Cave spider@13
1791045893.77,12:44:53,129,129,0,0.0,0.0,0.0,0.0,0.0,,Cave spider@12
1791045894.795,12:44:54,129,129,0,0.0,0.0,0.0,0.0,0.0,,Cave spider@10
1791045895.82,12:44:55,129,129,0,0.0,0.0,0.0,0.0,0.0,,Cave spider@9
1791045908.395,12:45:08,129,129,2,0.9,0.8,0.02,0.007,0.006,Clear icky thing@2,Clear icky thing@2
1791045909.409,12:45:09,129,129,0,0.0,0.0,0.0,0.0,0.0,,Jackal@13; Jackal@12; Jackal@11; Jackal@10; Jackal@13; Jackal@12; Jackal@11; Jackal@10; Jackal@13; Jackal@12; Jackal@11
1791045915.563,12:45:15,129,129,0,0.0,0.0,0.0,0.0,0.0,,Blue ooze@3
1791045916.576,12:45:16,129,129,3,0.1,0.1,0.02,0.001,0.001,Salamander@2,Salamander@2
1791045918.862,12:45:18,129,129,0,0.0,0.0,0.0,0.0,0.0,,White icky thing@7; Jackal@8; Jackal@7; Jackal@8; Jackal@9; Jackal@8
1791045919.879,12:45:19,129,129,0,0.0,0.0,0.0,0.0,0.0,,Novice paladin@10; Blue ooze@5
1791045950.779,12:45:50,129,129,0,0.0,0.0,0.0,0.0,0.0,,Cave lizard@4
1791045954.733,12:45:54,129,129,0,0.0,0.0,0.0,0.0,0.0,,Jackal@3; Jackal@3
1791045958.033,12:45:58,129,129,0,0.0,0.0,0.0,0.0,0.0,,Novice paladin@3
1791045960.671,12:46:00,129,129,12,2.4,1.5,0.09,0.019,0.012,Green icky thing@1; Giant white louse@2,Green icky thing@1; Giant white louse@2
1791045961.685,12:46:01,125,129,12,2.4,1.5,0.1,0.019,0.012,Green icky thing@1; Giant white louse@3,Green icky thing@1; Giant white louse@3
1791045962.699,12:46:02,126,129,0,0.0,0.0,0.0,0.0,0.0,,Giant white louse@4
1791045969.356,12:46:09,129,129,0,0.0,0.0,0.0,0.0,0.0,,Kobold archer@11
1791045974.631,12:46:14,129,129,0,0.0,0.0,0.0,0.0,0.0,,Giant white ant@14; White worm mass@4
1791045975.644,12:46:15,129,129,0,0.0,0.0,0.0,0.0,0.0,,Giant white ant@14; White worm mass@4
1791045976.664,12:46:16,129,129,0,0.0,0.0,0.0,0.0,0.0,,Giant white ant@13; White worm mass@5
1791045977.68,12:46:17,129,129,0,0.0,0.0,0.0,0.0,0.0,,White worm mass@6
1791045983.059,12:46:23,129,129,0,0.0,0.0,0.0,0.0,0.0,,Green ooze@16
1791045985.745,12:46:25,129,129,0,0.0,0.0,0.0,0.0,0.0,,Blue jelly@5
1791045987.623,12:46:27,129,129,0,0.0,0.0,0.0,0.0,0.0,,Blue yeek@15
1791045990.061,12:46:30,129,129,0,0.0,0.0,0.0,0.0,0.0,,Blubbering icky thing@3
1791045991.078,12:46:31,129,129,4,0.1,0.1,0.03,0.001,0.001,Blubbering icky thing@2,Blubbering icky thing@2
1791046011.443,12:46:51,129,129,5,2.0,1.8,0.04,0.016,0.014,Novice priest@1,Novice priest@1
1791046038.392,12:47:18,129,129,0,0.0,0.0,0.0,0.0,0.0,,Grey mold@6
1791046039.713,12:47:19,129,129,0,0.0,0.0,0.0,0.0,0.0,,Blubbering icky thing@6
1791046047.947,12:47:27,129,129,5,1.9,1.7,0.04,0.015,0.013,Blue yeek@2,Blue yeek@2
1791046049.266,12:47:29,129,129,4,0.1,0.1,0.03,0.001,0.001,Grey mushroom patch@2,Grey mushroom patch@2
1791046052.259,12:47:32,135,135,0,0.0,0.0,0.0,0.0,0.0,,Spotted mushroom patch@3
1791046056.986,12:47:36,135,135,0,0.0,0.0,0.0,0.0,0.0,,Novice mage@3
1791046058.002,12:47:38,135,135,4,1.7,1.5,0.03,0.013,0.011,Novice mage@1,Novice mage@1
1791046065.267,12:47:45,135,135,0,0.0,0.0,0.0,0.0,0.0,,Rock lizard@5
1791377908.912,08:58:28,135,135,4,0.2,0.2,0.03,0.001,0.001,White jelly@3,White jelly@3
1791377909.932,08:58:29,135,135,4,0.2,0.2,0.03,0.001,0.001,White jelly@2,White jelly@2
1791377910.954,08:58:30,135,135,4,0.2,0.2,0.03,0.001,0.001,White jelly@1,White jelly@1
1791377911.971,08:58:31,135,135,4,0.2,0.2,0.03,0.001,0.001,White jelly@1,White jelly@1
1791378021.65,09:00:21,135,135,3,0.5,0.3,0.02,0.004,0.002,Red worm mass@1,Red worm mass@1; Red worm mass@2
1791378022.67,09:00:22,131,135,3,0.5,0.3,0.02,0.004,0.002,Red worm mass@1,Red worm mass@2; Red worm mass@1
1791378023.69,09:00:23,131,135,3,0.5,0.3,0.02,0.004,0.002,Red worm mass@1,Red worm mass@3; Red worm mass@1; Red worm mass@3
1791378024.714,09:00:24,132,135,6,1.1,0.6,0.05,0.008,0.005,Red worm mass@1; Red worm mass@1,Red worm mass@3; Red worm mass@1; Red worm mass@1; Red worm mass@2
1791378025.737,09:00:25,133,135,9,1.6,0.8,0.07,0.012,0.006,Red worm mass@1; Red worm mass@1; Red worm mass@1,Red worm mass@1; Red worm mass@1; Red worm mass@1
1791378026.758,09:00:26,133,135,6,1.1,0.6,0.05,0.008,0.005,Red worm mass@1; Red worm mass@1,Red worm mass@1; Red worm mass@2; Red worm mass@3; Red worm mass@1; Red worm mass@2
1791378027.781,09:00:27,134,135,6,1.1,0.6,0.04,0.008,0.004,Red worm mass@1; Red worm mass@1,Red worm mass@3; Red worm mass@1; Red worm mass@1; Red worm mass@2; Red worm mass@2
1791378028.805,09:00:28,135,135,3,0.5,0.3,0.02,0.004,0.002,Red worm mass@1,Red worm mass@2; Red worm mass@1; Red worm mass@3; Red worm mass@2; Giant white tick@2
1791378029.826,09:00:29,135,135,9,2.2,1.6,0.07,0.016,0.012,Red worm mass@1; Giant white tick@1,Red worm mass@2; Red worm mass@1; Giant white tick@1
1791378030.847,09:00:30,135,135,3,0.5,0.3,0.02,0.004,0.002,Red worm mass@1,Red worm mass@1; Red worm mass@2; Giant black ant@3; Giant white tick@2
1791378031.869,09:00:31,135,135,7,2.1,1.7,0.05,0.016,0.013,Giant black ant@1; Red worm mass@1,Giant black ant@1; Red worm mass@1; Giant white tick@2
1791378032.892,09:00:32,135,135,3,0.5,0.3,0.02,0.004,0.002,Red worm mass@1,Giant black ant@3; Red worm mass@1; Giant white tick@2
1791378033.913,09:00:33,130,135,0,0.0,0.0,0.0,0.0,0.0,,Red worm mass@2
1791378050.464,09:00:50,135,135,0,0.0,0.0,0.0,0.0,0.0,,Giant white ant@16
1791378051.79,09:00:51,135,135,0,0.0,0.0,0.0,0.0,0.0,,Giant white ant@16
1791378053.116,09:00:53,135,135,0,0.0,0.0,0.0,0.0,0.0,,Brown mold@3
1791378087.404,09:01:27,135,135,0,0.0,0.0,0.0,0.0,0.0,,Novice warrior@3
1791378088.422,09:01:28,135,135,14,5.3,4.9,0.1,0.039,0.036,Novice warrior@1,Novice warrior@1
1791378089.442,09:01:29,128,135,14,5.3,4.9,0.11,0.041,0.038,Novice warrior@1,Novice warrior@3; Novice warrior@1
1791378090.461,09:01:30,129,135,28,10.7,9.8,0.22,0.083,0.076,Novice warrior@2; Novice warrior@1,Novice warrior@2; Novice warrior@1
1791378091.482,09:01:31,113,135,14,5.3,4.9,0.12,0.047,0.043,Novice warrior@1,Novice warrior@1
1791378092.502,09:01:32,114,135,14,5.3,4.9,0.12,0.046,0.043,Novice warrior@1,Novice warrior@1
1791378093.527,09:01:33,115,135,14,5.3,4.9,0.12,0.046,0.043,Novice warrior@1,Novice warrior@1
1791378094.544,09:01:34,115,135,14,5.3,4.9,0.12,0.046,0.043,Novice warrior@1,Novice warrior@1
1791378095.565,09:01:35,116,135,14,5.3,4.9,0.12,0.046,0.042,Novice warrior@1,Novice warrior@1
1791378096.588,09:01:36,117,135,14,5.3,4.9,0.12,0.045,0.042,Novice warrior@2,Novice warrior@2
1791378097.608,09:01:37,118,135,14,5.3,4.9,0.12,0.045,0.042,Novice warrior@1,Novice warrior@1
1791378098.631,09:01:38,118,135,14,5.3,4.9,0.12,0.045,0.042,Novice warrior@2,Novice warrior@2
1791378099.651,09:01:39,119,135,0,0.0,0.0,0.0,0.0,0.0,,Novice warrior@3
1791378102.619,09:01:42,121,135,0,0.0,0.0,0.0,0.0,0.0,,Brown yeek@8
1791378108.497,09:01:48,125,135,4,0.2,0.2,0.03,0.002,0.002,Green jelly@3,Green jelly@3
1791378109.515,09:01:49,126,135,4,0.2,0.2,0.03,0.002,0.002,Green jelly@3,Green jelly@3
1791378110.531,09:01:50,126,135,4,0.2,0.2,0.03,0.002,0.002,Green jelly@2,Green jelly@2
1791378111.548,09:01:51,126,135,4,0.2,0.2,0.03,0.002,0.002,Green jelly@1,Green jelly@1
1791378112.572,09:01:52,127,135,4,0.2,0.2,0.03,0.002,0.002,Green jelly@1,Green jelly@1
1791378113.591,09:01:53,128,135,4,0.2,0.2,0.03,0.002,0.002,Green jelly@1,Green jelly@1; Brown yeek@3
1791378114.61,09:01:54,129,135,10,2.5,2.4,0.08,0.019,0.019,Green jelly@1; Brown yeek@1,Green jelly@1; Brown yeek@1
1791378115.632,09:01:55,127,135,10,2.5,2.4,0.08,0.02,0.019,Green jelly@1; Brown yeek@1,Green jelly@1; Brown yeek@1
1791378116.652,09:01:56,127,135,10,2.5,2.4,0.08,0.02,0.019,Green jelly@1; Brown yeek@1,Green jelly@1; Brown yeek@1
1791378117.673,09:01:57,128,135,6,2.4,2.2,0.05,0.019,0.017,Brown yeek@1,Brown yeek@1
1791378155.717,09:02:35,135,135,0,0.0,0.0,0.0,0.0,0.0,,White worm mass@19
1791378156.734,09:02:36,135,135,0,0.0,0.0,0.0,0.0,0.0,,White worm mass@18
1791378157.754,09:02:37,135,135,0,0.0,0.0,0.0,0.0,0.0,,White worm mass@16
1791378158.769,09:02:38,135,135,0,0.0,0.0,0.0,0.0,0.0,,White worm mass@15
1791378159.792,09:02:39,135,135,0,0.0,0.0,0.0,0.0,0.0,,White worm mass@11
1791378160.807,09:02:40,135,135,0,0.0,0.0,0.0,0.0,0.0,,White worm mass@10
1791378161.83,09:02:41,135,135,4,1.6,1.5,0.03,0.012,0.011,Giant white ant@2,White worm mass@9; Giant white ant@2; Kobold shaman@5
1791378162.852,09:02:42,133,135,12,4.5,4.1,0.09,0.034,0.031,Giant white ant@1; Kobold shaman@2,Giant white ant@1; Kobold shaman@2
1791378221.776,09:03:41,135,135,8,3.1,2.8,0.06,0.023,0.021,Grey mold@1,Grey mold@1
1791378222.796,09:03:42,135,135,8,3.1,2.8,0.06,0.023,0.021,Grey mold@1,Grey mold@1
1791378399.706,09:06:39,135,135,14,5.3,4.9,0.1,0.039,0.036,Novice warrior@1,Novice warrior@1
1791378400.725,09:06:40,130,135,14,5.3,4.9,0.11,0.041,0.038,Novice warrior@1,Novice warrior@1
1791378419.434,09:06:59,135,135,124,6.5,5.8,0.92,0.048,0.043,Rot jelly@2,Rot jelly@2
1791378420.449,09:07:00,135,135,0,0.0,0.0,0.0,0.0,0.0,,Giant green frog@6
1791378424.077,09:07:04,135,135,64,25.4,22.9,0.47,0.188,0.17,Cave spider@2; Cave spider@2; Cave spider@2; Cave spider@3; Cave spider@3; Cave spider@3; Cave spider@3; Cave spider@3,Cave spider@2; Cave spider@2; Cave spider@2; Cave spider@3; Cave spider@3; Cave spider@3; Cave spider@3; Cave spider@3; Cave spider@4; Cave spider@4; Cave spider@4; Cave spider@4; Cave spider@4; Cave spider@5; Cave spider@5
1791378437.378,09:07:17,135,135,0,0.0,0.0,0.0,0.0,0.0,,Giant grey rat@7
1791378440.034,09:07:20,135,135,2,0.9,0.8,0.01,0.007,0.006,Giant white mouse@2,Green naga@10; Giant white mouse@2
1791378457.309,09:07:37,135,135,0,0.0,0.0,0.0,0.0,0.0,,Baby gold dragon@3
1791378458.325,09:07:38,135,135,11,4.8,4.5,0.08,0.036,0.033,Baby gold dragon@2,Baby gold dragon@2
1791378459.347,09:07:39,135,135,11,4.8,4.5,0.08,0.036,0.033,Baby gold dragon@1,Baby gold dragon@1
1791378460.366,09:07:40,130,135,11,4.8,4.5,0.08,0.037,0.035,Baby gold dragon@1,Baby gold dragon@1
1791378461.385,09:07:41,131,135,11,4.8,4.5,0.08,0.037,0.034,Baby gold dragon@1,Baby gold dragon@1
1791378462.406,09:07:42,128,135,11,4.8,4.5,0.09,0.037,0.035,Baby gold dragon@1,Baby gold dragon@1
1791378463.424,09:07:43,127,135,11,4.8,4.5,0.09,0.038,0.035,Baby gold dragon@1,Baby gold dragon@1
1791378489.634,09:08:09,135,135,4,2.0,1.9,0.03,0.015,0.014,Zombified kobold@2,Zombified kobold@2
1791378490.652,09:08:10,135,135,4,2.0,1.9,0.03,0.015,0.014,Zombified kobold@1,Zombified kobold@1
1791378491.673,09:08:11,134,135,4,2.0,1.9,0.03,0.015,0.014,Zombified kobold@1,Zombified kobold@1
1791378496.279,09:08:16,135,135,0,0.0,0.0,0.0,0.0,0.0,,Copperhead snake@19
1791378497.297,09:08:17,135,135,0,0.0,0.0,0.0,0.0,0.0,,Copperhead snake@17
1791378499.346,09:08:19,124,135,0,0.0,0.0,0.0,0.0,0.0,,Kobold shaman@3
1791378500.367,09:08:20,125,135,8,2.9,2.6,0.06,0.023,0.021,Kobold shaman@1,Kobold shaman@1
1791378501.387,09:08:21,123,135,8,2.9,2.6,0.07,0.024,0.021,Kobold shaman@1,Kobold shaman@1
1791378503.551,09:08:23,128,135,0,0.0,0.0,0.0,0.0,0.0,,Copperhead snake@15
1791378504.566,09:08:24,128,135,0,0.0,0.0,0.0,0.0,0.0,,Copperhead snake@14
1791378505.588,09:08:25,129,135,0,0.0,0.0,0.0,0.0,0.0,,Copperhead snake@11
1791378506.612,09:08:26,129,135,0,0.0,0.0,0.0,0.0,0.0,,Copperhead snake@10
1791378507.63,09:08:27,130,135,0,0.0,0.0,0.0,0.0,0.0,,Copperhead snake@8
1791378508.655,09:08:28,131,135,0,0.0,0.0,0.0,0.0,0.0,,Copperhead snake@4
1791378509.673,09:08:29,132,135,0,0.0,0.0,0.0,0.0,0.0,,Copperhead snake@4
1791378510.693,09:08:30,132,135,8,0.7,0.2,0.06,0.005,0.002,Copperhead snake@2,Copperhead snake@2
1791378511.714,09:08:31,133,135,8,0.7,0.2,0.06,0.005,0.002,Copperhead snake@1,Copperhead snake@1
1791378512.738,09:08:32,134,135,8,0.7,0.2,0.06,0.005,0.001,Copperhead snake@2,Copperhead snake@2
1791378513.759,09:08:33,134,135,8,0.7,0.2,0.06,0.005,0.001,Copperhead snake@2,Black naga@18; Copperhead snake@2
1791378514.781,09:08:34,135,135,0,0.0,0.0,0.0,0.0,0.0,,Black naga@16; Copperhead snake@4
1791378515.801,09:08:35,135,135,0,0.0,0.0,0.0,0.0,0.0,,Black naga@14; Copperhead snake@4
1791378516.816,09:08:36,135,135,0,0.0,0.0,0.0,0.0,0.0,,Black naga@13; Copperhead snake@4
1791378517.84,09:08:37,135,135,0,0.0,0.0,0.0,0.0,0.0,,Copperhead snake@5; Black naga@11
1791378524.24,09:08:44,135,135,11,4.8,4.5,0.08,0.036,0.033,Baby black dragon@2,Baby black dragon@2
1791378525.259,09:08:45,135,135,11,4.8,4.5,0.08,0.036,0.033,Baby black dragon@2,Baby black dragon@2
1791378526.283,09:08:46,135,135,11,4.8,4.5,0.08,0.036,0.033,Baby black dragon@1,Baby black dragon@1
1791378527.303,09:08:47,125,135,11,4.8,4.5,0.09,0.038,0.036,Baby black dragon@1,Baby black dragon@1
1791378528.323,09:08:48,112,135,11,4.8,4.5,0.1,0.043,0.04,Baby black dragon@1,Baby black dragon@1
1791378529.342,09:08:49,105,135,11,4.8,4.5,0.1,0.046,0.043,Baby black dragon@1,Baby black dragon@1
1791378530.362,09:08:50,98,135,11,4.8,4.5,0.11,0.049,0.046,Baby black dragon@1,Baby black dragon@1
1791378531.383,09:08:51,99,135,11,4.8,4.5,0.11,0.048,0.045,Baby black dragon@1,Baby black dragon@1
1791378532.404,09:08:52,93,135,11,4.8,4.5,0.12,0.052,0.048,Baby black dragon@1,Baby black dragon@1
1791378596.802,09:09:56,135,135,0,0.0,0.0,0.0,0.0,0.0,,Copperhead snake@4
1791378597.823,09:09:57,135,135,0,0.0,0.0,0.0,0.0,0.0,,Copperhead snake@3
1791378598.849,09:09:58,135,135,8,0.7,0.2,0.06,0.005,0.001,Copperhead snake@1,Copperhead snake@1
1791378599.872,09:09:59,132,135,8,0.7,0.2,0.06,0.005,0.002,Copperhead snake@1,Copperhead snake@1
1791378600.901,09:10:00,130,135,0,0.0,0.0,0.0,0.0,0.0,,Copperhead snake@3
1791378601.925,09:10:01,129,135,8,0.7,0.2,0.06,0.005,0.002,Copperhead snake@2,Novice paladin@8; Black naga@12; Copperhead snake@2
1791378602.956,09:10:02,130,135,0,0.0,0.0,0.0,0.0,0.0,,Novice paladin@9; Black naga@13; Copperhead snake@5
1791378603.981,09:10:03,114,135,0,0.0,0.0,0.0,0.0,0.0,,Novice paladin@10; Black naga@13; Copperhead snake@5
1791378605.001,09:10:05,99,135,0,0.0,0.0,0.0,0.0,0.0,,Novice paladin@11; Black naga@13
1791378606.027,09:10:06,100,135,0,0.0,0.0,0.0,0.0,0.0,,Copperhead snake@5
1791378607.046,09:10:07,100,135,0,0.0,0.0,0.0,0.0,0.0,,Copperhead snake@5
1791378608.07,09:10:08,101,135,0,0.0,0.0,0.0,0.0,0.0,,Copperhead snake@7
1791378609.092,09:10:09,101,135,0,0.0,0.0,0.0,0.0,0.0,,Copperhead snake@8
1791378610.113,09:10:10,102,135,0,0.0,0.0,0.0,0.0,0.0,,Copperhead snake@9
1791378640.608,09:10:40,135,135,0,0.0,0.0,0.0,0.0,0.0,,Radiation eye@3
1791378641.626,09:10:41,135,135,56,2.7,2.7,0.41,0.02,0.02,Radiation eye@2,Radiation eye@2
1791378642.648,09:10:42,135,135,0,0.0,0.0,0.0,0.0,0.0,,Large kobold@9
1791378677.785,09:11:17,135,135,0,0.0,0.0,0.0,0.0,0.0,,Fruit bat@11
1791378678.805,09:11:18,135,135,0,0.0,0.0,0.0,0.0,0.0,,Fruit bat@9
1791378679.829,09:11:19,135,135,2,1.2,1.1,0.01,0.009,0.008,Fruit bat@3,Fruit bat@3
1791378680.847,09:11:20,134,135,2,1.2,1.1,0.01,0.009,0.008,Fruit bat@1,Fruit bat@1
1791378713.576,09:11:53,135,135,14,6.9,6.4,0.1,0.051,0.047,Black harpy@1,Black harpy@1
1791378714.596,09:11:54,131,135,14,6.9,6.4,0.11,0.053,0.049,Black harpy@1,Black harpy@1
1791378716.9,09:11:56,139,146,4,0.9,0.6,0.03,0.006,0.004,Brown mold@2,Brown mold@2
1791378717.922,09:11:57,140,146,4,0.9,0.6,0.03,0.006,0.004,Brown mold@1,Brown mold@1
1791378727.24,09:12:07,146,146,4,0.9,0.6,0.03,0.006,0.004,Brown mold@2,Brown mold@2
1791378728.257,09:12:08,146,146,4,0.9,0.6,0.03,0.006,0.004,Brown mold@2,Brown mold@2
1791378738.964,09:12:18,146,146,0,0.0,0.0,0.0,0.0,0.0,,Brown mold@3
1791378739.983,09:12:19,146,146,4,0.9,0.6,0.03,0.006,0.004,Brown mold@2,Brown mold@2
1791378742.237,09:12:22,146,146,0,0.0,0.0,0.0,0.0,0.0,,Brown mold@3
1791378744.182,09:12:24,146,146,4,0.9,0.6,0.03,0.006,0.004,Brown mold@2,Brown mold@2
1791378745.198,09:12:25,146,146,4,0.9,0.6,0.03,0.006,0.004,Brown mold@2,Brown mold@2
1791378746.225,09:12:26,146,146,4,0.9,0.6,0.03,0.006,0.004,Brown mold@2,Brown mold@2
1791378747.243,09:12:27,146,146,0,0.0,0.0,0.0,0.0,0.0,,Brown mold@3
1791378752.666,09:12:32,146,146,0,0.0,0.0,0.0,0.0,0.0,,Brown mold@3
1791378761.872,09:12:41,146,146,0,0.0,0.0,0.0,0.0,0.0,,Brown mold@3
1791378762.888,09:12:42,146,146,4,0.9,0.6,0.03,0.006,0.004,Brown mold@2,Brown mold@2
1791378775.584,09:12:55,146,146,10,3.6,3.3,0.07,0.025,0.023,Large kobold@2,Large kobold@2
1791378776.602,09:12:56,143,146,10,3.6,3.3,0.07,0.025,0.023,Large kobold@1,Large kobold@1
1791378777.62,09:12:57,144,146,10,3.6,3.3,0.07,0.025,0.023,Large kobold@1,Large kobold@1
1791378778.638,09:12:58,140,146,10,3.6,3.3,0.07,0.026,0.024,Large kobold@1,Large kobold@1
1791378779.658,09:12:59,131,146,10,3.6,3.3,0.08,0.027,0.025,Large kobold@1,Large kobold@1
1791378780.68,09:13:00,132,146,10,3.6,3.3,0.08,0.027,0.025,Large kobold@2,Large kobold@2
1791378781.699,09:13:01,132,146,10,3.6,3.3,0.08,0.027,0.025,Large kobold@2,Large kobold@2
1791378782.72,09:13:02,133,146,10,3.6,3.3,0.08,0.027,0.025,Large kobold@1,Large kobold@1; Brown mold@19
1791378783.74,09:13:03,134,146,10,3.6,3.3,0.07,0.027,0.025,Large kobold@1,Large kobold@1; Brown mold@18
1791378784.765,09:13:04,135,146,10,3.6,3.3,0.07,0.027,0.024,Large kobold@1,Large kobold@1; Brown mold@16
1791378785.787,09:13:05,136,146,10,3.6,3.3,0.07,0.026,0.024,Large kobold@2,Large kobold@2; Brown mold@15
1791378786.809,09:13:06,136,146,10,3.6,3.3,0.07,0.026,0.024,Large kobold@2,Large kobold@2; Brown mold@13
1791378787.826,09:13:07,137,146,10,3.6,3.3,0.07,0.026,0.024,Large kobold@2,Brown mold@12; Large kobold@2
1791378788.847,09:13:08,138,146,0,0.0,0.0,0.0,0.0,0.0,,Brown mold@10; Large kobold@3
1791378789.867,09:13:09,138,146,0,0.0,0.0,0.0,0.0,0.0,,Brown mold@9
1791378790.887,09:13:10,139,146,0,0.0,0.0,0.0,0.0,0.0,,Brown mold@7
1791378886.673,09:14:46,146,146,20,8.9,8.2,0.14,0.061,0.056,Nighthawk@1,Nighthawk@1
1791378887.694,09:14:47,130,146,20,8.9,8.2,0.15,0.068,0.063,Nighthawk@1,Nighthawk@1; Orc shaman@3
1791378888.715,09:14:48,123,146,32,13.7,12.6,0.26,0.111,0.102,Orc shaman@1; Nighthawk@1,Orc shaman@1; Nighthawk@1
1791378889.736,09:14:49,122,146,12,4.8,4.5,0.1,0.039,0.037,Orc shaman@1,Orc shaman@1
1791378890.756,09:14:50,119,146,12,4.8,4.5,0.1,0.04,0.038,Orc shaman@1,Orc shaman@1
1791378921.761,09:15:21,141,146,10,3.6,3.3,0.07,0.026,0.023,Large kobold@2,Large kobold@2
1791378922.78,09:15:22,141,146,10,3.6,3.3,0.07,0.026,0.023,Large kobold@1,Large kobold@1
1791378923.802,09:15:23,129,146,10,3.6,3.3,0.08,0.028,0.026,Large kobold@1,Large kobold@1
1791378924.822,09:15:24,118,146,10,3.6,3.3,0.08,0.031,0.028,Large kobold@1,Large kobold@1
1791378925.843,09:15:25,119,146,10,3.6,3.3,0.08,0.03,0.028,Large kobold@1,Large kobold@1
1791378926.864,09:15:26,118,146,10,3.6,3.3,0.08,0.031,0.028,Large kobold@1,Large kobold@1
1791378938.75,09:15:38,139,146,0,0.0,0.0,0.0,0.0,0.0,,Brown mold@8
1791378939.772,09:15:39,140,146,0,0.0,0.0,0.0,0.0,0.0,,Brown mold@6
1791378940.794,09:15:40,142,146,0,0.0,0.0,0.0,0.0,0.0,,Brown mold@5
1791378941.814,09:15:41,142,146,0,0.0,0.0,0.0,0.0,0.0,,Brown mold@4
1791378942.843,09:15:42,143,146,0,0.0,0.0,0.0,0.0,0.0,,Brown mold@3
1791378943.866,09:15:43,144,146,0,0.0,0.0,0.0,0.0,0.0,,Brown mold@3
1791378944.887,09:15:44,144,146,0,0.0,0.0,0.0,0.0,0.0,,Brown mold@3
1791378945.912,09:15:45,145,146,0,0.0,0.0,0.0,0.0,0.0,,Brown mold@3
1791409986.39,17:53:06,146,146,12,5.1,4.6,0.08,0.035,0.032,Crow@1,Crow@1
1791409987.57,17:53:07,146,146,0,0.0,0.0,0.0,0.0,0.0,,Novice warrior@5
1791409988.85,17:53:08,146,146,0,0.0,0.0,0.0,0.0,0.0,,Novice warrior@3
1791409989.975,17:53:09,146,146,14,5.3,4.9,0.1,0.036,0.034,Novice warrior@1,Novice warrior@1
1791409990.997,17:53:10,146,146,14,5.3,4.9,0.1,0.036,0.034,Novice warrior@2,Novice warrior@2
1791409992.023,17:53:12,146,146,14,5.3,4.9,0.1,0.036,0.034,Novice warrior@2,Novice warrior@2
1791409993.045,17:53:13,146,146,14,5.3,4.9,0.1,0.036,0.034,Novice warrior@1,Novice warrior@1
1791409994.068,17:53:14,137,146,14,5.3,4.9,0.1,0.039,0.036,Novice warrior@2,Novice warrior@2
1791409995.088,17:53:15,138,146,14,5.3,4.9,0.1,0.038,0.036,Novice warrior@2,Novice warrior@2
1791410002.002,17:53:22,146,146,0,0.0,0.0,0.0,0.0,0.0,,Large yellow snake@5
1791410028.064,17:53:48,146,146,2,0.9,0.8,0.01,0.006,0.005,Clear icky thing@2,Clear icky thing@2
1791410029.189,17:53:49,146,146,2,0.9,0.8,0.01,0.006,0.005,Clear icky thing@2,Clear icky thing@2
1791410030.212,17:53:50,144,146,2,0.9,0.8,0.01,0.006,0.006,Clear icky thing@2,Clear icky thing@2
1791410031.697,17:53:51,145,146,0,0.0,0.0,0.0,0.0,0.0,,Clear icky thing@3
1791410032.722,17:53:52,146,146,2,0.9,0.8,0.01,0.006,0.005,Clear icky thing@1,Clear icky thing@1
1791410095.032,17:54:55,146,146,4,1.9,1.7,0.03,0.013,0.012,Giant white centipede@2,Giant white centipede@2
1791410097.689,17:54:57,146,146,0,0.0,0.0,0.0,0.0,0.0,,Yellow mushroom patch@9
1791410098.704,17:54:58,146,146,0,0.0,0.0,0.0,0.0,0.0,,Large brown snake@11
1791410099.729,17:54:59,146,146,0,0.0,0.0,0.0,0.0,0.0,,Silver jelly@11
1791410100.748,17:55:00,146,146,0,0.0,0.0,0.0,0.0,0.0,,Silver jelly@10
1791410101.927,17:55:01,146,146,0,0.0,0.0,0.0,0.0,0.0,,Silver jelly@10
1791410115.653,17:55:15,146,146,0,0.0,0.0,0.0,0.0,0.0,,Large yellow snake@2
1791410120.247,17:55:20,146,146,28,10.7,9.8,0.19,0.073,0.067,Novice warrior@2; Novice warrior@2,Novice warrior@2; Novice warrior@2
1791410121.267,17:55:21,146,146,28,10.7,9.8,0.19,0.073,0.067,Novice warrior@1; Novice warrior@1,Novice warrior@1; Novice warrior@1
1791410125.512,17:55:25,145,146,0,0.0,0.0,0.0,0.0,0.0,,Shrieker mushroom patch@6
1791410128.172,17:55:28,146,146,0,0.0,0.0,0.0,0.0,0.0,,Blue ooze@9
1791410129.449,17:55:29,146,146,0,0.0,0.0,0.0,0.0,0.0,,Blue ooze@7
1791410130.472,17:55:30,146,146,0,0.0,0.0,0.0,0.0,0.0,,Blue ooze@5
1791410131.496,17:55:31,146,146,0,0.0,0.0,0.0,0.0,0.0,,Blue ooze@3
1791410132.516,17:55:32,146,146,4,0.8,0.4,0.03,0.005,0.003,Blue ooze@2,Blue ooze@2
1791410133.541,17:55:33,146,146,4,0.8,0.4,0.03,0.005,0.003,Blue ooze@1,Blue ooze@1
1791410139.268,17:55:39,146,146,0,0.0,0.0,0.0,0.0,0.0,,Blubbering icky thing@13
1791410140.289,17:55:40,146,146,0,0.0,0.0,0.0,0.0,0.0,,Blubbering icky thing@13
1791410141.304,17:55:41,146,146,0,0.0,0.0,0.0,0.0,0.0,,Blubbering icky thing@13
1791410142.322,17:55:42,146,146,0,0.0,0.0,0.0,0.0,0.0,,Blubbering icky thing@13
1791410143.341,17:55:43,146,146,0,0.0,0.0,0.0,0.0,0.0,,Blubbering icky thing@13
1791410144.358,17:55:44,146,146,0,0.0,0.0,0.0,0.0,0.0,,Blubbering icky thing@13
1791410145.943,17:55:45,146,146,0,0.0,0.0,0.0,0.0,0.0,,Kobold@3
1791410146.959,17:55:46,141,146,8,2.9,2.6,0.06,0.021,0.018,Kobold@1,Kobold@1
1791410167.766,17:56:07,146,146,0,0.0,0.0,0.0,0.0,0.0,,Large kobold@3
1791410168.785,17:56:08,146,146,0,0.0,0.0,0.0,0.0,0.0,,Large kobold@3
1791410169.808,17:56:09,140,146,10,3.6,3.3,0.07,0.026,0.024,Large kobold@1,Large kobold@1
1791410170.834,17:56:10,141,146,10,3.6,3.3,0.07,0.026,0.023,Large kobold@2,Large kobold@2
1791410276.972,17:57:56,146,146,0,0.0,0.0,0.0,0.0,0.0,,Rock lizard@13
1791410277.996,17:57:57,146,146,0,0.0,0.0,0.0,0.0,0.0,,Rock lizard@11
1791410279.016,17:57:59,146,146,0,0.0,0.0,0.0,0.0,0.0,,Rock lizard@11
1791410280.042,17:58:00,146,146,0,0.0,0.0,0.0,0.0,0.0,,Rock lizard@6
1791410285.691,17:58:05,146,146,1,0.6,0.6,0.01,0.004,0.004,Rock lizard@2,Rock lizard@2
1791410289.371,17:58:09,146,146,12,5.1,4.6,0.08,0.035,0.032,Wild cat@2,Wild cat@2
1791410355.317,17:59:15,146,146,0,0.0,0.0,0.0,0.0,0.0,,Red worm mass@3
1791410356.338,17:59:16,146,146,0,0.0,0.0,0.0,0.0,0.0,,Red worm mass@2
1791410357.365,17:59:17,146,146,3,0.5,0.3,0.02,0.003,0.002,Red worm mass@1,Red worm mass@1
1791410376.331,17:59:36,145,146,0,0.0,0.0,0.0,0.0,0.0,,Kobold shaman@10
1791410377.358,17:59:37,146,146,0,0.0,0.0,0.0,0.0,0.0,,Kobold shaman@11
1791410378.395,17:59:38,146,146,0,0.0,0.0,0.0,0.0,0.0,,Kobold shaman@11
1791410379.421,17:59:39,146,146,0,0.0,0.0,0.0,0.0,0.0,,Kobold shaman@10
1791410380.458,17:59:40,146,146,0,0.0,0.0,0.0,0.0,0.0,,Kobold shaman@8
1791410381.483,17:59:41,146,146,0,0.0,0.0,0.0,0.0,0.0,,Kobold shaman@8
1791410382.515,17:59:42,146,146,0,0.0,0.0,0.0,0.0,0.0,,Kobold shaman@7
1791410386.327,17:59:46,146,146,0,0.0,0.0,0.0,0.0,0.0,,Kobold shaman@5
1791410417.445,18:00:17,146,146,0,0.0,0.0,0.0,0.0,0.0,,Novice mage@3
1791410418.467,18:00:18,146,146,4,1.7,1.5,0.03,0.012,0.01,Novice mage@1,Novice mage@1
1791410420.722,18:00:20,144,146,4,1.7,1.5,0.03,0.012,0.01,Novice mage@2,Novice mage@2
1791410421.744,18:00:21,145,146,4,1.7,1.5,0.03,0.012,0.01,Novice mage@2,Novice mage@2; Novice mage@3
1791410422.771,18:00:22,145,146,16,6.7,6.1,0.11,0.046,0.042,Novice mage@2; Novice mage@1; Novice mage@1; Novice mage@1,Novice mage@2; Novice mage@1; Novice mage@1; Novice mage@1
1791410437.497,18:00:37,146,146,0,0.0,0.0,0.0,0.0,0.0,,Giant white rat@9
1791410458.966,18:00:58,146,146,0,0.0,0.0,0.0,0.0,0.0,,Red worm mass@2
1791410459.989,18:00:59,146,146,3,0.5,0.3,0.02,0.003,0.002,Red worm mass@1,Red worm mass@1
1791410513.507,18:01:53,146,146,0,0.0,0.0,0.0,0.0,0.0,,Giant white rat@9
1791410518.881,18:01:58,146,146,0,0.0,0.0,0.0,0.0,0.0,,Giant white rat@4
1791410520.056,18:02:00,146,146,3,0.1,0.1,0.02,0.001,0.001,Giant white rat@1,Giant white rat@1
1791410534.799,18:02:14,146,146,0,0.0,0.0,0.0,0.0,0.0,,Brown mold@17
1791410536.082,18:02:16,146,146,0,0.0,0.0,0.0,0.0,0.0,,Brown mold@15
1791410537.418,18:02:17,146,146,0,0.0,0.0,0.0,0.0,0.0,,Brown mold@13
1791410538.699,18:02:18,146,146,0,0.0,0.0,0.0,0.0,0.0,,Brown mold@11
1791410539.719,18:02:19,146,146,0,0.0,0.0,0.0,0.0,0.0,,Brown mold@10
1791410540.753,18:02:20,146,146,0,0.0,0.0,0.0,0.0,0.0,,Brown mold@8
1791410541.772,18:02:21,146,146,0,0.0,0.0,0.0,0.0,0.0,,Brown mold@9
1791410546.244,18:02:26,146,146,0,0.0,0.0,0.0,0.0,0.0,,Novice warrior@3
1791410547.266,18:02:27,146,146,14,5.3,4.9,0.1,0.036,0.034,Novice warrior@1,Novice warrior@1
1791410548.289,18:02:28,146,146,14,5.3,4.9,0.1,0.036,0.034,Novice warrior@2,Novice warrior@2
1791410549.324,18:02:29,146,146,14,5.3,4.9,0.1,0.036,0.034,Novice warrior@1,Novice warrior@1
1791410550.352,18:02:30,146,146,0,0.0,0.0,0.0,0.0,0.0,,Novice warrior@3
1791410551.371,18:02:31,146,146,0,0.0,0.0,0.0,0.0,0.0,,Novice warrior@3
1791410552.397,18:02:32,146,146,0,0.0,0.0,0.0,0.0,0.0,,Novice warrior@3
1791410553.577,18:02:33,146,146,0,0.0,0.0,0.0,0.0,0.0,,Novice warrior@3
1791410554.597,18:02:34,146,146,0,0.0,0.0,0.0,0.0,0.0,,Novice warrior@3
1791410555.624,18:02:35,146,146,0,0.0,0.0,0.0,0.0,0.0,,Novice warrior@3
1791410556.646,18:02:36,146,146,0,0.0,0.0,0.0,0.0,0.0,,Novice warrior@3
1791410557.675,18:02:37,146,146,0,0.0,0.0,0.0,0.0,0.0,,Novice warrior@3
1791410558.799,18:02:38,146,146,0,0.0,0.0,0.0,0.0,0.0,,Novice warrior@3
1791410559.82,18:02:39,146,146,0,0.0,0.0,0.0,0.0,0.0,,Novice warrior@3
1791410560.845,18:02:40,146,146,14,5.3,4.9,0.1,0.036,0.034,Novice warrior@2,Novice warrior@2
1791410561.865,18:02:41,146,146,14,5.3,4.9,0.1,0.036,0.034,Novice warrior@2,Novice warrior@2
1791410562.892,18:02:42,146,146,14,5.3,4.9,0.1,0.036,0.034,Novice warrior@2,Novice warrior@2
1791410563.916,18:02:43,146,146,14,5.3,4.9,0.1,0.036,0.034,Novice warrior@1,Novice warrior@1
1791410713.83,18:05:13,146,146,10,4.1,3.8,0.07,0.028,0.026,Skeleton orc@2,Skeleton orc@2
1791410714.852,18:05:14,146,146,10,4.1,3.8,0.07,0.028,0.026,Skeleton orc@1,Skeleton orc@1
1791410715.875,18:05:15,137,146,10,4.1,3.8,0.07,0.03,0.028,Skeleton orc@1,Skeleton orc@1
1791410722.62,18:05:22,142,146,0,0.0,0.0,0.0,0.0,0.0,,Snaga@3
1791410723.644,18:05:23,143,146,16,6.0,5.5,0.11,0.042,0.038,Snaga@1; Snaga@2,Snaga@1; Snaga@2
1791410724.667,18:05:24,138,146,16,6.0,5.5,0.12,0.043,0.04,Snaga@1; Snaga@1,Snaga@1; Snaga@1
1791410725.692,18:05:25,134,146,16,6.0,5.5,0.12,0.045,0.041,Snaga@1; Snaga@1,Snaga@1; Snaga@1
1791410726.713,18:05:26,126,146,8,3.0,2.8,0.06,0.024,0.022,Snaga@1,Snaga@1
1791410758.336,18:05:58,146,146,0,0.0,0.0,0.0,0.0,0.0,,Dark elven warrior@3
1791410759.358,18:05:59,140,146,16,6.2,5.8,0.11,0.044,0.041,Dark elven warrior@1,Dark elven warrior@1
1791410760.379,18:06:00,140,146,16,6.2,5.8,0.11,0.044,0.041,Dark elven warrior@1,Dark elven warrior@1
1791410761.405,18:06:01,144,151,16,6.2,5.8,0.11,0.043,0.04,Dark elven warrior@1,Dark elven warrior@1
1791410868.529,18:07:48,151,151,0,0.0,0.0,0.0,0.0,0.0,,Creeping copper coins@2
1791410869.713,18:07:49,151,151,0,0.0,0.0,0.0,0.0,0.0,,Creeping copper coins@2
1791410870.743,18:07:50,151,151,8,2.9,2.6,0.05,0.019,0.017,Kobold@2,Kobold@2
1791410872.185,18:07:52,151,151,0,0.0,0.0,0.0,0.0,0.0,,Creeping copper coins@2
1791410873.469,18:07:53,151,151,0,0.0,0.0,0.0,0.0,0.0,,Creeping copper coins@2
1791410874.757,18:07:54,151,151,0,0.0,0.0,0.0,0.0,0.0,,Creeping copper coins@2
1791410876.092,18:07:56,151,151,0,0.0,0.0,0.0,0.0,0.0,,Creeping copper coins@2
1791410877.377,18:07:57,151,151,0,0.0,0.0,0.0,0.0,0.0,,Creeping copper coins@2
1791410878.716,18:07:58,151,151,0,0.0,0.0,0.0,0.0,0.0,,Creeping copper coins@2
1791410880.001,18:08:00,151,151,0,0.0,0.0,0.0,0.0,0.0,,Creeping copper coins@2
1791410881.336,18:08:01,151,151,0,0.0,0.0,0.0,0.0,0.0,,Creeping copper coins@2
1791410882.622,18:08:02,151,151,0,0.0,0.0,0.0,0.0,0.0,,Creeping copper coins@2
1791410883.908,18:08:03,151,151,6,0.9,0.9,0.04,0.006,0.006,Creeping copper coins@1,Creeping copper coins@1
1791410884.935,18:08:04,151,151,0,0.0,0.0,0.0,0.0,0.0,,Creeping copper coins@2
1791410913.075,18:08:33,151,151,8,3.1,2.8,0.05,0.021,0.019,Grey mold@2,Grey mold@2
1791410914.101,18:08:34,151,151,8,3.1,2.8,0.05,0.021,0.019,Grey mold@1,Grey mold@1
1791410928.651,18:08:48,151,151,0,0.0,0.0,0.0,0.0,0.0,,Baby red dragon@16
1791410933.216,18:08:53,151,151,0,0.0,0.0,0.0,0.0,0.0,,Baby red dragon@3
1791410934.242,18:08:54,151,151,11,4.8,4.5,0.07,0.032,0.03,Baby red dragon@1,Baby red dragon@1
1791410935.268,18:08:55,150,151,11,4.8,4.5,0.07,0.032,0.03,Baby red dragon@1,Baby red dragon@1
1791410936.293,18:08:56,140,151,11,4.8,4.5,0.08,0.034,0.032,Baby red dragon@1,Baby red dragon@1
1791410937.317,18:08:57,138,151,11,4.8,4.5,0.08,0.035,0.033,Baby red dragon@1,Baby red dragon@1
1791410940.47,18:09:00,129,151,0,0.0,0.0,0.0,0.0,0.0,,Scruffy looking hobbit@4
1791410941.498,18:09:01,129,151,4,1.6,1.5,0.03,0.012,0.012,Scruffy looking hobbit@2,Scruffy looking hobbit@2
1791410942.524,18:09:02,127,151,4,1.6,1.5,0.03,0.013,0.012,Scruffy looking hobbit@1,Scruffy looking hobbit@1
1791410945.421,18:09:05,130,151,0,0.0,0.0,0.0,0.0,0.0,,Novice rogue@3
1791410946.448,18:09:06,131,151,6,2.3,2.1,0.05,0.018,0.016,Novice rogue@1,Novice rogue@1
1791410966.918,18:09:26,151,151,0,0.0,0.0,0.0,0.0,0.0,,Red worm mass@3
1791410967.943,18:09:27,151,151,3,0.5,0.3,0.02,0.003,0.002,Red worm mass@1,Red worm mass@1
1791410968.97,18:09:28,151,151,6,1.1,0.6,0.04,0.007,0.004,Red worm mass@1; Red worm mass@1,Red worm mass@1; Red worm mass@1
1791410969.995,18:09:29,147,151,3,0.5,0.3,0.02,0.003,0.002,Red worm mass@1,Red worm mass@1
1791410972.014,18:09:32,150,151,0,0.0,0.0,0.0,0.0,0.0,,Giant white rat@3
1791410973.045,18:09:33,151,151,3,0.1,0.1,0.02,0.001,0.001,Giant white rat@2,Giant white rat@2
1791411032.991,18:10:32,151,151,8,3.0,2.8,0.05,0.02,0.019,Cave orc@2,Cave orc@2
1791411034.018,18:10:34,151,151,8,3.0,2.8,0.05,0.02,0.019,Cave orc@1,Cave orc@1; Hill orc@3
1791411035.045,18:10:35,144,151,34,12.9,11.8,0.24,0.09,0.082,Cave orc@1; Hill orc@1; Cave orc@2; Cave orc@1,Cave orc@1; Hill orc@1; Cave orc@2; Cave orc@1; Cave orc@3
1791411036.078,18:10:36,129,151,50,18.9,17.4,0.39,0.147,0.135,Cave orc@1; Cave orc@1; Hill orc@1; Cave orc@1; Cave orc@2; Cave orc@2,Cave orc@1; Cave orc@1; Hill orc@1; Cave orc@1; Cave orc@2; Hill orc@3; Cave orc@2
1791411037.115,18:10:37,125,151,60,22.7,20.9,0.48,0.182,0.167,Cave orc@1; Cave orc@2; Hill orc@1; Hill orc@2; Cave orc@1; Cave orc@1; Cave orc@2,Cave orc@1; Cave orc@2; Hill orc@1; Hill orc@2; Cave orc@1; Cave orc@1; Cave orc@3; Cave orc@2
1791411038.125,18:10:38,105,151,74,28.0,25.8,0.7,0.267,0.246,Cave orc@1; Cave orc@1; Hill orc@2; Cave orc@2; Cave orc@1; Cave orc@1; Snaga@2; Cave orc@2; Cave orc@2,"Cave orc@1; Cave orc@1; Hill orc@2; Cave orc@2; Cave orc@1; Cave orc@1; Snaga@2; Lagduf, the Snaga@3; Cave orc@2; Cave orc@2"
1791411039.175,18:10:39,87,151,50,18.9,17.4,0.57,0.217,0.2,Cave orc@2; Hill orc@2; Cave orc@1; Cave orc@2; Cave orc@2; Snaga@2,Cave orc@2; Cave orc@3; Hill orc@2; Cave orc@3; Cave orc@1; Cave orc@2; Cave orc@3; Cave orc@2; Snaga@2
1791411040.222,18:10:40,82,151,34,12.9,11.8,0.41,0.157,0.144,Cave orc@2; Hill orc@2; Cave orc@2; Cave orc@2,Cave orc@3; Cave orc@2; Hill orc@2; Cave orc@3; Cave orc@2; Cave orc@2
1791411041.262,18:10:41,83,151,18,6.8,6.3,0.22,0.082,0.076,Hill orc@1; Cave orc@1,Hill orc@1; Cave orc@1; Cave orc@3; Cave orc@3; Cave orc@3
1791411042.297,18:10:42,79,151,42,15.9,14.6,0.53,0.201,0.185,Cave orc@1; Hill orc@1; Cave orc@2; Cave orc@2; Cave orc@2,"Cave orc@1; Hill orc@1; Cave orc@2; Cave orc@3; Cave orc@2; Cave orc@2; Cave orc@3; Lagduf, the Snaga@3; Cave orc@3"
1791411043.68,18:10:43,74,151,96,36.3,33.4,1.3,0.491,0.451,"Cave orc@1; Cave orc@2; Cave orc@1; Cave orc@1; Hill orc@1; Cave orc@2; Cave orc@2; Lagduf, the Snaga@2","Cave orc@1; Cave orc@2; Cave orc@3; Cave orc@1; Cave orc@1; Hill orc@1; Cave orc@2; Cave orc@3; Cave orc@2; Lagduf, the Snaga@2; Cave orc@3; Cave orc@3; Cave orc@3"
1791411044.705,18:10:44,70,151,42,15.8,14.6,0.6,0.226,0.209,Snaga@2; Cave orc@1; Hill orc@2; Snaga@2; Cave orc@2,Cave orc@3; Snaga@2; Cave orc@1; Cave orc@3; Hill orc@2; Snaga@2; Cave orc@2
1791411045.707,18:10:45,79,151,82,31.0,28.5,1.04,0.392,0.361,Cave orc@2; Snaga@1; Cave orc@2; Cave orc@1; Cave orc@2; Cave orc@2; Snaga@1; Cave orc@1; Cave orc@2; Hill orc@2,Cave orc@2; Snaga@1; Hill orc@3; Cave orc@2; Cave orc@1; Cave orc@2; Cave orc@3; Cave orc@2; Snaga@1; Cave orc@1; Cave orc@2; Hill orc@2
1791411046.724,18:10:46,69,151,128,48.4,44.5,1.86,0.701,0.645,"Cave orc@2; Snaga@1; Cave orc@2; Cave orc@1; Cave orc@1; Cave orc@2; Snaga@1; Cave orc@1; Hill orc@1; Cave orc@2; Lagduf, the Snaga@2; Cave orc@2","Cave orc@2; Snaga@1; Cave orc@2; Cave orc@1; Cave orc@1; Cave orc@3; Cave orc@2; Snaga@1; Cave orc@1; Hill orc@1; Cave orc@2; Lagduf, the Snaga@2; Cave orc@2; Cave orc@3; Cave orc@3"
1791411354.112,18:15:54,151,151,1,0.6,0.6,0.01,0.004,0.004,Jackal@2,Jackal@2; Jackal@3; Jackal@3; Jackal@3; Jackal@12; Jackal@11; Jackal@10; Jackal@4; Jackal@4; Jackal@4; Jackal@12; Jackal@11; Jackal@10; Jackal@12; Jackal@11; Jackal@10; Jackal@11
1791411359.515,18:15:59,151,151,0,0.0,0.0,0.0,0.0,0.0,,Small kobold@4
1791411364.892,18:16:04,151,151,0,0.0,0.0,0.0,0.0,0.0,,Shrieker mushroom patch@12
1791411366.911,18:16:06,151,151,0,0.0,0.0,0.0,0.0,0.0,,Jackal@9; Jackal@10; Jackal@11; Small kobold@14; Jackal@9; Jackal@10; Jackal@11; Jackal@9; Jackal@10; Jackal@11
1791411381.334,18:16:21,151,151,32,11.9,10.9,0.21,0.079,0.072,Bullroarer the Hobbit@1,Fruit bat@4; Bullroarer the Hobbit@1
1791411382.357,18:16:22,142,151,34,13.1,12.0,0.24,0.092,0.085,Bullroarer the Hobbit@1; Fruit bat@1,Bullroarer the Hobbit@1; Fruit bat@1
1791411383.381,18:16:23,131,151,2,1.2,1.1,0.02,0.009,0.008,Fruit bat@1,Fruit bat@1
1791411384.403,18:16:24,131,151,2,1.2,1.1,0.02,0.009,0.008,Fruit bat@2,Fruit bat@2
1791411385.429,18:16:25,129,151,2,1.2,1.1,0.02,0.009,0.009,Fruit bat@2,Fruit bat@2
1791411386.452,18:16:26,121,151,34,13.1,12.0,0.28,0.108,0.099,Bullroarer the Hobbit@1; Fruit bat@3,Bullroarer the Hobbit@1; Fruit bat@3
1791411400.456,18:16:40,134,151,12,5.1,4.6,0.09,0.038,0.034,Crow@3,Crow@3
1791411401.475,18:16:41,135,151,12,5.1,4.6,0.09,0.038,0.034,Crow@1,Crow@1
1791411402.499,18:16:42,135,151,0,0.0,0.0,0.0,0.0,0.0,,Blubbering icky thing@7; Large brown snake@7
1791411403.982,18:16:43,137,151,0,0.0,0.0,0.0,0.0,0.0,,Blue yeek@7; Green worm mass@11
1791411414.524,18:16:54,146,151,0,0.0,0.0,0.0,0.0,0.0,,Scruffy looking hobbit@3
1791411415.856,18:16:55,147,151,0,0.0,0.0,0.0,0.0,0.0,,Scruffy looking hobbit@4
1791411416.876,18:16:56,148,151,0,0.0,0.0,0.0,0.0,0.0,,Scruffy looking hobbit@4
1791411417.903,18:16:57,148,151,0,0.0,0.0,0.0,0.0,0.0,,Scruffy looking hobbit@4
1791411419.441,18:16:59,150,151,0,0.0,0.0,0.0,0.0,0.0,,Scruffy looking hobbit@3
1791411420.672,18:17:00,150,151,0,0.0,0.0,0.0,0.0,0.0,,Scruffy looking hobbit@3
1791411421.903,18:17:01,151,151,4,1.6,1.5,0.03,0.011,0.01,Scruffy looking hobbit@2,Scruffy looking hobbit@2
1791411422.929,18:17:02,151,151,0,0.0,0.0,0.0,0.0,0.0,,Scruffy looking hobbit@3
1791411423.954,18:17:03,151,151,0,0.0,0.0,0.0,0.0,0.0,,Scruffy looking hobbit@3
1791411424.977,18:17:04,151,151,4,1.6,1.5,0.03,0.011,0.01,Scruffy looking hobbit@2,Scruffy looking hobbit@2
1791411426.001,18:17:06,147,151,4,1.6,1.5,0.03,0.011,0.01,Scruffy looking hobbit@1,Scruffy looking hobbit@1
1791411440.624,18:17:20,151,151,0,0.0,0.0,0.0,0.0,0.0,,Yellow worm mass@2; Yellow worm mass@3
1791411441.646,18:17:21,151,151,53,2.6,2.6,0.35,0.017,0.017,Yellow worm mass@1; Yellow worm mass@1,Yellow worm mass@1; Yellow worm mass@2; Yellow worm mass@1; Yellow worm mass@2
1791411442.672,18:17:22,151,151,26,1.3,1.3,0.17,0.009,0.009,Yellow worm mass@1,Yellow worm mass@1; Yellow worm mass@2; Yellow worm mass@2
1791411443.696,18:17:23,151,151,0,0.0,0.0,0.0,0.0,0.0,,Yellow worm mass@2
1791411444.718,18:17:24,151,151,26,1.3,1.3,0.17,0.009,0.009,Yellow worm mass@1,Yellow worm mass@1
1791411445.745,18:17:25,151,151,0,0.0,0.0,0.0,0.0,0.0,,Yellow worm mass@3
1791411446.768,18:17:26,151,151,26,1.3,1.3,0.17,0.009,0.009,Yellow worm mass@1,Yellow worm mass@1
1791411449.848,18:17:29,151,151,0,0.0,0.0,0.0,0.0,0.0,,Large brown snake@3
1791411450.873,18:17:30,151,151,0,0.0,0.0,0.0,0.0,0.0,,Large brown snake@2
1791411451.897,18:17:31,151,151,4,1.4,1.3,0.03,0.009,0.009,Large brown snake@1,Large brown snake@1
1791411589.764,18:19:49,151,151,0,0.0,0.0,0.0,0.0,0.0,,Rock lizard@8
1791411591.103,18:19:51,151,151,0,0.0,0.0,0.0,0.0,0.0,,Green worm mass@3; Small kobold@4
1791411592.13,18:19:52,151,151,5,1.9,1.7,0.03,0.013,0.011,Blue yeek@1,Blue yeek@1
1791411598.667,18:19:58,151,151,0,0.0,0.0,0.0,0.0,0.0,,Kobold@6
1791411599.688,18:19:59,151,151,0,0.0,0.0,0.0,0.0,0.0,,Kobold@5
1791411600.713,18:20:00,151,151,0,0.0,0.0,0.0,0.0,0.0,,Kobold@4
1791411601.733,18:20:01,151,151,0,0.0,0.0,0.0,0.0,0.0,,Kobold@3
1791411602.755,18:20:02,151,151,8,2.9,2.6,0.05,0.019,0.017,Kobold@2,Kobold@2
1791411607.107,18:20:07,151,151,40,15.9,14.3,0.26,0.105,0.095,Cave spider@3; Cave spider@2; Cave spider@2; Cave spider@1; Cave spider@1,Cave spider@3; Cave spider@2; Cave spider@2; Cave spider@1; Cave spider@1
1791411608.13,18:20:08,151,151,24,9.5,8.6,0.16,0.063,0.057,Cave spider@3; Cave spider@2; Cave spider@2,Cave spider@3; Cave spider@2; Cave spider@2
1791411609.149,18:20:09,151,151,16,6.3,5.7,0.11,0.042,0.038,Cave spider@3; Cave spider@2,Cave spider@3; Cave spider@2
1791411610.166,18:20:10,151,151,16,6.3,5.7,0.11,0.042,0.038,Cave spider@3; Cave spider@2,Cave spider@3; Cave spider@2
1791411611.182,18:20:11,151,151,16,6.3,5.7,0.11,0.042,0.038,Cave spider@3; Cave spider@2,Cave spider@3; Cave spider@2
1791411612.201,18:20:12,151,151,24,9.5,8.6,0.16,0.063,0.057,Cave spider@3; Cave spider@2; Cave spider@2,Cave spider@3; Cave spider@2; Cave spider@2
1791411613.221,18:20:13,151,151,8,3.2,2.9,0.05,0.021,0.019,Cave spider@3,Cave spider@3
1791411614.241,18:20:14,151,151,16,6.3,5.7,0.11,0.042,0.038,Cave spider@2; Cave spider@2,Cave spider@2; Cave spider@2
1791411615.264,18:20:15,151,151,32,12.7,11.4,0.21,0.084,0.075,Cave spider@2; Cave spider@2; Cave spider@3; Cave spider@2,Cave spider@2; Cave spider@2; Cave spider@3; Cave spider@2
1791411621.199,18:20:21,151,151,0,0.0,0.0,0.0,0.0,0.0,,Novice rogue@12
1791411622.221,18:20:22,151,151,0,0.0,0.0,0.0,0.0,0.0,,Novice rogue@11
1791411623.247,18:20:23,151,151,0,0.0,0.0,0.0,0.0,0.0,,Cave spider@17; Cave spider@16; Cave spider@15; Cave spider@17; Cave spider@16; Cave spider@15; Cave spider@17; Cave spider@16; Cave spider@15; Cave spider@14; Cave spider@16; Cave spider@15; Cave spider@14
1791411668.054,18:21:08,151,151,0,0.0,0.0,0.0,0.0,0.0,,Metallic blue centipede@5
1791411669.075,18:21:09,151,151,0,0.0,0.0,0.0,0.0,0.0,,Floating eye@7
1791411839.28,18:23:59,151,151,6,0.9,0.9,0.04,0.006,0.006,Creeping copper coins@1,Creeping copper coins@1
1791411840.3,18:24:00,148,151,6,0.9,0.9,0.04,0.006,0.006,Creeping copper coins@1,Creeping copper coins@1
1791428428.322,23:00:28,151,151,5,1.9,1.7,0.03,0.013,0.011,Blue yeek@1,Blue yeek@1
1791428431.157,23:00:31,151,151,0,0.0,0.0,0.0,0.0,0.0,,Red jelly@5
1791428432.182,23:00:32,151,151,0,0.0,0.0,0.0,0.0,0.0,,Red jelly@5
1791428433.21,23:00:33,151,151,0,0.0,0.0,0.0,0.0,0.0,,Red jelly@5
1791428434.237,23:00:34,151,151,0,0.0,0.0,0.0,0.0,0.0,,Red jelly@4
1791428435.263,23:00:35,151,151,55,9.5,2.7,0.36,0.063,0.018,Red jelly@2,Red jelly@2
1791428436.289,23:00:36,147,151,55,9.5,2.7,0.37,0.065,0.018,Red jelly@1,Red jelly@1
1791428437.31,23:00:37,147,151,55,9.5,2.7,0.37,0.065,0.018,Red jelly@1,Red jelly@1
1791428438.331,23:00:38,148,151,55,9.5,2.7,0.37,0.064,0.018,Red jelly@1,Red jelly@1
1791428473.635,23:01:13,151,151,0,0.0,0.0,0.0,0.0,0.0,,Kobold@18
1791428474.664,23:01:14,151,151,0,0.0,0.0,0.0,0.0,0.0,,Kobold@17
1791428475.701,23:01:15,151,151,0,0.0,0.0,0.0,0.0,0.0,,Kobold@15
1791428476.741,23:01:16,151,151,0,0.0,0.0,0.0,0.0,0.0,,Kobold@13
1791428477.773,23:01:17,151,151,0,0.0,0.0,0.0,0.0,0.0,,Kobold@12
1791428478.809,23:01:18,151,151,0,0.0,0.0,0.0,0.0,0.0,,Kobold@9
1791428482.643,23:01:22,151,151,0,0.0,0.0,0.0,0.0,0.0,,Kobold@4
1791428483.67,23:01:23,151,151,8,2.9,2.6,0.05,0.019,0.017,Kobold@2,Kobold@2
1791428501.768,23:01:41,151,151,0,0.0,0.0,0.0,0.0,0.0,,Brown mold@6
1791428502.797,23:01:42,151,151,0,0.0,0.0,0.0,0.0,0.0,,Brown mold@5
1791428503.836,23:01:43,151,151,0,0.0,0.0,0.0,0.0,0.0,,Brown mold@3
1791428504.868,23:01:44,151,151,4,0.9,0.6,0.03,0.006,0.004,Brown mold@2,Brown mold@2
1791428505.895,23:01:45,151,151,4,0.9,0.6,0.03,0.006,0.004,Brown mold@2,Brown mold@2
1791428506.932,23:01:46,151,151,0,0.0,0.0,0.0,0.0,0.0,,Brown mold@4
1791428507.96,23:01:47,151,151,0,0.0,0.0,0.0,0.0,0.0,,Brown mold@5
1791428526.615,23:02:06,151,151,0,0.0,0.0,0.0,0.0,0.0,,Brown mold@6
1791428527.646,23:02:07,151,151,0,0.0,0.0,0.0,0.0,0.0,,Brown mold@5
1791428528.681,23:02:08,151,151,0,0.0,0.0,0.0,0.0,0.0,,Brown mold@5
1791428529.712,23:02:09,151,151,0,0.0,0.0,0.0,0.0,0.0,,Brown mold@5
1791428530.749,23:02:10,151,151,0,0.0,0.0,0.0,0.0,0.0,,Brown mold@6
1791428531.78,23:02:11,151,151,0,0.0,0.0,0.0,0.0,0.0,,Brown mold@7
1791428532.823,23:02:12,151,151,0,0.0,0.0,0.0,0.0,0.0,,Brown mold@9
1791428533.863,23:02:13,151,151,0,0.0,0.0,0.0,0.0,0.0,,Brown mold@11
1791428550.977,23:02:30,151,151,0,0.0,0.0,0.0,0.0,0.0,,Large kobold@3
1791428552.011,23:02:32,151,151,10,3.6,3.3,0.07,0.024,0.022,Large kobold@2,Large kobold@2
1791428553.041,23:02:33,150,151,10,3.6,3.3,0.07,0.024,0.022,Large kobold@1,Large kobold@1
1791428554.063,23:02:34,151,151,10,3.6,3.3,0.07,0.024,0.022,Large kobold@1,Large kobold@1
1791428555.826,23:02:35,151,151,48,17.9,16.5,0.32,0.119,0.109,"Brodda, the Easterling@1","Brodda, the Easterling@1"
1791428556.848,23:02:36,132,151,48,17.9,16.5,0.36,0.136,0.125,"Brodda, the Easterling@1","Brodda, the Easterling@1"
1791428557.872,23:02:37,113,151,48,17.9,16.5,0.42,0.158,0.146,"Brodda, the Easterling@1","Brodda, the Easterling@1"
1791428558.896,23:02:38,113,151,48,17.9,16.5,0.42,0.158,0.146,"Brodda, the Easterling@1","Brodda, the Easterling@1"
1791428559.955,23:02:39,88,151,48,17.9,16.5,0.55,0.203,0.188,"Brodda, the Easterling@1","Brodda, the Easterling@1"
1791428560.986,23:02:40,58,151,48,17.9,16.5,0.83,0.309,0.284,"Brodda, the Easterling@1","Brodda, the Easterling@1"
1791428564.785,23:02:44,80,151,48,17.9,16.5,0.6,0.224,0.206,"Brodda, the Easterling@2","Brodda, the Easterling@2"
1791428565.804,23:02:45,81,151,48,17.9,16.5,0.59,0.221,0.204,"Brodda, the Easterling@1","Brodda, the Easterling@1"
1791428567.958,23:02:47,87,151,48,17.9,16.5,0.55,0.206,0.19,"Brodda, the Easterling@2","Brodda, the Easterling@2"
1791428568.982,23:02:48,88,151,48,17.9,16.5,0.55,0.203,0.188,"Brodda, the Easterling@1","Brodda, the Easterling@1"
1791428570.004,23:02:50,88,151,0,0.0,0.0,0.0,0.0,0.0,,"Brodda, the Easterling@3"
1791428571.027,23:02:51,89,151,0,0.0,0.0,0.0,0.0,0.0,,"Brodda, the Easterling@3"
1791428693.0,23:04:53,151,151,1,0.6,0.6,0.01,0.004,0.004,Jackal@2,Jackal@5; Jackal@4; Jackal@3; Jackal@2
1791428696.326,23:04:56,151,151,2,1.2,1.1,0.01,0.008,0.007,Fruit bat@1,Fruit bat@1
1791428775.248,23:06:15,151,151,0,0.0,0.0,0.0,0.0,0.0,,Wild cat@9
1791428776.269,23:06:16,151,151,0,0.0,0.0,0.0,0.0,0.0,,Giant black ant@9
1791428777.296,23:06:17,151,151,0,0.0,0.0,0.0,0.0,0.0,,Jackal@6; Jackal@6
1791428825.365,23:07:05,151,151,5,2.0,1.8,0.03,0.013,0.012,Grey icky thing@2,Grey icky thing@2
1791428826.404,23:07:06,151,151,5,2.0,1.8,0.03,0.013,0.012,Grey icky thing@2,Giant white rat@10; Grey icky thing@2
1791428827.439,23:07:07,151,151,0,0.0,0.0,0.0,0.0,0.0,,Grey icky thing@3
1791428828.469,23:07:08,149,151,5,2.0,1.8,0.03,0.013,0.012,Grey icky thing@1,Giant white rat@12; Grey icky thing@1
1791428829.493,23:07:09,145,151,5,2.0,1.8,0.03,0.014,0.012,Grey icky thing@1,Giant white rat@13; Grey icky thing@1
1791428830.672,23:07:10,146,151,0,0.0,0.0,0.0,0.0,0.0,,Giant white rat@15
1791428831.905,23:07:11,146,151,0,0.0,0.0,0.0,0.0,0.0,,Giant white rat@17
1791428845.892,23:07:25,151,151,0,0.0,0.0,0.0,0.0,0.0,,Giant white rat@13
1791428846.919,23:07:26,151,151,0,0.0,0.0,0.0,0.0,0.0,,Giant white rat@11
1791428847.947,23:07:27,151,151,0,0.0,0.0,0.0,0.0,0.0,,Giant white rat@9
1791428849.129,23:07:29,151,151,0,0.0,0.0,0.0,0.0,0.0,,Giant white rat@7
1791428850.364,23:07:30,151,151,0,0.0,0.0,0.0,0.0,0.0,,Giant white rat@5
1791428851.645,23:07:31,151,151,0,0.0,0.0,0.0,0.0,0.0,,Giant white rat@3
1791428852.669,23:07:32,151,151,0,0.0,0.0,0.0,0.0,0.0,,Giant white rat@3
1791428853.697,23:07:33,151,151,0,0.0,0.0,0.0,0.0,0.0,,Giant white rat@3
1791428854.723,23:07:34,151,151,3,0.1,0.1,0.02,0.001,0.001,Giant white rat@2,Giant white rat@2
1791428855.749,23:07:35,151,151,0,0.0,0.0,0.0,0.0,0.0,,Giant white rat@3
1791428856.775,23:07:36,151,151,0,0.0,0.0,0.0,0.0,0.0,,Giant white rat@3
1791428857.797,23:07:37,151,151,0,0.0,0.0,0.0,0.0,0.0,,Giant white rat@3
1791428858.821,23:07:38,151,151,0,0.0,0.0,0.0,0.0,0.0,,Giant white rat@4
1791428860.411,23:07:40,151,151,0,0.0,0.0,0.0,0.0,0.0,,Spotted mushroom patch@15; Shrieker mushroom patch@10
1791428875.4,23:07:55,151,151,8,0.7,0.2,0.05,0.005,0.001,Copperhead snake@2,Copperhead snake@2
1791428922.438,23:08:42,151,151,0,0.0,0.0,0.0,0.0,0.0,,Purple mushroom patch@3
1791428925.763,23:08:45,151,151,0,0.0,0.0,0.0,0.0,0.0,,Red worm mass@20
1791428941.832,23:09:01,151,151,0,0.0,0.0,0.0,0.0,0.0,,Rot jelly@6
1791428942.856,23:09:02,151,151,8,2.9,2.6,0.05,0.019,0.017,Black naga@1,Black naga@1
1791428943.876,23:09:03,144,151,8,2.9,2.6,0.06,0.02,0.018,Black naga@1,Black naga@1
1791428945.266,23:09:05,145,151,0,0.0,0.0,0.0,0.0,0.0,,Yellow mushroom patch@4
1791428967.836,23:09:27,151,151,0,0.0,0.0,0.0,0.0,0.0,,Blubbering icky thing@3
1791428968.855,23:09:28,151,151,4,0.1,0.1,0.03,0.001,0.001,Blubbering icky thing@2,Blubbering icky thing@2
1791428969.881,23:09:29,151,151,4,0.1,0.1,0.03,0.001,0.001,Blubbering icky thing@1,Blubbering icky thing@1
1791428970.9,23:09:30,151,151,4,0.1,0.1,0.03,0.001,0.001,Blubbering icky thing@2,Blubbering icky thing@2
1791428971.928,23:09:31,151,151,4,0.1,0.1,0.03,0.001,0.001,Blubbering icky thing@2,Blubbering icky thing@2
1791428995.913,23:09:55,151,151,0,0.0,0.0,0.0,0.0,0.0,,Giant red frog@3
1791428996.935,23:09:56,151,151,58,9.8,2.8,0.38,0.065,0.019,Giant red frog@2,Giant red frog@2
1791429052.72,23:10:52,151,151,0,0.0,0.0,0.0,0.0,0.0,,Snaga@4
1791429053.744,23:10:53,151,151,8,3.0,2.8,0.05,0.02,0.019,Snaga@2,Snaga@2
1791429054.766,23:10:54,151,151,0,0.0,0.0,0.0,0.0,0.0,,Snaga@4
1791429055.786,23:10:55,151,151,8,3.0,2.8,0.05,0.02,0.019,Snaga@2,Snaga@2
1791429062.945,23:11:02,151,151,0,0.0,0.0,0.0,0.0,0.0,,Snaga@4
1791429063.964,23:11:03,151,151,0,0.0,0.0,0.0,0.0,0.0,,Snaga@4
1791429064.99,23:11:04,151,151,0,0.0,0.0,0.0,0.0,0.0,,Snaga@3
1791429066.011,23:11:06,151,151,0,0.0,0.0,0.0,0.0,0.0,,Snaga@3
1791429067.036,23:11:07,151,151,8,3.0,2.8,0.05,0.02,0.019,Snaga@2,Snaga@2
1791429068.059,23:11:08,151,151,8,3.0,2.8,0.05,0.02,0.019,Snaga@1,Snaga@1
1791429069.081,23:11:09,151,151,8,3.0,2.8,0.05,0.02,0.019,Snaga@1,Snaga@1
1791429072.943,23:11:12,151,151,10,4.1,3.8,0.07,0.027,0.025,Skeleton orc@1,Skeleton orc@1
1791429073.965,23:11:13,146,151,10,4.1,3.8,0.07,0.028,0.026,Skeleton orc@1,Skeleton orc@1
1791429074.993,23:11:14,147,151,10,4.1,3.8,0.07,0.028,0.026,Skeleton orc@1,Skeleton orc@1
1791429076.158,23:11:16,146,151,0,0.0,0.0,0.0,0.0,0.0,,Snaga@3
1791429077.172,23:11:17,146,151,8,3.0,2.8,0.05,0.021,0.019,Snaga@2,Snaga@2
1791429078.2,23:11:18,147,151,8,3.0,2.8,0.05,0.02,0.019,Snaga@1,Snaga@1
1791429079.232,23:11:19,147,151,8,3.0,2.8,0.05,0.02,0.019,Snaga@2,Snaga@2
1791429080.263,23:11:20,148,151,8,3.0,2.8,0.05,0.02,0.019,Snaga@1,Snaga@1
1791429081.294,23:11:21,145,151,8,3.0,2.8,0.06,0.021,0.019,Snaga@2,Snaga@2
1791429082.462,23:11:22,146,151,8,3.0,2.8,0.05,0.021,0.019,Snaga@1,Snaga@1
1791429083.973,23:11:23,147,151,24,9.0,8.3,0.16,0.061,0.056,Snaga@1; Snaga@1; Snaga@2,Snaga@1; Snaga@1; Snaga@2
1791429084.994,23:11:24,147,151,24,9.0,8.3,0.16,0.061,0.056,Snaga@2; Snaga@2; Snaga@2,Snaga@2; Snaga@2; Snaga@2
1791429086.025,23:11:26,148,151,16,6.0,5.5,0.11,0.041,0.037,Snaga@1; Snaga@1,Snaga@1; Snaga@1; Snaga@3
1791429087.053,23:11:27,149,151,8,3.0,2.8,0.05,0.02,0.019,Snaga@2,Snaga@2
1791429088.078,23:11:28,149,151,16,6.0,5.5,0.11,0.04,0.037,Snaga@1; Snaga@2,Snaga@1; Snaga@2
1791429089.101,23:11:29,150,151,8,3.0,2.8,0.05,0.02,0.019,Snaga@2,Snaga@2
1791429090.681,23:11:30,151,151,16,6.0,5.5,0.11,0.04,0.036,Snaga@1; Snaga@2,Snaga@1; Snaga@2
1791429091.705,23:11:31,145,151,16,6.0,5.5,0.11,0.041,0.038,Snaga@1; Snaga@1,Snaga@1; Snaga@1; Snaga@3
1791429092.73,23:11:32,146,151,16,6.0,5.5,0.11,0.041,0.038,Snaga@1; Snaga@2,Snaga@1; Snaga@2; Snaga@3
1791429093.755,23:11:33,143,160,24,9.0,8.3,0.17,0.063,0.058,Snaga@1; Snaga@1; Snaga@2,Snaga@1; Snaga@1; Snaga@2
1791429094.777,23:11:34,138,160,16,6.0,5.5,0.12,0.043,0.04,Snaga@1; Snaga@1,Snaga@1; Snaga@1
1791429095.799,23:11:35,136,160,8,3.0,2.8,0.06,0.022,0.021,Snaga@1,Snaga@1
1791429125.741,23:12:05,160,160,0,0.0,0.0,0.0,0.0,0.0,,Hill orc@3
1791429126.763,23:12:06,160,160,10,3.7,3.5,0.06,0.023,0.022,Hill orc@2,Hill orc@2
1791429127.784,23:12:07,152,160,10,3.7,3.5,0.07,0.024,0.023,Hill orc@1,Hill orc@1
1791429128.808,23:12:08,153,160,10,3.7,3.5,0.07,0.024,0.023,Hill orc@1,Hill orc@1
1791429131.023,23:12:11,155,160,0,0.0,0.0,0.0,0.0,0.0,,Hill orc@3
1791429132.048,23:12:12,152,160,10,3.7,3.5,0.07,0.024,0.023,Hill orc@1,Hill orc@1; Hill orc@3
1791429133.073,23:12:13,143,160,20,7.5,6.9,0.14,0.052,0.048,Hill orc@1; Hill orc@1,Hill orc@1; Hill orc@1
1791429134.099,23:12:14,134,160,28,10.5,9.7,0.21,0.078,0.072,Hill orc@1; Hill orc@1; Snaga@2,Hill orc@1; Hill orc@1; Snaga@2
1791429135.126,23:12:15,133,160,28,10.5,9.7,0.21,0.079,0.073,Hill orc@1; Hill orc@1; Snaga@2,Hill orc@1; Hill orc@1; Snaga@2
1791429136.151,23:12:16,133,160,18,6.8,6.2,0.14,0.051,0.047,Hill orc@1; Snaga@1,Hill orc@1; Snaga@1; Snaga@3
1791429137.183,23:12:17,132,160,36,13.5,12.4,0.27,0.102,0.094,Hill orc@1; Snaga@1; Hill orc@2; Snaga@2,Hill orc@1; Snaga@1; Hill orc@2; Snaga@2
1791429138.217,23:12:18,131,160,36,13.5,12.4,0.27,0.103,0.095,Hill orc@1; Snaga@1; Snaga@2; Hill orc@2,Hill orc@1; Snaga@1; Snaga@2; Hill orc@2; Hill orc@3
1791429139.245,23:12:19,122,160,28,10.5,9.7,0.23,0.086,0.08,Hill orc@1; Hill orc@1; Snaga@2,Hill orc@1; Hill orc@1; Snaga@2; Hill orc@3; Hill orc@3
1791429140.274,23:12:20,123,160,30,11.2,10.4,0.24,0.091,0.085,Hill orc@1; Hill orc@1; Hill orc@2,Hill orc@1; Hill orc@1; Hill orc@2; Snaga@3; Hill orc@3
1791429141.303,23:12:21,115,160,20,7.5,6.9,0.17,0.065,0.06,Hill orc@1; Hill orc@2,Hill orc@1; Hill orc@2; Snaga@3
1791429142.328,23:12:22,102,160,28,10.5,9.7,0.27,0.103,0.095,Hill orc@1; Hill orc@1; Snaga@2,Hill orc@1; Hill orc@1; Snaga@2
1791429143.355,23:12:23,86,160,18,6.8,6.2,0.21,0.079,0.072,Snaga@1; Hill orc@1,Snaga@1; Hill orc@1
1791429144.386,23:12:24,81,160,18,6.8,6.2,0.22,0.084,0.077,Snaga@1; Hill orc@1,Snaga@1; Hill orc@1
1791429145.414,23:12:25,82,160,10,3.7,3.5,0.12,0.045,0.043,Hill orc@1,Hill orc@1
1791429146.437,23:12:26,81,160,10,3.7,3.5,0.12,0.046,0.043,Hill orc@1,Hill orc@1
1791429147.473,23:12:27,82,160,10,3.7,3.5,0.12,0.045,0.043,Hill orc@1,Hill orc@1
1791429148.501,23:12:28,83,160,14,6.0,5.5,0.17,0.072,0.066,White harpy@1; Hill orc@2,White harpy@1; Hill orc@2
1791429149.528,23:12:29,84,160,0,0.0,0.0,0.0,0.0,0.0,,Hill orc@3
1791429167.718,23:12:47,113,160,0,0.0,0.0,0.0,0.0,0.0,,Hill orc@3
1791429168.744,23:12:48,113,160,10,3.7,3.5,0.09,0.033,0.031,Hill orc@1,Hill orc@1
1791429169.768,23:12:49,112,160,10,3.7,3.5,0.09,0.033,0.031,Hill orc@1,Hill orc@1
1791429199.917,23:13:19,156,160,0,0.0,0.0,0.0,0.0,0.0,,Skeleton kobold@3
1791429200.939,23:13:20,152,160,6,2.3,2.1,0.04,0.015,0.014,Skeleton kobold@1,Skeleton kobold@1
1791429202.995,23:13:22,155,160,0,0.0,0.0,0.0,0.0,0.0,,Snaga@16; Snaga@17; Snaga@17; Snaga@18; Snaga@18
1791429204.852,23:13:24,158,160,0,0.0,0.0,0.0,0.0,0.0,,Radiation eye@8
1791429205.874,23:13:25,158,160,0,0.0,0.0,0.0,0.0,0.0,,Radiation eye@9; Snaga@6; Snaga@17; Snaga@17
1791429206.9,23:13:26,159,160,0,0.0,0.0,0.0,0.0,0.0,,Snaga@4
1791429207.923,23:13:27,160,160,0,0.0,0.0,0.0,0.0,0.0,,Snaga@3
1791429208.948,23:13:28,160,160,0,0.0,0.0,0.0,0.0,0.0,,Radiation eye@5
1791429209.974,23:13:29,160,160,0,0.0,0.0,0.0,0.0,0.0,,Radiation eye@4
1791429210.997,23:13:30,160,160,0,0.0,0.0,0.0,0.0,0.0,,Radiation eye@4; Snaga@4
1791429212.024,23:13:32,160,160,0,0.0,0.0,0.0,0.0,0.0,,Radiation eye@4; Snaga@4
1791429213.046,23:13:33,160,160,0,0.0,0.0,0.0,0.0,0.0,,Radiation eye@4; Snaga@4
1791429214.075,23:13:34,160,160,0,0.0,0.0,0.0,0.0,0.0,,Radiation eye@6
1791429215.1,23:13:35,160,160,0,0.0,0.0,0.0,0.0,0.0,,Snaga@3
1791429216.124,23:13:36,160,160,8,3.0,2.8,0.05,0.019,0.017,Snaga@2,Radiation eye@8; Snaga@3; Snaga@2
1791429217.156,23:13:37,160,160,16,6.0,5.5,0.1,0.037,0.034,Snaga@2; Snaga@2,Snaga@3; Snaga@2; Snaga@2
1791429218.181,23:13:38,160,160,8,3.0,2.8,0.05,0.019,0.017,Snaga@1,Snaga@3; Snaga@3; Snaga@1
1791429219.215,23:13:39,153,160,0,0.0,0.0,0.0,0.0,0.0,,Snaga@3
1791429220.239,23:13:40,154,160,8,3.0,2.8,0.05,0.019,0.018,Snaga@2,Snaga@2
1791429221.27,23:13:41,155,160,24,9.0,8.3,0.15,0.058,0.054,Snaga@2; Snaga@2; Snaga@1,Snaga@2; Snaga@2; Snaga@1
1791429222.296,23:13:42,145,160,24,9.0,8.3,0.17,0.062,0.057,Snaga@2; Snaga@1; Snaga@1,Snaga@2; Snaga@1; Snaga@1
1791429223.322,23:13:43,140,160,24,9.0,8.3,0.17,0.064,0.059,Snaga@1; Snaga@1; Snaga@1,Snaga@1; Snaga@1; Snaga@1
1791429224.346,23:13:44,136,160,16,6.0,5.5,0.12,0.044,0.04,Snaga@1; Snaga@1,Snaga@1; Snaga@1
1791429225.37,23:13:45,137,160,8,3.0,2.8,0.06,0.022,0.02,Snaga@1,Snaga@1
1791429244.082,23:14:04,160,160,0,0.0,0.0,0.0,0.0,0.0,,Snaga@3
1791429245.104,23:14:05,160,160,8,3.0,2.8,0.05,0.019,0.017,Snaga@2,Snaga@2; Snaga@3
1791429246.136,23:14:06,160,160,16,6.0,5.5,0.1,0.037,0.034,Snaga@1; Snaga@2,Snaga@1; Snaga@2; Snaga@3
1791429247.162,23:14:07,151,160,32,12.0,11.0,0.21,0.079,0.073,Snaga@1; Snaga@1; Snaga@2; Snaga@2,Snaga@1; Snaga@1; Snaga@2; Snaga@2
1791429248.186,23:14:08,150,160,24,9.0,8.3,0.16,0.06,0.055,Snaga@1; Snaga@1; Snaga@2,Snaga@1; Snaga@1; Snaga@2
1791429249.213,23:14:09,143,160,24,9.0,8.3,0.17,0.063,0.058,Snaga@1; Snaga@2; Snaga@2,Snaga@1; Snaga@2; Snaga@2; Snaga@3; Snaga@3
1791429250.242,23:14:10,137,160,24,9.0,8.3,0.18,0.066,0.061,Snaga@1; Snaga@1; Snaga@2,Snaga@1; Snaga@1; Snaga@2
1791429251.267,23:14:11,138,160,16,6.0,5.5,0.12,0.043,0.04,Snaga@1; Snaga@2,Snaga@1; Snaga@2
1791429252.291,23:14:12,134,160,8,3.0,2.8,0.06,0.022,0.021,Snaga@1,Snaga@1
1791429253.319,23:14:13,134,160,8,3.0,2.8,0.06,0.022,0.021,Snaga@2,Snaga@2
1791429254.351,23:14:14,135,160,8,3.0,2.8,0.06,0.022,0.021,Snaga@2,Snaga@2
1791429255.388,23:14:15,136,160,8,3.0,2.8,0.06,0.022,0.021,Snaga@2,Snaga@2
1791429256.419,23:14:16,137,160,8,3.0,2.8,0.06,0.022,0.02,Snaga@2,Snaga@2; Snaga@9
1791429257.446,23:14:17,138,160,0,0.0,0.0,0.0,0.0,0.0,,Snaga@3; Snaga@10
1791429258.474,23:14:18,138,160,8,3.0,2.8,0.06,0.022,0.02,Snaga@2,Snaga@2; Snaga@9
1791429259.502,23:14:19,139,160,0,0.0,0.0,0.0,0.0,0.0,,Snaga@3; Snaga@10
1791429260.535,23:14:20,141,160,8,3.0,2.8,0.06,0.021,0.02,Snaga@2,Snaga@2; Snaga@9
1791429261.565,23:14:21,141,160,0,0.0,0.0,0.0,0.0,0.0,,Snaga@7
1791429262.586,23:14:22,142,160,0,0.0,0.0,0.0,0.0,0.0,,Snaga@3; Snaga@6
1791429263.621,23:14:23,143,160,0,0.0,0.0,0.0,0.0,0.0,,Snaga@4; Snaga@8
1791429264.649,23:14:24,144,160,0,0.0,0.0,0.0,0.0,0.0,,Snaga@8; Snaga@5
1791429265.679,23:14:25,145,160,0,0.0,0.0,0.0,0.0,0.0,,Snaga@9; Snaga@4
1791429266.715,23:14:26,145,160,0,0.0,0.0,0.0,0.0,0.0,,Snaga@8
1791429267.739,23:14:27,146,160,0,0.0,0.0,0.0,0.0,0.0,,Snaga@8
1791429268.772,23:14:28,147,160,0,0.0,0.0,0.0,0.0,0.0,,Snaga@8
1791429269.795,23:14:29,148,160,0,0.0,0.0,0.0,0.0,0.0,,Snaga@8
1791429271.341,23:14:31,149,160,0,0.0,0.0,0.0,0.0,0.0,,Snaga@8
1791429272.38,23:14:32,150,160,0,0.0,0.0,0.0,0.0,0.0,,Snaga@3; Snaga@8
1791429273.413,23:14:33,151,160,8,3.0,2.8,0.05,0.02,0.019,Snaga@1,Snaga@1; Snaga@7
1791429275.924,23:14:35,150,160,0,0.0,0.0,0.0,0.0,0.0,,Snaga@3
1791429276.947,23:14:36,150,160,0,0.0,0.0,0.0,0.0,0.0,,Snaga@3
1791429277.974,23:14:37,151,160,8,3.0,2.8,0.05,0.02,0.019,Snaga@2,Snaga@2
1791429279.003,23:14:39,152,160,0,0.0,0.0,0.0,0.0,0.0,,Snaga@3
1791429280.039,23:14:40,153,160,8,3.0,2.8,0.05,0.02,0.018,Snaga@2,Snaga@2
1791429281.065,23:14:41,154,160,8,3.0,2.8,0.05,0.019,0.018,Snaga@2,Snaga@2
1791429282.109,23:14:42,154,160,8,3.0,2.8,0.05,0.019,0.018,Snaga@2,Snaga@2
1791429283.136,23:14:43,155,160,8,3.0,2.8,0.05,0.019,0.018,Snaga@1,Snaga@1
1791429284.163,23:14:44,148,160,8,3.0,2.8,0.05,0.02,0.019,Snaga@1,Snaga@1
1791429285.194,23:14:45,149,160,8,3.0,2.8,0.05,0.02,0.019,Snaga@1,Snaga@1
1791429286.22,23:14:46,149,160,8,3.0,2.8,0.05,0.02,0.019,Snaga@1,Snaga@1
1791429287.244,23:14:47,150,160,8,3.0,2.8,0.05,0.02,0.019,Snaga@2,Snaga@2
1791429288.903,23:14:48,152,160,0,0.0,0.0,0.0,0.0,0.0,,Snaga@9
1791429290.407,23:14:50,153,160,0,0.0,0.0,0.0,0.0,0.0,,White jelly@12; Snaga@9
1791429291.407,23:14:51,154,160,0,0.0,0.0,0.0,0.0,0.0,,Snaga@9
1791429292.438,23:14:52,155,160,0,0.0,0.0,0.0,0.0,0.0,,Snaga@9
1791429293.465,23:14:53,156,160,0,0.0,0.0,0.0,0.0,0.0,,White jelly@8
1791429294.509,23:14:54,157,160,0,0.0,0.0,0.0,0.0,0.0,,"White jelly@6; Wormtongue, Agent of Saruman@9"
1791429295.541,23:14:55,157,160,0,0.0,0.0,0.0,0.0,0.0,,White jelly@7
1791429296.573,23:14:56,158,160,0,0.0,0.0,0.0,0.0,0.0,,White jelly@8; Fruit bat@7
1791429297.607,23:14:57,159,160,0,0.0,0.0,0.0,0.0,0.0,,White jelly@10; Fruit bat@6
1791429298.635,23:14:58,160,160,0,0.0,0.0,0.0,0.0,0.0,,Fruit bat@5
1791429300.083,23:15:00,160,160,2,1.2,1.1,0.01,0.007,0.007,Fruit bat@1,Fruit bat@1
1791429301.116,23:15:01,159,160,2,1.2,1.1,0.01,0.008,0.007,Fruit bat@2,Fruit bat@2
1791429302.153,23:15:02,159,160,2,1.2,1.1,0.01,0.008,0.007,Fruit bat@1,Fruit bat@1
1791429303.183,23:15:03,159,160,2,1.2,1.1,0.01,0.008,0.007,Fruit bat@2,Fruit bat@2
1791429304.218,23:15:04,159,160,2,1.2,1.1,0.01,0.008,0.007,Fruit bat@2,Fruit bat@2
1791429305.25,23:15:05,159,160,2,1.2,1.1,0.01,0.008,0.007,Fruit bat@2,Fruit bat@2
1791429306.296,23:15:06,159,160,2,1.2,1.1,0.01,0.008,0.007,Fruit bat@2,Fruit bat@2
1791429307.328,23:15:07,160,160,2,1.2,1.1,0.01,0.007,0.007,Fruit bat@1,Fruit bat@1
1791429308.36,23:15:08,160,160,2,1.2,1.1,0.01,0.007,0.007,Fruit bat@2,Fruit bat@2
1791429309.393,23:15:09,160,160,2,1.2,1.1,0.01,0.007,0.007,Fruit bat@2,Fruit bat@2
1791429310.433,23:15:10,160,160,2,1.2,1.1,0.01,0.007,0.007,Fruit bat@2,Fruit bat@2
1791429311.469,23:15:11,159,160,2,1.2,1.1,0.01,0.008,0.007,Fruit bat@2,Fruit bat@2
1791429312.507,23:15:12,160,160,2,1.2,1.1,0.01,0.007,0.007,Fruit bat@1,Fruit bat@1
1791429332.179,23:15:32,131,160,0,0.0,0.0,0.0,0.0,0.0,,Snaga@5
1791429333.21,23:15:33,132,160,0,0.0,0.0,0.0,0.0,0.0,,Snaga@3; Snaga@4
1791429334.245,23:15:34,127,160,16,6.0,5.5,0.13,0.047,0.043,Snaga@1; Snaga@2,Snaga@1; Snaga@2; Snaga@4; Snaga@4
1791429335.294,23:15:35,127,160,32,12.0,11.0,0.25,0.094,0.087,Snaga@1; Snaga@2; Snaga@2; Snaga@2,Snaga@1; Snaga@2; Snaga@2; Snaga@2; Snaga@3
1791429336.341,23:15:36,118,160,40,15.0,13.8,0.34,0.127,0.117,Snaga@1; Snaga@2; Snaga@1; Snaga@1; Snaga@2,Snaga@1; Snaga@2; Snaga@1; Snaga@1; Snaga@2; Snaga@3
1791429337.378,23:15:37,115,160,40,15.0,13.8,0.35,0.13,0.12,Snaga@1; Snaga@2; Snaga@1; Snaga@1; Snaga@2,Snaga@1; Snaga@3; Snaga@2; Snaga@1; Snaga@1; Snaga@2; Snaga@3
1791429338.379,23:15:38,116,160,48,18.0,16.5,0.41,0.155,0.142,Snaga@2; Snaga@1; Snaga@2; Snaga@1; Snaga@1; Snaga@2,Snaga@3; Snaga@2; Snaga@1; Snaga@3; Snaga@2; Snaga@1; Snaga@1; Snaga@2; Snaga@7; Green jelly@7
1791429339.43,23:15:39,111,160,48,18.0,16.5,0.43,0.162,0.149,Snaga@2; Snaga@2; Snaga@1; Snaga@2; Snaga@1; Snaga@2,Snaga@3; Snaga@2; Snaga@2; Snaga@1; Snaga@2; Snaga@1; Snaga@3; Snaga@2; Snaga@3; Snaga@6
1791429340.432,23:15:40,111,160,40,15.0,13.8,0.36,0.135,0.124,Snaga@2; Snaga@2; Snaga@1; Snaga@2; Snaga@2,Snaga@2; Snaga@3; Snaga@2; Snaga@1; Snaga@4; Snaga@3; Snaga@2; Snaga@4; Snaga@2
1791429341.452,23:15:41,112,160,48,18.0,16.5,0.43,0.161,0.147,Snaga@2; Snaga@1; Snaga@2; Snaga@1; Snaga@2; Snaga@2,"Snaga@2; Snaga@1; Snaga@3; Snaga@2; Snaga@1; Snaga@2; Wormtongue, Agent of Saruman@10; Snaga@5; Snaga@3; Snaga@2; Snaga@5"
1791429342.494,23:15:42,91,160,24,9.0,8.3,0.26,0.099,0.091,Snaga@2; Snaga@2; Snaga@2,"Snaga@2; Snaga@2; Snaga@4; Snaga@3; Snaga@2; Wormtongue, Agent of Saruman@12; Snaga@6; Snaga@3; Snaga@6; Snaga@3"
1791429343.541,23:15:43,118,160,40,15.0,13.8,0.34,0.127,0.117,Snaga@2; Snaga@1; Snaga@2; Snaga@2; Snaga@2,"Snaga@2; Snaga@1; Snaga@3; Snaga@2; Wormtongue, Agent of Saruman@13; Snaga@5; Snaga@3; Snaga@2; Snaga@5; Snaga@2"
1791429344.546,23:15:44,112,160,24,9.0,8.3,0.21,0.08,0.074,Snaga@2; Snaga@2; Snaga@2,"Snaga@3; Snaga@2; Snaga@3; Snaga@2; Wormtongue, Agent of Saruman@13; Snaga@5; Snaga@3; Snaga@2; Snaga@5; Snaga@3"
1791429345.56,23:15:45,113,160,24,9.0,8.3,0.21,0.08,0.073,Snaga@2; Snaga@2; Snaga@2,"Snaga@3; Snaga@4; Snaga@2; Snaga@3; Snaga@2; Wormtongue, Agent of Saruman@14; Snaga@5; Snaga@3; Snaga@2; Snaga@5"
1791429347.262,23:15:47,114,160,32,12.0,11.0,0.28,0.105,0.096,Snaga@2; Snaga@1; Snaga@1; Snaga@2,"Snaga@2; Snaga@3; Snaga@1; Snaga@4; Snaga@3; Snaga@1; Wormtongue, Agent of Saruman@13; Snaga@5; Snaga@2"
1791429348.307,23:15:48,109,160,16,6.0,5.5,0.15,0.055,0.05,Snaga@2; Snaga@2,"Snaga@4; Snaga@3; Snaga@2; Snaga@4; Snaga@3; Snaga@2; Wormtongue, Agent of Saruman@13; Snaga@5; Snaga@4; Snaga@3"
1791429349.353,23:15:49,109,160,16,6.0,5.5,0.15,0.055,0.05,Snaga@2; Snaga@2,"Snaga@4; Snaga@5; Snaga@3; Snaga@2; Snaga@5; Snaga@4; Snaga@3; Snaga@2; Wormtongue, Agent of Saruman@12"
1791429350.396,23:15:50,110,160,0,0.0,0.0,0.0,0.0,0.0,,"Snaga@7; Snaga@5; Snaga@3; Snaga@6; Snaga@3; Wormtongue, Agent of Saruman@13; Snaga@6"
1791429351.438,23:15:51,111,160,0,0.0,0.0,0.0,0.0,0.0,,"Snaga@7; Snaga@3; Snaga@8; Snaga@7; Snaga@3; Wormtongue, Agent of Saruman@13"
1791429352.467,23:15:52,112,160,8,3.0,2.8,0.07,0.027,0.025,Snaga@2,"Snaga@2; Snaga@8; Snaga@3; Wormtongue, Agent of Saruman@13"
1791429353.509,23:15:53,113,160,8,3.0,2.8,0.07,0.027,0.025,Snaga@2,Snaga@2
1791429354.539,23:15:54,114,160,16,6.0,5.5,0.14,0.053,0.048,Snaga@2; Snaga@1,Snaga@3; Snaga@2; Snaga@1
1791429355.568,23:15:55,114,160,8,3.0,2.8,0.07,0.026,0.025,Snaga@2,Snaga@3; Snaga@3; Snaga@2
1791429356.606,23:15:56,115,160,8,3.0,2.8,0.07,0.026,0.024,Snaga@2,Snaga@3; Snaga@2
1791429357.634,23:15:57,116,160,8,3.0,2.8,0.07,0.026,0.024,Snaga@2,Snaga@3; Snaga@2
1791429358.676,23:15:58,117,160,8,3.0,2.8,0.07,0.026,0.024,Snaga@2,Snaga@3; Snaga@2
1791429359.711,23:15:59,118,160,16,6.0,5.5,0.14,0.051,0.047,Snaga@2; Snaga@1,Snaga@2; Snaga@1
1791429360.743,23:16:00,111,160,0,0.0,0.0,0.0,0.0,0.0,,Snaga@3; Snaga@3
1791429361.777,23:16:01,112,160,16,6.0,5.5,0.14,0.054,0.049,Snaga@2; Snaga@2,Snaga@2; Snaga@2
1791429362.813,23:16:02,113,160,8,3.0,2.8,0.07,0.027,0.025,Snaga@2,Snaga@3; Snaga@2
1791429475.504,23:17:55,160,160,0,0.0,0.0,0.0,0.0,0.0,,Bloodshot eye@3
1791429476.527,23:17:56,160,160,0,0.0,0.0,0.0,0.0,0.0,,Bloodshot eye@3
1791429477.547,23:17:57,160,160,0,0.0,0.0,0.0,0.0,0.0,,Bloodshot eye@3
1791429478.567,23:17:58,160,160,0,0.0,0.0,0.0,0.0,0.0,,Bloodshot eye@3
1791429479.586,23:17:59,160,160,0,0.0,0.0,0.0,0.0,0.0,,Bloodshot eye@3
1791429480.604,23:18:00,160,160,0,0.0,0.0,0.0,0.0,0.0,,Bloodshot eye@3
1791429481.622,23:18:01,160,160,0,0.0,0.0,0.0,0.0,0.0,,Bloodshot eye@3
1791429482.643,23:18:02,160,160,0,0.0,0.0,0.0,0.0,0.0,,Bloodshot eye@3
1791429483.663,23:18:03,160,160,0,0.0,0.0,0.0,0.0,0.0,,Bloodshot eye@3
1791429484.685,23:18:04,160,160,12,1.7,0.6,0.07,0.011,0.004,Bloodshot eye@2,Bloodshot eye@2
1791429485.705,23:18:05,160,160,12,1.7,0.6,0.07,0.011,0.004,Bloodshot eye@1,Bloodshot eye@1
1791429492.617,23:18:12,156,160,4,1.7,1.5,0.03,0.011,0.01,Novice mage@2,Novice mage@2; Novice mage@3; Bloodshot eye@3
1791429493.639,23:18:13,157,160,8,3.3,3.1,0.05,0.021,0.02,Novice mage@2; Novice mage@1,Novice mage@2; Novice mage@3; Novice mage@1; Bloodshot eye@3
1791429494.673,23:18:14,158,160,4,1.7,1.5,0.03,0.011,0.009,Novice mage@2,Novice mage@4; Novice mage@3; Novice mage@3; Novice mage@3; Novice mage@2; Bloodshot eye@3
1791429495.711,23:18:15,159,160,16,6.7,6.1,0.1,0.042,0.038,Novice mage@2; Novice mage@2; Novice mage@2; Novice mage@1,Novice mage@5; Novice mage@5; Novice mage@4; Bloodshot eye@3; Novice mage@2; Novice mage@2; Novice mage@2; Novice mage@1
1791429496.758,23:18:16,160,160,4,1.7,1.5,0.03,0.011,0.009,Novice mage@2,Novice mage@8; Novice mage@8; Novice mage@8; Novice mage@6; Novice mage@6; Novice mage@5; Bloodshot eye@5; Novice mage@3; Novice mage@3; Novice mage@3; Novice mage@2
1791429506.647,23:18:26,86,160,8,3.3,3.1,0.09,0.038,0.036,Novice mage@1; Novice mage@1,Bloodshot eye@4; Novice mage@1; Novice mage@1
1791429507.668,23:18:27,105,160,4,1.7,1.5,0.04,0.016,0.014,Novice mage@1,Bloodshot eye@4; Novice mage@1
1791429508.687,23:18:28,107,160,0,0.0,0.0,0.0,0.0,0.0,,Bloodshot eye@4
1791429509.71,23:18:29,108,160,0,0.0,0.0,0.0,0.0,0.0,,Skeleton orc@7; Bloodshot eye@4
1791429510.731,23:18:30,108,160,0,0.0,0.0,0.0,0.0,0.0,,Skeleton orc@6; Bloodshot eye@4
1791429511.757,23:18:31,109,160,0,0.0,0.0,0.0,0.0,0.0,,Skeleton orc@6; Bloodshot eye@5; Giant brown bat@8
1791429512.78,23:18:32,110,160,0,0.0,0.0,0.0,0.0,0.0,,Skeleton orc@6; Bloodshot eye@6; Giant brown bat@7
1791429513.806,23:18:33,111,160,0,0.0,0.0,0.0,0.0,0.0,,Giant brown bat@6
1791429514.827,23:18:34,111,160,9,4.0,3.7,0.08,0.036,0.033,Giant brown bat@3,Skeleton orc@4; Giant brown bat@3
1791429515.851,23:18:35,109,160,9,4.0,3.7,0.08,0.037,0.034,Giant brown bat@1,Skeleton orc@4; Giant brown bat@1
1791429516.874,23:18:36,110,160,0,0.0,0.0,0.0,0.0,0.0,,Skeleton orc@4
1791429518.254,23:18:38,114,160,10,4.1,3.8,0.09,0.036,0.033,Skeleton orc@1,Skeleton orc@1
1791429530.318,23:18:50,160,160,0,0.0,0.0,0.0,0.0,0.0,,Bloodshot eye@5
1791429531.337,23:18:51,160,160,0,0.0,0.0,0.0,0.0,0.0,,Bloodshot eye@4
1791429532.36,23:18:52,160,160,0,0.0,0.0,0.0,0.0,0.0,,Bloodshot eye@4
1791429533.377,23:18:53,160,160,0,0.0,0.0,0.0,0.0,0.0,,Bloodshot eye@4
1791429534.4,23:18:54,160,160,0,0.0,0.0,0.0,0.0,0.0,,Bloodshot eye@4
1791429535.42,23:18:55,160,160,0,0.0,0.0,0.0,0.0,0.0,,Bloodshot eye@3
1791429536.441,23:18:56,160,160,0,0.0,0.0,0.0,0.0,0.0,,Bloodshot eye@3
1791429537.465,23:18:57,160,160,0,0.0,0.0,0.0,0.0,0.0,,Bloodshot eye@3
1791429538.482,23:18:58,160,160,0,0.0,0.0,0.0,0.0,0.0,,Bloodshot eye@3
1791429539.499,23:18:59,160,160,0,0.0,0.0,0.0,0.0,0.0,,Bloodshot eye@3
1791429540.519,23:19:00,160,160,0,0.0,0.0,0.0,0.0,0.0,,Bloodshot eye@3
1791429541.54,23:19:01,160,160,0,0.0,0.0,0.0,0.0,0.0,,Bloodshot eye@3
1791429542.564,23:19:02,160,160,0,0.0,0.0,0.0,0.0,0.0,,Bloodshot eye@4
1791429543.585,23:19:03,160,160,0,0.0,0.0,0.0,0.0,0.0,,Bloodshot eye@4
1791429544.602,23:19:04,160,160,0,0.0,0.0,0.0,0.0,0.0,,Bloodshot eye@4
1791429545.62,23:19:05,160,160,0,0.0,0.0,0.0,0.0,0.0,,Bloodshot eye@4
1791429546.639,23:19:06,160,160,0,0.0,0.0,0.0,0.0,0.0,,Bloodshot eye@4
1791429547.656,23:19:07,160,160,0,0.0,0.0,0.0,0.0,0.0,,Bloodshot eye@4
1791429548.677,23:19:08,160,160,0,0.0,0.0,0.0,0.0,0.0,,Bloodshot eye@4
1791429549.7,23:19:09,160,160,0,0.0,0.0,0.0,0.0,0.0,,Bloodshot eye@3
1791429550.724,23:19:10,160,160,0,0.0,0.0,0.0,0.0,0.0,,Bloodshot eye@3
1791429551.746,23:19:11,160,160,0,0.0,0.0,0.0,0.0,0.0,,Bloodshot eye@3
1791429552.766,23:19:12,160,160,0,0.0,0.0,0.0,0.0,0.0,,Bloodshot eye@3
1791429553.786,23:19:13,160,160,0,0.0,0.0,0.0,0.0,0.0,,Bloodshot eye@3
1791429554.804,23:19:14,160,160,0,0.0,0.0,0.0,0.0,0.0,,Bloodshot eye@3
1791429555.826,23:19:15,160,160,0,0.0,0.0,0.0,0.0,0.0,,Bloodshot eye@3
1791429556.845,23:19:16,160,160,0,0.0,0.0,0.0,0.0,0.0,,Bloodshot eye@3
1791429557.863,23:19:17,160,160,0,0.0,0.0,0.0,0.0,0.0,,Bloodshot eye@3
1791429558.885,23:19:18,160,160,0,0.0,0.0,0.0,0.0,0.0,,Bloodshot eye@3
1791429559.903,23:19:19,160,160,0,0.0,0.0,0.0,0.0,0.0,,Bloodshot eye@3
1791429560.921,23:19:20,160,160,0,0.0,0.0,0.0,0.0,0.0,,Bloodshot eye@3
1791429561.941,23:19:21,160,160,0,0.0,0.0,0.0,0.0,0.0,,Bloodshot eye@3
1791429562.962,23:19:22,160,160,0,0.0,0.0,0.0,0.0,0.0,,Bloodshot eye@3
1791429563.979,23:19:23,160,160,0,0.0,0.0,0.0,0.0,0.0,,Bloodshot eye@3
1791429564.999,23:19:24,160,160,0,0.0,0.0,0.0,0.0,0.0,,Bloodshot eye@3
1791429566.02,23:19:26,160,160,0,0.0,0.0,0.0,0.0,0.0,,Bloodshot eye@3
1791429567.039,23:19:27,160,160,0,0.0,0.0,0.0,0.0,0.0,,Bloodshot eye@3
1791429568.06,23:19:28,160,160,0,0.0,0.0,0.0,0.0,0.0,,Bloodshot eye@3
1791429569.078,23:19:29,160,160,0,0.0,0.0,0.0,0.0,0.0,,Bloodshot eye@3
1791429570.096,23:19:30,160,160,0,0.0,0.0,0.0,0.0,0.0,,Bloodshot eye@3
1791429571.119,23:19:31,160,160,12,1.7,0.6,0.07,0.011,0.004,Bloodshot eye@2,Bloodshot eye@2
1791429572.137,23:19:32,160,160,12,1.7,0.6,0.07,0.011,0.004,Bloodshot eye@2,Bloodshot eye@2
1791429573.162,23:19:33,160,160,12,1.7,0.6,0.07,0.011,0.004,Bloodshot eye@2,Bloodshot eye@2
1791429574.195,23:19:34,160,160,0,0.0,0.0,0.0,0.0,0.0,,Bloodshot eye@3
1791429575.216,23:19:35,160,160,0,0.0,0.0,0.0,0.0,0.0,,Bloodshot eye@5
1791429576.241,23:19:36,160,160,0,0.0,0.0,0.0,0.0,0.0,,Bloodshot eye@6
1791429577.266,23:19:37,160,160,0,0.0,0.0,0.0,0.0,0.0,,Bloodshot eye@7
1791429580.75,23:19:40,160,160,0,0.0,0.0,0.0,0.0,0.0,,Bloodshot eye@7
1791429581.769,23:19:41,160,160,0,0.0,0.0,0.0,0.0,0.0,,Bloodshot eye@8
1791429582.789,23:19:42,160,160,0,0.0,0.0,0.0,0.0,0.0,,Bloodshot eye@8
1791429585.407,23:19:45,160,160,0,0.0,0.0,0.0,0.0,0.0,,Kobold@20
1791429586.428,23:19:46,160,160,0,0.0,0.0,0.0,0.0,0.0,,Kobold@19
1791429587.456,23:19:47,160,160,0,0.0,0.0,0.0,0.0,0.0,,Kobold@17
1791429588.481,23:19:48,160,160,0,0.0,0.0,0.0,0.0,0.0,,Kobold@15
1791429589.504,23:19:49,160,160,0,0.0,0.0,0.0,0.0,0.0,,Kobold@13
1791429590.528,23:19:50,160,160,0,0.0,0.0,0.0,0.0,0.0,,Kobold@11
1791429591.555,23:19:51,160,160,0,0.0,0.0,0.0,0.0,0.0,,Kobold@8
1791429592.582,23:19:52,160,160,0,0.0,0.0,0.0,0.0,0.0,,Kobold@4
1791429593.602,23:19:53,160,160,8,2.9,2.6,0.05,0.018,0.016,Kobold@2,Kobold@2
1791429594.631,23:19:54,160,160,8,2.9,2.6,0.05,0.018,0.016,Kobold@2,Kobold@2
1791429595.653,23:19:55,160,160,8,2.9,2.6,0.05,0.018,0.016,Kobold@2,Kobold@2
1791429596.681,23:19:56,154,160,8,2.9,2.6,0.05,0.019,0.017,Kobold@2,Kobold@2
1791429597.815,23:19:57,155,160,8,2.9,2.6,0.05,0.019,0.017,Kobold@2,Kobold@2
1791429625.552,23:20:25,160,160,4,1.7,1.5,0.03,0.011,0.009,Novice mage@1,Novice mage@1
1791429626.578,23:20:26,156,160,4,1.7,1.5,0.03,0.011,0.01,Novice mage@1,Novice mage@1
1791429627.605,23:20:27,157,160,0,0.0,0.0,0.0,0.0,0.0,,Novice mage@3
1791429633.576,23:20:33,160,160,4,1.7,1.5,0.03,0.011,0.009,Novice mage@2,Novice mage@2
1791429634.597,23:20:34,160,160,4,1.7,1.5,0.03,0.011,0.009,Novice mage@1,Novice mage@1
1791429708.521,23:21:48,160,160,0,0.0,0.0,0.0,0.0,0.0,,Bloodshot eye@8
1791429709.543,23:21:49,160,160,0,0.0,0.0,0.0,0.0,0.0,,Bloodshot eye@7
1791429710.571,23:21:50,160,160,0,0.0,0.0,0.0,0.0,0.0,,Bloodshot eye@5
1791429711.599,23:21:51,160,160,0,0.0,0.0,0.0,0.0,0.0,,Bloodshot eye@5
1791429712.619,23:21:52,160,160,0,0.0,0.0,0.0,0.0,0.0,,Bloodshot eye@5
1791429714.008,23:21:54,160,160,0,0.0,0.0,0.0,0.0,0.0,,Bloodshot eye@3
1791429715.028,23:21:55,160,160,12,1.7,0.6,0.07,0.011,0.004,Bloodshot eye@2,Bloodshot eye@2
1791429716.055,23:21:56,160,160,0,0.0,0.0,0.0,0.0,0.0,,Bloodshot eye@3
1791429717.08,23:21:57,160,160,0,0.0,0.0,0.0,0.0,0.0,,Bloodshot eye@4
1791429718.112,23:21:58,160,160,0,0.0,0.0,0.0,0.0,0.0,,Bloodshot eye@6
1791429719.135,23:21:59,160,160,0,0.0,0.0,0.0,0.0,0.0,,Bloodshot eye@7
1791429737.737,23:22:17,160,160,4,1.7,1.5,0.03,0.011,0.009,Novice mage@2,Novice mage@2
1791429738.788,23:22:18,160,160,4,1.7,1.5,0.03,0.011,0.009,Novice mage@2,Novice mage@2
1791429739.838,23:22:19,160,160,4,1.7,1.5,0.03,0.011,0.009,Novice mage@2,Novice mage@2
1791429740.886,23:22:20,160,160,4,1.7,1.5,0.03,0.011,0.009,Novice mage@2,Novice mage@2
1791429742.934,23:22:22,160,160,4,1.7,1.5,0.03,0.011,0.009,Novice mage@2,Novice mage@2
1791429743.984,23:22:23,160,160,4,1.7,1.5,0.03,0.011,0.009,Novice mage@2,Novice mage@2
1791429745.035,23:22:25,160,160,4,1.7,1.5,0.03,0.011,0.009,Novice mage@2,Novice mage@2
1791429746.073,23:22:26,160,160,4,1.7,1.5,0.03,0.011,0.009,Novice mage@2,Novice mage@2
1791429747.094,23:22:27,159,160,4,1.7,1.5,0.03,0.011,0.009,Novice mage@1,Novice mage@1
1791429842.064,23:24:02,160,160,0,0.0,0.0,0.0,0.0,0.0,,Bloodshot eye@6
1791429843.065,23:24:03,160,160,0,0.0,0.0,0.0,0.0,0.0,,Bloodshot eye@5
1791429844.077,23:24:04,160,160,0,0.0,0.0,0.0,0.0,0.0,,Bloodshot eye@3
1791429845.101,23:24:05,160,160,0,0.0,0.0,0.0,0.0,0.0,,Bloodshot eye@3
1791429846.129,23:24:06,160,160,12,1.7,0.6,0.07,0.011,0.004,Bloodshot eye@2,Bloodshot eye@2
1791429847.154,23:24:07,160,160,0,0.0,0.0,0.0,0.0,0.0,,Bloodshot eye@3
1791429848.179,23:24:08,160,160,0,0.0,0.0,0.0,0.0,0.0,,Bloodshot eye@5
1791430051.578,23:27:31,160,160,0,0.0,0.0,0.0,0.0,0.0,,Bloodshot eye@8
1791430054.903,23:27:34,160,160,0,0.0,0.0,0.0,0.0,0.0,,Bloodshot eye@8
1791430055.941,23:27:35,160,160,0,0.0,0.0,0.0,0.0,0.0,,Bloodshot eye@8
1791430056.982,23:27:36,160,160,0,0.0,0.0,0.0,0.0,0.0,,Bloodshot eye@8
1791430077.807,23:27:57,160,160,0,0.0,0.0,0.0,0.0,0.0,,Blubbering icky thing@3
1791430078.846,23:27:58,160,160,4,0.1,0.1,0.03,0.001,0.001,Blubbering icky thing@1,Blubbering icky thing@1
1791430082.989,23:28:02,160,160,4,2.0,1.9,0.03,0.013,0.012,Zombified kobold@2,Zombified kobold@2
1791430084.017,23:28:04,160,160,4,2.0,1.9,0.03,0.013,0.012,Zombified kobold@1,Zombified kobold@1
1791430123.739,23:28:43,160,160,0,0.0,0.0,0.0,0.0,0.0,,Snaga@3
1791430124.768,23:28:44,160,160,8,3.0,2.8,0.05,0.019,0.017,Snaga@2,Snaga@2; Snaga@3
1791430125.802,23:28:45,159,160,16,6.0,5.5,0.1,0.038,0.035,Snaga@1; Snaga@1,Snaga@1; Snaga@3; Snaga@1
1791430126.832,23:28:46,159,160,16,6.0,5.5,0.1,0.038,0.035,Snaga@1; Snaga@1,Snaga@1; Snaga@1
1791430127.857,23:28:47,160,160,8,3.0,2.8,0.05,0.019,0.017,Snaga@1,Snaga@1
1791430128.883,23:28:48,160,160,8,3.0,2.8,0.05,0.019,0.017,Snaga@1,Snaga@1
1791430137.364,23:28:57,180,180,16,6.0,5.5,0.09,0.033,0.031,Snaga@2; Snaga@2,Snaga@2; Snaga@2
1791430138.61,23:28:58,180,180,8,3.0,2.8,0.04,0.017,0.016,Snaga@2,Snaga@2
1791430139.635,23:28:59,180,180,8,3.0,2.8,0.04,0.017,0.016,Snaga@1,Snaga@1
1791430140.663,23:29:00,176,180,8,3.0,2.8,0.05,0.017,0.016,Snaga@2,Snaga@2
1791430141.691,23:29:01,178,180,13,4.9,4.4,0.07,0.028,0.025,Small kobold@2; Snaga@2,Small kobold@2; Snaga@2
1791430142.72,23:29:02,178,180,0,0.0,0.0,0.0,0.0,0.0,,Snaga@3
1791430144.12,23:29:04,180,180,0,0.0,0.0,0.0,0.0,0.0,,Brown mold@3
1791430145.149,23:29:05,180,180,4,0.9,0.6,0.02,0.005,0.003,Brown mold@2,Brown mold@2
1791430146.182,23:29:06,180,180,4,0.9,0.6,0.02,0.005,0.003,Brown mold@2,Brown mold@2
1791430147.209,23:29:07,180,180,0,0.0,0.0,0.0,0.0,0.0,,Brown mold@3
1791430148.91,23:29:08,180,180,0,0.0,0.0,0.0,0.0,0.0,,Snaga@3
1791430149.934,23:29:09,180,180,0,0.0,0.0,0.0,0.0,0.0,,Snaga@3
1791430150.959,23:29:10,180,180,8,3.0,2.8,0.04,0.017,0.016,Snaga@1,Snaga@1
1791430151.985,23:29:11,180,180,8,3.0,2.8,0.04,0.017,0.016,Snaga@1,Snaga@1; Snaga@3
1791430153.018,23:29:13,180,180,8,3.0,2.8,0.04,0.017,0.016,Snaga@2,Snaga@2
1791430154.052,23:29:14,177,180,8,3.0,2.8,0.05,0.017,0.016,Snaga@2,Snaga@2
1791430155.087,23:29:15,173,180,8,3.0,2.8,0.05,0.017,0.016,Snaga@2,Snaga@2
1791430156.128,23:29:16,174,180,0,0.0,0.0,0.0,0.0,0.0,,Snaga@3
1791430157.53,23:29:17,175,180,8,3.0,2.8,0.05,0.017,0.016,Snaga@2,Snaga@2
1791430158.575,23:29:18,176,180,8,3.0,2.8,0.05,0.017,0.016,Snaga@2,Snaga@2; Snaga@3
1791430159.601,23:29:19,177,180,16,6.0,5.5,0.09,0.034,0.031,Snaga@2; Snaga@2,Snaga@2; Snaga@2
1791430160.627,23:29:20,178,180,8,3.0,2.8,0.04,0.017,0.016,Snaga@1,Snaga@1
1791430163.63,23:29:23,180,180,0,0.0,0.0,0.0,0.0,0.0,,Large grey snake@3
1791430164.661,23:29:24,180,180,0,0.0,0.0,0.0,0.0,0.0,,Large grey snake@2; Snaga@3
1791430165.689,23:29:25,180,180,0,0.0,0.0,0.0,0.0,0.0,,Large grey snake@2
1791430166.722,23:29:26,180,180,8,3.0,2.8,0.04,0.017,0.016,Snaga@2,Snaga@2
1791430217.167,23:30:17,180,180,0,0.0,0.0,0.0,0.0,0.0,,Brown mold@3
1791430218.2,23:30:18,180,180,0,0.0,0.0,0.0,0.0,0.0,,Brown mold@3
1791430219.235,23:30:19,180,180,0,0.0,0.0,0.0,0.0,0.0,,Brown mold@3
1791430234.29,23:30:34,180,180,0,0.0,0.0,0.0,0.0,0.0,,Bloodshot icky thing@3
1791430235.318,23:30:35,180,180,0,0.0,0.0,0.0,0.0,0.0,,Bloodshot icky thing@3
1791430236.347,23:30:36,180,180,12,3.5,2.7,0.07,0.019,0.015,Bloodshot icky thing@1,Bloodshot icky thing@1
1791430237.379,23:30:37,180,180,12,3.5,2.7,0.07,0.019,0.015,Bloodshot icky thing@2,Bloodshot icky thing@2
1791430263.819,23:31:03,180,180,0,0.0,0.0,0.0,0.0,0.0,,Brown mold@3
1791430264.842,23:31:04,180,180,0,0.0,0.0,0.0,0.0,0.0,,Brown mold@3
1791430265.872,23:31:05,180,180,4,0.9,0.6,0.02,0.005,0.003,Brown mold@1,Brown mold@1
1791430266.898,23:31:06,179,180,4,0.9,0.6,0.02,0.005,0.003,Brown mold@1,Brown mold@1
1791430267.926,23:31:07,180,180,4,0.9,0.6,0.02,0.005,0.003,Brown mold@2,Brown mold@2
1791430312.549,23:31:52,180,180,4,0.2,0.2,0.02,0.001,0.001,White jelly@2,White jelly@2
1791430313.576,23:31:53,180,180,4,0.2,0.2,0.02,0.001,0.001,White jelly@2,White jelly@2
1791430314.601,23:31:54,180,180,4,0.2,0.2,0.02,0.001,0.001,White jelly@1,White jelly@1
1791430336.269,23:32:16,180,180,16,6.3,5.7,0.09,0.035,0.032,Cave spider@3; Cave spider@2,Cave spider@4; Cave spider@3; Cave spider@2
1791430338.857,23:32:18,180,180,0,0.0,0.0,0.0,0.0,0.0,,Cave spider@5
1791430339.894,23:32:19,180,180,0,0.0,0.0,0.0,0.0,0.0,,Cave spider@4
1791430340.925,23:32:20,177,180,8,3.2,2.9,0.05,0.018,0.016,Cave spider@1,Cave spider@5; Cave spider@5; Cave spider@6; Cave spider@1
1791430341.967,23:32:21,178,180,48,19.0,17.2,0.27,0.107,0.097,Cave spider@3; Cave spider@1; Cave spider@2; Cave spider@3; Cave spider@1; Cave spider@2,Cave spider@3; Cave spider@1; Cave spider@2; Cave spider@3; Cave spider@5; Cave spider@1; Cave spider@2
1791430343.002,23:32:23,176,180,24,9.5,8.6,0.14,0.054,0.049,Cave spider@1; Cave spider@2; Cave spider@1,Cave spider@1; Cave spider@2; Cave spider@1
1791430352.595,23:32:32,180,180,0,0.0,0.0,0.0,0.0,0.0,,"Wormtongue, Agent of Saruman@3"
1791430353.704,23:32:33,180,180,0,0.0,0.0,0.0,0.0,0.0,,"Wormtongue, Agent of Saruman@3"
1791430360.609,23:32:40,122,180,0,0.0,0.0,0.0,0.0,0.0,,"Wormtongue, Agent of Saruman@3"
1791430361.646,23:32:41,123,180,0,0.0,0.0,0.0,0.0,0.0,,"Wormtongue, Agent of Saruman@3"
1791430362.688,23:32:42,123,180,0,0.0,0.0,0.0,0.0,0.0,,"Wormtongue, Agent of Saruman@3"
1791430363.724,23:32:43,124,180,0,0.0,0.0,0.0,0.0,0.0,,"Wormtongue, Agent of Saruman@3"
1791430365.76,23:32:45,103,180,0,0.0,0.0,0.0,0.0,0.0,,"Wormtongue, Agent of Saruman@3"
1791430366.802,23:32:46,102,180,0,0.0,0.0,0.0,0.0,0.0,,"Wormtongue, Agent of Saruman@3"
1791430367.849,23:32:47,100,180,0,0.0,0.0,0.0,0.0,0.0,,"Wormtongue, Agent of Saruman@3"
1791430369.57,23:32:49,97,180,10,4.1,3.8,0.1,0.042,0.039,"Wormtongue, Agent of Saruman@2","Wormtongue, Agent of Saruman@2"
1791430370.608,23:32:50,98,180,0,0.0,0.0,0.0,0.0,0.0,,"Wormtongue, Agent of Saruman@3"
1791430371.648,23:32:51,99,180,10,4.1,3.8,0.1,0.041,0.038,"Wormtongue, Agent of Saruman@2","Wormtongue, Agent of Saruman@2"
1791430372.688,23:32:52,100,180,0,0.0,0.0,0.0,0.0,0.0,,"Wormtongue, Agent of Saruman@3"
1791430374.154,23:32:54,101,180,0,0.0,0.0,0.0,0.0,0.0,,"Wormtongue, Agent of Saruman@3"
1791431419.736,23:50:19,180,180,0,0.0,0.0,0.0,0.0,0.0,,Soldier ant@4; White icky thing@11
1791431420.759,23:50:20,180,180,0,0.0,0.0,0.0,0.0,0.0,,Soldier ant@3; White icky thing@11
1791431421.788,23:50:21,180,180,0,0.0,0.0,0.0,0.0,0.0,,White icky thing@11
1791431423.333,23:50:23,180,180,0,0.0,0.0,0.0,0.0,0.0,,White icky thing@15
1791431425.597,23:50:25,180,180,0,0.0,0.0,0.0,0.0,0.0,,White icky thing@18
1791431426.623,23:50:26,180,180,0,0.0,0.0,0.0,0.0,0.0,,White icky thing@20
1791431449.297,23:50:49,180,180,0,0.0,0.0,0.0,0.0,0.0,,White icky thing@20
1791487976.198,15:32:56,180,180,14,6.9,6.4,0.08,0.038,0.036,Black harpy@2,Black harpy@2
1791487977.218,15:32:57,180,180,14,6.9,6.4,0.08,0.038,0.036,Black harpy@2,Black harpy@2
1791487978.254,15:32:58,178,180,14,6.9,6.4,0.08,0.039,0.036,Black harpy@2,Black harpy@2
1791487979.293,15:32:59,179,180,14,6.9,6.4,0.08,0.039,0.036,Black harpy@2,Black harpy@2
1791487980.316,15:33:00,178,180,14,6.9,6.4,0.08,0.039,0.036,Black harpy@1,Black harpy@1
1791487981.342,15:33:01,178,180,14,6.9,6.4,0.08,0.039,0.036,Black harpy@3,Black harpy@3
1791487982.376,15:33:02,179,180,14,6.9,6.4,0.08,0.039,0.036,Black harpy@3,Baby black dragon@3; Black harpy@3
1791487983.401,15:33:03,177,180,25,11.7,10.8,0.14,0.066,0.061,Baby black dragon@1; Black harpy@2,Baby black dragon@1; Black harpy@2
1791487984.422,15:33:04,171,180,25,11.7,10.8,0.15,0.068,0.063,Baby black dragon@1; Black harpy@1,Baby black dragon@1; Black harpy@1; Hill orc@3
1791487985.453,15:33:05,165,180,35,15.4,14.3,0.21,0.093,0.087,Baby black dragon@1; Black harpy@1; Hill orc@1,Baby black dragon@1; Black harpy@1; Hill orc@1
1791487986.487,15:33:06,180,180,10,3.7,3.5,0.06,0.021,0.019,Hill orc@1,Hill orc@1
1791487987.506,15:33:07,171,180,10,3.7,3.5,0.06,0.022,0.02,Hill orc@1,Hill orc@1; Cave orc@3
1791487988.53,15:33:08,172,180,8,3.0,2.8,0.05,0.017,0.016,Cave orc@1,Cave orc@1
1791487989.552,15:33:09,170,180,8,3.0,2.8,0.05,0.018,0.016,Cave orc@1,Cave orc@1
1791488000.963,15:33:20,180,180,0,0.0,0.0,0.0,0.0,0.0,,Cave orc@6
1791488001.987,15:33:21,180,180,0,0.0,0.0,0.0,0.0,0.0,,Cave orc@8; Cave orc@7
1791488003.009,15:33:23,180,180,0,0.0,0.0,0.0,0.0,0.0,,Cave orc@8; Cave orc@8; Cave orc@7
1791488004.042,15:33:24,180,180,0,0.0,0.0,0.0,0.0,0.0,,Cave orc@8; Cave orc@9; Cave orc@8; Cave orc@7
1791488005.066,15:33:25,180,180,0,0.0,0.0,0.0,0.0,0.0,,Cave orc@9; Cave orc@8; Cave orc@9; Cave orc@7
1791488006.099,15:33:26,180,180,0,0.0,0.0,0.0,0.0,0.0,,Cave orc@9; Cave orc@8; Cave orc@9; Cave orc@7
1791488007.127,15:33:27,180,180,0,0.0,0.0,0.0,0.0,0.0,,Cave orc@8; Cave orc@7; Cave orc@8; Cave orc@7
1791488008.154,15:33:28,180,180,5,1.9,1.7,0.03,0.011,0.009,Small kobold@2,Cave orc@8; Cave orc@8; Small kobold@2
1791488009.184,15:33:29,180,180,5,1.9,1.7,0.03,0.011,0.009,Small kobold@2,Cave orc@17; Hairy mold@3; Hill orc@18; Small kobold@2
1791488010.21,15:33:30,180,180,8,2.8,2.4,0.04,0.016,0.013,Hairy mold@2; Small kobold@2,Cave orc@17; Hairy mold@2; Hill orc@18; Small kobold@2
1791488011.239,15:33:31,178,180,3,1.0,0.8,0.02,0.006,0.004,Hairy mold@1,Cave orc@16; Hairy mold@1; Hill orc@17; Small kobold@3
1791488012.265,15:33:32,171,180,8,2.8,2.4,0.05,0.016,0.014,Small kobold@1; Hairy mold@1,Cave orc@15; Small kobold@1; Hairy mold@1; Hill orc@16
1791488013.29,15:33:33,170,180,8,3.0,2.8,0.05,0.018,0.016,Cave orc@2,Cave orc@13; Cave orc@3; Cave orc@2; Hill orc@14; Cave orc@3
1791488014.323,15:33:34,168,180,8,3.0,2.8,0.05,0.018,0.017,Cave orc@2,Cave orc@14; Hill orc@15; Cave orc@2
1791488015.352,15:33:35,166,180,8,3.0,2.8,0.05,0.018,0.017,Cave orc@1,Cave orc@3; Cave orc@3; Cave orc@1
1791488016.381,15:33:36,165,180,8,3.0,2.8,0.05,0.018,0.017,Cave orc@2,Cave orc@3; Cave orc@2
1791488017.412,15:33:37,166,180,8,3.0,2.8,0.05,0.018,0.017,Cave orc@2,Cave orc@3; Cave orc@2
1791488018.438,15:33:38,167,180,8,3.0,2.8,0.05,0.018,0.017,Cave orc@2,Cave orc@3; Cave orc@2
1791488019.464,15:33:39,168,180,8,3.0,2.8,0.05,0.018,0.017,Cave orc@2,Cave orc@3; Cave orc@2
1791488020.492,15:33:40,161,180,24,9.1,8.4,0.15,0.057,0.052,Cave orc@2; Cave orc@1; Cave orc@1,Cave orc@2; Cave orc@1; Cave orc@1
1791488021.519,15:33:41,155,180,32,12.2,11.2,0.21,0.079,0.072,Cave orc@2; Cave orc@1; Cave orc@1; Cave orc@2,Cave orc@2; Cave orc@1; Cave orc@1; Cave orc@2
1791488022.546,15:33:42,151,180,32,12.2,11.2,0.21,0.081,0.074,Cave orc@1; Cave orc@1; Cave orc@1; Cave orc@1,Cave orc@1; Cave orc@1; Cave orc@1; Cave orc@1
1791488023.57,15:33:43,144,180,24,9.1,8.4,0.17,0.063,0.058,Cave orc@1; Cave orc@1; Cave orc@1,Cave orc@1; Cave orc@1; Cave orc@1
1791488024.594,15:33:44,138,180,16,6.1,5.6,0.12,0.044,0.041,Cave orc@1; Cave orc@1,Cave orc@1; Cave orc@1
1791488025.618,15:33:45,131,180,16,6.1,5.6,0.12,0.047,0.043,Cave orc@2; Cave orc@1,Cave orc@2; Cave orc@1
1791488026.644,15:33:46,132,180,16,6.1,5.6,0.12,0.046,0.042,Cave orc@1; Cave orc@1,Cave orc@1; Cave orc@1
1791488027.667,15:33:47,130,180,8,3.0,2.8,0.06,0.023,0.022,Cave orc@1,Hill orc@3; Cave orc@1
1791488028.691,15:33:48,126,180,10,3.7,3.5,0.08,0.029,0.028,Hill orc@2,Hill orc@2
1791488029.713,15:33:49,116,180,10,3.7,3.5,0.09,0.032,0.03,Hill orc@1,Hill orc@1
1791488030.739,15:33:50,117,180,10,3.7,3.5,0.09,0.032,0.03,Hill orc@1,Hill orc@1
1791488044.381,15:34:04,180,180,0,0.0,0.0,0.0,0.0,0.0,,Grey mold@3
1791488045.407,15:34:05,180,180,8,3.1,2.8,0.04,0.017,0.016,Grey mold@2,Grey mold@2
1791488116.918,15:35:16,180,180,0,0.0,0.0,0.0,0.0,0.0,,White harpy@3
1791488170.458,15:36:10,180,180,0,0.0,0.0,0.0,0.0,0.0,,Orc shaman@19; Blubbering icky thing@4
1791488171.483,15:36:11,180,180,0,0.0,0.0,0.0,0.0,0.0,,Orc shaman@18; Blubbering icky thing@4
1791488172.508,15:36:12,180,180,0,0.0,0.0,0.0,0.0,0.0,,Orc shaman@16; Blubbering icky thing@4
1791488173.528,15:36:13,180,180,0,0.0,0.0,0.0,0.0,0.0,,Orc shaman@15; Blubbering icky thing@4
1791488174.554,15:36:14,180,180,0,0.0,0.0,0.0,0.0,0.0,,Orc shaman@13; Blubbering icky thing@4
1791488175.577,15:36:15,180,180,0,0.0,0.0,0.0,0.0,0.0,,Orc shaman@12; Blubbering icky thing@4
1791488176.599,15:36:16,180,180,0,0.0,0.0,0.0,0.0,0.0,,Orc shaman@10; Blubbering icky thing@3
1791488177.623,15:36:17,180,180,0,0.0,0.0,0.0,0.0,0.0,,Orc shaman@9; Blubbering icky thing@3
1791488198.891,15:36:38,180,180,0,0.0,0.0,0.0,0.0,0.0,,Green mold@8
1791488199.911,15:36:39,180,180,0,0.0,0.0,0.0,0.0,0.0,,Green mold@7
1791488200.943,15:36:40,180,180,0,0.0,0.0,0.0,0.0,0.0,,Green mold@4
1791488201.962,15:36:41,180,180,0,0.0,0.0,0.0,0.0,0.0,,Green mold@3
1791488202.987,15:36:42,180,180,4,1.2,0.9,0.02,0.007,0.005,Green mold@1,Green mold@1
1791488204.01,15:36:44,180,180,4,1.2,0.9,0.02,0.007,0.005,Green mold@1,Green mold@1
1791488205.034,15:36:45,178,180,4,1.2,0.9,0.02,0.007,0.005,Green mold@1,Green mold@1
1791488206.057,15:36:46,178,180,0,0.0,0.0,0.0,0.0,0.0,,Green mold@3
1791488207.081,15:36:47,179,180,0,0.0,0.0,0.0,0.0,0.0,,Green mold@4
1791488208.106,15:36:48,180,180,0,0.0,0.0,0.0,0.0,0.0,,Green mold@6
1791488209.128,15:36:49,180,180,0,0.0,0.0,0.0,0.0,0.0,,Green mold@7
1791488215.893,15:36:55,180,180,0,0.0,0.0,0.0,0.0,0.0,,Green mold@13
1791488216.914,15:36:56,180,180,0,0.0,0.0,0.0,0.0,0.0,,Green mold@14
1791488217.939,15:36:57,180,180,0,0.0,0.0,0.0,0.0,0.0,,Green mold@16
1791488218.96,15:36:58,180,180,0,0.0,0.0,0.0,0.0,0.0,,Green mold@17
1791488219.983,15:36:59,180,180,0,0.0,0.0,0.0,0.0,0.0,,Green mold@19
1791488221.38,15:37:01,180,180,0,0.0,0.0,0.0,0.0,0.0,,Green mold@20
1791488225.787,15:37:05,180,180,0,0.0,0.0,0.0,0.0,0.0,,Yellow mold@3
1791488226.807,15:37:06,180,180,4,1.6,1.5,0.02,0.009,0.008,Yellow mold@2,Yellow mold@2
1791488227.831,15:37:07,178,180,4,1.6,1.5,0.02,0.009,0.008,Yellow mold@1,Yellow mold@1
1791488251.899,15:37:31,180,180,10,4.1,3.8,0.06,0.023,0.021,Novice ranger@2,Novice ranger@2
1791488253.08,15:37:33,180,180,0,0.0,0.0,0.0,0.0,0.0,,Novice ranger@3
1791488254.107,15:37:34,180,180,10,4.1,3.8,0.06,0.023,0.021,Novice ranger@1,Novice ranger@3; Novice ranger@1
1791488255.136,15:37:35,174,180,30,12.3,11.3,0.17,0.071,0.065,Novice ranger@1; Novice ranger@2; Novice ranger@1,Novice ranger@1; Novice ranger@2; Novice ranger@1
1791488256.629,15:37:36,175,180,0,0.0,0.0,0.0,0.0,0.0,,Novice ranger@3
1791488257.654,15:37:37,164,180,10,4.1,3.8,0.06,0.025,0.023,Novice ranger@2,Novice ranger@2
1791488258.678,15:37:38,157,180,10,4.1,3.8,0.06,0.026,0.024,Novice ranger@1,Novice ranger@1
1791488259.81,15:37:39,158,180,0,0.0,0.0,0.0,0.0,0.0,,Radiation eye@3
1791488260.836,15:37:40,159,180,0,0.0,0.0,0.0,0.0,0.0,,Radiation eye@3
1791488261.884,15:37:41,160,180,56,2.7,2.7,0.35,0.017,0.017,Radiation eye@1,Radiation eye@1
1791488262.91,15:37:42,161,180,56,2.7,2.7,0.35,0.017,0.017,Radiation eye@2,Radiation eye@2
1791488271.135,15:37:51,169,180,20,3.3,3.1,0.12,0.02,0.018,Green naga@2,Green naga@2
1791488272.162,15:37:52,170,180,20,3.3,3.1,0.12,0.019,0.018,Green naga@1,Green naga@1
1791488273.189,15:37:53,158,180,20,3.3,3.1,0.13,0.021,0.02,Green naga@1,Green naga@1
1791488276.839,15:37:56,162,180,0,0.0,0.0,0.0,0.0,0.0,,Radiation eye@3
1791488277.865,15:37:57,163,180,56,2.7,2.7,0.34,0.017,0.017,Radiation eye@2,Radiation eye@2
1791488278.897,15:37:58,164,180,56,2.7,2.7,0.34,0.016,0.016,Radiation eye@1,Radiation eye@1
1791488279.925,15:37:59,165,180,56,2.7,2.7,0.34,0.016,0.016,Radiation eye@1,Radiation eye@1
1791488280.953,15:38:00,166,180,0,0.0,0.0,0.0,0.0,0.0,,Radiation eye@3
1791488354.437,15:39:14,180,180,0,0.0,0.0,0.0,0.0,0.0,,Giant white rat@3
1791488355.466,15:39:15,180,180,0,0.0,0.0,0.0,0.0,0.0,,Giant white rat@3
1791488356.497,15:39:16,180,180,3,0.1,0.1,0.02,0.001,0.001,Giant white rat@2,Giant white rat@2
1791488366.375,15:39:26,180,180,0,0.0,0.0,0.0,0.0,0.0,,Hippogriff@3
1791488367.41,15:39:27,167,180,20,8.4,7.8,0.12,0.05,0.047,Hippogriff@1,Hippogriff@1
1791488368.443,15:39:28,168,180,0,0.0,0.0,0.0,0.0,0.0,,Hippogriff@3; Green mold@8
1791488369.47,15:39:29,168,180,20,8.4,7.8,0.12,0.05,0.046,Hippogriff@2,Hippogriff@2; Green mold@7
1791488370.497,15:39:30,158,180,20,8.4,7.8,0.13,0.053,0.049,Hippogriff@1,Hippogriff@1; Green mold@7
1791488371.528,15:39:31,160,180,20,8.4,7.8,0.12,0.053,0.049,Hippogriff@1,Hippogriff@1; Green mold@7
1791488372.56,15:39:32,151,180,0,0.0,0.0,0.0,0.0,0.0,,Green mold@8
1791488373.587,15:39:33,152,180,0,0.0,0.0,0.0,0.0,0.0,,Green mold@9
1791488374.612,15:39:34,153,180,0,0.0,0.0,0.0,0.0,0.0,,Green mold@10
1791488375.639,15:39:35,154,180,0,0.0,0.0,0.0,0.0,0.0,,Green mold@12
1791488376.662,15:39:36,155,180,0,0.0,0.0,0.0,0.0,0.0,,Green mold@13
1791488377.684,15:39:37,156,180,0,0.0,0.0,0.0,0.0,0.0,,Green mold@13
1791488391.848,15:39:51,179,180,12,5.2,4.9,0.07,0.029,0.027,Zombified orc@2,Zombified orc@2
1791488392.877,15:39:52,176,180,12,5.2,4.9,0.07,0.03,0.028,Zombified orc@1,Zombified orc@1
1791488393.906,15:39:53,176,180,12,5.2,4.9,0.07,0.03,0.028,Zombified orc@1,Zombified orc@1
1791488424.644,15:40:24,189,189,0,0.0,0.0,0.0,0.0,0.0,,Novice mage@9
1791488425.677,15:40:25,189,189,0,0.0,0.0,0.0,0.0,0.0,,Novice mage@6
1791488426.709,15:40:26,189,189,4,1.7,1.5,0.02,0.009,0.008,Novice mage@2,Novice mage@2
1791488427.738,15:40:27,187,189,4,1.7,1.5,0.02,0.009,0.008,Novice mage@1,Novice mage@1
1791488433.536,15:40:33,189,189,0,0.0,0.0,0.0,0.0,0.0,,Green naga@3
1791488434.568,15:40:34,189,189,20,3.3,3.1,0.11,0.017,0.016,Green naga@1,Green naga@1
1791488485.748,15:41:25,189,189,0,0.0,0.0,0.0,0.0,0.0,,Panther@19
1791488486.784,15:41:26,189,189,0,0.0,0.0,0.0,0.0,0.0,,Panther@15
1791488487.934,15:41:27,189,189,32,12.5,11.6,0.17,0.066,0.061,Panther@3,Panther@3
1791488488.966,15:41:28,189,189,32,12.5,11.6,0.17,0.066,0.061,Panther@1,Panther@1
1791488489.997,15:41:29,164,189,32,12.5,11.6,0.2,0.076,0.071,Panther@1,Panther@1
1791488559.954,15:42:39,189,189,4,1.7,1.5,0.02,0.009,0.008,Novice mage@1,Novice mage@1
1791488560.987,15:42:40,189,189,4,1.7,1.5,0.02,0.009,0.008,Novice mage@2,Novice mage@2
1791488562.031,15:42:42,189,189,12,5.0,4.6,0.06,0.026,0.024,Novice mage@2; Novice mage@1; Novice mage@1,Novice mage@5; Novice mage@4; Novice mage@3; Novice mage@3; Novice mage@2; Novice mage@1; Novice mage@1
1791488563.276,15:42:43,189,189,12,5.0,4.6,0.06,0.026,0.024,Novice mage@2; Novice mage@1; Novice mage@1,Novice mage@4; Novice mage@4; Novice mage@3; Novice mage@2; Novice mage@1; Novice mage@1
1791488564.319,15:42:44,186,189,16,6.7,6.1,0.09,0.036,0.033,Novice mage@2; Novice mage@2; Novice mage@1; Novice mage@1,Novice mage@5; Novice mage@4; Novice mage@3; Novice mage@3; Novice mage@2; Novice mage@2; Novice mage@1; Novice mage@1
1791488565.367,15:42:45,188,189,8,3.3,3.1,0.04,0.018,0.016,Novice mage@2; Novice mage@2,Novice mage@4; Novice mage@4; Novice mage@3; Novice mage@3; Novice mage@2; Novice mage@2
1791488566.415,15:42:46,187,189,12,5.0,4.6,0.06,0.027,0.025,Novice mage@2; Novice mage@2; Novice mage@1,Novice mage@3; Novice mage@3; Novice mage@2; Novice mage@2; Novice mage@1; Novice mage@3
1791488567.444,15:42:47,188,189,4,1.7,1.5,0.02,0.009,0.008,Novice mage@1,Novice mage@3; Novice mage@3; Novice mage@1; Novice mage@7
1791488568.482,15:42:48,188,189,8,3.3,3.1,0.04,0.018,0.016,Novice mage@2; Novice mage@1,Novice mage@2; Novice mage@1; Novice mage@5
1791488569.522,15:42:49,189,189,0,0.0,0.0,0.0,0.0,0.0,,Novice mage@4
1791488570.664,15:42:50,189,189,0,0.0,0.0,0.0,0.0,0.0,,Novice mage@3
1791488571.966,15:42:51,189,189,0,0.0,0.0,0.0,0.0,0.0,,Novice mage@3
1791488572.997,15:42:52,189,189,0,0.0,0.0,0.0,0.0,0.0,,Novice mage@3
1791488574.041,15:42:54,189,189,4,1.7,1.5,0.02,0.009,0.008,Novice mage@2,Novice mage@2
1791488575.078,15:42:55,189,189,4,1.7,1.5,0.02,0.009,0.008,Novice mage@2,Novice mage@2
1791488576.123,15:42:56,189,189,4,1.7,1.5,0.02,0.009,0.008,Novice mage@2,Novice mage@2
1791488577.163,15:42:57,189,189,4,1.7,1.5,0.02,0.009,0.008,Novice mage@1,Novice mage@1
1791488578.203,15:42:58,189,189,4,1.7,1.5,0.02,0.009,0.008,Novice mage@1,Novice mage@1
1791488579.242,15:42:59,187,189,4,1.7,1.5,0.02,0.009,0.008,Novice mage@1,Novice mage@1
1791488580.281,15:43:00,186,189,4,1.7,1.5,0.02,0.009,0.008,Novice mage@2,Novice mage@2
1791488581.322,15:43:01,187,189,4,1.7,1.5,0.02,0.009,0.008,Novice mage@2,Novice mage@2
1791488582.359,15:43:02,188,189,4,1.7,1.5,0.02,0.009,0.008,Novice mage@2,Novice mage@2
1791488583.398,15:43:03,189,189,4,1.7,1.5,0.02,0.009,0.008,Novice mage@2,Novice mage@2
1791488584.432,15:43:04,189,189,4,1.7,1.5,0.02,0.009,0.008,Novice mage@2,Novice mage@2
1791488585.473,15:43:05,189,189,4,1.7,1.5,0.02,0.009,0.008,Novice mage@2,Novice mage@2
1791488790.145,15:46:30,189,189,0,0.0,0.0,0.0,0.0,0.0,,Yellow mushroom patch@3
1791488791.177,15:46:31,189,189,0,0.0,0.0,0.0,0.0,0.0,,Yellow mushroom patch@3
1791488792.217,15:46:32,189,189,6,0.2,0.2,0.03,0.001,0.001,Yellow mushroom patch@1,Yellow mushroom patch@1
1791488797.311,15:46:37,189,189,124,6.5,5.8,0.66,0.034,0.031,Rot jelly@3,Rot jelly@3
1791488798.345,15:46:38,189,189,124,6.5,5.8,0.66,0.034,0.031,Rot jelly@3,Rot jelly@3
1791488799.381,15:46:39,189,189,124,6.5,5.8,0.66,0.034,0.031,Rot jelly@1,Rot jelly@1
1791488800.413,15:46:40,189,189,124,6.5,5.8,0.66,0.034,0.031,Rot jelly@2,Rot jelly@2
1791488804.36,15:46:44,189,189,124,6.5,5.8,0.66,0.034,0.031,Rot jelly@3,Rot jelly@3
1791488805.392,15:46:45,189,189,124,6.5,5.8,0.66,0.034,0.031,Rot jelly@3,Rot jelly@3
1791488806.426,15:46:46,189,189,124,6.5,5.8,0.66,0.034,0.031,Rot jelly@1,Rot jelly@1
1791488807.429,15:46:47,185,189,124,6.5,5.8,0.67,0.035,0.031,Rot jelly@1,Rot jelly@1
1791488808.471,15:46:48,186,189,124,6.5,5.8,0.67,0.035,0.031,Rot jelly@2,Rot jelly@2
1791488809.511,15:46:49,186,189,124,6.5,5.8,0.67,0.035,0.031,Rot jelly@3,Rot jelly@3
1791488812.946,15:46:52,189,189,124,6.5,5.8,0.66,0.034,0.031,Rot jelly@3,Rot jelly@3
1791488813.977,15:46:53,189,189,124,6.5,5.8,0.66,0.034,0.031,Rot jelly@2,Rot jelly@2
1791488815.017,15:46:55,189,189,124,6.5,5.8,0.66,0.034,0.031,Rot jelly@1,Rot jelly@1
1791488816.06,15:46:56,185,189,124,6.5,5.8,0.67,0.035,0.031,Rot jelly@1,Rot jelly@1
1791488817.103,15:46:57,186,189,124,6.5,5.8,0.67,0.035,0.031,Rot jelly@3,Rot jelly@3
1791488884.631,15:48:04,189,189,0,0.0,0.0,0.0,0.0,0.0,,Brown mold@3
1791488885.67,15:48:05,189,189,0,0.0,0.0,0.0,0.0,0.0,,Brown mold@3
1791488886.712,15:48:06,189,189,0,0.0,0.0,0.0,0.0,0.0,,Brown mold@3
1791488887.912,15:48:07,189,189,0,0.0,0.0,0.0,0.0,0.0,,Brown mold@3
1791488888.948,15:48:08,189,189,0,0.0,0.0,0.0,0.0,0.0,,Brown mold@3
1791488890.407,15:48:10,189,189,124,6.5,5.8,0.66,0.034,0.031,Rot jelly@3,Rot jelly@3
1791488891.442,15:48:11,189,189,124,6.5,5.8,0.66,0.034,0.031,Rot jelly@3,Rot jelly@3
1791488892.484,15:48:12,189,189,4,0.9,0.6,0.02,0.005,0.003,Brown mold@1,Brown mold@1
1791488893.518,15:48:13,189,189,128,7.4,6.4,0.68,0.039,0.034,Brown mold@2; Rot jelly@2,Brown mold@2; Rot jelly@2
1791488894.555,15:48:14,189,189,124,6.5,5.8,0.66,0.034,0.031,Rot jelly@1,Rot jelly@1
1791488895.596,15:48:15,183,189,124,6.5,5.8,0.68,0.036,0.032,Rot jelly@1,Rot jelly@1
1791488896.642,15:48:16,184,189,124,6.5,5.8,0.67,0.035,0.032,Rot jelly@3,Rot jelly@3
1791488909.2,15:48:29,189,189,124,6.5,5.8,0.66,0.034,0.031,Rot jelly@3,Rot jelly@3
1791488910.231,15:48:30,189,189,124,6.5,5.8,0.66,0.034,0.031,Rot jelly@3,Rot jelly@3
1791488911.265,15:48:31,189,189,124,6.5,5.8,0.66,0.034,0.031,Rot jelly@1,Rot jelly@1
1791488912.299,15:48:32,187,189,124,6.5,5.8,0.66,0.035,0.031,Rot jelly@1,Rot jelly@1
1791488913.337,15:48:33,184,189,124,6.5,5.8,0.67,0.035,0.032,Rot jelly@2,Rot jelly@2
1791488914.37,15:48:34,186,189,124,6.5,5.8,0.67,0.035,0.031,Rot jelly@3,Rot jelly@3
1791488926.199,15:48:46,189,189,124,6.5,5.8,0.66,0.034,0.031,Rot jelly@3,Rot jelly@3
1791488927.229,15:48:47,189,189,124,6.5,5.8,0.66,0.034,0.031,Rot jelly@2,Rot jelly@2
1791488928.269,15:48:48,189,189,124,6.5,5.8,0.66,0.034,0.031,Rot jelly@1,Rot jelly@1
1791488929.303,15:48:49,183,189,124,6.5,5.8,0.68,0.036,0.032,Rot jelly@1,Brown mold@3; Rot jelly@1
1791488930.335,15:48:50,184,189,128,7.4,6.4,0.7,0.04,0.035,Brown mold@2; Rot jelly@2,Brown mold@2; Rot jelly@2
1791488931.372,15:48:51,184,189,4,0.9,0.6,0.02,0.005,0.003,Brown mold@2,Brown mold@2
1791488932.408,15:48:52,186,189,4,0.9,0.6,0.02,0.005,0.003,Brown mold@2,Brown mold@2
1791488933.443,15:48:53,187,189,4,0.9,0.6,0.02,0.005,0.003,Brown mold@2,Brown mold@2
1791488934.484,15:48:54,187,189,4,0.9,0.6,0.02,0.005,0.003,Brown mold@2,Brown mold@2
1791488935.525,15:48:55,189,189,4,0.9,0.6,0.02,0.005,0.003,Brown mold@2,Brown mold@2
1791488936.556,15:48:56,189,189,0,0.0,0.0,0.0,0.0,0.0,,Brown mold@3
1791488953.209,15:49:13,189,189,0,0.0,0.0,0.0,0.0,0.0,,Pseudo-dragon@3
1791488954.246,15:49:14,189,189,11,4.9,4.5,0.06,0.026,0.024,Pseudo-dragon@1,Pseudo-dragon@1
1791488955.281,15:49:15,183,189,11,4.9,4.5,0.06,0.027,0.025,Pseudo-dragon@1,Pseudo-dragon@1
1791488956.319,15:49:16,175,189,11,4.9,4.5,0.06,0.028,0.026,Pseudo-dragon@1,Pseudo-dragon@1
1791488957.355,15:49:17,176,189,11,4.9,4.5,0.06,0.028,0.026,Pseudo-dragon@1,Pseudo-dragon@1
1791488958.391,15:49:18,172,189,11,4.9,4.5,0.06,0.028,0.026,Pseudo-dragon@1,Pseudo-dragon@1
1791488991.596,15:49:51,189,189,0,0.0,0.0,0.0,0.0,0.0,,Green mold@3
1791488992.619,15:49:52,189,189,0,0.0,0.0,0.0,0.0,0.0,,Green mold@3
1791488993.644,15:49:53,189,189,4,1.2,0.9,0.02,0.006,0.005,Green mold@1,Green mold@1
1791488994.667,15:49:54,189,189,4,1.2,0.9,0.02,0.006,0.005,Green mold@1,Green mold@1
1791488995.69,15:49:55,189,189,4,1.2,0.9,0.02,0.006,0.005,Green mold@1,Green mold@1
1791488999.191,15:49:59,189,189,0,0.0,0.0,0.0,0.0,0.0,,Dark elven warrior@20
1791489000.212,15:50:00,189,189,0,0.0,0.0,0.0,0.0,0.0,,Dark elven warrior@19
1791489001.241,15:50:01,189,189,0,0.0,0.0,0.0,0.0,0.0,,Dark elven warrior@15
1791489002.286,15:50:02,189,189,0,0.0,0.0,0.0,0.0,0.0,,Dark elven warrior@12
1791489003.311,15:50:03,189,189,0,0.0,0.0,0.0,0.0,0.0,,Dark elven warrior@9
1791489004.336,15:50:04,189,189,0,0.0,0.0,0.0,0.0,0.0,,Dark elven warrior@5
1791489005.359,15:50:05,189,189,0,0.0,0.0,0.0,0.0,0.0,,Dark elven warrior@3
1791489006.389,15:50:06,185,189,16,6.2,5.8,0.09,0.034,0.031,Dark elven warrior@2,Dark elven warrior@2
1791489007.413,15:50:07,186,189,0,0.0,0.0,0.0,0.0,0.0,,Dark elven warrior@3
1791489008.439,15:50:08,187,189,0,0.0,0.0,0.0,0.0,0.0,,Dark elven warrior@3
1791489009.464,15:50:09,188,189,0,0.0,0.0,0.0,0.0,0.0,,Dark elven warrior@3
1791489010.493,15:50:10,189,189,156,7.7,7.7,0.83,0.041,0.041,Purple mushroom patch@2,Purple mushroom patch@2; Dark elven warrior@3
1791489011.519,15:50:11,176,178,172,14.0,13.5,0.98,0.08,0.077,Purple mushroom patch@1; Dark elven warrior@2,Purple mushroom patch@1; Dark elven warrior@2
1791489012.546,15:50:12,177,178,16,6.2,5.8,0.09,0.035,0.033,Dark elven warrior@1,Purple mushroom patch@3; Dark elven warrior@1
1791489013.57,15:50:13,172,178,16,6.2,5.8,0.09,0.036,0.034,Dark elven warrior@2,Dark elven warrior@2
1791489014.598,15:50:14,173,178,156,7.7,7.7,0.9,0.045,0.045,Purple mushroom patch@2,Purple mushroom patch@2
1791489015.624,15:50:15,174,178,156,7.7,7.7,0.9,0.044,0.044,Purple mushroom patch@2,Purple mushroom patch@2
1791489016.648,15:50:16,174,178,0,0.0,0.0,0.0,0.0,0.0,,Purple mushroom patch@3
1791489018.187,15:50:18,177,178,0,0.0,0.0,0.0,0.0,0.0,,Dark elven warrior@3
1791489019.21,15:50:19,177,178,0,0.0,0.0,0.0,0.0,0.0,,Dark elven warrior@3
1791489020.238,15:50:20,175,178,16,6.2,5.8,0.09,0.035,0.033,Dark elven warrior@1,Dark elven warrior@1
1791489021.263,15:50:21,175,178,16,6.2,5.8,0.09,0.035,0.033,Dark elven warrior@1,Dark elven warrior@1; Purple mushroom patch@3
1791489022.293,15:50:22,171,178,156,7.7,7.7,0.91,0.045,0.045,Purple mushroom patch@2,Purple mushroom patch@2
1791489023.316,15:50:23,172,178,0,0.0,0.0,0.0,0.0,0.0,,Dark elven warrior@3
1791489025.418,15:50:25,174,178,16,6.2,5.8,0.09,0.036,0.033,Dark elven warrior@2,Dark elven warrior@2
1791489026.46,15:50:26,167,178,16,6.2,5.8,0.1,0.037,0.035,Dark elven warrior@1,Dark elven warrior@1
1791489027.485,15:50:27,167,178,16,6.2,5.8,0.1,0.037,0.035,Dark elven warrior@1,Dark elven warrior@1
1791489042.372,15:50:42,178,178,0,0.0,0.0,0.0,0.0,0.0,,Purple mushroom patch@3
1791489043.393,15:50:43,178,178,0,0.0,0.0,0.0,0.0,0.0,,Purple mushroom patch@3
1791489044.416,15:50:44,178,178,156,7.7,7.7,0.88,0.043,0.043,Purple mushroom patch@1,Purple mushroom patch@1
1791489045.441,15:50:45,167,170,156,7.7,7.7,0.93,0.046,0.046,Purple mushroom patch@2,Purple mushroom patch@2
1791489060.716,15:51:00,170,170,0,0.0,0.0,0.0,0.0,0.0,,Green mold@7
1791489061.736,15:51:01,170,170,0,0.0,0.0,0.0,0.0,0.0,,Green mold@6
1791489062.762,15:51:02,170,170,0,0.0,0.0,0.0,0.0,0.0,,Green mold@4
1791489063.784,15:51:03,170,170,0,0.0,0.0,0.0,0.0,0.0,,Green mold@3
1791489064.807,15:51:04,170,170,4,1.2,0.9,0.02,0.007,0.005,Green mold@1,Green mold@1
1791489065.828,15:51:05,170,170,4,1.2,0.9,0.02,0.007,0.005,Green mold@1,Green mold@1
1791489066.851,15:51:06,168,170,4,1.2,0.9,0.02,0.007,0.005,Green mold@1,Green mold@1
1791489067.878,15:51:07,169,170,0,0.0,0.0,0.0,0.0,0.0,,Green mold@19
1791489068.899,15:51:08,170,170,0,0.0,0.0,0.0,0.0,0.0,,Green mold@19
1791489069.921,15:51:09,170,170,0,0.0,0.0,0.0,0.0,0.0,,Green mold@17
1791489070.944,15:51:10,170,170,0,0.0,0.0,0.0,0.0,0.0,,Green mold@15
1791489074.072,15:51:14,170,170,0,0.0,0.0,0.0,0.0,0.0,,Green mold@9
1791489075.097,15:51:15,170,170,0,0.0,0.0,0.0,0.0,0.0,,Green mold@5
1791489076.12,15:51:16,170,170,4,1.6,1.5,0.02,0.009,0.009,Scruffy looking hobbit@2,Green mold@4; Scruffy looking hobbit@2
1791489077.149,15:51:17,166,170,8,2.8,2.4,0.05,0.017,0.014,Green mold@2; Scruffy looking hobbit@2,Green mold@2; Scruffy looking hobbit@2
1791489078.174,15:51:18,166,170,4,1.6,1.5,0.02,0.01,0.009,Scruffy looking hobbit@1,Green mold@3; Scruffy looking hobbit@1
1791489079.201,15:51:19,165,170,0,0.0,0.0,0.0,0.0,0.0,,Green mold@5
1791489080.223,15:51:20,166,170,0,0.0,0.0,0.0,0.0,0.0,,Green mold@6
1791489086.689,15:51:26,170,170,0,0.0,0.0,0.0,0.0,0.0,,Green mold@14
1791489092.984,15:51:32,170,170,0,0.0,0.0,0.0,0.0,0.0,,Hippogriff@3
1791489094.01,15:51:34,170,170,20,8.4,7.8,0.12,0.049,0.046,Hippogriff@2,Hippogriff@2
1791489095.034,15:51:35,158,170,20,8.4,7.8,0.13,0.053,0.049,Hippogriff@1,Hippogriff@1
1791489096.056,15:51:36,158,170,20,8.4,7.8,0.13,0.053,0.049,Hippogriff@1,Hippogriff@1
1791489158.033,15:52:38,170,170,0,0.0,0.0,0.0,0.0,0.0,,Green mold@11
1791489159.062,15:52:39,170,170,0,0.0,0.0,0.0,0.0,0.0,,Green mold@12
1791489160.087,15:52:40,170,170,0,0.0,0.0,0.0,0.0,0.0,,Green mold@13
1791489171.185,15:52:51,170,170,0,0.0,0.0,0.0,0.0,0.0,,Green mold@14
1791489172.209,15:52:52,170,170,0,0.0,0.0,0.0,0.0,0.0,,Green mold@14
1791489173.233,15:52:53,170,170,0,0.0,0.0,0.0,0.0,0.0,,Green mold@14
1791489194.141,15:53:14,170,170,0,0.0,0.0,0.0,0.0,0.0,,Green mold@6
1791489195.162,15:53:15,170,170,0,0.0,0.0,0.0,0.0,0.0,,Green mold@5
1791489196.187,15:53:16,170,170,0,0.0,0.0,0.0,0.0,0.0,,Green mold@3
1791489197.208,15:53:17,170,170,0,0.0,0.0,0.0,0.0,0.0,,Green mold@3
1791489198.228,15:53:18,170,170,0,0.0,0.0,0.0,0.0,0.0,,Green mold@3
1791489199.252,15:53:19,170,170,0,0.0,0.0,0.0,0.0,0.0,,Green mold@3
1791489200.276,15:53:20,170,170,0,0.0,0.0,0.0,0.0,0.0,,Green mold@3
1791489201.298,15:53:21,170,170,0,0.0,0.0,0.0,0.0,0.0,,Green mold@3
1791489202.325,15:53:22,170,170,0,0.0,0.0,0.0,0.0,0.0,,Green mold@4
1791489203.35,15:53:23,170,170,0,0.0,0.0,0.0,0.0,0.0,,Green mold@5
1791489212.583,15:53:32,170,170,0,0.0,0.0,0.0,0.0,0.0,,Green mold@12
1791489213.605,15:53:33,170,170,0,0.0,0.0,0.0,0.0,0.0,,Green mold@12
1791489308.283,15:55:08,170,170,6,0.7,0.2,0.04,0.004,0.001,Blue jelly@2,Blue jelly@2
1791489309.307,15:55:09,170,170,6,0.7,0.2,0.04,0.004,0.001,Blue jelly@1,Blue jelly@1
1791489347.171,15:55:47,170,170,0,0.0,0.0,0.0,0.0,0.0,,Yellow mold@3
1791489348.197,15:55:48,170,170,0,0.0,0.0,0.0,0.0,0.0,,Yellow mold@3
1791489349.231,15:55:49,170,170,4,1.6,1.5,0.02,0.009,0.009,Yellow mold@2,Yellow mold@2
1791489400.476,15:56:40,170,170,0,0.0,0.0,0.0,0.0,0.0,,Hill orc@20
1791489401.526,15:56:41,170,170,0,0.0,0.0,0.0,0.0,0.0,,Hill orc@18; Hill orc@19; Hill orc@20; Hill orc@19
1791489402.572,15:56:42,170,170,0,0.0,0.0,0.0,0.0,0.0,,Hill orc@11; Hill orc@12; Hill orc@13; Hill orc@12
1791489403.762,15:56:43,170,170,0,0.0,0.0,0.0,0.0,0.0,,Hill orc@7
1791489404.797,15:56:44,170,170,0,0.0,0.0,0.0,0.0,0.0,,Hill orc@6; Hill orc@9; Hill orc@3; Hill orc@8
1791489405.834,15:56:45,170,170,10,3.7,3.5,0.06,0.022,0.021,Hill orc@1,Hill orc@1; Hill orc@3
1791489406.863,15:56:46,163,170,10,3.7,3.5,0.06,0.023,0.021,Hill orc@1,Hill orc@1
1791489407.892,15:56:47,160,170,10,3.7,3.5,0.06,0.023,0.022,Hill orc@1,Hill orc@1; Hill orc@3
1791489408.921,15:56:48,151,170,20,7.5,6.9,0.13,0.05,0.046,Hill orc@1; Hill orc@2,Hill orc@1; Hill orc@2
1791489409.951,15:56:49,143,170,10,3.7,3.5,0.07,0.026,0.024,Hill orc@1,Hill orc@1
1791489411.713,15:56:51,144,170,10,3.7,3.5,0.07,0.026,0.024,Hill orc@2,Hill orc@6; Hill orc@2
1791489412.748,15:56:52,145,170,10,3.7,3.5,0.07,0.026,0.024,Hill orc@1,Hill orc@6; Hill orc@1
1791489413.779,15:56:53,137,170,10,3.7,3.5,0.07,0.027,0.026,Hill orc@1,Hill orc@5; Hill orc@1
1791489414.812,15:56:54,135,170,10,3.7,3.5,0.07,0.027,0.026,Hill orc@1,Hill orc@5; Hill orc@1
1791489415.846,15:56:55,135,170,0,0.0,0.0,0.0,0.0,0.0,,Hill orc@4
1791489416.887,15:56:56,137,170,0,0.0,0.0,0.0,0.0,0.0,,Hill orc@4
1791489417.92,15:56:57,137,170,0,0.0,0.0,0.0,0.0,0.0,,Hill orc@5
1791489418.958,15:56:58,138,170,0,0.0,0.0,0.0,0.0,0.0,,Hill orc@7
1791489419.99,15:56:59,139,170,0,0.0,0.0,0.0,0.0,0.0,,Hill orc@6
1791489421.022,15:57:01,140,170,0,0.0,0.0,0.0,0.0,0.0,,Hill orc@6
1791489449.932,15:57:29,170,170,0,0.0,0.0,0.0,0.0,0.0,,Hill orc@7
1791489450.96,15:57:30,170,170,0,0.0,0.0,0.0,0.0,0.0,,Hill orc@7
1791489456.502,15:57:36,170,170,0,0.0,0.0,0.0,0.0,0.0,,Snaga@17
1791489457.527,15:57:37,170,170,0,0.0,0.0,0.0,0.0,0.0,,Snaga@17
1791489458.564,15:57:38,170,170,8,3.0,2.8,0.05,0.018,0.016,Snaga@2,Snaga@2
1791489459.595,15:57:39,170,170,8,3.0,2.8,0.05,0.018,0.016,Snaga@1,Snaga@1
1791489461.358,15:57:41,170,170,16,6.0,5.5,0.09,0.035,0.032,Snaga@2; Snaga@2,Snaga@2; Snaga@2
1791489462.39,15:57:42,170,170,24,9.0,8.3,0.14,0.053,0.049,Snaga@1; Snaga@1; Snaga@2,Snaga@1; Snaga@1; Snaga@2
1791489463.424,15:57:43,168,170,16,6.0,5.5,0.1,0.036,0.033,Snaga@1; Snaga@1,Snaga@1; Snaga@1
1791489464.46,15:57:44,163,170,8,3.0,2.8,0.05,0.018,0.017,Snaga@1,Snaga@1
1791489465.494,15:57:45,164,170,8,3.0,2.8,0.05,0.018,0.017,Snaga@2,Snaga@2
1791489466.528,15:57:46,164,170,8,3.0,2.8,0.05,0.018,0.017,Snaga@2,Snaga@2
1791489467.569,15:57:47,165,170,8,3.0,2.8,0.05,0.018,0.017,Snaga@2,Snaga@2
1791489468.604,15:57:48,166,170,0,0.0,0.0,0.0,0.0,0.0,,Snaga@3
1791489469.64,15:57:49,167,170,8,3.0,2.8,0.05,0.018,0.017,Snaga@2,Snaga@2
1791489470.676,15:57:50,168,170,0,0.0,0.0,0.0,0.0,0.0,,Snaga@3
1791489471.711,15:57:51,169,170,8,3.0,2.8,0.05,0.018,0.017,Snaga@2,Snaga@2
1791489472.745,15:57:52,169,170,0,0.0,0.0,0.0,0.0,0.0,,Snaga@3
1791489473.783,15:57:53,170,170,0,0.0,0.0,0.0,0.0,0.0,,Snaga@3
1791489474.819,15:57:54,170,170,0,0.0,0.0,0.0,0.0,0.0,,Snaga@3
1791489475.846,15:57:55,170,170,0,0.0,0.0,0.0,0.0,0.0,,Snaga@4
1791489476.879,15:57:56,170,170,0,0.0,0.0,0.0,0.0,0.0,,Snaga@6
1791489477.908,15:57:57,170,170,0,0.0,0.0,0.0,0.0,0.0,,Snaga@6
1791489478.937,15:57:58,170,170,0,0.0,0.0,0.0,0.0,0.0,,Snaga@6
1791489479.97,15:57:59,170,170,0,0.0,0.0,0.0,0.0,0.0,,Snaga@5
1791489482.778,15:58:02,170,170,24,9.0,8.3,0.14,0.053,0.049,Snaga@1; Snaga@2; Snaga@2,Snaga@1; Snaga@2; Snaga@2
1791489483.812,15:58:03,170,170,24,9.0,8.3,0.14,0.053,0.049,Snaga@2; Snaga@2; Snaga@2,Snaga@2; Snaga@2; Snaga@2
1791489484.845,15:58:04,170,170,24,9.0,8.3,0.14,0.053,0.049,Snaga@1; Snaga@2; Snaga@2,Snaga@1; Snaga@2; Snaga@2
1791489485.878,15:58:05,170,170,24,9.0,8.3,0.14,0.053,0.049,Snaga@2; Snaga@2; Snaga@2,Snaga@2; Snaga@2; Snaga@2
1791489486.912,15:58:06,170,170,16,6.0,5.5,0.09,0.035,0.032,Snaga@2; Snaga@2,Snaga@2; Snaga@2; Snaga@3
1791489487.95,15:58:07,168,170,8,3.0,2.8,0.05,0.018,0.017,Snaga@2,Snaga@2
1791489488.983,15:58:08,162,170,8,3.0,2.8,0.05,0.019,0.017,Snaga@1,Snaga@1
1791489490.224,15:58:10,163,170,8,3.0,2.8,0.05,0.018,0.017,Snaga@1,Snaga@1
1791489491.253,15:58:11,163,170,8,3.0,2.8,0.05,0.018,0.017,Snaga@1,Snaga@1
1791489492.289,15:58:12,156,170,8,3.0,2.8,0.05,0.019,0.018,Snaga@1,Snaga@1
1791489493.322,15:58:13,157,170,8,3.0,2.8,0.05,0.019,0.018,Snaga@1,Snaga@1
1791489494.353,15:58:14,154,170,8,3.0,2.8,0.05,0.019,0.018,Snaga@1,Snaga@1
1791489497.15,15:58:17,156,170,0,0.0,0.0,0.0,0.0,0.0,,Snaga@3
1791489498.189,15:58:18,157,170,8,3.0,2.8,0.05,0.019,0.018,Snaga@2,Snaga@2
1791489499.639,15:58:19,158,170,8,3.0,2.8,0.05,0.019,0.018,Snaga@2,Snaga@2
1791489503.773,15:58:23,161,170,0,0.0,0.0,0.0,0.0,0.0,,Snaga@3
1791489504.91,15:58:24,162,170,8,3.0,2.8,0.05,0.019,0.017,Snaga@2,Snaga@2
1791489505.943,15:58:25,163,170,8,3.0,2.8,0.05,0.018,0.017,Snaga@2,Snaga@2
1791489506.976,15:58:26,158,170,8,3.0,2.8,0.05,0.019,0.018,Snaga@1,Snaga@1
1791489508.013,15:58:28,159,170,8,3.0,2.8,0.05,0.019,0.018,Snaga@2,Snaga@2
1791489509.044,15:58:29,160,170,16,6.0,5.5,0.1,0.037,0.034,Snaga@1; Snaga@2,Snaga@1; Snaga@2
1791489510.078,15:58:30,154,170,0,0.0,0.0,0.0,0.0,0.0,,Snaga@3
1791489511.112,15:58:31,155,170,0,0.0,0.0,0.0,0.0,0.0,,Snaga@3
1791489512.152,15:58:32,156,170,0,0.0,0.0,0.0,0.0,0.0,,Snaga@3
1791489513.186,15:58:33,157,170,0,0.0,0.0,0.0,0.0,0.0,,Snaga@3
1791489514.227,15:58:34,158,170,0,0.0,0.0,0.0,0.0,0.0,,Snaga@3
1791489515.262,15:58:35,158,170,8,3.0,2.8,0.05,0.019,0.018,Snaga@2,Snaga@2; Snaga@3
1791489516.295,15:58:36,160,170,0,0.0,0.0,0.0,0.0,0.0,,Snaga@3; Snaga@3
1791489517.33,15:58:37,161,170,0,0.0,0.0,0.0,0.0,0.0,,Snaga@3; Snaga@3
1791489518.363,15:58:38,161,170,0,0.0,0.0,0.0,0.0,0.0,,Snaga@3
