time,depth,level,door_y,door_x,store_name,owner,slot,name,full_name,count,price_each,ask_price,weight_each,gc,ga,attr,examine_text
2026-09-25T19:42:29Z,-12,"1N, 1W",25,157,Store,Zal,0,"a Broad Sword of Gondolin (2d5) (+11,+15)","A Broad Sword of Gondolin (2d5) (+11,+15)",1,83565,,15.0,|,9,1,"It slays orcs, trolls, dragons, and demons.  It provides resistance to dark. It lights the dungeon around you.  It grants you immunity to paralysis and the ability to see invisible things.  It cannot be harmed by acid or fire."
2026-09-25T19:42:29Z,-12,"1N, 1W",25,157,Store,Zal,1,"a Long Sword (Holy Avenger) (2d5) (+14,+14) [+1] (+4)","A Long Sword (Holy Avenger) (2d5) (+14,+14) [+1] (+4)",1,72000,,13.0,|,9,1,"It increases your wisdom by 4.  It slays demons, undead, and all evil creatures.  It provides resistance to fear.  It sustains your wisdom.  It is blessed by the gods.  It grants you the ability to see invisible things."
2026-09-25T19:42:29Z,-12,"1N, 1W",25,157,Store,Zal,2,"a Katana (Holy Avenger) (3d4) (+8,+9) [+3] (+4)","A Katana (Holy Avenger) (3d4) (+8,+9) [+3] (+4)",1,69600,,12.0,|,9,1,"It increases your wisdom by 4.  It slays demons, undead, and all evil creatures.  It provides resistance to fear.  It is blessed by the gods.  It grants you the ability to see invisible things.  It might have hidden powers."
2026-09-25T19:42:29Z,-12,"1N, 1W",25,157,Store,Zal,3,"a Flail (Holy Avenger) (2d6) (+11,+6) [+1] (+4)","A Flail (Holy Avenger) (2d6) (+11,+6) [+1] (+4)",1,68859,,15.0,\,8,1,"It increases your wisdom by 4.  It slays demons, undead, and all evil creatures.  It provides resistance to fear.  It is blessed by the gods.  It grants you the ability to see invisible things.  It might have hidden powers."
2026-09-25T19:42:29Z,-12,"1N, 1W",25,157,Store,Zal,4,"a War Hammer (Holy Avenger) (3d3) (+13,+6) [+2] (+4)","A War Hammer (Holy Avenger) (3d3) (+13,+6) [+2] (+4)",1,69375,,12.0,\,8,1,"It increases your wisdom by 4.  It slays demons, undead, and all evil creatures.  It provides resistance to fear.  It is blessed by the gods.  It grants you the ability to see invisible things.  It might have hidden powers."
2026-09-25T19:42:29Z,-12,"1N, 1W",25,157,Store,Zal,5,"a Scythe (Blessed) (5d3) (+11,+8) (+3)","A Scythe (Blessed) (5d3) (+11,+8) (+3)",1,24900,,25.0,/,2,1,It increases your wisdom by 3.  It is blessed by the gods.  It grants you the power of telepathy.
2026-09-25T19:42:29Z,-12,"1N, 1W",25,157,Store,Zal,6,"a Dagger (Blessed) (1d4) (+11,+14) (+3)","A Dagger (Blessed) (1d4) (+11,+14) (+3)",1,24330,,1.2,|,9,1,It increases your wisdom by 3.  It is blessed by the gods and slows your metabolism.
2026-09-25T19:42:29Z,-12,"1N, 1W",25,157,Store,Zal,7,"a Scythe of Slicing of Slay Evil (8d4) (+10,+15)","A Scythe of Slicing of Slay Evil (8d4) (+10,+15)",1,27000,,25.0,/,4,1,It slays all evil creatures.
2026-09-25T19:42:29Z,-12,"1N, 1W",25,157,Store,Zal,8,"a Pike (Defender) (2d5) (+13,+16) [+6] (+2 to stealth)","A Pike (Defender) (2d5) (+13,+16) [+6] (+2 to stealth)",1,57174,,16.0,/,2,1,"It increases your stealth by 2.  It provides resistance to acid, lightning, fire, and cold.  It makes you fall like a feather and speeds your regeneration. It grants you immunity to paralysis and the ability to see invisible things. It cannot be harmed by the elements.  It might have hidden powers."
2026-09-25T19:42:29Z,-12,"1N, 1W",25,157,Store,Zal,9,"a Scimitar of Westernesse (2d5) (+10,+14) (+2)","A Scimitar of Westernesse (2d5) (+10,+14) (+2)",1,71550,,13.0,|,9,1,"It increases your strength, dexterity, and constitution by 2.  It slays orcs , trolls, and giants.  It grants you immunity to paralysis and the ability to see invisible things."
2026-09-25T19:42:29Z,-12,"1N, 1W",25,157,Store,Zal,10,"a Heavy Crossbow of Numenor (x5) (+10,+22)","A Heavy Crossbow of Numenor (x5) (+10,+22)",1,160500,,20.0,},2,7,It increases your shooting power by 1.  It speeds your regeneration.
2026-09-25T19:41:20Z,-12,"1N, 1W",37,84,Store,Grimdigger,0,an Amulet of Terken (+5 to searching),An Amulet of Terken (+5 to searching),1,91500,,0.3,"""",1,3,"It increases your searching by 5.  It grants you immunity to paralysis, the power of telepathy, and the ability to see invisible things.  It cannot be harmed by the elements."
2026-09-25T19:41:20Z,-12,"1N, 1W",37,84,Store,Grimdigger,1,"a Robe of Permanence [2,+25]","A Robe of Permanence [2,+25]",1,97512,,2.0,(,6,2,"It provides resistance to acid, lightning, fire, cold, shards, and life draining.  It sustains all your stats.  It cannot be harmed by the elements."
2026-09-25T19:41:20Z,-12,"1N, 1W",37,84,Store,Grimdigger,2,"a Heavy Crossbow of Numenor (x5) (+17,+19)","A Heavy Crossbow of Numenor (x5) (+17,+19)",1,161700,,20.0,},2,7,It increases your shooting power by 1.  It speeds your regeneration.
2026-09-25T19:41:20Z,-12,"1N, 1W",37,84,Store,Grimdigger,3,an Amulet of Terken (+5 to searching),An Amulet of Terken (+5 to searching),1,91500,,0.3,"""",1,3,"It increases your searching by 5.  It grants you immunity to paralysis, the power of telepathy, and the ability to see invisible things.  It cannot be harmed by the elements."
2026-09-25T19:41:20Z,-12,"1N, 1W",37,84,Store,Grimdigger,4,"an Executioner's Sword (Blessed) (4d5) (+10,+14) (+3)","An Executioner's Sword (Blessed) (4d5) (+10,+14) (+3)",1,26550,,26.0,|,4,1,It increases your wisdom by 3.  It is blessed by the gods.  It grants you the power of telepathy.
2026-09-25T19:41:20Z,-12,"1N, 1W",37,84,Store,Grimdigger,5,"a Kolla of Stealth [3,+14] (+2) (+3 to stealth)","A Kolla of Stealth [3,+14] (+2) (+3 to stealth)",1,132000,,0.5,(,13,15,"It increases your strength, dexterity, and constitution by 2.  It increases your stealth by 3.  It sustains your strength, dexterity, and constitution."
2026-09-25T19:41:20Z,-12,"1N, 1W",37,84,Store,Grimdigger,6,"a Two-Handed Sword (Blessed) (3d6) (+8,+7) (+2)","A Two-Handed Sword (Blessed) (3d6) (+8,+7) (+2)",1,23025,,20.0,|,9,1,It increases your wisdom by 2.  It is blessed by the gods.  It grants you the power of telepathy.
2026-09-25T19:41:20Z,-12,"1N, 1W",37,84,Store,Grimdigger,7,"Green Dragon Scale Mail (-2) [30,+13]","Green Dragon Scale Mail (-2) [30,+13]",1,183300,,20.0,[,5,2,It provides resistance to poison.  It activates for breathe poison gas (150) every 450+d450 turns.  It cannot be harmed by the elements. You have almost no chance to successfully use this item.
2026-09-25T19:41:20Z,-12,"1N, 1W",37,84,Store,Grimdigger,8,"a Long Sword of Gondolin (2d5) (+9,+10)","A Long Sword of Gondolin (2d5) (+9,+10)",1,81600,,13.0,|,9,1,"It slays orcs, trolls, dragons, and demons.  It provides resistance to dark. It lights the dungeon around you.  It grants you immunity to paralysis, the power of telepathy, and the ability to see invisible things.  It cannot be harmed by acid or fire."
2026-09-25T19:41:20Z,-12,"1N, 1W",37,84,Store,Grimdigger,9,an Amulet of ESP (+8),An Amulet of ESP (+8),1,77400,,0.3,"""",15,3,It increases your searching by 8.  It grants you the power of telepathy.  It cannot be harmed by the elements.
2026-09-25T19:41:48Z,-12,"1N, 1W",57,117,Store,Grimdigger,0,"a Cloak of Protection [1,+24]","A Cloak of Protection [1,+24]",1,11709,,1.0,(,5,15,It provides resistance to shards.  It cannot be harmed by the elements.
2026-09-25T19:41:48Z,-12,"1N, 1W",57,117,Store,Grimdigger,1,"a Broken Dagger (Holy Avenger) (1d1) (+9,+11) [+2] (+4)","A Broken Dagger (Holy Avenger) (1d1) (+9,+11) [+2] (+4)",1,69003,,0.5,|,8,1,"It increases your wisdom by 4.  It slays demons, undead, and all evil creatures.  It provides resistance to fear.  It sustains your intelligence.  It is blessed by the gods.  It grants you the ability to see invisible things."
2026-09-25T19:41:48Z,-12,"1N, 1W",57,117,Store,Grimdigger,2,a Ring of Lightning [+19],A Ring of Lightning [+19],1,20700,,0.2,=,11,4,It provides resistance to lightning.  It activates for electricity resistance (20+d20 turns) and electricity ball (85) every 50+d50 turns.  It cannot be harmed by electricity. You have almost no chance to successfully use this item.
2026-09-25T19:41:48Z,-12,"1N, 1W",57,117,Store,Grimdigger,3,"a Ring of Slaying (+6,+8)","A Ring of Slaying (+6,+8)",1,7200,,0.2,=,4,4,It boosts your to-hit and to-dam values.
2026-09-25T19:41:48Z,-12,"1N, 1W",57,117,Store,Grimdigger,4,"a Shield of Deflection of Resistance [10,+31]","A Shield of Deflection of Resistance [10,+31]",1,76800,,10.0,),14,15,"It provides resistance to acid, lightning, fire, and cold.  It cannot be harmed by the elements."
2026-09-25T19:41:48Z,-12,"1N, 1W",57,117,Store,Grimdigger,5,2 Potions of Detonations,2 Potions of Detonations,2,30000,,0.4,!,7,14,"It inflicts 50d20 points of damage from massive explosions, severe cuts (+5000 to the cut counter), and stunning (+75 to the stun counter).  It can also be thrown for 25d25 points of damage."
2026-09-25T19:41:48Z,-12,"1N, 1W",57,117,Store,Grimdigger,6,a Staff of *Destruction* (2 charges),A Staff of *Destruction* (2 charges),1,8250,,5.0,_,15,15,"It destroys a circular area centered at you with a radius of 15 squares, randomly placing new walls and floor space (stairs are immune).  All monsters and objects (excluding artifacts) are removed from the affected area.  This effect will also cause blindness lasting for 10+1d10 turns unless you have resistance to either blindness or light. You have almost no chance to successfully use this item."
2026-09-25T19:41:48Z,-12,"1N, 1W",57,117,Store,Grimdigger,7,"a Pike (Blessed) (2d5) (+12,+9) (+2)","A Pike (Blessed) (2d5) (+12,+9) (+2)",1,23574,,16.0,/,2,1,It increases your wisdom by 2.  It is blessed by the gods.  It grants you the power of telepathy.
2026-09-25T19:41:48Z,-12,"1N, 1W",57,117,Store,Grimdigger,8,a Rod of Healing,A Rod of Healing,1,60000,,1.5,-,14,10,"It cures 500 points of damage, cures all stunning, and heals all cut damage. It cannot be harmed by electricity. You have almost no chance to successfully use this item."
2026-09-25T19:41:48Z,-12,"1N, 1W",57,117,Store,Grimdigger,9,"a Sling of Numenor (x3) (+13,+21)","A Sling of Numenor (x3) (+13,+21)",1,160215,,0.5,},7,7,It increases your shooting power by 1.  It speeds your regeneration.
2026-09-25T19:41:48Z,-12,"1N, 1W",57,117,Store,Grimdigger,10,"a Golden Crown of the Magi [0,+12] (+3)","A Golden Crown of the Magi [0,+12] (+3)",1,30900,,3.0,],11,15,"It increases your intelligence by 3.  It provides resistance to acid, lightning, fire, and cold.  It sustains your intelligence.  It lights the dungeon around you.  It cannot be harmed by the elements."
2026-09-25T19:41:48Z,-12,"1N, 1W",57,117,Store,Grimdigger,11,"a Golden Crown of Serenity [0,+12]","A Golden Crown of Serenity [0,+12]",1,18600,,3.0,],11,15,"It provides resistance to fear, confusion, and sound.  It cannot be harmed by acid."
2026-09-25T19:41:48Z,-12,"1N, 1W",57,117,Store,Grimdigger,12,"a Golden Crown of Might [0,+15] (+3)","A Golden Crown of Might [0,+15] (+3)",1,35400,,3.0,],11,15,"It increases your strength, dexterity, and constitution by 3.  It sustains your strength, dexterity, and constitution.  It grants you immunity to paralysis.  It cannot be harmed by the elements."
2026-09-25T19:41:48Z,-12,"1N, 1W",57,117,Store,Grimdigger,13,"a Large Metal Shield of the Avari [5,+10] (+1)","A Large Metal Shield of the Avari [5,+10] (+1)",1,244200,,12.0,),2,15,"It increases your constitution by 1.  It provides resistance to acid, lightning, fire, cold, and disenchantment.  It cannot be harmed by the elements."
2026-09-25T19:41:48Z,-12,"1N, 1W",57,117,Store,Grimdigger,14,"a Small Leather Shield of Elvenkind [2,+18] (+1 to stealth)","A Small Leather Shield of Elvenkind [2,+18] (+1 to stealth)",1,59790,,5.0,),15,15,"It increases your stealth by 1.  It provides resistance to acid, lightning, fire, cold, and sound.  It cannot be harmed by the elements."
2026-09-25T19:41:48Z,-12,"1N, 1W",57,117,Store,Grimdigger,15,"a Short Bow of Lothlorien (x3) (+14,+14) (+1)","A Short Bow of Lothlorien (x3) (+14,+14) (+1)",1,69150,,3.0,},15,7,It increases your dexterity by 1.  It increases your shooting power by 1. It grants you immunity to paralysis.  It cannot be harmed by acid or fire.
2026-09-25T19:41:48Z,-12,"1N, 1W",57,117,Store,Grimdigger,16,an Amulet of Speed (+3),An Amulet of Speed (+3),1,285000,,0.3,"""",1,3,It increases your speed by 3.
2026-09-25T19:41:48Z,-12,"1N, 1W",57,117,Store,Grimdigger,17,a Rod of Drain Life,A Rod of Drain Life,1,10800,,1.5,-,1,10,"It inflicts 150 points of damage on a single monster that is not undead, a demon, an elemental, a golem, or a vortex. You have almost no chance to successfully use this item."
2026-09-25T19:41:48Z,-12,"1N, 1W",57,117,Store,Grimdigger,18,"a Jewel Encrusted Crown of Telepathy [0,+9]","A Jewel Encrusted Crown of Telepathy [0,+9]",1,158700,,4.0,],10,15,It grants you the power of telepathy.  It cannot be harmed by acid.
2026-09-25T19:41:48Z,-12,"1N, 1W",57,117,Store,Grimdigger,19,"a Golden Crown of Serenity [0,+5]","A Golden Crown of Serenity [0,+5]",1,16500,,3.0,],11,15,"It provides resistance to fear, confusion, and sound.  It cannot be harmed by acid."
2026-09-25T19:41:48Z,-12,"1N, 1W",57,117,Store,Grimdigger,20,"a Large Leather Shield of the Avari [4,+9] (+2)","A Large Leather Shield of the Avari [4,+9] (+2)",1,244260,,10.0,),15,15,"It increases your constitution by 2.  It provides resistance to acid, lightning, fire, cold, and disenchantment.  It cannot be harmed by the elements."
2026-09-25T19:41:48Z,-12,"1N, 1W",57,117,Store,Grimdigger,21,"a Pair of Metal Shod Boots of Speed [6,+10] (+9)","A Pair of Metal Shod Boots of Speed [6,+10] (+9)",1,3003150,,8.0,],2,15,It increases your speed by 9.
2026-09-25T19:41:48Z,-12,"1N, 1W",57,117,Store,Grimdigger,22,"a Great Axe of Gondolin (4d4) (+16,+23)","A Great Axe of Gondolin (4d4) (+16,+23)",1,88200,,23.0,/,2,1,"It slays orcs, trolls, dragons, and demons.  It provides resistance to dark and life draining.  It lights the dungeon around you.  It grants you immunity to paralysis and the ability to see invisible things.  It cannot be harmed by acid or fire."
2026-09-25T19:41:48Z,-12,"1N, 1W",57,117,Store,Grimdigger,23,"a Morning Star of *Slay Evil* (2d6) (+9,+8) (+2)","A Morning Star of *Slay Evil* (2d6) (+9,+8) (+2)",1,22488,,15.0,\,8,1,It increases your wisdom by 2.  It slays all evil creatures.  It is blessed by the gods.  It grants you the power of telepathy.
2026-09-25T19:41:48Z,-12,"1N, 1W",57,117,Store,Grimdigger,24,an Amulet of ESP (+4),An Amulet of ESP (+4),1,76200,,0.3,"""",15,3,It increases your searching by 4.  It grants you the power of telepathy.  It cannot be harmed by the elements.
2026-09-25T19:41:48Z,-12,"1N, 1W",57,117,Store,Grimdigger,25,"a Set of Elven Gloves of Agility [1,+4] (+5)","A Set of Elven Gloves of Agility [1,+4] (+5)",1,19200,,4.0,],5,15,It increases your dexterity by 5.  It speeds your regeneration.
2026-09-25T19:41:48Z,-12,"1N, 1W",57,117,Store,Grimdigger,26,"a Pair of Hard Leather Boots of Speed [3,+8] (+7)","A Pair of Hard Leather Boots of Speed [3,+8] (+7)",1,2402436,2000000,4.0,],15,15,It increases your speed by 7.
2026-09-25T19:41:48Z,-12,"1N, 1W",57,117,Store,Grimdigger,27,"Green Dragon Scale Mail (-2) [30,+18]","Green Dragon Scale Mail (-2) [30,+18]",1,184800,,20.0,[,5,2,It provides resistance to poison.  It activates for breathe poison gas (150) every 450+d450 turns.  It cannot be harmed by the elements. You have almost no chance to successfully use this item.
2026-09-25T19:41:48Z,-12,"1N, 1W",57,117,Store,Grimdigger,28,"Hard Studded Leather of Elvenkind (-1) [7,+19] (+1 to stealth)","Hard Studded Leather of Elvenkind (-1) [7,+19] (+1 to stealth)",1,51300,,11.0,(,15,2,"It increases your stealth by 1.  It provides resistance to acid, lightning, fire, cold, and blindness.  It cannot be harmed by the elements."
2026-09-25T19:41:48Z,-12,"1N, 1W",57,117,Store,Grimdigger,29,"a Golden Crown of the Magi [0,+15] (+3)","A Golden Crown of the Magi [0,+15] (+3)",1,31800,,3.0,],11,15,"It increases your intelligence by 3.  It provides resistance to acid, lightning, fire, and cold.  It sustains your intelligence.  It slows your metabolism.  It cannot be harmed by the elements."
2026-09-25T19:41:48Z,-12,"1N, 1W",57,117,Store,Grimdigger,30,"a Small Leather Shield of Elvenkind [2,+15] (+2 to stealth)","A Small Leather Shield of Elvenkind [2,+15] (+2 to stealth)",1,59190,,5.0,),15,15,"It increases your stealth by 2.  It provides resistance to acid, lightning, fire, cold, and fear.  It cannot be harmed by the elements."
2026-09-25T19:41:48Z,-12,"1N, 1W",57,117,Store,Grimdigger,31,a Ring of Intelligence (+6),A Ring of Intelligence (+6),1,5100,,0.2,=,9,4,It increases your intelligence by 6.  It sustains your intelligence.
2026-09-25T19:41:48Z,-12,"1N, 1W",57,117,Store,Grimdigger,32,"a Large Leather Shield of Elvenkind [4,+13] (+3 to stealth)","A Large Leather Shield of Elvenkind [4,+13] (+3 to stealth)",1,59160,,10.0,),15,15,"It increases your stealth by 3.  It provides resistance to acid, lightning, fire, cold, and light.  It cannot be harmed by the elements."
2026-09-25T19:41:48Z,-12,"1N, 1W",57,117,Store,Grimdigger,33,"Adamantite Plate Mail of Elvenkind (-4) [40,+18] (+2 to stealth)","Adamantite Plate Mail of Elvenkind (-4) [40,+18] (+2 to stealth)",1,109800,,42.0,[,13,2,"It increases your stealth by 2.  It provides resistance to acid, lightning, fire, cold, and light.  It cannot be harmed by the elements."
2026-09-25T19:41:48Z,-12,"1N, 1W",57,117,Store,Grimdigger,34,"a Long Sword of Gondolin (2d5) (+13,+18)","A Long Sword of Gondolin (2d5) (+13,+18)",1,85200,,13.0,|,9,1,"It slays orcs, trolls, dragons, and demons.  It provides resistance to dark. It lights the dungeon around you.  It grants you immunity to paralysis and the ability to see invisible things.  It cannot be harmed by acid or fire."
2026-09-25T19:41:48Z,-12,"1N, 1W",57,117,Store,Grimdigger,35,"a Cloak of Aman [1,+14] (+3 to stealth)","A Cloak of Aman [1,+14] (+3 to stealth)",1,17109,,1.0,(,5,15,It increases your stealth by 3.  It provides resistance to nether.  It cannot be harmed by the elements.
2026-09-25T19:41:48Z,-12,"1N, 1W",57,117,Store,Grimdigger,36,"a Kolla of Protection [3,+24] (+2)","A Kolla of Protection [3,+24] (+2)",1,131700,,0.5,(,13,15,"It increases your strength, dexterity, and constitution by 2.  It provides resistance to shards.  It sustains your strength, dexterity, and constitution. It cannot be harmed by the elements."
2026-09-25T19:41:48Z,-12,"1N, 1W",57,117,Store,Grimdigger,37,"a Two-Handed Flail of *Slay Evil* (3d6) (+10,+8) (+2)","A Two-Handed Flail of *Slay Evil* (3d6) (+10,+8) (+2)",1,23370,,28.0,\,11,1,It increases your wisdom by 2.  It slays all evil creatures.  It is blessed by the gods.  It grants you the power of telepathy.
2026-09-25T19:41:48Z,-12,"1N, 1W",57,117,Store,Grimdigger,38,"a Robe of Permanence [2,+27]","A Robe of Permanence [2,+27]",1,180000,180000,2.0,(,6,2,"It provides resistance to acid, lightning, fire, cold, sound, and life draining.  It sustains all your stats.  It cannot be harmed by the elements."
2026-09-25T19:31:44Z,-4,1W,2,166,Store,Slaadi,0,"a Cloak of Aman [1,+18] (+3 to stealth)","A Cloak of Aman [1,+18] (+3 to stealth)",1,18309,,1.0,(,5,15,It increases your stealth by 3.  It provides resistance to dark.  It cannot be harmed by the elements.
2026-09-25T19:31:44Z,-4,1W,2,166,Store,Slaadi,1,"a Cloak of Aman [1,+6] (+1 to stealth)","A Cloak of Aman [1,+6] (+1 to stealth)",1,14109,,1.0,(,5,15,It increases your stealth by 1.  It provides resistance to dark.  It cannot be harmed by the elements.
2026-09-25T19:31:44Z,-4,1W,2,166,Store,Slaadi,2,"a Great Axe of Gondolin (4d4) (+8,+13)","A Great Axe of Gondolin (4d4) (+8,+13)",1,82800,,23.0,/,2,1,"It slays orcs, trolls, dragons, and demons.  It provides resistance to dark and life draining.  It lights the dungeon around you.  It grants you immunity to paralysis and the ability to see invisible things.  It cannot be harmed by acid or fire."
2026-09-25T19:31:44Z,-4,1W,2,166,Store,Slaadi,3,"a Two-Handed Sword of Gondolin (3d6) (+14,+13)","A Two-Handed Sword of Gondolin (3d6) (+14,+13)",1,85425,,20.0,|,9,1,"It slays orcs, trolls, dragons, and demons.  It provides resistance to dark. It lights the dungeon around you.  It grants you immunity to paralysis and the ability to see invisible things.  It cannot be harmed by acid or fire."
2026-09-25T19:31:44Z,-4,1W,2,166,Store,Slaadi,4,"a Large Leather Shield of Elvenkind [4,+14] (+3 to stealth)","A Large Leather Shield of Elvenkind [4,+14] (+3 to stealth)",1,59460,,10.0,),15,15,"It increases your stealth by 3.  It provides resistance to acid, lightning, fire, cold, and light.  It cannot be harmed by the elements."
2026-09-25T19:31:44Z,-4,1W,2,166,Store,Slaadi,5,"Hard Leather Armour of Elvenkind (-1) [6,+13] (+3 to stealth)","Hard Leather Armour of Elvenkind (-1) [6,+13] (+3 to stealth)",1,49950,,10.0,(,15,2,"It increases your stealth by 3.  It provides resistance to acid, lightning, fire, cold, and blindness.  It cannot be harmed by the elements."
2026-09-25T19:31:44Z,-4,1W,2,166,Store,Slaadi,6,"a Trident of Westernesse (1d8) (+9,+9) (+2)","A Trident of Westernesse (1d8) (+9,+9) (+2)",1,69360,,7.0,/,11,1,"It increases your strength, dexterity, and constitution by 2.  It slays orcs , trolls, and giants.  It grants you immunity to paralysis and the ability to see invisible things."
2026-09-25T19:31:44Z,-4,1W,2,166,Store,Slaadi,7,"a Main Gauche (Defender) (1d5) (+8,+6) [+4] (+4 to stealth)","A Main Gauche (Defender) (1d5) (+8,+6) [+4] (+4 to stealth)",1,51675,,3.0,|,9,1,"It increases your stealth by 4.  It provides resistance to acid, lightning, fire, and cold.  It sustains your dexterity.  It makes you fall like a feather and speeds your regeneration.  It grants you immunity to paralysis and the ability to see invisible things.  It cannot be harmed by the elements."
2026-09-25T19:31:32Z,-4,1W,3,188,Store,Slaadi,0,"a Golden Crown of the Magi [0,+9] (+1)","A Golden Crown of the Magi [0,+9] (+1)",1,28800,,3.0,],11,15,"It increases your intelligence by 1.  It provides resistance to acid, lightning, fire, cold, and life draining.  It sustains your intelligence.  It cannot be harmed by the elements."
2026-09-25T19:31:32Z,-4,1W,3,188,Store,Slaadi,1,"a Cloak of the Magi [1,+9] (+1)","A Cloak of the Magi [1,+9] (+1)",1,9609,,1.0,(,5,15,It increases your intelligence by 1.  It increases your stealth by 1.  It sustains your intelligence.  It slows your metabolism.  It cannot be harmed by acid.
2026-09-25T19:31:32Z,-4,1W,3,188,Store,Slaadi,2,"Blue Dragon Scale Mail (-2) [30,+21]","Blue Dragon Scale Mail (-2) [30,+21]",1,125700,,20.0,[,6,2,It provides resistance to lightning.  It activates for breathe lightning (100) every 450+d450 turns.  It cannot be harmed by the elements. You have almost no chance to successfully use this item.
2026-09-25T19:31:32Z,-4,1W,3,188,Store,Slaadi,3,"a Set of Leather Gloves of the Istari (+2,+4) [1,+11] (+1)","A Set of Leather Gloves of the Istari (+2,+4) [1,+11] (+1)",1,156309,,0.5,],15,15,It increases your intelligence and wisdom by 1.  It provides resistance to blindness.  It grants you immunity to paralysis.
2026-09-25T19:31:32Z,-4,1W,3,188,Store,Slaadi,4,an Amulet of Sustenance,An Amulet of Sustenance,1,60000,,0.3,"""",14,3,It provides resistance to life draining.  It sustains all your stats.  It slows your metabolism.  It cannot be harmed by the elements.
2026-09-25T19:31:32Z,-4,1W,3,188,Store,Slaadi,5,a Ring of Intelligence (+6),A Ring of Intelligence (+6),1,5100,,0.2,=,9,4,It increases your intelligence by 6.  It sustains your intelligence.
2026-09-25T19:31:32Z,-4,1W,3,188,Store,Slaadi,6,"a Flail of Gondolin (2d6) (+10,+9)","A Flail of Gondolin (2d6) (+10,+9)",1,81759,,15.0,\,8,1,"It slays orcs, trolls, dragons, and demons.  It provides resistance to dark and life draining.  It lights the dungeon around you.  It grants you immunity to paralysis and the ability to see invisible things.  It cannot be harmed by acid or fire."
2026-09-25T19:31:32Z,-4,1W,3,188,Store,Slaadi,7,"a Pair of Metal Shod Boots of Stability [6,+10]","A Pair of Metal Shod Boots of Stability [6,+10]",1,18150,,8.0,],2,15,It provides resistance to nexus.  It makes you fall like a feather.
2026-09-25T19:31:32Z,-4,1W,3,188,Store,Slaadi,8,"a Dwarven Pick of Earthquakes (1d4) (+15,+20) (+9)","A Dwarven Pick of Earthquakes (1d4) (+15,+20) (+9)",1,28050,,20.0,\,6,2,It increases your strength by 9.  It increases your tunneling by 9.  It is branded with acid.  It creates earthquakes on impact.
2026-09-25T19:31:32Z,-4,1W,3,188,Store,Slaadi,9,a Staff of Power (3 charges),A Staff of Power (3 charges),1,13800,,5.0,_,4,15,It inflicts 120 points of damage on all monsters within line of sight. You have almost no chance to successfully use this item.
2026-09-25T19:31:32Z,-4,1W,3,188,Store,Slaadi,10,"a Broad Sword (Defender) (2d5) (+7,+10) [+7] (+2 to stealth)","A Broad Sword (Defender) (2d5) (+7,+10) [+7] (+2 to stealth)",1,53565,,15.0,|,9,1,"It increases your stealth by 2.  It provides resistance to acid, lightning, fire, and cold.  It sustains your strength.  It makes you fall like a feather and speeds your regeneration.  It grants you immunity to paralysis and the ability to see invisible things.  It cannot be harmed by the elements."
2026-09-25T19:31:32Z,-4,1W,3,188,Store,Slaadi,11,a Holy Book of Prayers [Wrath of God],A Holy Book of Prayers [Wrath of God],1,300000,,3.0,?,5,13,It cannot be harmed by the elements.
2026-09-25T19:31:32Z,-4,1W,3,188,Store,Slaadi,12,"an Awl-Pike (Holy Avenger) (1d8) (+9,+13) [+4] (+2)","An Awl-Pike (Holy Avenger) (1d8) (+9,+13) [+4] (+2)",1,70020,,16.0,/,2,1,"It increases your wisdom by 2.  It slays demons, undead, and all evil creatures.  It provides resistance to fear.  It sustains your charisma.  It is blessed by the gods.  It grants you the ability to see invisible things."
2026-09-25T19:29:59Z,-4,1W,6,120,Store,Grimdigger,0,"a Golden Crown of Lordliness [0,+8] (+1)","A Golden Crown of Lordliness [0,+8] (+1)",1,29100,,3.0,],11,15,It increases your wisdom and charisma by 1.  It provides resistance to fear and life draining.  It sustains your wisdom and charisma.  It cannot be harmed by the elements.
2026-09-25T19:29:59Z,-4,1W,6,120,Store,Grimdigger,1,"a Mattock of Earthquakes (1d8) (+16,+15) (+7)","A Mattock of Earthquakes (1d8) (+16,+15) (+7)",1,25650,,25.0,\,8,2,It increases your strength by 7.  It increases your tunneling by 7.  It is branded with acid.  It creates earthquakes on impact.
2026-09-25T19:29:59Z,-4,1W,6,120,Store,Grimdigger,2,"a Flail (Blessed) (2d6) (+7,+5) (+2)","A Flail (Blessed) (2d6) (+7,+5) (+2)",1,20859,,15.0,\,8,1,It increases your wisdom by 2.  It is blessed by the gods.  It grants you the power of telepathy.
2026-09-25T19:29:59Z,-4,1W,6,120,Store,Grimdigger,3,a Rod of Enlightenment,A Rod of Enlightenment,1,30000,,1.5,-,15,10,It maps out a portion of the level centered on you. You have almost no chance to successfully use this item.
2026-09-25T19:29:59Z,-4,1W,6,120,Store,Grimdigger,4,"a Set of Leather Gloves of the Istari (+5,+4) [1,+8] (+1)","A Set of Leather Gloves of the Istari (+5,+4) [1,+8] (+1)",1,156309,,0.5,],15,15,It increases your intelligence and wisdom by 1.  It provides resistance to blindness.  It grants you immunity to paralysis.
2026-09-25T19:29:59Z,-4,1W,6,120,Store,Grimdigger,5,9 Potions of Constitution,9 Potions of Constitution,9,24000,,0.4,!,3,14,"It first acts as a Potion of Restore Constitution, then permanently increases constitution."
2026-09-25T19:29:59Z,-4,1W,6,120,Store,Grimdigger,6,a Rod of Enlightenment,A Rod of Enlightenment,1,30000,,1.5,-,15,10,It maps out a portion of the level centered on you. You have almost no chance to successfully use this item.
2026-09-25T19:29:59Z,-4,1W,6,120,Store,Grimdigger,7,"a Glaive (Defender) (2d6) (+5,+17) [+7] (+4 to stealth)","A Glaive (Defender) (2d6) (+5,+17) [+7] (+4 to stealth)",1,55989,,19.0,/,2,1,"It increases your stealth by 4.  It provides resistance to acid, lightning, fire, and cold.  It makes you fall like a feather and speeds your regeneration. It grants you immunity to paralysis and the ability to see invisible things. It cannot be harmed by the elements.  It might have hidden powers."
2026-09-25T19:29:59Z,-4,1W,6,120,Store,Grimdigger,8,"a Mattock of Earthquakes (1d8) (+14,+17) (+9)","A Mattock of Earthquakes (1d8) (+14,+17) (+9)",1,27150,,25.0,\,8,2,It increases your strength by 9.  It increases your tunneling by 9.  It is branded with acid.  It creates earthquakes on impact.
2026-09-25T19:29:59Z,-4,1W,6,120,Store,Grimdigger,9,2 Staffs of the Magi (3 charges avg),2 Staffs of the Magi (7 charges),2,15525,,5.0,_,4,15,It restores both intelligence and mana points to maximum if either or both are currently below maximum. You have almost no chance to successfully use this item.
2026-09-25T19:29:59Z,-4,1W,6,120,Store,Grimdigger,10,"a Cloak of the Teleri [1,+17]","A Cloak of the Teleri [1,+17]",1,65109,,1.0,(,5,15,It provides resistance to life draining.  It grants you immunity to paralysis.
2026-09-25T19:29:59Z,-4,1W,6,120,Store,Grimdigger,11,"a Robe of Permanence [2,+18]","A Robe of Permanence [2,+18]",1,95412,,2.0,(,6,2,"It provides resistance to acid, lightning, fire, cold, fear, and life draining.  It sustains all your stats.  It cannot be harmed by the elements."
2026-09-25T19:29:59Z,-4,1W,6,120,Store,Grimdigger,12,7 Potions of Dexterity,7 Potions of Dexterity,7,24000,,0.4,!,1,14,"It first acts as a Potion of Restore Dexterity, then permanently increases dexterity."
2026-09-25T19:29:59Z,-4,1W,6,120,Store,Grimdigger,13,5 Staffs of Holiness (3 charges avg),5 Staffs of Holiness (18 charges),5,15525,,5.0,_,1,15,"It inflicts 120 points of damage on all evil monsters within line of sight, cures 50 points of damage, cures all stunning, heals all cut damage, neutralizes poison, removes fear, and also grants you the enchantment of protection from evil for a duration equal to 1d25 plus three times your character level. You have almost no chance to successfully use this item."
2026-09-25T19:29:59Z,-4,1W,6,120,Store,Grimdigger,14,"a Cloak of the Magi [1,+11] (+2)","A Cloak of the Magi [1,+11] (+2)",1,11109,,1.0,(,5,15,It increases your intelligence by 2.  It increases your stealth by 2.  It sustains your intelligence.  It lights the dungeon around you.  It cannot be harmed by acid.
2026-09-25T19:29:59Z,-4,1W,6,120,Store,Grimdigger,15,2 Staffs of Power (3 charges avg),2 Staffs of Power (7 charges),2,13800,,5.0,_,4,15,It inflicts 120 points of damage on all monsters within line of sight. You have almost no chance to successfully use this item.
2026-09-25T19:29:59Z,-4,1W,6,120,Store,Grimdigger,16,2 Rings of Strength (+6),2 Rings of Strength (+6),2,5100,,0.2,=,13,4,It increases your strength by 6.  It sustains your strength.
2026-09-25T19:29:59Z,-4,1W,6,120,Store,Grimdigger,17,15 Potions of Wisdom,15 Potions of Wisdom,15,24000,,0.4,!,8,14,"It first acts as a Potion of Restore Wisdom, then permanently increases wisdom."
2026-09-25T19:29:59Z,-4,1W,6,120,Store,Grimdigger,18,"a Golden Crown of the Magi [0,+15] (+2)","A Golden Crown of the Magi [0,+15] (+2)",1,31200,,3.0,],11,15,"It increases your intelligence by 2.  It provides resistance to acid, lightning, fire, and cold.  It sustains your intelligence.  It grants you immunity to paralysis.  It cannot be harmed by the elements."
2026-09-25T19:29:59Z,-4,1W,6,120,Store,Grimdigger,19,"a Halberd (Holy Avenger) (3d5) (+11,+11) [+2] (+3)","A Halberd (Holy Avenger) (3d5) (+11,+11) [+2] (+3)",1,70290,,19.0,/,2,1,"It increases your wisdom by 3.  It slays demons, undead, and all evil creatures.  It provides resistance to fear.  It is blessed by the gods.  It grants you the ability to see invisible things.  It might have hidden powers."
2026-09-25T19:29:59Z,-4,1W,6,120,Store,Grimdigger,20,2 Rings of Speed (+4),2 Rings of Speed (+4),2,900000,,0.2,=,7,4,It increases your speed by 4.
2026-09-25T19:29:59Z,-4,1W,6,120,Store,Grimdigger,21,4 Wands of Drain Life (5 charges avg),4 Wands of Drain Life (21 charges),4,4500,,1.0,-,11,5,"It inflicts 150 points of damage on a single monster that is not undead, a demon, an elemental, a golem, or a vortex. You have almost no chance to successfully use this item."
2026-09-25T19:29:59Z,-4,1W,6,120,Store,Grimdigger,22,12 Rods of Teleport Other,12 Rods of Teleport Other,12,4200,,1.5,-,9,10,It produces a beam that teleports all monsters caught in it up to 100 squares away. You have almost no chance to successfully use this item.
2026-09-25T19:29:59Z,-4,1W,6,120,Store,Grimdigger,23,a Wand of Annihilation (3 charges),A Wand of Annihilation (3 charges),1,10350,,1.0,-,9,5,"It inflicts 250 points of damage on a single monster that is not undead, a demon, an elemental, a golem, or a vortex. It cannot be harmed by the elements. You have almost no chance to successfully use this item."
2026-09-25T19:29:59Z,-4,1W,6,120,Store,Grimdigger,24,15 Potions of Intelligence,15 Potions of Intelligence,15,24000,,0.4,!,2,14,"It first acts as a Potion of Restore Intelligence, then permanently increases intelligence."
2026-09-25T19:29:59Z,-4,1W,6,120,Store,Grimdigger,25,"an Iron Crown of Lordliness [0,+6] (+3)","An Iron Crown of Lordliness [0,+6] (+3)",1,29400,,2.0,],2,15,It increases your wisdom and charisma by 3.  It provides resistance to fear and life draining.  It sustains your wisdom and charisma.  It cannot be harmed by the elements.
2026-09-25T19:29:59Z,-4,1W,6,120,Store,Grimdigger,26,3 Rings of Speed (+5),3 Rings of Speed (+5),3,1050000,,0.2,=,7,4,It increases your speed by 5.
2026-09-25T19:29:59Z,-4,1W,6,120,Store,Grimdigger,27,4 Rings of Constitution (+6),4 Rings of Constitution (+6),4,5100,,0.2,=,14,4,It increases your constitution by 6.  It sustains your constitution.
2026-09-25T19:29:59Z,-4,1W,6,120,Store,Grimdigger,28,an Amulet of Terken (+3 to searching),An Amulet of Terken (+3 to searching),1,90900,,0.3,"""",1,3,It increases your searching by 3.  It speeds your regeneration.  It grants you immunity to paralysis and the ability to see invisible things.  It cannot be harmed by the elements.
2026-09-25T19:29:59Z,-4,1W,6,120,Store,Grimdigger,29,a Ring of Speed (+6),A Ring of Speed (+6),1,1200000,,0.2,=,7,4,It increases your speed by 6.
2026-09-25T19:29:59Z,-4,1W,6,120,Store,Grimdigger,30,13 Potions of Strength,13 Potions of Strength,13,24000,,0.4,!,5,14,"It first acts as a Potion of Restore Strength, then permanently increases strength."
2026-09-25T19:29:59Z,-4,1W,6,120,Store,Grimdigger,31,"a Cloak of Aman [1,+9] (+1 to stealth)","A Cloak of Aman [1,+9] (+1 to stealth)",1,15009,,1.0,(,5,15,It increases your stealth by 1.  It provides resistance to nether.  It cannot be harmed by the elements.
2026-09-25T19:29:59Z,-4,1W,6,120,Store,Grimdigger,32,"a Ring of Slaying (+8,+7)","A Ring of Slaying (+8,+7)",1,7500,,0.2,=,4,4,It boosts your to-hit and to-dam values.
2026-09-25T19:29:59Z,-4,1W,6,120,Store,Grimdigger,33,"a Robe of Permanence [2,+24]","A Robe of Permanence [2,+24]",1,97212,,2.0,(,6,2,"It provides resistance to acid, lightning, fire, cold, poison, and life draining.  It sustains all your stats.  It cannot be harmed by the elements."
2026-09-25T19:29:59Z,-4,1W,6,120,Store,Grimdigger,34,"a Robe of Elvenkind [2,+7] (+2 to stealth)","A Robe of Elvenkind [2,+7] (+2 to stealth)",1,47712,,2.0,(,6,2,"It increases your stealth by 2.  It provides resistance to acid, lightning, fire, cold, and dark.  It cannot be harmed by the elements."
2026-09-25T19:29:59Z,-4,1W,6,120,Store,Grimdigger,35,"a Kolla [3,+6] (+1)","A Kolla [3,+6] (+1)",1,121800,,0.5,(,13,15,"It increases your strength, dexterity, and constitution by 1.  It sustains your strength, dexterity, and constitution."
2026-09-25T19:29:59Z,-4,1W,6,120,Store,Grimdigger,36,a Scroll of *Remove Curse*,A Scroll of *Remove Curse*,1,24000,,0.5,?,1,1,It removes all ordinary and heavy curses from all equipped objects. Permanent curses are unaffected.
2026-09-25T19:29:59Z,-4,1W,6,120,Store,Grimdigger,37,"a Set of Leather Gloves of Power (+5,+4) [1,+9] (+5)","A Set of Leather Gloves of Power (+5,+4) [1,+9] (+5)",1,15909,,0.5,],15,15,It increases your strength by 5.
2026-09-25T19:29:59Z,-4,1W,6,120,Store,Grimdigger,38,"a Sling of Numenor (x3) (+20,+11)","A Sling of Numenor (x3) (+20,+11)",1,159315,,0.5,},7,7,It increases your shooting power by 1.  It speeds your regeneration.
2026-09-25T19:29:59Z,-4,1W,6,120,Store,Grimdigger,39,"an Orcish Shield of Elvenkind [5,+15] (+2) (+2 to stealth)","An Orcish Shield of Elvenkind [5,+15] (+2) (+2 to stealth)",1,99000,,10.0,),8,15,"It increases your strength and constitution by 2.  It increases your stealth by 2.  It provides resistance to acid, lightning, fire, cold, and fear.  It cannot be harmed by the elements."
2026-09-25T19:29:59Z,-4,1W,6,120,Store,Grimdigger,40,"a Set of Cesti of Power (+4,+1) [5,+7] (+5)","A Set of Cesti of Power (+4,+1) [5,+7] (+5)",1,14400,,4.0,],9,15,It increases your strength by 5.
2026-09-25T19:29:59Z,-4,1W,6,120,Store,Grimdigger,41,"a Pike of Gondolin (2d5) (+9,+6)","A Pike of Gondolin (2d5) (+9,+6)",1,80574,,16.0,/,2,1,"It slays orcs, trolls, dragons, and demons.  It provides resistance to dark. It slows your metabolism and lights the dungeon around you.  It grants you immunity to paralysis and the ability to see invisible things.  It cannot be harmed by acid or fire."
2026-09-25T19:29:59Z,-4,1W,6,120,Store,Grimdigger,42,"an Orcish Shield of Resistance [5,+15] (+2)","An Orcish Shield of Resistance [5,+15] (+2)",1,140000,140000,10.0,),8,15,"It increases your strength and constitution by 2.  It provides resistance to acid, lightning, fire, and cold.  It cannot be harmed by the elements."
2026-09-25T19:29:59Z,-4,1W,6,120,Store,Grimdigger,43,a Holy Book of Prayers [Wrath of God],A Holy Book of Prayers [Wrath of God],1,300000,,3.0,?,5,13,It cannot be harmed by the elements.
2026-09-25T19:30:11Z,-4,1W,7,141,Store,Grimdigger,0,"a Bastard Sword of Westernesse (3d4) (+14,+11) (+2)","A Bastard Sword of Westernesse (3d4) (+14,+11) (+2)",1,72150,,14.0,|,9,1,"It increases your strength, dexterity, and constitution by 2.  It slays orcs , trolls, and giants.  It grants you immunity to paralysis and the ability to see invisible things."
2026-09-25T19:30:11Z,-4,1W,7,141,Store,Grimdigger,1,"a Long Bow of Numenor (x4) (+17,+16)","A Long Bow of Numenor (x4) (+17,+16)",1,160260,,4.0,},15,7,It increases your shooting power by 1.  It speeds your regeneration.
2026-09-25T19:30:11Z,-4,1W,7,141,Store,Grimdigger,2,"a Ball-and-Chain (Holy Avenger) (2d4) (+12,+12) [+2] (+4)","A Ball-and-Chain (Holy Avenger) (2d4) (+12,+12) [+2] (+4)",1,70800,,15.0,\,8,1,"It increases your wisdom by 4.  It slays demons, undead, and all evil creatures.  It provides resistance to fear.  It is blessed by the gods.  It grants you the ability to see invisible things.  It might have hidden powers."
2026-09-25T19:30:07Z,-4,1W,9,136,Store,Grimdigger,0,"a Cloak of Aman [1,+18] (+2 to stealth)","A Cloak of Aman [1,+18] (+2 to stealth)",1,18009,,1.0,(,5,15,It increases your stealth by 2.  It provides resistance to light.  It cannot be harmed by the elements.
2026-09-25T19:30:07Z,-4,1W,9,136,Store,Grimdigger,1,3 Rings of Resist Poison,3 Rings of Resist Poison,3,48000,,0.2,=,1,4,It provides resistance to poison.
2026-09-25T19:30:07Z,-4,1W,9,136,Store,Grimdigger,2,"a Cloak of Aman [1,+27] (+2 to stealth)","A Cloak of Aman [1,+27] (+2 to stealth)",1,20709,,1.0,(,5,15,It increases your stealth by 2.  It provides resistance to dark.  It cannot be harmed by the elements.
2026-09-25T19:30:07Z,-4,1W,9,136,Store,Grimdigger,3,"a Gnomish Shovel of Earthquakes (1d2) (+12,+10) (+8)","A Gnomish Shovel of Earthquakes (1d2) (+12,+10) (+8)",1,21900,,6.0,\,13,2,It increases your strength by 8.  It increases your tunneling by 8.  It is branded with acid.  It creates earthquakes on impact.
2026-09-25T19:30:20Z,-4,1W,12,155,Store,Grimrunt,0,14 Scrolls of *Destruction*,14 Scrolls of *Destruction*,14,750,,0.5,?,1,1,"It destroys a circular area centered at you with a radius of 15 squares, randomly placing new walls and floor space (stairs are immune).  All monsters and objects (excluding artifacts) are removed from the affected area.  This effect will also cause blindness lasting for 10+1d10 turns unless you have resistance to either blindness or light."
2026-09-25T19:30:20Z,-4,1W,12,155,Store,Grimrunt,1,"a Ring of Slaying (+8,+7)","A Ring of Slaying (+8,+7)",1,7500,,0.2,=,4,4,It boosts your to-hit and to-dam values.
2026-09-25T19:30:20Z,-4,1W,12,155,Store,Grimrunt,2,"a Cloak of Aman [1,+13] (+1 to stealth)","A Cloak of Aman [1,+13] (+1 to stealth)",1,16209,,1.0,(,5,15,It increases your stealth by 1.  It provides resistance to light.  It cannot be harmed by the elements.
2026-09-25T19:30:20Z,-4,1W,12,155,Store,Grimrunt,3,3 Scrolls of Banishment,3 Scrolls of Banishment,3,2250,,0.5,?,1,1,It removes all monsters represented by a chosen symbol from the level. Uniques are unaffected.  You take 1d4 points of damage for every monster removed.
2026-09-25T19:30:20Z,-4,1W,12,155,Store,Grimrunt,4,a Staff of Banishment (3 charges),A Staff of Banishment (3 charges),1,12075,,5.0,_,15,15,It removes all monsters represented by a chosen symbol from the level. Uniques are unaffected.  You take 1d4 points of damage for every monster removed. You have almost no chance to successfully use this item.
2026-09-25T19:30:20Z,-4,1W,12,155,Store,Grimrunt,5,"a Ring of Slaying (+9,+6)","A Ring of Slaying (+9,+6)",1,7500,,0.2,=,4,4,It boosts your to-hit and to-dam values.
2026-09-25T19:30:20Z,-4,1W,12,155,Store,Grimrunt,6,an Amulet of Resistance,An Amulet of Resistance,1,60000,,0.3,"""",8,3,"It provides resistance to acid, lightning, fire, and cold.  It cannot be harmed by the elements."
2026-09-25T19:30:20Z,-4,1W,12,155,Store,Grimrunt,7,"a Robe of Elvenkind [2,+15] (+3 to stealth)","A Robe of Elvenkind [2,+15] (+3 to stealth)",1,50412,,2.0,(,6,2,"It increases your stealth by 3.  It provides resistance to acid, lightning, fire, cold, and dark.  It cannot be harmed by the elements."
2026-09-25T19:30:20Z,-4,1W,12,155,Store,Grimrunt,8,"Green Dragon Scale Mail (-2) [30,+21]","Green Dragon Scale Mail (-2) [30,+21]",1,185700,,20.0,[,5,2,It provides resistance to poison.  It activates for breathe poison gas (150) every 450+d450 turns.  It cannot be harmed by the elements. You have almost no chance to successfully use this item.
2026-09-25T19:30:27Z,-4,1W,20,164,Store,Slaadi,0,"Soft Studded Leather of Elvenkind [5,+17] (+1 to stealth)","Soft Studded Leather of Elvenkind [5,+17] (+1 to stealth)",1,50505,,9.0,(,15,2,"It increases your stealth by 1.  It provides resistance to acid, lightning, fire, cold, and sound.  It cannot be harmed by the elements."
2026-09-25T19:30:27Z,-4,1W,20,164,Store,Slaadi,1,"a Small Sword (Holy Avenger) (1d6) (+9,+9) [+3] (+2)","A Small Sword (Holy Avenger) (1d6) (+9,+9) [+3] (+2)",1,67644,,7.5,|,9,1,"It increases your wisdom by 2.  It slays demons, undead, and all evil creatures.  It provides resistance to fear.  It sustains your wisdom.  It is blessed by the gods.  It grants you the ability to see invisible things."
2026-09-25T19:30:27Z,-4,1W,20,164,Store,Slaadi,2,an Amulet of Terken (+6 to searching),An Amulet of Terken (+6 to searching),1,91800,,0.3,"""",1,3,It increases your searching by 6.  It slows your metabolism.  It grants you immunity to paralysis and the ability to see invisible things.  It cannot be harmed by the elements.
2026-09-25T19:30:27Z,-4,1W,20,164,Store,Slaadi,3,"Leather Scale Mail of Elvenkind (-1) [11,+8] (+3 to stealth)","Leather Scale Mail of Elvenkind (-1) [11,+8] (+3 to stealth)",1,49350,,14.0,(,15,2,"It increases your stealth by 3.  It provides resistance to acid, lightning, fire, cold, and poison.  It cannot be harmed by the elements."
2026-09-25T19:30:27Z,-4,1W,20,164,Store,Slaadi,4,a Ring of Dexterity (+5),A Ring of Dexterity (+5),1,4500,,0.2,=,14,4,It increases your dexterity by 5.  It sustains your dexterity.
2026-09-25T19:30:27Z,-4,1W,20,164,Store,Slaadi,5,"a Cloak of Aman [1,+29] (+3 to stealth)","A Cloak of Aman [1,+29] (+3 to stealth)",1,21609,,1.0,(,5,15,It increases your stealth by 3.  It provides resistance to dark.  It cannot be harmed by the elements.
2026-09-25T19:30:27Z,-4,1W,20,164,Store,Slaadi,6,"Chain Mail of Elvenkind (-2) [14,+13] (+3 to stealth)","Chain Mail of Elvenkind (-2) [14,+13] (+3 to stealth)",1,51450,,22.0,[,2,2,"It increases your stealth by 3.  It provides resistance to acid, lightning, fire, cold, and poison.  It cannot be harmed by the elements."
2026-09-25T19:30:27Z,-4,1W,20,164,Store,Slaadi,7,"a Cloak of the Magi [1,+12] (+2)","A Cloak of the Magi [1,+12] (+2)",1,11409,,1.0,(,5,15,It increases your intelligence by 2.  It increases your stealth by 2.  It sustains your intelligence.  It makes you fall like a feather.  It cannot be harmed by acid.
2026-09-25T19:31:21Z,-4,1W,20,182,Store,Grimrunt,0,"a Robe of Permanence [2,+9]","A Robe of Permanence [2,+9]",1,92712,,2.0,(,6,2,"It provides resistance to acid, lightning, fire, cold, poison, and life draining.  It sustains all your stats.  It cannot be harmed by the elements."
2026-09-25T19:31:21Z,-4,1W,20,182,Store,Grimrunt,1,a Rod of Probing,A Rod of Probing,1,12000,,1.5,-,15,10,"It probes all monsters within line of sight, giving information both on the current hit points of the monsters and many of their characteristics and abilities (excluding melee, spellcasting, and breath attacks). You have almost no chance to successfully use this item."
2026-09-25T19:31:21Z,-4,1W,20,182,Store,Grimrunt,2,2 Rods of Enlightenment,2 Rods of Enlightenment,2,50000,50000,1.5,-,15,10,It maps out a portion of the level centered on you. You have almost no chance to successfully use this item.
2026-09-25T19:31:21Z,-4,1W,20,182,Store,Grimrunt,3,7 Rods of Recall,7 Rods of Recall,7,12000,,1.5,-,9,10,It invokes the spell of recall. It cannot be harmed by electricity. You have almost no chance to successfully use this item.
2026-09-25T19:31:21Z,-4,1W,20,182,Store,Grimrunt,4,"a Small Leather Shield of Elvenkind [2,+6] (+3 to stealth)","A Small Leather Shield of Elvenkind [2,+6] (+3 to stealth)",1,100000,100000,5.0,),15,15,"It increases your stealth by 3.  It provides resistance to acid, lightning, fire, cold, and dark.  It cannot be harmed by the elements."
2026-09-25T19:31:21Z,-4,1W,20,182,Store,Grimrunt,5,a Rod of Drain Life,A Rod of Drain Life,1,10800,,1.5,-,1,10,"It inflicts 150 points of damage on a single monster that is not undead, a demon, an elemental, a golem, or a vortex. You have almost no chance to successfully use this item."
2026-09-25T19:31:21Z,-4,1W,20,182,Store,Grimrunt,6,2 Rods of Detection,2 Rods of Detection,2,15000,,1.5,-,2,10,"It detects all treasure, objects, secret doors, stairs, traps, and monsters in the immediate area. It cannot be harmed by electricity. You have almost no chance to successfully use this item."
2026-09-25T19:31:21Z,-4,1W,20,182,Store,Grimrunt,7,"a Set of Gauntlets of the Istari (+5,+3) [2,+8] (+1)","A Set of Gauntlets of the Istari (+5,+3) [2,+8] (+1)",1,156105,,2.5,],15,15,It increases your intelligence and wisdom by 1.  It provides resistance to fear.  It grants you immunity to paralysis.
2026-09-25T19:31:21Z,-4,1W,20,182,Store,Grimrunt,8,2 Rods of Curing,2 Rods of Curing,2,45000,,1.5,-,7,10,"It cures all stunning, heals all cut damage, neutralizes poison, and cures blindness and confusion. It cannot be harmed by electricity. You have almost no chance to successfully use this item."
2026-09-25T19:30:31Z,-4,1W,29,165,Store,Grimrunt,0,"a Pair of Soft Leather Boots of Speed [2,+8] (+3)","A Pair of Soft Leather Boots of Speed [2,+8] (+3)",1,1202421,,2.0,],15,15,It increases your speed by 3.
2026-09-25T19:30:31Z,-4,1W,29,165,Store,Grimrunt,1,"a Jewel Encrusted Crown of Seeing [0,+12] (+5 to searching)","A Jewel Encrusted Crown of Seeing [0,+12] (+5 to searching)",1,17100,,4.0,],10,15,It increases your searching by 5.  It provides resistance to blindness.  It grants you the ability to see invisible things.  It cannot be harmed by acid.
2026-09-25T19:30:31Z,-4,1W,29,165,Store,Grimrunt,2,"Metal Lamellar Armour of Elvenkind (-3) [23,+12] (+3 to stealth)","Metal Lamellar Armour of Elvenkind (-3) [23,+12] (+3 to stealth)",1,52350,,34.0,[,9,2,"It increases your stealth by 3.  It provides resistance to acid, lightning, fire, cold, and nether.  It cannot be harmed by the elements."
2026-09-25T19:30:31Z,-4,1W,29,165,Store,Grimrunt,3,"a Set of Gauntlets of the Istari (+4,+2) [2,+13] (+1)","A Set of Gauntlets of the Istari (+4,+2) [2,+13] (+1)",1,157005,,2.5,],15,15,It increases your intelligence and wisdom by 1.  It provides resistance to light.  It grants you immunity to paralysis.
2026-09-25T19:30:31Z,-4,1W,29,165,Store,Grimrunt,4,"a Small Leather Shield of Elvenkind [2,+17] (+1 to stealth)","A Small Leather Shield of Elvenkind [2,+17] (+1 to stealth)",1,59490,,5.0,),15,15,"It increases your stealth by 1.  It provides resistance to acid, lightning, fire, cold, and dark.  It cannot be harmed by the elements."
2026-09-25T19:30:31Z,-4,1W,29,165,Store,Grimrunt,5,"a Golden Crown of Might [0,+14] (+3)","A Golden Crown of Might [0,+14] (+3)",1,35100,,3.0,],11,15,"It increases your strength, dexterity, and constitution by 3.  It sustains your strength, dexterity, and constitution.  It grants you immunity to paralysis.  It cannot be harmed by the elements."
2026-09-25T19:30:31Z,-4,1W,29,165,Store,Grimrunt,6,"a Pair of Hard Leather Boots of Speed [3,+6] (+9)","A Pair of Hard Leather Boots of Speed [3,+6] (+9)",1,3001836,2000000,4.0,],15,15,It increases your speed by 9.
2026-09-25T19:30:35Z,-4,1W,32,157,Store,Grimrunt,0,"an Orcish Shield of Resist Cold [5,+20] (+2)","An Orcish Shield of Resist Cold [5,+20] (+2)",1,45300,,10.0,),8,15,It increases your strength and constitution by 2.  It provides resistance to cold.  It cannot be harmed by the elements.
2026-09-25T19:30:35Z,-4,1W,32,157,Store,Grimrunt,1,"a Light Crossbow of the Haradrim (x4) (+17,+9) (+1)","A Light Crossbow of the Haradrim (x4) (+17,+9) (+1)",1,68220,,11.0,},2,7,It increases your shooting speed and shooting power by 1.  It cannot be harmed by acid or fire.
2026-09-25T19:30:35Z,-4,1W,32,157,Store,Grimrunt,2,"a Golden Crown of Might [0,+2] (+3)","A Golden Crown of Might [0,+2] (+3)",1,31500,,3.0,],11,15,"It increases your strength, dexterity, and constitution by 3.  It sustains your strength, dexterity, and constitution.  It grants you immunity to paralysis.  It cannot be harmed by the elements."
2026-09-25T19:30:35Z,-4,1W,32,157,Store,Grimrunt,3,"a Ring of Slaying (+8,+7)","A Ring of Slaying (+8,+7)",1,7500,,0.2,=,4,4,It boosts your to-hit and to-dam values.
2026-09-25T19:32:05Z,-4,1W,45,134,Store,Grimbee,0,"a Dagger (Defender) (1d4) (+8,+8) [+1] (+4 to stealth)","A Dagger (Defender) (1d4) (+8,+8) [+1] (+4 to stealth)",1,51330,,1.2,|,9,1,"It increases your stealth by 4.  It provides resistance to acid, lightning, fire, and cold.  It makes you fall like a feather and speeds your regeneration. It grants you immunity to paralysis and the ability to see invisible things. It cannot be harmed by the elements.  It might have hidden powers."
2026-09-25T19:31:10Z,-4,1W,47,193,Store,Grimseed,0,"a Cloak of the Magi [1,+8] (+2)","A Cloak of the Magi [1,+8] (+2)",1,10209,,1.0,(,5,15,It increases your intelligence by 2.  It increases your stealth by 2.  It sustains your intelligence.  It lights the dungeon around you.  It cannot be harmed by acid.
2026-09-25T19:31:10Z,-4,1W,47,193,Store,Grimseed,1,"a Broken Dagger (Holy Avenger) (1d1) (+8,+8) [+2] (+1)","A Broken Dagger (Holy Avenger) (1d1) (+8,+8) [+2] (+1)",1,66003,,0.5,|,8,1,"It increases your wisdom by 1.  It slays demons, undead, and all evil creatures.  It provides resistance to fear.  It is blessed by the gods.  It grants you the ability to see invisible things.  It might have hidden powers."
2026-09-25T19:32:11Z,-4,1W,54,127,Store,Grimrock,0,"a Cloak of Aman [1,+24] (+2 to stealth)","A Cloak of Aman [1,+24] (+2 to stealth)",1,19809,,1.0,(,5,15,It increases your stealth by 2.  It provides resistance to fear.  It cannot be harmed by the elements.
2026-09-25T19:32:11Z,-4,1W,54,127,Store,Grimrock,1,"a Cloak of the Magi [1,+7] (+1)","A Cloak of the Magi [1,+7] (+1)",1,9009,,1.0,(,5,15,It increases your intelligence by 1.  It increases your stealth by 1.  It provides resistance to life draining.  It sustains your intelligence.  It cannot be harmed by acid.
2026-09-25T19:32:11Z,-4,1W,54,127,Store,Grimrock,2,an Amulet of Wisdom (+6),An Amulet of Wisdom (+6),1,10000,10000,0.3,"""",14,3,It increases your wisdom by 6.  It sustains your wisdom.
2026-09-25T19:32:11Z,-4,1W,54,127,Store,Grimrock,3,2 Rods of Disarming,2 Rods of Disarming,2,6300,,1.5,-,9,10,"It produces a beam that disarms all traps, unlocks all locked doors and reveals all secret doors. You have almost no chance to successfully use this item."
2026-09-25T19:32:11Z,-4,1W,54,127,Store,Grimrock,4,3 Rods of Recall,3 Rods of Recall,3,12000,,1.5,-,9,10,It invokes the spell of recall. It cannot be harmed by electricity. You have almost no chance to successfully use this item.
2026-09-25T19:32:11Z,-4,1W,54,127,Store,Grimrock,5,"a Scythe of Slicing of Westernesse (8d4) (+10,+11) (+1)","A Scythe of Slicing of Westernesse (8d4) (+10,+11) (+1)",1,500000,500000,25.0,/,4,1,"It increases your strength, dexterity, and constitution by 1.  It slays orcs , trolls, and giants.  It grants you immunity to paralysis and the ability to see invisible things."
2026-09-25T19:32:11Z,-4,1W,54,127,Store,Grimrock,6,an Amulet of Resistance,An Amulet of Resistance,1,60000,,0.3,"""",8,3,"It provides resistance to acid, lightning, fire, and cold.  It cannot be harmed by the elements."
2026-09-25T19:32:11Z,-4,1W,54,127,Store,Grimrock,7,"a Set of Leather Gloves of the Istari (+3,+5) [1,+16] (+1)","A Set of Leather Gloves of the Istari (+3,+5) [1,+16] (+1)",1,158409,,0.5,],15,15,It increases your intelligence and wisdom by 1.  It provides resistance to light.  It grants you immunity to paralysis.
2026-09-25T19:32:11Z,-4,1W,54,127,Store,Grimrock,8,an Amulet of Wisdom (+5),An Amulet of Wisdom (+5),1,4500,,0.3,"""",14,3,It increases your wisdom by 5.  It sustains your wisdom.
2026-09-25T19:32:11Z,-4,1W,54,127,Store,Grimrock,9,an Amulet of Terken (+3 to searching),An Amulet of Terken (+3 to searching),1,90900,,0.3,"""",1,3,"It increases your searching by 3.  It grants you immunity to paralysis, the power of telepathy, and the ability to see invisible things.  It cannot be harmed by the elements."
2026-09-25T19:32:11Z,-4,1W,54,127,Store,Grimrock,10,"a Lochaber Axe (Blessed) (3d8) (+6,+12) (+3)","A Lochaber Axe (Blessed) (3d8) (+6,+12) (+3)",1,24450,,25.0,/,8,1,It increases your wisdom by 3.  It is blessed by the gods.  It grants you the power of telepathy.
2026-09-25T19:32:11Z,-4,1W,54,127,Store,Grimrock,11,a Ring of Strength (+6),A Ring of Strength (+6),1,8000,8000,0.2,=,13,4,It increases your strength by 6.  It sustains your strength.
2026-09-25T19:32:11Z,-4,1W,54,127,Store,Grimrock,12,"a Ring of Slaying (+6,+7)","A Ring of Slaying (+6,+7)",1,6900,,0.2,=,4,4,It boosts your to-hit and to-dam values.
2026-09-25T19:32:11Z,-4,1W,54,127,Store,Grimrock,13,"a Small Leather Shield of the Avari [2,+14] (+2)","A Small Leather Shield of the Avari [2,+14] (+2)",1,245490,,5.0,),15,15,"It increases your constitution by 2.  It provides resistance to acid, lightning, fire, cold, and blindness.  It cannot be harmed by the elements."
2026-09-25T19:32:11Z,-4,1W,54,127,Store,Grimrock,14,a Dwarven Lantern,A Dwarven Lantern,1,6000,,1.0,~,6,11,It is equippable as a light source and grants you permanent light with a radius of 2 squares. It cannot be harmed by the elements.
2026-09-25T19:32:11Z,-4,1W,54,127,Store,Grimrock,15,a Ring of Resist Poison,A Ring of Resist Poison,1,48000,,0.2,=,1,4,It provides resistance to poison.
2026-09-25T19:32:11Z,-4,1W,54,127,Store,Grimrock,16,"an Orcish Pick of Earthquakes (1d3) (+25,+12) (+8)","An Orcish Pick of Earthquakes (1d3) (+25,+12) (+8)",1,50000,50000,18.0,\,5,2,It increases your strength by 8.  It increases your tunneling by 8.  It is branded with acid.  It creates earthquakes on impact.
2026-09-25T19:32:11Z,-4,1W,54,127,Store,Grimrock,17,"a Flail (Holy Avenger) (2d6) (+4,+4) [+3] (+3)","A Flail (Holy Avenger) (2d6) (+4,+4) [+3] (+3)",1,66159,,15.0,\,8,1,"It increases your wisdom by 3.  It slays demons, undead, and all evil creatures.  It provides resistance to fear.  It sustains your wisdom.  It is blessed by the gods.  It grants you the ability to see invisible things."
2026-09-25T19:32:11Z,-4,1W,54,127,Store,Grimrock,18,2 Staffs of *Destruction* (2 charges avg),2 Staffs of *Destruction* (5 charges),2,8250,,5.0,_,15,15,"It destroys a circular area centered at you with a radius of 15 squares, randomly placing new walls and floor space (stairs are immune).  All monsters and objects (excluding artifacts) are removed from the affected area.  This effect will also cause blindness lasting for 10+1d10 turns unless you have resistance to either blindness or light. You have almost no chance to successfully use this item."
2026-09-25T19:32:11Z,-4,1W,54,127,Store,Grimrock,19,4 Wands of Drain Life (5 charges avg),4 Wands of Drain Life (20 charges),4,4500,,1.0,-,11,5,"It inflicts 150 points of damage on a single monster that is not undead, a demon, an elemental, a golem, or a vortex. You have almost no chance to successfully use this item."
2026-09-25T19:32:11Z,-4,1W,54,127,Store,Grimrock,20,"a Golden Crown of Lordliness [0,+9] (+1)","A Golden Crown of Lordliness [0,+9] (+1)",1,29400,,3.0,],11,15,It increases your wisdom and charisma by 1.  It provides resistance to fear and life draining.  It sustains your wisdom and charisma.  It cannot be harmed by the elements.
2026-09-25T19:32:26Z,-4,1W,54,148,Store,Grimrunt,0,2 Rings of Dexterity (+6),2 Rings of Dexterity (+6),2,10000,10000,0.2,=,14,4,It increases your dexterity by 6.  It sustains your dexterity.
2026-09-25T19:30:45Z,-4,1W,55,163,Store,Grimrunt,0,3 Rings of Intelligence (+6),3 Rings of Intelligence (+6),3,10000,10000,0.2,=,9,4,It increases your intelligence by 6.  It sustains your intelligence.
2026-09-25T19:30:45Z,-4,1W,55,163,Store,Grimrunt,1,"an Iron Helm of Telepathy [5,+3]","An Iron Helm of Telepathy [5,+3]",1,151125,100000,7.5,],2,15,It grants you the power of telepathy.
2026-09-25T19:32:16Z,-4,1W,61,127,Store,Grimrock,0,3 Holy Books of Prayers [Godly Insights],3 Holy Books of Prayers [Godly Insights],3,30000,,3.0,?,5,13,It cannot be harmed by the elements.
2026-09-25T19:32:16Z,-4,1W,61,127,Store,Grimrock,1,a Holy Book of Prayers [Purifications and Healing],A Holy Book of Prayers [Purifications and Healing],1,90000,,3.0,?,5,13,It cannot be harmed by the elements.
2026-09-25T19:32:16Z,-4,1W,61,127,Store,Grimrock,2,3 Scrolls of *Remove Curse*,3 Scrolls of *Remove Curse*,3,24000,,0.5,?,1,1,It removes all ordinary and heavy curses from all equipped objects. Permanent curses are unaffected.
2026-09-25T19:32:16Z,-4,1W,61,127,Store,Grimrock,3,an Amulet of Terken (+7 to searching),An Amulet of Terken (+7 to searching),1,92100,,0.3,"""",1,3,It increases your searching by 7.  It speeds your regeneration.  It grants you immunity to paralysis and the ability to see invisible things.  It cannot be harmed by the elements.
2026-09-25T19:32:16Z,-4,1W,61,127,Store,Grimrock,4,"a Pair of Hard Leather Boots of Mirkwood [3,+8]","A Pair of Hard Leather Boots of Mirkwood [3,+8]",1,47436,,4.0,],15,15,It provides resistance to poison.  It grants you immunity to paralysis.
2026-09-25T19:32:16Z,-4,1W,61,127,Store,Grimrock,5,2 Holy Books of Prayers [Holy Infusions],2 Holy Books of Prayers [Holy Infusions],2,150000,,3.0,?,5,13,It cannot be harmed by the elements.
2026-09-25T19:32:16Z,-4,1W,61,127,Store,Grimrock,6,"a Mattock of Earthquakes (1d8) (+9,+12) (+7)","A Mattock of Earthquakes (1d8) (+9,+12) (+7)",1,22650,,25.0,\,8,2,It increases your strength by 7.  It increases your tunneling by 7.  It is branded with acid.  It creates earthquakes on impact.
2026-09-25T19:32:16Z,-4,1W,61,127,Store,Grimrock,7,"a Hard Leather Cap of Seeing [2,+6] (+2 to searching)","A Hard Leather Cap of Seeing [2,+6] (+2 to searching)",1,8436,,1.5,],7,15,It increases your searching by 2.  It provides resistance to blindness.  It grants you the ability to see invisible things.
2026-09-25T19:30:54Z,-4,1W,62,161,Store,Grimrunt,0,12 Potions of Speed,12 Potions of Speed,12,5000,5000,0.4,!,11,14,It hastes you (+10 to speed) for 15+1d25 turns (or 5 additional turns if you already are under the effect of a temporary haste enchantment).
2026-09-25T19:30:54Z,-4,1W,62,161,Store,Grimrunt,1,"a Set of Elven Gloves of Free Action [1,+14]","A Set of Elven Gloves of Free Action [1,+14]",1,19200,,4.0,],5,15,It speeds your regeneration.  It grants you immunity to paralysis.
2026-09-25T19:04:56Z,-3,1S,5,151,Store,Grimreaper,0,2 Potions of Detonations,2 Potions of Detonations,2,30000,,0.4,!,7,14,"It inflicts 50d20 points of damage from massive explosions, severe cuts (+5000 to the cut counter), and stunning (+75 to the stun counter).  It can also be thrown for 25d25 points of damage."
2026-09-25T19:04:56Z,-3,1S,5,151,Store,Grimreaper,1,"a Lochaber Axe (Holy Avenger) (3d8) (+17,+15) [+1] (+4)","A Lochaber Axe (Holy Avenger) (3d8) (+17,+15) [+1] (+4)",1,74550,,25.0,/,8,1,"It increases your wisdom by 4.  It slays demons, undead, and all evil creatures.  It provides resistance to fear.  It sustains your charisma.  It is blessed by the gods.  It grants you the ability to see invisible things."
2026-09-25T19:04:56Z,-3,1S,5,151,Store,Grimreaper,2,"a Set of Gauntlets of the Istari (+5,+4) [2,+12] (+3)","A Set of Gauntlets of the Istari (+5,+4) [2,+12] (+3)",1,160005,,2.5,],15,15,It increases your intelligence and wisdom by 3.  It provides resistance to disenchantment.  It grants you immunity to paralysis.
2026-09-25T19:04:56Z,-3,1S,5,151,Store,Grimreaper,3,3 Rings of Speed (+10),3 Rings of Speed (+10),3,1800000,,0.2,=,7,4,It increases your speed by 10.
2026-09-25T19:04:56Z,-3,1S,5,151,Store,Grimreaper,4,"a Set of Cesti of the Istari (+1,+1) [5,+21] (+1)","A Set of Cesti of the Istari (+1,+1) [5,+21] (+1)",1,158400,,4.0,],9,15,It increases your intelligence and wisdom by 1.  It provides resistance to light.  It grants you immunity to paralysis.
2026-09-25T19:04:56Z,-3,1S,5,151,Store,Grimreaper,5,"a Shadow Cloak of the Magi [6,+23] (+2)","A Shadow Cloak of the Magi [6,+23] (+2)",1,500000,500000,0.5,(,8,15,It increases your intelligence by 2.  It increases your stealth by 2.  It sustains your intelligence.  It grants you the power of telepathy.  It cannot be harmed by acid.
2026-09-25T19:04:56Z,-3,1S,5,151,Store,Grimreaper,6,"a Set of Gauntlets of the Istari (+1,+3) [2,+19] (+3)","A Set of Gauntlets of the Istari (+1,+3) [2,+19] (+3)",1,160605,,2.5,],15,15,It increases your intelligence and wisdom by 3.  It provides resistance to nether.  It grants you immunity to paralysis.
2026-09-25T19:04:56Z,-3,1S,5,151,Store,Grimreaper,7,"a Short Bow of Lothlorien (x3) (+7,+11) (+1)","A Short Bow of Lothlorien (x3) (+7,+11) (+1)",1,66150,,3.0,},15,7,It increases your dexterity by 1.  It increases your shooting power by 1. It lights the dungeon around you.  It grants you immunity to paralysis.  It cannot be harmed by acid or fire.
2026-09-25T19:04:56Z,-3,1S,5,151,Store,Grimreaper,8,"a Sling of Buckland (x3) (+15,+18) (+1) {90% off}","A Sling of Buckland (x3) (+15,+18) (+1)",1,7053,,0.5,},7,7,It increases your dexterity by 1.  It increases your shooting speed and shooting power by 1.  It cannot be harmed by acid or fire.
2026-09-25T19:05:36Z,-3,1S,17,115,Store,Grimreaper,0,a Book of Magic Spells [Resistances of Scarabtarices],A Book of Magic Spells [Resistances of Scarabtarices],1,30000,,3.0,?,4,12,It cannot be harmed by the elements.
2026-09-25T19:05:36Z,-3,1S,17,115,Store,Grimreaper,1,a Book of Magic Spells [Mordenkainen's Escapes],A Book of Magic Spells [Mordenkainen's Escapes],1,90000,,3.0,?,4,12,It cannot be harmed by the elements.
2026-09-25T19:05:36Z,-3,1S,17,115,Store,Grimreaper,2,4 Books of Magic Spells [Tenser's Transformations],4 Books of Magic Spells [Tenser's Transformations],4,150000,,3.0,?,4,12,It cannot be harmed by the elements.
2026-09-25T19:05:36Z,-3,1S,17,115,Store,Grimreaper,3,2 Books of Magic Spells [Kelek's Grimoire of Power],2 Books of Magic Spells [Kelek's Grimoire of Power],2,270000,,3.0,?,4,12,It cannot be harmed by the elements.
2026-09-25T19:05:36Z,-3,1S,17,115,Store,Grimreaper,4,an Amulet of ESP (+5),An Amulet of ESP (+5),1,76500,,0.3,"""",15,3,It increases your searching by 5.  It grants you the power of telepathy.  It cannot be harmed by the elements.
2026-09-25T19:05:36Z,-3,1S,17,115,Store,Grimreaper,5,an Amulet of the Magi [+4] (+2),An Amulet of the Magi [+4] (+2),1,93000,,0.3,"""",9,3,It increases your intelligence by 2.  It increases your searching by 2.  It provides resistance to confusion.  It sustains your intelligence.  It grants you immunity to paralysis and the ability to see invisible things.  It cannot be harmed by the elements.
2026-09-25T19:05:36Z,-3,1S,17,115,Store,Grimreaper,6,"a Set of Leather Gloves of the Istari (+5,+3) [1,+7] (+3)","A Set of Leather Gloves of the Istari (+5,+3) [1,+7] (+3)",1,158109,,0.5,],15,15,It increases your intelligence and wisdom by 3.  It provides resistance to shards.  It grants you immunity to paralysis.
2026-09-25T19:05:36Z,-3,1S,17,115,Store,Grimreaper,7,"Chaos Dragon Scale Mail (-2) [30,+15]","Chaos Dragon Scale Mail (-2) [30,+15]",1,243900,,20.0,[,10,2,It provides resistance to chaos and disenchantment.  It activates for breathe chaos/disenchant (220) every 300+d300 turns.  It cannot be harmed by the elements. You have almost no chance to successfully use this item.
2026-09-25T19:05:36Z,-3,1S,17,115,Store,Grimreaper,8,"a Long Bow of Lothlorien (x4) (+11,+11) (+1)","A Long Bow of Lothlorien (x4) (+11,+11) (+1)",1,67560,,4.0,},15,7,It increases your dexterity by 1.  It increases your shooting power by 1. It lights the dungeon around you.  It grants you immunity to paralysis.  It cannot be harmed by acid or fire.
2026-09-25T19:05:36Z,-3,1S,17,115,Store,Grimreaper,9,an Amulet of Devotion (+4),An Amulet of Devotion (+4),1,94800,,0.3,"""",7,3,"It increases your wisdom and charisma by 4.  It provides resistance to fire, light, dark, and life draining.  It sustains your wisdom and charisma.  It lights the dungeon around you."
2026-09-25T19:05:36Z,-3,1S,17,115,Store,Grimreaper,10,"a Sling of Buckland (x3) (+17,+14) (+1)","A Sling of Buckland (x3) (+17,+14) (+1)",1,69915,,0.5,},7,7,It increases your dexterity by 1.  It increases your shooting speed and shooting power by 1.  It cannot be harmed by acid or fire.
2026-09-25T19:05:36Z,-3,1S,17,115,Store,Grimreaper,11,a Ring of Ice [+20],A Ring of Ice [+20],1,15000,,0.2,=,8,4,It provides resistance to cold.  It activates for cold resistance (20+d20 turns) and cold ball (75) every 50+d50 turns.  It cannot be harmed by cold. You have almost no chance to successfully use this item.
2026-09-25T19:05:36Z,-3,1S,17,115,Store,Grimreaper,12,3 Amulets of Sustenance,3 Amulets of Sustenance,3,60000,,0.3,"""",14,3,It provides resistance to life draining.  It sustains all your stats.  It slows your metabolism.  It cannot be harmed by the elements.
2026-09-25T19:05:36Z,-3,1S,17,115,Store,Grimreaper,13,an Amulet of Resistance,An Amulet of Resistance,1,60000,,0.3,"""",8,3,"It provides resistance to acid, lightning, fire, and cold.  It cannot be harmed by the elements."
2026-09-25T19:05:36Z,-3,1S,17,115,Store,Grimreaper,14,"a Kolla of Aman [3,+15] (+1) (+2 to stealth)","A Kolla of Aman [3,+15] (+1) (+2 to stealth)",1,140700,,0.5,(,13,15,"It increases your strength, dexterity, and constitution by 1.  It increases your stealth by 2.  It provides resistance to chaos.  It sustains your strength , dexterity, and constitution.  It cannot be harmed by the elements."
2026-09-25T19:05:36Z,-3,1S,17,115,Store,Grimreaper,15,"an Orcish Shield of Resistance [5,+21] (+1)","An Orcish Shield of Resistance [5,+21] (+1)",1,81300,,10.0,),8,15,"It increases your strength and constitution by 1.  It provides resistance to acid, lightning, fire, and cold.  It cannot be harmed by the elements."
2026-09-25T19:05:36Z,-3,1S,17,115,Store,Grimreaper,16,"a Large Leather Shield of Elvenkind [4,+12] (+3 to stealth)","A Large Leather Shield of Elvenkind [4,+12] (+3 to stealth)",1,58860,,10.0,),15,15,"It increases your stealth by 3.  It provides resistance to acid, lightning, fire, cold, and poison.  It cannot be harmed by the elements."
2026-09-25T19:05:36Z,-3,1S,17,115,Store,Grimreaper,17,"Ribbed Plate Armour of Elvenkind (-3) [28,+19] (+1 to stealth)","Ribbed Plate Armour of Elvenkind (-3) [28,+19] (+1 to stealth)",1,54600,,38.0,[,9,2,"It increases your stealth by 1.  It provides resistance to acid, lightning, fire, cold, and disenchantment.  It cannot be harmed by the elements."
2026-09-25T19:05:36Z,-3,1S,17,115,Store,Grimreaper,18,"a Golden Crown of Lordliness [0,+18] (+2)","A Golden Crown of Lordliness [0,+18] (+2)",1,33300,,3.0,],11,15,It increases your wisdom and charisma by 2.  It provides resistance to fear. It sustains your wisdom and charisma.  It grants you the power of telepathy. It cannot be harmed by the elements.
2026-09-25T19:05:36Z,-3,1S,17,115,Store,Grimreaper,19,"Double Chain Mail of Elvenkind (-2) [16,+11] (+2 to stealth)","Double Chain Mail of Elvenkind (-2) [16,+11] (+2 to stealth)",1,50850,,25.0,[,2,2,"It increases your stealth by 2.  It provides resistance to acid, lightning, fire, cold, and sound.  It cannot be harmed by the elements."
2026-09-25T19:05:36Z,-3,1S,17,115,Store,Grimreaper,20,"a Golden Crown of Telepathy [0,+13]","A Golden Crown of Telepathy [0,+13]",1,156900,,3.0,],11,15,It grants you the power of telepathy.  It cannot be harmed by acid.
2026-09-25T19:05:36Z,-3,1S,17,115,Store,Grimreaper,21,an Amulet of Devotion (+3),An Amulet of Devotion (+3),1,93600,,0.3,"""",7,3,"It increases your wisdom and charisma by 3.  It provides resistance to fire, light, dark, and life draining.  It sustains your wisdom and charisma.  It lights the dungeon around you."
2026-09-25T19:05:36Z,-3,1S,17,115,Store,Grimreaper,22,a Rod of Healing,A Rod of Healing,1,60000,,1.5,-,14,10,"It cures 500 points of damage, cures all stunning, and heals all cut damage. It cannot be harmed by electricity. You have almost no chance to successfully use this item."
2026-09-25T19:05:36Z,-3,1S,17,115,Store,Grimreaper,23,"a Set of Gauntlets of the Istari (+3,+4) [2,+18] (+1)","A Set of Gauntlets of the Istari (+3,+4) [2,+18] (+1)",1,158805,,2.5,],15,15,It increases your intelligence and wisdom by 1.  It provides resistance to poison.  It grants you immunity to paralysis.
2026-09-25T19:05:36Z,-3,1S,17,115,Store,Grimreaper,24,"a Cloak of the Teleri [1,+27]","A Cloak of the Teleri [1,+27]",1,68109,,1.0,(,5,15,It provides resistance to life draining.  It grants you immunity to paralysis.
2026-09-25T19:05:36Z,-3,1S,17,115,Store,Grimreaper,25,"a Sling of Buckland (x3) (+18,+13) (+1)","A Sling of Buckland (x3) (+18,+13) (+1)",1,69915,,0.5,},7,7,It increases your dexterity by 1.  It increases your shooting speed and shooting power by 1.  It cannot be harmed by acid or fire.
2026-09-25T19:05:36Z,-3,1S,17,115,Store,Grimreaper,26,"Chaos Dragon Scale Mail (-2) [30,+16]","Chaos Dragon Scale Mail (-2) [30,+16]",1,244200,,20.0,[,10,2,It provides resistance to chaos and disenchantment.  It activates for breathe chaos/disenchant (220) every 300+d300 turns.  It cannot be harmed by the elements. You have almost no chance to successfully use this item.
2026-09-25T19:05:36Z,-3,1S,17,115,Store,Grimreaper,27,"a Heavy Crossbow of Extra Might (x5) (+14,+26) (+1)","A Heavy Crossbow of Extra Might (x5) (+14,+26) (+1)",1,42900,,20.0,},2,7,It increases your shooting power by 1.
2026-09-25T19:05:36Z,-3,1S,17,115,Store,Grimreaper,28,"a Large Metal Shield of Elvenkind [5,+15] (+1 to stealth)","A Large Metal Shield of Elvenkind [5,+15] (+1 to stealth)",1,59400,,12.0,),2,15,"It increases your stealth by 1.  It provides resistance to acid, lightning, fire, cold, and fear.  It cannot be harmed by the elements."
2026-09-25T19:05:36Z,-3,1S,17,115,Store,Grimreaper,29,"a Set of Gauntlets of Power (+5,+4) [2,+5] (+5)","A Set of Gauntlets of Power (+5,+4) [2,+5] (+5)",1,30000,30000,2.5,],15,15,It increases your strength by 5.
2026-09-25T19:05:36Z,-3,1S,17,115,Store,Grimreaper,30,"a Set of Gauntlets of the Istari (+1,+2) [2,+14] (+2)","A Set of Gauntlets of the Istari (+1,+2) [2,+14] (+2)",1,157605,,2.5,],15,15,It increases your intelligence and wisdom by 2.  It provides resistance to fear.  It grants you immunity to paralysis.
2026-09-25T19:05:36Z,-3,1S,17,115,Store,Grimreaper,31,"a Set of Gauntlets of the Istari (+1,+1) [2,+9] (+2)","A Set of Gauntlets of the Istari (+1,+1) [2,+9] (+2)",1,155805,,2.5,],15,15,It increases your intelligence and wisdom by 2.  It provides resistance to disenchantment.  It grants you immunity to paralysis.
2026-09-25T19:04:50Z,-3,1S,19,155,Store,NAZ,0,24 Rations of Food,24 Rations of Food,24,9,,1.0,",",15,15,It provides nourishment for about 2500 turns under normal conditions.
2026-09-25T19:01:10Z,-3,1S,20,8,Store,Grimlight,0,"a Ball-and-Chain (Holy Avenger) (2d4) (+9,+11) [+1] (+4)","A Ball-and-Chain (Holy Avenger) (2d4) (+9,+11) [+1] (+4)",1,69300,,15.0,\,8,1,"It increases your wisdom by 4.  It slays demons, undead, and all evil creatures.  It provides resistance to fear.  It sustains your charisma.  It is blessed by the gods.  It grants you the ability to see invisible things."
2026-09-25T19:01:10Z,-3,1S,20,8,Store,Grimlight,1,"a Set of Leather Gloves of the Istari (+1,+2) [1,+18] (+3)","A Set of Leather Gloves of the Istari (+1,+2) [1,+18] (+3)",1,159909,,0.5,],15,15,It increases your intelligence and wisdom by 3.  It provides resistance to fear.  It grants you immunity to paralysis.
2026-09-25T19:01:10Z,-3,1S,20,8,Store,Grimlight,2,"a Scythe of Slicing (Blessed) (8d4) (+8,+6) (+1)","A Scythe of Slicing (Blessed) (8d4) (+8,+6) (+1)",1,50000,50000,25.0,/,4,1,It increases your wisdom by 1.  It is blessed by the gods and slows your metabolism.
2026-09-25T19:01:10Z,-3,1S,20,8,Store,Grimlight,3,"a Pair of Hard Leather Boots of Speed [3,+8] (+4)","A Pair of Hard Leather Boots of Speed [3,+8] (+4)",1,1502436,,4.0,],15,15,It increases your speed by 4.
2026-09-25T19:01:10Z,-3,1S,20,8,Store,Grimlight,4,"a Pair of Metal Shod Boots of Speed [6,+10] (+5)","A Pair of Metal Shod Boots of Speed [6,+10] (+5)",1,1803150,,8.0,],2,15,It increases your speed by 5.
2026-09-25T19:01:10Z,-3,1S,20,8,Store,Grimlight,5,a Ring of Strength (+6),A Ring of Strength (+6),1,10000,10000,0.2,=,13,4,It increases your strength by 6.  It sustains your strength.
2026-09-25T19:01:10Z,-3,1S,20,8,Store,Grimlight,6,"a Large Leather Shield of Elvenkind [4,+7] (+1 to stealth)","A Large Leather Shield of Elvenkind [4,+7] (+1 to stealth)",1,56760,,10.0,),15,15,"It increases your stealth by 1.  It provides resistance to acid, lightning, fire, cold, and light.  It cannot be harmed by the elements."
2026-09-25T19:01:10Z,-3,1S,20,8,Store,Grimlight,7,5 Rods of Recall,5 Rods of Recall,5,12000,,1.5,-,9,10,It invokes the spell of recall. It cannot be harmed by electricity. You have almost no chance to successfully use this item.
2026-09-25T19:01:10Z,-3,1S,20,8,Store,Grimlight,8,2 Rings of Constitution (+6),2 Rings of Constitution (+6),2,10000,10000,0.2,=,14,4,It increases your constitution by 6.  It sustains your constitution.
2026-09-25T19:01:10Z,-3,1S,20,8,Store,Grimlight,9,"a Dwarven Shovel of Earthquakes (1d3) (+13,+15) (+9)","A Dwarven Shovel of Earthquakes (1d3) (+13,+15) (+9)",1,50000,50000,12.0,\,14,2,It increases your strength by 9.  It increases your tunneling by 9.  It is branded with acid.  It creates earthquakes on impact.
2026-09-25T19:01:10Z,-3,1S,20,8,Store,Grimlight,10,3 Staffs of Teleportation (17 charges avg),3 Staffs of Teleportation (52 charges),3,11100,,5.0,_,15,15,It teleports you randomly with a maximum range of 100 squares. You have a moderate chance to successfully use this item.
2026-09-25T19:02:02Z,-3,1S,25,45,Store,Diver,0,"a Cloak of Aman [1,+15] (+3 to stealth)","A Cloak of Aman [1,+15] (+3 to stealth)",1,50000,50000,1.0,(,5,15,It increases your stealth by 3.  It provides resistance to dark.  It cannot be harmed by the elements.
2026-09-25T19:01:08Z,-3,1S,26,16,Store,Grimlight,0,"a Cloak of Aman [1,+8] (+1 to stealth)","A Cloak of Aman [1,+8] (+1 to stealth)",1,15000,15000,1.0,(,5,15,It increases your stealth by 1.  It provides resistance to blindness.  It cannot be harmed by the elements.
2026-09-25T19:01:08Z,-3,1S,26,16,Store,Grimlight,1,an Amulet of Sustenance,An Amulet of Sustenance,1,60000,,0.3,"""",14,3,It provides resistance to life draining.  It sustains all your stats.  It slows your metabolism.  It cannot be harmed by the elements.
2026-09-25T19:01:08Z,-3,1S,26,16,Store,Grimlight,2,"a Pair of Metal Shod Boots of Speed [6,+7] (+7)","A Pair of Metal Shod Boots of Speed [6,+7] (+7)",1,2402250,,8.0,],2,15,It increases your speed by 7.
2026-09-25T19:05:46Z,-3,1S,30,124,Store,Grimreaper,0,"a Cloak of Lordly Resistance [1,+29]","A Cloak of Lordly Resistance [1,+29]",1,758709,,1.0,(,5,15,"It provides resistance to acid, lightning, fire, and cold.  It activates for resistance every 150+d50 turns.  It cannot be harmed by the elements. You have an very good chance to successfully use this item."
2026-09-25T19:05:46Z,-3,1S,30,124,Store,Grimreaper,1,"a Pair of Hard Leather Boots of Mirkwood [3,+7]","A Pair of Hard Leather Boots of Mirkwood [3,+7]",1,47136,,4.0,],15,15,It provides resistance to poison.  It grants you immunity to paralysis.
2026-09-25T19:05:46Z,-3,1S,30,124,Store,Grimreaper,2,"a Ring of Slaying (+8,+9)","A Ring of Slaying (+8,+9)",1,15000,15000,0.2,=,4,4,It boosts your to-hit and to-dam values.
2026-09-25T19:05:51Z,-3,1S,37,125,Store,Grimreaper,0,"a Pair of Metal Shod Boots of Mirkwood [6,+9]","A Pair of Metal Shod Boots of Mirkwood [6,+9]",1,47850,,8.0,],2,15,It provides resistance to poison.  It grants you immunity to paralysis.
2026-09-25T19:05:51Z,-3,1S,37,125,Store,Grimreaper,1,10 Rods of Illumination,10 Rods of Illumination,10,3000,,1.5,-,9,10,"It lights up an area with a radius of 2 squares, plus the entire room if you are currently in one.  This inflicts 2d8 points of damage on any light-sensitive creatures within the radius of the spell. You have a moderate chance to successfully use this item."
2026-09-25T19:05:51Z,-3,1S,37,125,Store,Grimreaper,2,5 Wands of Teleport Other (12 charges avg),5 Wands of Teleport Other (62 charges),5,1662,,1.0,-,14,5,It produces a beam that teleports all monsters caught in it up to 100 squares away. You have a moderate chance to successfully use this item.
2026-09-25T19:02:43Z,-3,1S,43,93,Store,Grimreaper,0,"a Long Bow of Numenor (x4) (+10,+12)","A Long Bow of Numenor (x4) (+10,+12)",1,156960,,4.0,},15,7,It increases your shooting power by 1.  It speeds your regeneration.
2026-09-25T19:02:43Z,-3,1S,43,93,Store,Grimreaper,1,3 Rings of Constitution (+6),3 Rings of Constitution (+6),3,5100,,0.2,=,14,4,It increases your constitution by 6.  It sustains your constitution.
2026-09-25T19:02:43Z,-3,1S,43,93,Store,Grimreaper,2,"a Jewel Encrusted Crown of Lordliness [0,+10] (+3)","A Jewel Encrusted Crown of Lordliness [0,+10] (+3)",1,35100,,4.0,],10,15,It increases your wisdom and charisma by 3.  It provides resistance to fear. It sustains your wisdom and charisma.  It grants you the power of telepathy. It cannot be harmed by the elements.
2026-09-25T19:02:43Z,-3,1S,43,93,Store,Grimreaper,3,"a Cloak of the Magi [1,+10] (+1)","A Cloak of the Magi [1,+10] (+1)",1,9909,,1.0,(,5,15,It increases your intelligence by 1.  It increases your stealth by 1.  It sustains your intelligence.  It grants you the power of telepathy.  It cannot be harmed by acid.
2026-09-25T19:02:43Z,-3,1S,43,93,Store,Grimreaper,4,2 Holy Books of Prayers [Wrath of God],2 Holy Books of Prayers [Wrath of God],2,300000,,3.0,?,5,13,It cannot be harmed by the elements.
2026-09-25T19:02:43Z,-3,1S,43,93,Store,Grimreaper,5,"Bronze Dragon Scale Mail (-2) [30,+21]","Bronze Dragon Scale Mail (-2) [30,+21]",1,125700,,20.0,[,15,2,It provides resistance to confusion.  It activates for breathe confusion (120) every 450+d450 turns.  It cannot be harmed by the elements. You have almost no chance to successfully use this item.
2026-09-25T19:02:43Z,-3,1S,43,93,Store,Grimreaper,6,"a Set of Leather Gloves of the Istari (+1,+3) [1,+20] (+2)","A Set of Leather Gloves of the Istari (+1,+3) [1,+20] (+2)",1,159609,,0.5,],15,15,It increases your intelligence and wisdom by 2.  It provides resistance to fear.  It grants you immunity to paralysis.
2026-09-25T19:02:43Z,-3,1S,43,93,Store,Grimreaper,7,"a Jewel Encrusted Crown of Night and Day [0,+9]","A Jewel Encrusted Crown of Night and Day [0,+9]",1,20700,,4.0,],10,15,"It provides resistance to light, dark, and blindness.  It lights the dungeon around you.  It grants you the ability to see invisible things.  It cannot be harmed by acid."
2026-09-25T19:02:43Z,-3,1S,43,93,Store,Grimreaper,8,2 Holy Books of Prayers [Holy Infusions],2 Holy Books of Prayers [Holy Infusions],2,150000,,3.0,?,5,13,It cannot be harmed by the elements.
2026-09-25T19:02:43Z,-3,1S,43,93,Store,Grimreaper,9,2 Amulets of Trickery (+1),2 Amulets of Trickery (+1),2,300000,300000,0.3,"""",8,3,"It increases your dexterity by 1.  It increases your stealth, searching, infravision, and speed by 1.  It provides resistance to poison and nexus.  It sustains your dexterity."
2026-09-25T19:02:43Z,-3,1S,43,93,Store,Grimreaper,10,"a Great Axe (Holy Avenger) (4d4) (+20,+18) [+1] (+3)","A Great Axe (Holy Avenger) (4d4) (+20,+18) [+1] (+3)",1,75000,,23.0,/,2,1,"It increases your wisdom by 3.  It slays demons, undead, and all evil creatures.  It provides resistance to fear.  It sustains your dexterity.  It is blessed by the gods.  It grants you the ability to see invisible things."
2026-09-25T19:02:43Z,-3,1S,43,93,Store,Grimreaper,11,"a Cloak of Aman [1,+11] (+3 to stealth)","A Cloak of Aman [1,+11] (+3 to stealth)",1,16209,,1.0,(,5,15,It increases your stealth by 3.  It provides resistance to blindness.  It cannot be harmed by the elements.
2026-09-25T19:02:43Z,-3,1S,43,93,Store,Grimreaper,12,3 Staffs of Power (3 charges avg),3 Staffs of Power (9 charges),3,13800,,5.0,_,4,15,It inflicts 120 points of damage on all monsters within line of sight. You have almost no chance to successfully use this item.
2026-09-25T19:02:43Z,-3,1S,43,93,Store,Grimreaper,13,a Ring of Speed (+4),A Ring of Speed (+4),1,900000,400000,0.2,=,7,4,It increases your speed by 4.
2026-09-25T19:02:43Z,-3,1S,43,93,Store,Grimreaper,14,"a Set of Leather Gloves of the Istari (+1,+2) [1,+13] (+1)","A Set of Leather Gloves of the Istari (+1,+2) [1,+13] (+1)",1,156009,,0.5,],15,15,It increases your intelligence and wisdom by 1.  It provides resistance to chaos.  It grants you immunity to paralysis.
2026-09-25T19:02:43Z,-3,1S,43,93,Store,Grimreaper,15,"Bronze Dragon Scale Mail (-2) [30,+15]","Bronze Dragon Scale Mail (-2) [30,+15]",1,123900,,20.0,[,15,2,It provides resistance to confusion.  It activates for breathe confusion (120) every 450+d450 turns.  It cannot be harmed by the elements. You have almost no chance to successfully use this item.
2026-09-25T19:02:43Z,-3,1S,43,93,Store,Grimreaper,16,a Rod of Teleport Other,A Rod of Teleport Other,1,4200,,1.5,-,9,10,It produces a beam that teleports all monsters caught in it up to 100 squares away. You have almost no chance to successfully use this item.
2026-09-25T19:02:43Z,-3,1S,43,93,Store,Grimreaper,17,2 Dwarven Lanterns,2 Dwarven Lanterns,2,6000,,1.0,~,6,11,It is equippable as a light source and grants you permanent light with a radius of 2 squares. It cannot be harmed by the elements.
2026-09-25T19:02:43Z,-3,1S,43,93,Store,Grimreaper,18,7 Feanorian Lamps,7 Feanorian Lamps,7,18000,,1.0,~,14,11,It is equippable as a light source and grants you permanent light with a radius of 3 squares. It cannot be harmed by the elements.
2026-09-25T19:02:53Z,-3,1S,48,104,Store,Grimreaper,0,"a Dagger of Gondolin (1d4) (+14,+8)","A Dagger of Gondolin (1d4) (+14,+8)",1,81630,,1.2,|,9,1,"It slays orcs, trolls, dragons, and demons.  It provides resistance to dark. It lights the dungeon around you and speeds your regeneration.  It grants you immunity to paralysis and the ability to see invisible things.  It cannot be harmed by acid or fire."
2026-09-25T19:02:53Z,-3,1S,48,104,Store,Grimreaper,1,"Green Dragon Scale Mail (-2) [30,+23]","Green Dragon Scale Mail (-2) [30,+23]",1,186300,,20.0,[,5,2,It provides resistance to poison.  It activates for breathe poison gas (150) every 450+d450 turns.  It cannot be harmed by the elements. You have almost no chance to successfully use this item.
2026-09-25T19:02:53Z,-3,1S,48,104,Store,Grimreaper,2,"a Ring of Slaying (+8,+8)","A Ring of Slaying (+8,+8)",1,7800,,0.2,=,4,4,It boosts your to-hit and to-dam values.
2026-09-25T19:02:53Z,-3,1S,48,104,Store,Grimreaper,3,"a Dwarven Shovel of Earthquakes (1d3) (+19,+17) (+7)","A Dwarven Shovel of Earthquakes (1d3) (+19,+17) (+7)",1,25650,5000,12.0,\,14,2,It increases your strength by 7.  It increases your tunneling by 7.  It is branded with acid.  It creates earthquakes on impact.
2026-09-25T19:02:53Z,-3,1S,48,104,Store,Grimreaper,4,"a Kolla [3,+9] (+2)","A Kolla [3,+9] (+2)",1,122700,,0.5,(,13,15,"It increases your strength, dexterity, and constitution by 2.  It sustains your strength, dexterity, and constitution."
2026-09-25T19:02:53Z,-3,1S,48,104,Store,Grimreaper,5,10 Scrolls of *Destruction*,10 Scrolls of *Destruction*,10,750,,0.5,?,1,1,"It destroys a circular area centered at you with a radius of 15 squares, randomly placing new walls and floor space (stairs are immune).  All monsters and objects (excluding artifacts) are removed from the affected area.  This effect will also cause blindness lasting for 10+1d10 turns unless you have resistance to either blindness or light."
2026-09-25T19:02:53Z,-3,1S,48,104,Store,Grimreaper,6,3 Rods of Fire Balls,3 Rods of Fire Balls,3,15000,,1.5,-,15,10,It shoots a radius-2 fire ball that inflicts 144 points of damage at its center. You have almost no chance to successfully use this item.
2026-09-25T19:02:53Z,-3,1S,48,104,Store,Grimreaper,7,"a Long Bow of Lothlorien (x4) (+13,+12) (+1)","A Long Bow of Lothlorien (x4) (+13,+12) (+1)",1,68460,,4.0,},15,7,It increases your dexterity by 1.  It increases your shooting power by 1. It grants you immunity to paralysis.  It cannot be harmed by acid or fire.
2026-09-25T19:02:53Z,-3,1S,48,104,Store,Grimreaper,8,"a Heavy Crossbow of Numenor (x5) (+10,+14)","A Heavy Crossbow of Numenor (x5) (+10,+14)",1,158100,,20.0,},2,7,It increases your shooting power by 1.  It speeds your regeneration.
2026-09-25T19:02:53Z,-3,1S,48,104,Store,Grimreaper,9,"an Orcish Shield of Elvenkind [5,+21] (+1) (+2 to stealth)","An Orcish Shield of Elvenkind [5,+21] (+1) (+2 to stealth)",1,100800,,10.0,),8,15,"It increases your strength and constitution by 1.  It increases your stealth by 2.  It provides resistance to acid, lightning, fire, cold, and light.  It cannot be harmed by the elements."
2026-09-25T19:02:53Z,-3,1S,48,104,Store,Grimreaper,10,"a Large Metal Shield of the Avari [5,+22] (+1)","A Large Metal Shield of the Avari [5,+22] (+1)",1,247800,,12.0,),2,15,"It increases your constitution by 1.  It provides resistance to acid, lightning, fire, cold, and sound.  It cannot be harmed by the elements."
2026-09-25T19:02:53Z,-3,1S,48,104,Store,Grimreaper,11,"a Set of Leather Gloves of the Istari (+5,+2) [1,+13] (+1)","A Set of Leather Gloves of the Istari (+5,+2) [1,+13] (+1)",1,157209,,0.5,],15,15,It increases your intelligence and wisdom by 1.  It provides resistance to poison.  It grants you immunity to paralysis.
2026-09-25T19:02:53Z,-3,1S,48,104,Store,Grimreaper,12,a Ring of Dexterity (+6),A Ring of Dexterity (+6),1,5100,,0.2,=,14,4,It increases your dexterity by 6.  It sustains your dexterity.
2026-09-25T19:02:53Z,-3,1S,48,104,Store,Grimreaper,13,an Amulet of Terken (+7 to searching),An Amulet of Terken (+7 to searching),1,92100,,0.3,"""",1,3,"It increases your searching by 7.  It grants you immunity to paralysis, the power of telepathy, and the ability to see invisible things.  It cannot be harmed by the elements."
2026-09-25T19:02:22Z,-3,1S,57,92,Store,Grimreaper,0,3 Rods of Perception,3 Rods of Perception,3,80000,80000,1.5,-,9,10,It reveals all normal (magical but non-hidden) powers of one object.  (The spell may be aborted without using up a charge.) It cannot be harmed by electricity. You have almost no chance to successfully use this item.
2026-09-25T19:02:22Z,-3,1S,57,92,Store,Grimreaper,1,2 Rods of Enlightenment,2 Rods of Enlightenment,2,30000,,1.5,-,15,10,It maps out a portion of the level centered on you. You have almost no chance to successfully use this item.
2026-09-25T19:02:22Z,-3,1S,57,92,Store,Grimreaper,2,"a Cloak of Aman [1,+21] (+3 to stealth)","A Cloak of Aman [1,+21] (+3 to stealth)",1,19209,,1.0,(,5,15,It increases your stealth by 3.  It provides resistance to blindness.  It cannot be harmed by the elements.
2026-09-25T19:02:22Z,-3,1S,57,92,Store,Grimreaper,3,"a Shadow Cloak of Protection [6,+16]","A Shadow Cloak of Protection [6,+16]",1,21300,,0.5,(,8,15,It provides resistance to shards.  It cannot be harmed by the elements.
2026-09-25T19:02:22Z,-3,1S,57,92,Store,Grimreaper,4,"a Small Leather Shield of Elvenkind [2,+9] (+1 to stealth)","A Small Leather Shield of Elvenkind [2,+9] (+1 to stealth)",1,57090,,5.0,),15,15,"It increases your stealth by 1.  It provides resistance to acid, lightning, fire, cold, and chaos.  It cannot be harmed by the elements."
2026-09-25T19:02:22Z,-3,1S,57,92,Store,Grimreaper,5,"a Long Sword of Gondolin (2d5) (+16,+17)","A Long Sword of Gondolin (2d5) (+16,+17)",1,300000,300000,13.0,|,9,1,"It slays orcs, trolls, dragons, and demons.  It provides resistance to dark. It lights the dungeon around you.  It grants you immunity to paralysis, the power of telepathy, and the ability to see invisible things.  It cannot be harmed by acid or fire."
2026-09-25T19:02:22Z,-3,1S,57,92,Store,Grimreaper,6,"a Pair of Soft Leather Boots of Mirkwood [2,+12]","A Pair of Soft Leather Boots of Mirkwood [2,+12]",1,48621,,2.0,],15,15,It provides resistance to poison.  It grants you immunity to paralysis.
2026-09-25T19:02:22Z,-3,1S,57,92,Store,Grimreaper,7,"Pseudo-Dragon Scale Mail (-2) [30,+17]","Pseudo-Dragon Scale Mail (-2) [30,+17]",1,184500,,20.0,[,3,2,It provides resistance to light and dark.  It activates for breathe light/darkness (200) every 300+d300 turns.  It cannot be harmed by the elements. You have almost no chance to successfully use this item.
2026-09-25T19:02:22Z,-3,1S,57,92,Store,Grimreaper,8,"a Golden Crown of Serenity [0,+6]","A Golden Crown of Serenity [0,+6]",1,16800,,3.0,],11,15,"It provides resistance to fear, confusion, and sound.  It cannot be harmed by acid."
2026-09-25T19:02:22Z,-3,1S,57,92,Store,Grimreaper,9,"a Jewel Encrusted Crown of Serenity [0,+7]","A Jewel Encrusted Crown of Serenity [0,+7]",1,20100,,4.0,],10,15,"It provides resistance to fear, confusion, and sound.  It cannot be harmed by acid."
2026-09-25T19:02:22Z,-3,1S,57,92,Store,Grimreaper,10,9 Staffs of Holiness (3 charges avg),9 Staffs of Holiness (29 charges),9,15525,,5.0,_,1,15,"It inflicts 120 points of damage on all evil monsters within line of sight, cures 50 points of damage, cures all stunning, heals all cut damage, neutralizes poison, removes fear, and also grants you the enchantment of protection from evil for a duration equal to 1d25 plus three times your character level. You have almost no chance to successfully use this item."
2026-09-25T19:02:22Z,-3,1S,57,92,Store,Grimreaper,11,2 Staffs of the Magi (3 charges avg),2 Staffs of the Magi (7 charges),2,15525,,5.0,_,4,15,It restores both intelligence and mana points to maximum if either or both are currently below maximum. You have almost no chance to successfully use this item.
2026-09-25T19:02:22Z,-3,1S,57,92,Store,Grimreaper,12,"a Pair of Witan Boots of Stability [8,+18] (-2)","A Pair of Witan Boots of Stability [8,+18] (-2)",1,32400,,8.0,],6,15,It decreases your stealth by 2.  It provides resistance to nexus.  It makes you fall like a feather.  It cannot be harmed by the elements.
2026-09-25T19:02:22Z,-3,1S,57,92,Store,Grimreaper,13,"a Golden Crown of Night and Day [0,+5]","A Golden Crown of Night and Day [0,+5]",1,16500,,3.0,],11,15,"It provides resistance to light, dark, and blindness.  It lights the dungeon around you.  It grants you the ability to see invisible things.  It cannot be harmed by acid."
2026-09-25T19:02:22Z,-3,1S,57,92,Store,Grimreaper,14,"a Long Bow of Lothlorien (x4) (+10,+15) (+2)","A Long Bow of Lothlorien (x4) (+10,+15) (+2)",1,1000000,1000000,4.0,},15,7,It increases your dexterity by 2.  It increases your shooting power by 1. It grants you immunity to paralysis and the power of telepathy.  It cannot be harmed by acid or fire.
2026-09-25T19:02:22Z,-3,1S,57,92,Store,Grimreaper,15,"Augmented Chain Mail of Elvenkind (-2) [16,+14] (+2 to stealth)","Augmented Chain Mail of Elvenkind (-2) [16,+14] (+2 to stealth)",1,51900,,27.0,[,2,2,"It increases your stealth by 2.  It provides resistance to acid, lightning, fire, cold, and blindness.  It cannot be harmed by the elements."
2026-09-25T19:02:22Z,-3,1S,57,92,Store,Grimreaper,16,"a Set of Gauntlets of the Istari (+5,+5) [2,+14] (+3)","A Set of Gauntlets of the Istari (+5,+5) [2,+14] (+3)",1,160905,,2.5,],15,15,It increases your intelligence and wisdom by 3.  It provides resistance to chaos.  It grants you immunity to paralysis.
2026-09-25T19:02:22Z,-3,1S,57,92,Store,Grimreaper,17,"Bronze Dragon Scale Mail (-2) [30,+20]","Bronze Dragon Scale Mail (-2) [30,+20]",1,125400,,20.0,[,15,2,It provides resistance to confusion.  It activates for breathe confusion (120) every 450+d450 turns.  It cannot be harmed by the elements. You have almost no chance to successfully use this item.
2026-09-25T19:02:22Z,-3,1S,57,92,Store,Grimreaper,18,"a Set of Gauntlets of the Istari (+1,+5) [2,+9] (+2)","A Set of Gauntlets of the Istari (+1,+5) [2,+9] (+2)",1,157005,,2.5,],15,15,It increases your intelligence and wisdom by 2.  It provides resistance to nether.  It grants you immunity to paralysis.
2026-09-25T19:02:22Z,-3,1S,57,92,Store,Grimreaper,19,a Potion of Life,A Potion of Life,1,15000,,0.4,!,4,14,"It restores experience and all stats to maximum, cures 5000 points of damage, cures all stunning, heals all cut damage, neutralizes poison, stops hallucination, and cures blindness and confusion."
2026-09-25T19:02:22Z,-3,1S,57,92,Store,Grimreaper,20,"a Set of Cesti of the Istari (+3,+1) [5,+12] (+3)","A Set of Cesti of the Istari (+3,+1) [5,+12] (+3)",1,158700,,4.0,],9,15,It increases your intelligence and wisdom by 3.  It provides resistance to confusion.  It grants you immunity to paralysis.
2026-09-25T19:02:22Z,-3,1S,57,92,Store,Grimreaper,21,"a Scythe of Slicing of Flame (8d4) (+12,+14)","A Scythe of Slicing of Flame (8d4) (+12,+14)",1,28800,,25.0,/,4,1,It is branded with fire.  It provides resistance to fire.  It cannot be harmed by fire.
2026-09-25T19:02:22Z,-3,1S,57,92,Store,Grimreaper,22,"a Two-Handed Sword (Holy Avenger) (3d6) (+19,+18) [+4] (+4)","A Two-Handed Sword (Holy Avenger) (3d6) (+19,+18) [+4] (+4)",1,77025,,20.0,|,9,1,"It increases your wisdom by 4.  It slays demons, undead, and all evil creatures.  It provides resistance to fear.  It sustains your constitution.  It is blessed by the gods.  It grants you the ability to see invisible things."
2026-09-25T19:02:22Z,-3,1S,57,92,Store,Grimreaper,23,"a Cloak of Aman [1,+13] (+1 to stealth)","A Cloak of Aman [1,+13] (+1 to stealth)",1,16209,,1.0,(,5,15,It increases your stealth by 1.  It provides resistance to poison.  It cannot be harmed by the elements.
2026-09-25T19:02:22Z,-3,1S,57,92,Store,Grimreaper,24,"a Large Metal Shield of the Avari [5,+13] (+1)","A Large Metal Shield of the Avari [5,+13] (+1)",1,245100,,12.0,),2,15,"It increases your constitution by 1.  It provides resistance to acid, lightning, fire, cold, and chaos.  It cannot be harmed by the elements."
2026-09-25T19:02:22Z,-3,1S,57,92,Store,Grimreaper,25,"a Pair of Metal Shod Boots of Mirkwood [6,+9]","A Pair of Metal Shod Boots of Mirkwood [6,+9]",1,47850,,8.0,],2,15,It provides resistance to poison.  It grants you immunity to paralysis.
2026-09-25T19:02:22Z,-3,1S,57,92,Store,Grimreaper,26,"an Amulet of Weaponmastery (+4,+3) (+2)","An Amulet of Weaponmastery (+4,+3) (+2)",1,93300,,0.3,"""",1,3,It increases your strength by 2.  It provides resistance to fear and disenchantment.  It sustains your strength and constitution.  It grants you immunity to paralysis.
2026-09-25T19:02:22Z,-3,1S,57,92,Store,Grimreaper,27,"a Set of Leather Gloves of the Istari (+1,+1) [1,+8] (+3) {25% of","A Set of Leather Gloves of the Istari (+1,+1) [1,+8] (+3)",1,117459,,0.5,],15,15,It increases your intelligence and wisdom by 3.  It provides resistance to nexus.  It grants you immunity to paralysis.
2026-09-25T19:02:22Z,-3,1S,57,92,Store,Grimreaper,28,3 Amulets of Sustenance,3 Amulets of Sustenance,3,60000,,0.3,"""",14,3,It provides resistance to life draining.  It sustains all your stats.  It slows your metabolism.  It cannot be harmed by the elements.
2026-09-25T19:02:22Z,-3,1S,57,92,Store,Grimreaper,29,"a Cloak of Protection [1,+24]","A Cloak of Protection [1,+24]",1,11709,,1.0,(,5,15,It provides resistance to shards.  It cannot be harmed by the elements.
2026-09-25T19:02:22Z,-3,1S,57,92,Store,Grimreaper,30,"an Amulet of Weaponmastery (+3,+3) (+2)","An Amulet of Weaponmastery (+3,+3) (+2)",1,93000,,0.3,"""",1,3,It increases your strength by 2.  It provides resistance to fear and disenchantment.  It sustains your strength and constitution.  It grants you immunity to paralysis.
2026-09-25T19:02:22Z,-3,1S,57,92,Store,Grimreaper,31,"an Iron Crown of Lordliness [0,+12] (+1)","An Iron Crown of Lordliness [0,+12] (+1)",1,28800,,2.0,],2,15,It increases your wisdom and charisma by 1.  It provides resistance to fear. It sustains your wisdom and charisma.  It grants you the power of telepathy. It cannot be harmed by the elements.
2026-09-25T19:02:22Z,-3,1S,57,92,Store,Grimreaper,32,"a Pick of Earthquakes (1d3) (+22,+19) (+7)","A Pick of Earthquakes (1d3) (+22,+19) (+7)",1,26700,,15.0,\,2,2,It increases your strength by 7.  It increases your tunneling by 7.  It is branded with acid.  It creates earthquakes on impact.
2026-09-25T19:02:22Z,-3,1S,57,92,Store,Grimreaper,33,"a Small Leather Shield of Preservation [2,+15]","A Small Leather Shield of Preservation [2,+15]",1,76590,,5.0,),15,15,"It provides resistance to dark, disenchantment, and life draining.  It sustains your strength, dexterity, and constitution.  It cannot be harmed by the elements."
2026-09-25T19:02:22Z,-3,1S,57,92,Store,Grimreaper,34,2 Rings of Speed (+9),2 Rings of Speed (+9),2,1650000,,0.2,=,7,4,It increases your speed by 9.
2026-09-25T19:02:22Z,-3,1S,57,92,Store,Grimreaper,35,a Ring of Speed (+6),A Ring of Speed (+6),1,1200000,,0.2,=,7,4,It increases your speed by 6.
2026-09-25T19:02:22Z,-3,1S,57,92,Store,Grimreaper,36,8 Rings of Speed (+7),8 Rings of Speed (+7),8,1350000,,0.2,=,7,4,It increases your speed by 7.
2026-09-25T19:02:22Z,-3,1S,57,92,Store,Grimreaper,37,3 Rings of Speed (+5),3 Rings of Speed (+5),3,1050000,,0.2,=,7,4,It increases your speed by 5.
2026-09-25T19:02:22Z,-3,1S,57,92,Store,Grimreaper,38,"a Flail of Fury (2d6) (+27,+18) (+2)","A Flail of Fury (2d6) (+27,+18) (+2)",1,87759,,15.0,\,8,1,It increases your strength by 2.  It increases your attack speed by 2.  It provides resistance to fear.  It aggravates creatures around you.  It cannot be harmed by acid or fire.
2026-09-25T19:02:22Z,-3,1S,57,92,Store,Grimreaper,39,"Bronze Dragon Scale Mail (-2) [30,+23]","Bronze Dragon Scale Mail (-2) [30,+23]",1,126300,,20.0,[,15,2,It provides resistance to confusion.  It activates for breathe confusion (120) every 450+d450 turns.  It cannot be harmed by the elements. You have almost no chance to successfully use this item.
2026-09-25T19:02:22Z,-3,1S,57,92,Store,Grimreaper,40,"a Set of Cesti of the Istari (+3,+2) [5,+14] (+2)","A Set of Cesti of the Istari (+3,+2) [5,+14] (+2)",1,158400,,4.0,],9,15,It increases your intelligence and wisdom by 2.  It provides resistance to confusion.  It grants you immunity to paralysis.
2026-09-25T19:02:22Z,-3,1S,57,92,Store,Grimreaper,41,"a Short Sword of *Slay Evil* (1d7) (+12,+10) (+1)","A Short Sword of *Slay Evil* (1d7) (+12,+10) (+1)",1,22470,,8.0,|,9,1,It increases your wisdom by 1.  It slays all evil creatures.  It is blessed by the gods.  It grants you the power of telepathy.
2026-09-25T19:02:22Z,-3,1S,57,92,Store,Grimreaper,42,"a Jewel Encrusted Crown of Night and Day [0,+14]","A Jewel Encrusted Crown of Night and Day [0,+14]",1,22200,,4.0,],10,15,"It provides resistance to light, dark, and blindness.  It lights the dungeon around you.  It grants you the ability to see invisible things.  It cannot be harmed by acid."
2026-09-25T19:02:22Z,-3,1S,57,92,Store,Grimreaper,43,"a Robe of Permanence [2,+31]","A Robe of Permanence [2,+31]",1,99312,,2.0,(,6,2,"It provides resistance to acid, lightning, fire, cold, shards, and life draining.  It sustains all your stats.  It cannot be harmed by the elements."
2026-09-25T19:02:22Z,-3,1S,57,92,Store,Grimreaper,44,"Multi-Hued Dragon Scale Mail (-2) [30,+14]","Multi-Hued Dragon Scale Mail (-2) [30,+14]",1,453600,,20.0,[,10,2,"It provides resistance to acid, lightning, fire, cold, and poison.  It activates for breathe multi-hued (250) every 225+d225 turns.  It cannot be harmed by the elements. You have almost no chance to successfully use this item."
2026-09-25T19:02:22Z,-3,1S,57,92,Store,Grimreaper,45,a Ring of Speed (+8),A Ring of Speed (+8),1,1500000,,0.2,=,7,4,It increases your speed by 8.
2026-09-25T19:02:22Z,-3,1S,57,92,Store,Grimreaper,46,a Ring of Flames [+20],A Ring of Flames [+20],1,15000,,0.2,=,11,4,It provides resistance to fire.  It activates for fire resistance (20+d20 turns) and fire ball (80) every 50+d50 turns.  It cannot be harmed by fire. You have almost no chance to successfully use this item.
2026-09-25T18:38:35Z,-2,1E,14,11,Store,Grimreaper,0,19 Rods of Fire Bolts,19 Rods of Fire Bolts,19,9000,,1.5,-,8,10,"It shoots a fire bolt that inflicts 16d8 points of damage, with a 10% chance of getting a fire beam. You have almost no chance to successfully use this item."
2026-09-25T18:13:25Z,-1,1N,39,63,Store,Zal,0,"Green Dragon Scale Mail (-2) [30,+14]","Green Dragon Scale Mail (-2) [30,+14]",1,183600,,20.0,[,5,2,It provides resistance to poison.  It activates for breathe poison gas (150) every 450+d450 turns.  It cannot be harmed by the elements. You have almost no chance to successfully use this item.
2026-09-25T18:13:25Z,-1,1N,39,63,Store,Zal,1,"a Kolla [3,+6] (+2)","A Kolla [3,+6] (+2)",1,121800,,0.5,(,13,15,"It increases your strength, dexterity, and constitution by 2.  It sustains your strength, dexterity, and constitution."
2026-09-25T18:13:25Z,-1,1N,39,63,Store,Zal,2,"a Small Leather Shield of the Avari [2,+14] (+1)","A Small Leather Shield of the Avari [2,+14] (+1)",1,244890,100000,5.0,),15,15,"It increases your constitution by 1.  It provides resistance to acid, lightning, fire, cold, and shards.  It cannot be harmed by the elements."
2026-09-25T18:13:25Z,-1,1N,39,63,Store,Zal,3,"a Set of Elven Gloves [1,+4]","A Set of Elven Gloves [1,+4]",1,22000,22000,4.0,],5,15,It speeds your regeneration.
2026-09-25T18:13:25Z,-1,1N,39,63,Store,Zal,4,"a Cloak of the Magi [1,+10] (+2)","A Cloak of the Magi [1,+10] (+2)",1,10809,,1.0,(,5,15,It increases your intelligence by 2.  It increases your stealth by 2.  It sustains your intelligence.  It slows your metabolism.  It cannot be harmed by acid.
2026-09-25T18:13:25Z,-1,1N,39,63,Store,Zal,5,"a Cloak of the Teleri [1,+9]","A Cloak of the Teleri [1,+9]",1,62709,,1.0,(,5,15,It provides resistance to life draining.  It grants you immunity to paralysis.
2026-09-25T18:13:25Z,-1,1N,39,63,Store,Zal,6,"an Orcish Shield of Elvenkind [5,+20] (+1) (+2 to stealth)","An Orcish Shield of Elvenkind [5,+20] (+1) (+2 to stealth)",1,100500,,10.0,),8,15,"It increases your strength and constitution by 1.  It increases your stealth by 2.  It provides resistance to acid, lightning, fire, cold, and light.  It cannot be harmed by the elements."
2026-09-25T18:13:25Z,-1,1N,39,63,Store,Zal,7,"a Pair of Soft Leather Boots of Free Action [2,+6]","A Pair of Soft Leather Boots of Free Action [2,+6]",1,20000,20000,2.0,],15,15,It grants you immunity to paralysis.
2026-09-25T18:13:25Z,-1,1N,39,63,Store,Zal,8,"2 Jewel Encrusted Crowns of Regeneration [0,+13]","2 Jewel Encrusted Crowns of Regeneration [0,+13]",2,14400,,4.0,],10,15,It speeds your regeneration.  It cannot be harmed by acid.
2026-09-25T18:13:25Z,-1,1N,39,63,Store,Zal,9,"a Metal Cap of Seeing [3,+3] (+4 to searching)","A Metal Cap of Seeing [3,+3] (+4 to searching)",1,20000,20000,2.0,],2,15,It increases your searching by 4.  It provides resistance to blindness.  It grants you the ability to see invisible things.
2026-09-25T18:13:25Z,-1,1N,39,63,Store,Zal,10,"a Set of Leather Gloves of Power (+1,+3) [1,+9] (+5)","A Set of Leather Gloves of Power (+1,+3) [1,+9] (+5)",1,100000,100000,0.5,],15,15,It increases your strength by 5.
2026-09-25T18:13:25Z,-1,1N,39,63,Store,Zal,11,a Ring of Intelligence (+5),A Ring of Intelligence (+5),1,50000,50000,0.2,=,9,4,It increases your intelligence by 5.  It sustains your intelligence.
2026-09-25T18:13:25Z,-1,1N,39,63,Store,Zal,12,a Ring of Intelligence (+6),A Ring of Intelligence (+6),1,100000,100000,0.2,=,9,4,It increases your intelligence by 6.  It sustains your intelligence.
2026-09-25T18:13:25Z,-1,1N,39,63,Store,Zal,13,"a Heavy Crossbow of Extra Shots (x4) (+10,+11) (+1)","A Heavy Crossbow of Extra Shots (x4) (+10,+11) (+1)",1,37200,,20.0,},2,7,It increases your shooting speed by 1.
2026-09-25T18:13:25Z,-1,1N,39,63,Store,Zal,14,"a Light Crossbow of Numenor (x4) (+12,+11)","A Light Crossbow of Numenor (x4) (+12,+11)",1,157320,,11.0,},2,7,It increases your shooting power by 1.  It speeds your regeneration.
2026-09-25T18:02:48Z,0,Town,4,88,Store,Grimseed,0,"a Set of Leather Gloves of the Istari (+2,+2) [1,+8] (+2)","A Set of Leather Gloves of the Istari (+2,+2) [1,+8] (+2)",1,156009,,0.5,],15,15,It increases your intelligence and wisdom by 2.  It provides resistance to dark.  It grants you immunity to paralysis.
2026-09-25T18:02:05Z,0,Town,14,46,Store,Grimdigger,0,"a Set of Cesti of the Istari (+5,+3) [5,+13] (+1)","A Set of Cesti of the Istari (+5,+3) [5,+13] (+1)",1,157800,,4.0,],9,15,It increases your intelligence and wisdom by 1.  It provides resistance to fear.  It grants you immunity to paralysis.
2026-09-25T18:02:05Z,0,Town,14,46,Store,Grimdigger,1,"a Large Leather Shield of Elvenkind [4,+14] (+1 to stealth)","A Large Leather Shield of Elvenkind [4,+14] (+1 to stealth)",1,90000,90000,10.0,),15,15,"It increases your stealth by 1.  It provides resistance to acid, lightning, fire, cold, and blindness.  It cannot be harmed by the elements."
2026-09-25T18:02:05Z,0,Town,14,46,Store,Grimdigger,2,5 Rods of Detection,5 Rods of Detection,5,15000,,1.5,-,2,10,"It detects all treasure, objects, secret doors, stairs, traps, and monsters in the immediate area. It cannot be harmed by electricity. You have almost no chance to successfully use this item."
2026-09-25T18:02:05Z,0,Town,14,46,Store,Grimdigger,3,9 Rods of Illumination,9 Rods of Illumination,9,3000,,1.5,-,9,10,"It lights up an area with a radius of 2 squares, plus the entire room if you are currently in one.  This inflicts 2d8 points of damage on any light-sensitive creatures within the radius of the spell. You have a moderate chance to successfully use this item."
2026-09-25T18:02:05Z,0,Town,14,46,Store,Grimdigger,4,"an Orcish Shield of Elvenkind [5,+26] (+1) (+2 to stealth)","An Orcish Shield of Elvenkind [5,+26] (+1) (+2 to stealth)",1,102300,,10.0,),8,15,"It increases your strength and constitution by 1.  It increases your stealth by 2.  It provides resistance to acid, lightning, fire, cold, and dark.  It cannot be harmed by the elements."
2026-09-25T18:02:05Z,0,Town,14,46,Store,Grimdigger,5,"a Two-Handed Flail (Holy Avenger) (3d6) (+17,+16) [+2] (+2)","A Two-Handed Flail (Holy Avenger) (3d6) (+17,+16) [+2] (+2)",1,73470,,28.0,\,11,1,"It increases your wisdom by 2.  It slays demons, undead, and all evil creatures.  It provides resistance to fear.  It sustains your strength.  It is blessed by the gods.  It grants you the ability to see invisible things."
2026-09-25T18:02:05Z,0,Town,14,46,Store,Grimdigger,6,4 Scrolls of *Remove Curse*,4 Scrolls of *Remove Curse*,4,24000,,0.5,?,1,1,It removes all ordinary and heavy curses from all equipped objects. Permanent curses are unaffected.
2026-09-25T18:02:05Z,0,Town,14,46,Store,Grimdigger,7,a Holy Book of Prayers [Wrath of God],A Holy Book of Prayers [Wrath of God],1,300000,,3.0,?,5,13,It cannot be harmed by the elements.
2026-09-25T18:02:05Z,0,Town,14,46,Store,Grimdigger,8,6 Rods of Recall,6 Rods of Recall,6,12000,,1.5,-,9,10,It invokes the spell of recall. It cannot be harmed by electricity. You have almost no chance to successfully use this item.
2026-09-25T18:02:05Z,0,Town,14,46,Store,Grimdigger,9,"Chain Mail of Elvenkind (-2) [14,+11] (+2 to stealth)","Chain Mail of Elvenkind (-2) [14,+11] (+2 to stealth)",1,50550,,22.0,[,2,2,"It increases your stealth by 2.  It provides resistance to acid, lightning, fire, cold, and nether.  It cannot be harmed by the elements."
2026-09-25T18:02:05Z,0,Town,14,46,Store,Grimdigger,10,"a Cloak of Lordly Resistance [1,+18]","A Cloak of Lordly Resistance [1,+18]",1,755409,,1.0,(,5,15,"It provides resistance to acid, lightning, fire, and cold.  It activates for resistance every 150+d50 turns.  It cannot be harmed by the elements. You have an very good chance to successfully use this item."
2026-09-25T18:02:05Z,0,Town,14,46,Store,Grimdigger,11,"a Cloak of the Magi [1,+16] (+2)","A Cloak of the Magi [1,+16] (+2)",1,12609,,1.0,(,5,15,It increases your intelligence by 2.  It increases your stealth by 2.  It provides resistance to life draining.  It sustains your intelligence.  It cannot be harmed by acid.
2026-09-25T18:02:05Z,0,Town,14,46,Store,Grimdigger,12,"a Set of Gauntlets of the Istari (+5,+4) [2,+9] (+1)","A Set of Gauntlets of the Istari (+5,+4) [2,+9] (+1)",1,250000,250000,2.5,],15,15,It increases your intelligence and wisdom by 1.  It provides resistance to fear.  It grants you immunity to paralysis.
2026-09-25T18:03:10Z,0,Town,14,113,Store,Bonaventure,0,28 Potions of Enlightenment,28 Potions of Enlightenment,28,50000,50000,0.4,!,5,14,It completely lights up and magically maps the current dungeon level.
2026-09-25T18:02:10Z,0,Town,25,49,Store,Grimrock,0,"a Cloak of the Magi [1,+9] (+2)","A Cloak of the Magi [1,+9] (+2)",1,10509,,1.0,(,5,15,It increases your intelligence by 2.  It increases your stealth by 2.  It provides resistance to life draining.  It sustains your intelligence.  It cannot be harmed by acid.
2026-09-25T18:02:10Z,0,Town,25,49,Store,Grimrock,1,"a Long Sword (Holy Avenger) (2d5) (+16,+8) [+3] (+4)","A Long Sword (Holy Avenger) (2d5) (+16,+8) [+3] (+4)",1,71400,,13.0,|,9,1,"It increases your wisdom by 4.  It slays demons, undead, and all evil creatures.  It provides resistance to fear.  It sustains your wisdom.  It is blessed by the gods.  It grants you the ability to see invisible things."
2026-09-25T18:02:10Z,0,Town,25,49,Store,Grimrock,2,a Ring of Intelligence (+6),A Ring of Intelligence (+6),1,10000,10000,0.2,=,9,4,It increases your intelligence by 6.  It sustains your intelligence.
2026-09-25T18:02:10Z,0,Town,25,49,Store,Grimrock,3,a Rod of Recall,A Rod of Recall,1,12000,,1.5,-,9,10,It invokes the spell of recall. It cannot be harmed by electricity. You have almost no chance to successfully use this item.
2026-09-25T18:01:41Z,0,Town,35,27,Store,Grimlight,0,2 Holy Books of Prayers [Purifications and Healing],2 Holy Books of Prayers [Purifications and Healing],2,90000,,3.0,?,5,13,It cannot be harmed by the elements.
2026-09-25T18:01:41Z,0,Town,35,27,Store,Grimlight,1,a Holy Book of Prayers [Holy Infusions],A Holy Book of Prayers [Holy Infusions],1,150000,,3.0,?,5,13,It cannot be harmed by the elements.
2026-09-25T18:01:41Z,0,Town,35,27,Store,Grimlight,2,a Holy Book of Prayers [Wrath of God],A Holy Book of Prayers [Wrath of God],1,300000,,3.0,?,5,13,It cannot be harmed by the elements.
2026-09-25T18:01:41Z,0,Town,35,27,Store,Grimlight,3,2 Holy Books of Prayers [Godly Insights],2 Holy Books of Prayers [Godly Insights],2,30000,,3.0,?,5,13,It cannot be harmed by the elements.
2026-09-25T18:01:41Z,0,Town,35,27,Store,Grimlight,4,5 Holy Books of Prayers [Ethereal Openings],5 Holy Books of Prayers [Ethereal Openings],5,15000,,3.0,?,5,13,It cannot be harmed by the elements.
2026-09-25T18:02:16Z,0,Town,38,55,Store,Zal,0,a Staff of the Magi (4 charges),A Staff of the Magi (4 charges),1,100000,100000,5.0,_,4,15,It restores both intelligence and mana points to maximum if either or both are currently below maximum. You have almost no chance to successfully use this item.
2026-09-25T18:02:16Z,0,Town,38,55,Store,Zal,1,a Staff of Power (3 charges),A Staff of Power (3 charges),1,100000,100000,5.0,_,4,15,It inflicts 120 points of damage on all monsters within line of sight. You have almost no chance to successfully use this item.
2026-09-25T18:02:16Z,0,Town,38,55,Store,Zal,2,2 Staffs of Holiness (3 charges avg),2 Staffs of Holiness (7 charges),2,100000,100000,5.0,_,1,15,"It inflicts 120 points of damage on all evil monsters within line of sight, cures 50 points of damage, cures all stunning, heals all cut damage, neutralizes poison, removes fear, and also grants you the enchantment of protection from evil for a duration equal to 1d25 plus three times your character level. You have almost no chance to successfully use this item."
2026-09-25T18:02:16Z,0,Town,38,55,Store,Zal,3,11 Wands of Stone to Mud (5 charges avg),11 Wands of Stone to Mud (59 charges),11,25000,25000,1.0,-,9,5,"It turns the first section of wall encountered by the beam shot by this spell into mud.  Permanent walls are not affected.  If a monster that is susceptible to rock remover is caught in the beam, it will take 20+1d30 points of damage. You have a good chance to successfully use this item."
2026-09-25T18:00:26Z,0,Town,52,151,Store,Axia,0,2 Rings of Speed (+6),2 Rings of Speed (+6),2,1200000,,0.2,=,7,4,It increases your speed by 6.
2026-09-25T18:00:26Z,0,Town,52,151,Store,Axia,1,a Ring of Speed (+5),A Ring of Speed (+5),1,1050000,,0.2,=,7,4,It increases your speed by 5.
